object_id,collector,collector_normalized,collector_id
518063,Art Leete,Art Leete,26
518064,Art Leete,Art Leete,26
518065,Art Leete,Art Leete,26
518066,Art Leete,Art Leete,26
518513,Art Leete,Art Leete,26
518514,Art Leete,Art Leete,26
518515,Art Leete,Art Leete,26
518517,Art Leete,Art Leete,26
518518,Art Leete,Art Leete,26
518519,Art Leete,Art Leete,26
518521,Art Leete,Art Leete,26
519423,Art Leete,Art Leete,26
519424,Art Leete,Art Leete,26
519425,Art Leete,Art Leete,26
519426,Art Leete,Art Leete,26
519427,Art Leete,Art Leete,26
519428,Art Leete,Art Leete,26
519429,Art Leete,Art Leete,26
519430,Art Leete,Art Leete,26
519431,Art Leete,Art Leete,26
519433,Art Leete,Art Leete,26
519800,Kadri Viires,Kadri Viires,78
520181,Kadri Viires,Kadri Viires,78
520182,Kadri Viires,Kadri Viires,78
520183,Kadri Viires,Kadri Viires,78
520184,Kadri Viires,Kadri Viires,78
520185,Kadri Viires,Kadri Viires,78
520185,Eesti Kunstiakadeemia üliõpilased,Eesti Kunstiakadeemia,38
520186,Kadri Viires,Kadri Viires,78
520187,Kadri Viires,Kadri Viires,78
520188,Kadri Viires,Kadri Viires,78
520189,Kadri Viires,Kadri Viires,78
520190,Kadri Viires,Kadri Viires,78
520191,Art Leete,Art Leete,26
520193,Art Leete,Art Leete,26
520194,Art Leete,Art Leete,26
520196,Art Leete,Art Leete,26
520617,Art Leete,Art Leete,26
521055,Art Leete,Art Leete,26
521362,Art Leete,Art Leete,26
521363,Art Leete,Art Leete,26
521366,Art Leete,Art Leete,26
521368,Art Leete,Art Leete,26
521370,Art Leete,Art Leete,26
521371,Art Leete,Art Leete,26
521372,Art Leete,Art Leete,26
521373,Art Leete,Art Leete,26
521374,Art Leete,Art Leete,26
521375,Art Leete,Art Leete,26
521376,Art Leete,Art Leete,26
521377,Art Leete,Art Leete,26
521378,Art Leete,Art Leete,26
521379,Art Leete,Art Leete,26
521380,Art Leete,Art Leete,26
521381,Art Leete,Art Leete,26
521382,Art Leete,Art Leete,26
521383,Art Leete,Art Leete,26
521384,Art Leete,Art Leete,26
521385,Art Leete,Art Leete,26
521386,Art Leete,Art Leete,26
521387,Art Leete,Art Leete,26
521388,Art Leete,Art Leete,26
521389,Art Leete,Art Leete,26
521390,Art Leete,Art Leete,26
521581,Art Leete,Art Leete,26
521646,Mari Aakre,Mari Aakre,111
521688,Art Leete,Art Leete,26
521689,Art Leete,Art Leete,26
521690,Art Leete,Art Leete,26
521691,Art Leete,Art Leete,26
521692,Art Leete,Art Leete,26
521693,Art Leete,Art Leete,26
521698,Art Leete,Art Leete,26
521699,Art Leete,Art Leete,26
521701,Art Leete,Art Leete,26
521702,Art Leete,Art Leete,26
521703,Art Leete,Art Leete,26
521704,Art Leete,Art Leete,26
521705,Art Leete,Art Leete,26
521706,Art Leete,Art Leete,26
521707,Art Leete,Art Leete,26
521708,Art Leete,Art Leete,26
521709,Art Leete,Art Leete,26
521710,Art Leete,Art Leete,26
521711,Art Leete,Art Leete,26
521712,Art Leete,Art Leete,26
521713,Art Leete,Art Leete,26
521714,Art Leete,Art Leete,26
521715,Art Leete,Art Leete,26
522051,Art Leete,Art Leete,26
522052,Art Leete,Art Leete,26
522053,Art Leete,Art Leete,26
522062,Art Leete,Art Leete,26
522063,Art Leete,Art Leete,26
522064,Art Leete,Art Leete,26
522065,Art Leete,Art Leete,26
522066,Art Leete,Art Leete,26
522067,Art Leete,Art Leete,26
522068,Art Leete,Art Leete,26
522069,Art Leete,Art Leete,26
522070,Art Leete,Art Leete,26
522071,Art Leete,Art Leete,26
522072,Art Leete,Art Leete,26
522073,Art Leete,Art Leete,26
522074,Art Leete,Art Leete,26
522723,Mattis Agabus,Mattis Agabus,120
522723,Edgar Saar,Edgar Saar,33
524027,Art Leete,Art Leete,26
524028,Art Leete,Art Leete,26
524029,Art Leete,Art Leete,26
524030,Art Leete,Art Leete,26
524031,Art Leete,Art Leete,26
524032,Art Leete,Art Leete,26
524033,Art Leete,Art Leete,26
524034,Art Leete,Art Leete,26
524035,Art Leete,Art Leete,26
524437,Art Leete,Art Leete,26
524438,Art Leete,Art Leete,26
524441,Art Leete,Art Leete,26
524445,Art Leete,Art Leete,26
524722,Mare Piho,Mare Piho,109
524794,Anzori Barkalaja,Anzori Barkalaja,22
525187,Anzori Barkalaja,Anzori Barkalaja,22
525920,Kaleph Jõulu,Kaleph Jõulu,81
525926,Toivo Sikka,Toivo Sikka,157
525927,Toivo Sikka,Toivo Sikka,157
525928,Toivo Sikka,Toivo Sikka,157
525929,Toivo Sikka,Toivo Sikka,157
525930,Toivo Sikka,Toivo Sikka,157
526325,Art Leete,Art Leete,26
526326,Art Leete,Art Leete,26
526327,Art Leete,Art Leete,26
526328,Art Leete,Art Leete,26
526329,Art Leete,Art Leete,26
526330,Art Leete,Art Leete,26
526331,Art Leete,Art Leete,26
526332,Art Leete,Art Leete,26
526333,Art Leete,Art Leete,26
526334,Art Leete,Art Leete,26
526335,Art Leete,Art Leete,26
526336,Art Leete,Art Leete,26
526337,Art Leete,Art Leete,26
526338,Art Leete,Art Leete,26
526675,Art Leete,Art Leete,26
526676,Art Leete,Art Leete,26
526677,Art Leete,Art Leete,26
526678,Art Leete,Art Leete,26
526679,Art Leete,Art Leete,26
526680,Art Leete,Art Leete,26
526681,Art Leete,Art Leete,26
526682,Art Leete,Art Leete,26
526683,Art Leete,Art Leete,26
526684,Art Leete,Art Leete,26
526685,Art Leete,Art Leete,26
526689,Art Leete,Art Leete,26
526690,Art Leete,Art Leete,26
526691,Art Leete,Art Leete,26
526692,Art Leete,Art Leete,26
526693,Art Leete,Art Leete,26
526694,Art Leete,Art Leete,26
526695,Art Leete,Art Leete,26
526696,Art Leete,Art Leete,26
526697,Art Leete,Art Leete,26
526698,Art Leete,Art Leete,26
526699,Art Leete,Art Leete,26
526880,Edgar Saar,Edgar Saar,33
526881,Edgar Saar,Edgar Saar,33
526882,Edgar Saar,Edgar Saar,33
526883,Edgar Saar,Edgar Saar,33
526884,Edgar Saar,Edgar Saar,33
527010,Art Leete,Art Leete,26
527011,Art Leete,Art Leete,26
527012,Art Leete,Art Leete,26
527013,Art Leete,Art Leete,26
527014,Art Leete,Art Leete,26
527015,Art Leete,Art Leete,26
527016,Art Leete,Art Leete,26
527017,Art Leete,Art Leete,26
527018,Art Leete,Art Leete,26
527019,Art Leete,Art Leete,26
527020,Art Leete,Art Leete,26
527021,Art Leete,Art Leete,26
527022,Art Leete,Art Leete,26
527023,Art Leete,Art Leete,26
527024,Art Leete,Art Leete,26
527025,Art Leete,Art Leete,26
527026,Art Leete,Art Leete,26
527027,Art Leete,Art Leete,26
527028,Art Leete,Art Leete,26
527029,Art Leete,Art Leete,26
527030,Art Leete,Art Leete,26
527031,Art Leete,Art Leete,26
527032,Art Leete,Art Leete,26
527033,Art Leete,Art Leete,26
527034,Art Leete,Art Leete,26
527035,Art Leete,Art Leete,26
527036,Art Leete,Art Leete,26
527037,Art Leete,Art Leete,26
527038,Art Leete,Art Leete,26
527039,Art Leete,Art Leete,26
545847,Kadri Viires,Kadri Viires,78
545848,Kadri Viires,Kadri Viires,78
545849,Kadri Viires,Kadri Viires,78
545853,Kadri Viires,Kadri Viires,78
555505,Ljudmila Nikitina,Ljudmila Nikitina,100
555900,Ljudmila Nikitina,Ljudmila Nikitina,100
555903,Ljudmila Nikitina,Ljudmila Nikitina,100
555905,Ljudmila Nikitina,Ljudmila Nikitina,100
555906,Ljudmila Nikitina,Ljudmila Nikitina,100
563425,Kadri Viires,Kadri Viires,78
563747,Kadri Viires,Kadri Viires,78
563747,Pille Runnel,Pille Runnel,133
563759,Kadri Viires,Kadri Viires,78
563759,Pille Runnel,Pille Runnel,133
585979,Eerik Leibak,Eerik Leibak,37
585979,Arvo Tuvike,Arvo Tuvike,27
585980,Eerik Leibak,Eerik Leibak,37
585980,Arvo Tuvike,Arvo Tuvike,27
585981,Eerik Leibak,Eerik Leibak,37
585981,Arvo Tuvike,Arvo Tuvike,27
585982,Eerik Leibak,Eerik Leibak,37
585982,Arvo Tuvike,Arvo Tuvike,27
587814,Kadri Viires,Kadri Viires,78
587815,Kadri Viires,Kadri Viires,78
587816,Kadri Viires,Kadri Viires,78
587817,Kadri Viires,Kadri Viires,78
588412,Kadri Viires,Kadri Viires,78
588413,Kadri Viires,Kadri Viires,78
588414,Kadri Viires,Kadri Viires,78
588415,Kadri Viires,Kadri Viires,78
588416,Kadri Viires,Kadri Viires,78
588417,Kadri Viires,Kadri Viires,78
588418,Kadri Viires,Kadri Viires,78
588419,Kadri Viires,Kadri Viires,78
588420,Kadri Viires,Kadri Viires,78
588421,Kadri Viires,Kadri Viires,78
588422,Kadri Viires,Kadri Viires,78
596931,Art Leete,Art Leete,26
596932,Art Leete,Art Leete,26
596933,Art Leete,Art Leete,26
596934,Art Leete,Art Leete,26
612334,Mare Piho,Mare Piho,109
612334,Marika Mikkor,Marika Mikkor,113
612335,Mare Piho,Mare Piho,109
612335,Marika Mikkor,Marika Mikkor,113
612338,Mare Piho,Mare Piho,109
612338,Marika Mikkor,Marika Mikkor,113
612339,Mare Piho,Mare Piho,109
612339,Marika Mikkor,Marika Mikkor,113
612340,Mare Piho,Mare Piho,109
612340,Marika Mikkor,Marika Mikkor,113
612341,Mare Piho,Mare Piho,109
612341,Marika Mikkor,Marika Mikkor,113
612342,Mare Piho,Mare Piho,109
612342,Marika Mikkor,Marika Mikkor,113
612343,Mare Piho,Mare Piho,109
612343,Marika Mikkor,Marika Mikkor,113
612344,Mare Piho,Mare Piho,109
612344,Marika Mikkor,Marika Mikkor,113
612346,Mare Piho,Mare Piho,109
612346,Marika Mikkor,Marika Mikkor,113
612347,Mare Piho,Mare Piho,109
612347,Marika Mikkor,Marika Mikkor,113
612348,Mare Piho,Mare Piho,109
612348,Marika Mikkor,Marika Mikkor,113
612349,Mare Piho,Mare Piho,109
612349,Marika Mikkor,Marika Mikkor,113
612350,Mare Piho,Mare Piho,109
612350,Marika Mikkor,Marika Mikkor,113
612351,Mare Piho,Mare Piho,109
612351,Marika Mikkor,Marika Mikkor,113
612352,Mare Piho,Mare Piho,109
612352,Marika Mikkor,Marika Mikkor,113
612353,Mare Piho,Mare Piho,109
612353,Marika Mikkor,Marika Mikkor,113
612354,Mare Piho,Mare Piho,109
612354,Marika Mikkor,Marika Mikkor,113
612355,Mare Piho,Mare Piho,109
612355,Marika Mikkor,Marika Mikkor,113
612356,Mare Piho,Mare Piho,109
612356,Marika Mikkor,Marika Mikkor,113
612357,Mare Piho,Mare Piho,109
612357,Marika Mikkor,Marika Mikkor,113
612358,Mare Piho,Mare Piho,109
612358,Marika Mikkor,Marika Mikkor,113
612359,Mare Piho,Mare Piho,109
612359,Marika Mikkor,Marika Mikkor,113
612360,Mare Piho,Mare Piho,109
612360,Marika Mikkor,Marika Mikkor,113
612361,Mare Piho,Mare Piho,109
612361,Marika Mikkor,Marika Mikkor,113
612362,Mare Piho,Mare Piho,109
612362,Marika Mikkor,Marika Mikkor,113
612363,Mare Piho,Mare Piho,109
612363,Marika Mikkor,Marika Mikkor,113
612364,Mare Piho,Mare Piho,109
612364,Marika Mikkor,Marika Mikkor,113
612366,Mare Piho,Mare Piho,109
612366,Marika Mikkor,Marika Mikkor,113
612367,Mare Piho,Mare Piho,109
612367,Marika Mikkor,Marika Mikkor,113
612368,Mare Piho,Mare Piho,109
612368,Marika Mikkor,Marika Mikkor,113
612369,Mare Piho,Mare Piho,109
612369,Marika Mikkor,Marika Mikkor,113
612370,Mare Piho,Mare Piho,109
612370,Marika Mikkor,Marika Mikkor,113
612376,Mare Piho,Mare Piho,109
612376,Marika Mikkor,Marika Mikkor,113
612377,Mare Piho,Mare Piho,109
612377,Marika Mikkor,Marika Mikkor,113
612382,Marika Mikkor,Marika Mikkor,113
612384,Marika Mikkor,Marika Mikkor,113
612385,Marika Mikkor,Marika Mikkor,113
612386,Marika Mikkor,Marika Mikkor,113
612388,Marika Mikkor,Marika Mikkor,113
612389,Marika Mikkor,Marika Mikkor,113
612390,Marika Mikkor,Marika Mikkor,113
612391,Marika Mikkor,Marika Mikkor,113
612392,Marika Mikkor,Marika Mikkor,113
612393,Marika Mikkor,Marika Mikkor,113
612394,Marika Mikkor,Marika Mikkor,113
612396,Marika Mikkor,Marika Mikkor,113
612397,Marika Mikkor,Marika Mikkor,113
612398,Marika Mikkor,Marika Mikkor,113
612399,Marika Mikkor,Marika Mikkor,113
612400,Marika Mikkor,Marika Mikkor,113
612401,Marika Mikkor,Marika Mikkor,113
612402,Marika Mikkor,Marika Mikkor,113
612403,Marika Mikkor,Marika Mikkor,113
612404,Marika Mikkor,Marika Mikkor,113
612405,Marika Mikkor,Marika Mikkor,113
612406,Marika Mikkor,Marika Mikkor,113
612407,Marika Mikkor,Marika Mikkor,113
612408,Marika Mikkor,Marika Mikkor,113
612410,Marika Mikkor,Marika Mikkor,113
612411,Marika Mikkor,Marika Mikkor,113
612412,Marika Mikkor,Marika Mikkor,113
612413,Marika Mikkor,Marika Mikkor,113
612414,Marika Mikkor,Marika Mikkor,113
612415,Marika Mikkor,Marika Mikkor,113
612416,Marika Mikkor,Marika Mikkor,113
612417,Marika Mikkor,Marika Mikkor,113
612419,Jüri Linnus,Jüri Linnus,73
612419,Mati Ruljand,Mati Ruljand,118
612420,Jüri Linnus,Jüri Linnus,73
612420,Mati Ruljand,Mati Ruljand,118
612421,Jüri Linnus,Jüri Linnus,73
612421,Mati Ruljand,Mati Ruljand,118
612422,Jüri Linnus,Jüri Linnus,73
612422,Mati Ruljand,Mati Ruljand,118
612423,Jüri Linnus,Jüri Linnus,73
612423,Mati Ruljand,Mati Ruljand,118
612424,Jüri Linnus,Jüri Linnus,73
612424,Mati Ruljand,Mati Ruljand,118
612425,Jüri Linnus,Jüri Linnus,73
612425,Mati Ruljand,Mati Ruljand,118
612426,Jüri Linnus,Jüri Linnus,73
612426,Mati Ruljand,Mati Ruljand,118
612427,Jüri Linnus,Jüri Linnus,73
612427,Mati Ruljand,Mati Ruljand,118
612428,Jüri Linnus,Jüri Linnus,73
612428,Mati Ruljand,Mati Ruljand,118
612429,Jüri Linnus,Jüri Linnus,73
612429,Mati Ruljand,Mati Ruljand,118
612430,Jüri Linnus,Jüri Linnus,73
612430,Mati Ruljand,Mati Ruljand,118
612431,Jüri Linnus,Jüri Linnus,73
612431,Mati Ruljand,Mati Ruljand,118
612432,Jüri Linnus,Jüri Linnus,73
612432,Mati Ruljand,Mati Ruljand,118
612433,Jüri Linnus,Jüri Linnus,73
612433,Mati Ruljand,Mati Ruljand,118
612434,Jüri Linnus,Jüri Linnus,73
612434,Mati Ruljand,Mati Ruljand,118
612435,Jüri Linnus,Jüri Linnus,73
612435,Mati Ruljand,Mati Ruljand,118
612436,Jüri Linnus,Jüri Linnus,73
612436,Mati Ruljand,Mati Ruljand,118
612437,Jüri Linnus,Jüri Linnus,73
612437,Mati Ruljand,Mati Ruljand,118
612438,Jüri Linnus,Jüri Linnus,73
612438,Mati Ruljand,Mati Ruljand,118
612439,Jüri Linnus,Jüri Linnus,73
612439,Mati Ruljand,Mati Ruljand,118
612440,Jüri Linnus,Jüri Linnus,73
612440,Mati Ruljand,Mati Ruljand,118
612441,Jüri Linnus,Jüri Linnus,73
612441,Mati Ruljand,Mati Ruljand,118
612442,Jüri Linnus,Jüri Linnus,73
612442,Mati Ruljand,Mati Ruljand,118
612443,Jüri Linnus,Jüri Linnus,73
612443,Mati Ruljand,Mati Ruljand,118
612444,Jüri Linnus,Jüri Linnus,73
612444,Mati Ruljand,Mati Ruljand,118
612445,Jüri Linnus,Jüri Linnus,73
612445,Mati Ruljand,Mati Ruljand,118
612446,Jüri Linnus,Jüri Linnus,73
612446,Mati Ruljand,Mati Ruljand,118
612447,Jüri Linnus,Jüri Linnus,73
612447,Mati Ruljand,Mati Ruljand,118
612448,Jüri Linnus,Jüri Linnus,73
612448,Mati Ruljand,Mati Ruljand,118
612449,Jüri Linnus,Jüri Linnus,73
612449,Mati Ruljand,Mati Ruljand,118
612450,Jüri Linnus,Jüri Linnus,73
612450,Mati Ruljand,Mati Ruljand,118
612451,Jüri Linnus,Jüri Linnus,73
612451,Mati Ruljand,Mati Ruljand,118
612452,Jüri Linnus,Jüri Linnus,73
612452,Mati Ruljand,Mati Ruljand,118
612453,Jüri Linnus,Jüri Linnus,73
612453,Mati Ruljand,Mati Ruljand,118
612454,Jüri Linnus,Jüri Linnus,73
612454,Mati Ruljand,Mati Ruljand,118
612457,Aleksei Peterson,Aleksei Peterson,17
612458,Aleksei Peterson,Aleksei Peterson,17
612459,Aleksei Peterson,Aleksei Peterson,17
612461,Kalju Konsin,Kalju Konsin,83
612462,Kalju Konsin,Kalju Konsin,83
612463,Kalju Konsin,Kalju Konsin,83
612464,Kalju Konsin,Kalju Konsin,83
612465,Kalju Konsin,Kalju Konsin,83
612466,Kalju Konsin,Kalju Konsin,83
612467,Kalju Konsin,Kalju Konsin,83
612468,Kalju Konsin,Kalju Konsin,83
612469,Kalju Konsin,Kalju Konsin,83
612470,Edgar Saar,Edgar Saar,33
612470,Heno Sarv,Heno Sarv,58
612471,Edgar Saar,Edgar Saar,33
612472,Edgar Saar,Edgar Saar,33
612472,Heno Sarv,Heno Sarv,58
612473,Edgar Saar,Edgar Saar,33
612473,Heno Sarv,Heno Sarv,58
612474,Edgar Saar,Edgar Saar,33
612474,Heno Sarv,Heno Sarv,58
612475,Edgar Saar,Edgar Saar,33
612475,Heno Sarv,Heno Sarv,58
612476,Edgar Saar,Edgar Saar,33
612476,Heno Sarv,Heno Sarv,58
612477,Edgar Saar,Edgar Saar,33
612477,Heno Sarv,Heno Sarv,58
612478,Edgar Saar,Edgar Saar,33
612478,Heno Sarv,Heno Sarv,58
612479,Edgar Saar,Edgar Saar,33
612479,Heno Sarv,Heno Sarv,58
612480,Edgar Saar,Edgar Saar,33
612480,Heno Sarv,Heno Sarv,58
612481,Edgar Saar,Edgar Saar,33
612481,Heno Sarv,Heno Sarv,58
612482,Edgar Saar,Edgar Saar,33
612482,Heno Sarv,Heno Sarv,58
612483,Edgar Saar,Edgar Saar,33
612483,Heno Sarv,Heno Sarv,58
612484,Edgar Saar,Edgar Saar,33
612484,Heno Sarv,Heno Sarv,58
612485,Edgar Saar,Edgar Saar,33
612485,Heno Sarv,Heno Sarv,58
612486,Edgar Saar,Edgar Saar,33
612486,Heno Sarv,Heno Sarv,58
612487,Edgar Saar,Edgar Saar,33
612487,Heno Sarv,Heno Sarv,58
612488,Edgar Saar,Edgar Saar,33
612488,Heno Sarv,Heno Sarv,58
612489,Edgar Saar,Edgar Saar,33
612489,Heno Sarv,Heno Sarv,58
612490,Edgar Saar,Edgar Saar,33
612490,Heno Sarv,Heno Sarv,58
612491,Edgar Saar,Edgar Saar,33
612491,Heno Sarv,Heno Sarv,58
612492,Edgar Saar,Edgar Saar,33
612492,Heno Sarv,Heno Sarv,58
612493,Edgar Saar,Edgar Saar,33
612494,Edgar Saar,Edgar Saar,33
612495,Edgar Saar,Edgar Saar,33
612495,Heno Sarv,Heno Sarv,58
612496,Edgar Saar,Edgar Saar,33
612496,Heno Sarv,Heno Sarv,58
612497,Edgar Saar,Edgar Saar,33
612497,Heno Sarv,Heno Sarv,58
612498,Edgar Saar,Edgar Saar,33
612498,Heno Sarv,Heno Sarv,58
612499,Edgar Saar,Edgar Saar,33
612499,Heno Sarv,Heno Sarv,58
612500,Aleksei Peterson,Aleksei Peterson,17
612501,Aleksei Peterson,Aleksei Peterson,17
612501,Kadri Tammur,Kadri Tammur,77
612502,Aleksei Peterson,Aleksei Peterson,17
612503,Aleksei Peterson,Aleksei Peterson,17
612503,Kadri Tammur,Kadri Tammur,77
612504,Aleksei Peterson,Aleksei Peterson,17
612504,Kadri Tammur,Kadri Tammur,77
612505,Aleksei Peterson,Aleksei Peterson,17
612505,Kadri Tammur,Kadri Tammur,77
612506,Aleksei Peterson,Aleksei Peterson,17
612506,Kadri Tammur,Kadri Tammur,77
612507,Aleksei Peterson,Aleksei Peterson,17
612507,Kadri Tammur,Kadri Tammur,77
612508,A. Peterson,Aleksei Peterson,6
612508,Kadri Tammur,Kadri Tammur,77
612509,Aleksei Peterson,Aleksei Peterson,17
612509,Kadri Tammur,Kadri Tammur,77
612510,Aleksei Peterson,Aleksei Peterson,17
612510,Kadri Tammur,Kadri Tammur,77
612511,Aleksei Peterson,Aleksei Peterson,17
612511,Kadri Tammur,Kadri Tammur,77
612512,Aleksei Peterson,Aleksei Peterson,17
612512,Kadri Tammur,Kadri Tammur,77
612513,Aleksei Peterson,Aleksei Peterson,17
612513,Kadri Tammur,Kadri Tammur,77
612514,Aleksei Peterson,Aleksei Peterson,17
612514,Kadri Tammur,Kadri Tammur,77
612515,Aleksei Peterson,Aleksei Peterson,17
612515,Kadri Tammur,Kadri Tammur,77
612516,Aleksei Peterson,Aleksei Peterson,17
612516,Kadri Tammur,Kadri Tammur,77
612517,Aleksei Peterson,Aleksei Peterson,17
612517,Kadri Tammur,Kadri Tammur,77
612518,Aleksei Peterson,Aleksei Peterson,17
612518,Kadri Tammur,Kadri Tammur,77
612519,Aleksei Peterson,Aleksei Peterson,17
612519,Kadri Tammur,Kadri Tammur,77
612520,Aleksei Peterson,Aleksei Peterson,17
612520,Kadri Tammur,Kadri Tammur,77
612521,Aleksei Peterson,Aleksei Peterson,17
612521,Kadri Tammur,Kadri Tammur,77
612522,Ülo Maaring,Ülo Maaring,172
612523,Ülo Maaring,Ülo Maaring,172
612524,Ülo Maaring,Ülo Maaring,172
612525,Ülo Maaring,Ülo Maaring,172
612527,Ülo Maaring,Ülo Maaring,172
612528,Ülo Maaring,Ülo Maaring,172
612529,Ülo Maaring,Ülo Maaring,172
612530,Ülo Maaring,Ülo Maaring,172
612531,Ülo Maaring,Ülo Maaring,172
612532,Ülo Maaring,Ülo Maaring,172
612533,Ülo Maaring,Ülo Maaring,172
612534,Ülo Maaring,Ülo Maaring,172
612535,Ülo Maaring,Ülo Maaring,172
612536,Ülo Maaring,Ülo Maaring,172
612537,Ülo Maaring,Ülo Maaring,172
612538,Ülo Maaring,Ülo Maaring,172
612539,Ülo Maaring,Ülo Maaring,172
612540,Ülo Maaring,Ülo Maaring,172
612541,Ülo Maaring,Ülo Maaring,172
612542,Ülo Maaring,Ülo Maaring,172
612543,Ülo Maaring,Ülo Maaring,172
612544,Ülo Maaring,Ülo Maaring,172
612545,Ülo Maaring,Ülo Maaring,172
612546,Ülo Maaring,Ülo Maaring,172
612547,Ülo Maaring,Ülo Maaring,172
612548,Ülo Maaring,Ülo Maaring,172
612549,Ülo Maaring,Ülo Maaring,172
612550,Ülo Maaring,Ülo Maaring,172
612551,Ülo Maaring,Ülo Maaring,172
612552,Ülo Maaring,Ülo Maaring,172
612553,Ülo Maaring,Ülo Maaring,172
612554,Ülo Maaring,Ülo Maaring,172
612555,Ülo Maaring,Ülo Maaring,172
612556,Ülo Maaring,Ülo Maaring,172
612557,Ülo Maaring,Ülo Maaring,172
612558,Ülo Maaring,Ülo Maaring,172
612559,Ülo Maaring,Ülo Maaring,172
612560,Ülo Maaring,Ülo Maaring,172
612561,Ülo Maaring,Ülo Maaring,172
612562,Ülo Maaring,Ülo Maaring,172
612563,Ülo Maaring,Ülo Maaring,172
612564,Ülo Maaring,Ülo Maaring,172
612565,Ülo Maaring,Ülo Maaring,172
612566,Ülo Maaring,Ülo Maaring,172
612567,Ülo Maaring,Ülo Maaring,172
612568,Ülo Maaring,Ülo Maaring,172
612569,Ülo Maaring,Ülo Maaring,172
612570,Ülo Maaring,Ülo Maaring,172
612571,Ülo Maaring,Ülo Maaring,172
612599,Aleksei Peterson,Aleksei Peterson,17
612600,Aleksei Peterson,Aleksei Peterson,17
612601,Aleksei Peterson,Aleksei Peterson,17
612602,Aleksei Peterson,Aleksei Peterson,17
612603,Aleksei Peterson,Aleksei Peterson,17
612604,Aleksei Peterson,Aleksei Peterson,17
612605,Aleksei Peterson,Aleksei Peterson,17
612606,Aleksei Peterson,Aleksei Peterson,17
612607,Aleksei Peterson,Aleksei Peterson,17
612608,Aleksei Peterson,Aleksei Peterson,17
612609,Aleksei Peterson,Aleksei Peterson,17
612610,Aleksei Peterson,Aleksei Peterson,17
612611,Aleksei Peterson,Aleksei Peterson,17
612612,Aleksei Peterson,Aleksei Peterson,17
612613,Aleksei Peterson,Aleksei Peterson,17
612614,Aleksei Peterson,Aleksei Peterson,17
612615,Aleksei Peterson,Aleksei Peterson,17
612616,Aleksei Peterson,Aleksei Peterson,17
612617,Aleksei Peterson,Aleksei Peterson,17
612618,Aleksei Peterson,Aleksei Peterson,17
612619,Aleksei Peterson,Aleksei Peterson,17
612620,Aleksei Peterson,Aleksei Peterson,17
612621,Aleksei Peterson,Aleksei Peterson,17
612622,Aleksei Peterson,Aleksei Peterson,17
612623,Aleksei Peterson,Aleksei Peterson,17
612624,Aleksei Peterson,Aleksei Peterson,17
612625,Aleksei Peterson,Aleksei Peterson,17
612627,Aleksei Peterson,Aleksei Peterson,17
612628,Aleksei Peterson,Aleksei Peterson,17
612629,Aleksei Peterson,Aleksei Peterson,17
612630,Aleksei Peterson,Aleksei Peterson,17
612631,Aleksei Peterson,Aleksei Peterson,17
612632,Aleksei Peterson,Aleksei Peterson,17
612633,Aleksei Peterson,Aleksei Peterson,17
612634,Aleksei Peterson,Aleksei Peterson,17
612635,Aleksei Peterson,Aleksei Peterson,17
612636,Aleksei Peterson,Aleksei Peterson,17
612637,Aleksei Peterson,Aleksei Peterson,17
612638,Aleksei Peterson,Aleksei Peterson,17
612639,Aleksei Peterson,Aleksei Peterson,17
612640,Aleksei Peterson,Aleksei Peterson,17
612641,Aleksei Peterson,Aleksei Peterson,17
612642,Aleksei Peterson,Aleksei Peterson,17
612643,Aleksei Peterson,Aleksei Peterson,17
612644,Aleksei Peterson,Aleksei Peterson,17
612645,Aleksei Peterson,Aleksei Peterson,17
612646,Aleksei Peterson,Aleksei Peterson,17
612647,Edgar Saar,Edgar Saar,33
612648,Edgar Saar,Edgar Saar,33
612649,Edgar Saar,Edgar Saar,33
612650,Edgar Saar,Edgar Saar,33
612651,Edgar Saar,Edgar Saar,33
612652,Edgar Saar,Edgar Saar,33
612653,Edgar Saar,Edgar Saar,33
612654,Edgar Saar,Edgar Saar,33
612655,Edgar Saar,Edgar Saar,33
612656,Edgar Saar,Edgar Saar,33
612657,Edgar Saar,Edgar Saar,33
612658,Edgar Saar,Edgar Saar,33
612659,Edgar Saar,Edgar Saar,33
612660,Edgar Saar,Edgar Saar,33
612661,Edgar Saar,Edgar Saar,33
612662,Edgar Saar,Edgar Saar,33
612663,Edgar Saar,Edgar Saar,33
612664,Edgar Saar,Edgar Saar,33
612665,Edgar Saar,Edgar Saar,33
612669,Aleksei Peterson,Aleksei Peterson,17
612683,Maaja Värva,Maaja Värva,106
612684,Maaja Värva,Maaja Värva,106
612685,Maaja Värva,Maaja Värva,106
612686,Maaja Värva,Maaja Värva,106
612687,Maaja Värva,Maaja Värva,106
612688,Maaja Värva,Maaja Värva,106
612689,Maaja Värva,Maaja Värva,106
612690,Maaja Värva,Maaja Värva,106
612691,Maaja Värva,Maaja Värva,106
612693,Maaja Värva,Maaja Värva,106
612694,Maaja Värva,Maaja Värva,106
612695,Maaja Värva,Maaja Värva,106
612696,Maaja Värva,Maaja Värva,106
612698,Maaja Värva,Maaja Värva,106
612698,Aldo Luud,Aldo Luud,15
612699,Maaja Värva,Maaja Värva,106
612699,Aldo Luud,Aldo Luud,15
612700,Maaja Värva,Maaja Värva,106
612700,Aldo Luud,Aldo Luud,15
612701,Maaja Värva,Maaja Värva,106
612701,Aldo Luud,Aldo Luud,15
612702,Maaja Värva,Maaja Värva,106
612702,Aldo Luud,Aldo Luud,15
612703,Maaja Värva,Maaja Värva,106
612703,Mart Nutt,Mart Nutt,117
612703,Toivo Sikka,Toivo Sikka,157
612704,Maaja Värva,Maaja Värva,106
612704,Aldo Luud,Aldo Luud,15
612705,Maaja Värva,Maaja Värva,106
612705,Aldo Luud,Aldo Luud,15
612706,Maaja Värva,Maaja Värva,106
612706,Aldo Luud,Aldo Luud,15
612706,Mart Nutt,Mart Nutt,117
612706,Toivo Sikka,Toivo Sikka,157
612707,Maaja Värva,Maaja Värva,106
612707,Aldo Luud,Aldo Luud,15
612707,M. Lupp,M. Lupp,102
612707,Mart Nutt,Mart Nutt,117
612707,Toivo Sikka,Toivo Sikka,157
612708,Maaja Värva,Maaja Värva,106
612708,Aldo Luud,Aldo Luud,15
612709,Maaja Värva,Maaja Värva,106
612709,Aldo Luud,Aldo Luud,15
612710,Maaja Värva,Maaja Värva,106
612710,Aldo Luud,Aldo Luud,15
612711,Maaja Värva,Maaja Värva,106
612711,Aldo Luud,Aldo Luud,15
612712,Maaja Värva,Maaja Värva,106
612712,Aldo Luud,Aldo Luud,15
612713,Maaja Värva,Maaja Värva,106
612713,Aldo Luud,Aldo Luud,15
612713,Mart Nutt,Mart Nutt,117
612713,Toivo Sikka,Toivo Sikka,157
612714,Maaja Värva,Maaja Värva,106
612714,Aldo Luud,Aldo Luud,15
612714,Mart Nutt,Mart Nutt,117
612714,Toivo Sikka,Toivo Sikka,157
612715,Maaja Värva,Maaja Värva,106
612715,Aldo Luud,Aldo Luud,15
612716,Maaja Värva,Maaja Värva,106
612716,Aldo Luud,Aldo Luud,15
612717,Maaja Värva,Maaja Värva,106
612717,Aldo Luud,Aldo Luud,15
612718,Maaja Värva,Maaja Värva,106
612718,Aldo Luud,Aldo Luud,15
612719,Maaja Värva,Maaja Värva,106
612719,Aldo Luud,Aldo Luud,15
612720,Maaja Värva,Maaja Värva,106
612720,Aldo Luud,Aldo Luud,15
612721,Maaja Värva,Maaja Värva,106
612721,Aldo Luud,Aldo Luud,15
612721,Mart Nutt,Mart Nutt,117
612721,Toivo Sikka,Toivo Sikka,157
612722,Maaja Värva,Maaja Värva,106
612722,Aldo Luud,Aldo Luud,15
612722,Mart Nutt,Mart Nutt,117
612722,Toivo Sikka,Toivo Sikka,157
612723,Maaja Värva,Maaja Värva,106
612723,Aldo Luud,Aldo Luud,15
612723,Mart Nutt,Mart Nutt,117
612723,Toivo Sikka,Toivo Sikka,157
612724,Maaja Värva,Maaja Värva,106
612724,Aldo Luud,Aldo Luud,15
612724,Mart Nutt,Mart Nutt,117
612724,Toivo Sikka,Toivo Sikka,157
612725,Maaja Värva,Maaja Värva,106
612725,Aldo Luud,Aldo Luud,15
612725,Mart Nutt,Mart Nutt,117
612725,Toivo Sikka,Toivo Sikka,157
612726,Maaja Värva,Maaja Värva,106
612726,Aldo Luud,Aldo Luud,15
612726,Mart Nutt,Mart Nutt,117
612726,Toivo Sikka,Toivo Sikka,157
612727,Maaja Värva,Maaja Värva,106
612727,Aldo Luud,Aldo Luud,15
612728,Maaja Värva,Maaja Värva,106
612728,Aldo Luud,Aldo Luud,15
612729,M. Värva,Maaja Värva,104
612729,A. Luud,Aldo Luud,5
612729,M. Lupp,M. Lupp,102
612729,M. Nutt,Mart Nutt,103
612729,T. Sikka,Toivo Sikka,147
612730,M. Värva,Maaja Värva,104
612730,A. Luud,Aldo Luud,5
612730,M. Lupp,M. Lupp,102
612730,M. Nutt,Mart Nutt,103
612730,T. Sikka,Toivo Sikka,147
612731,M. Värva,Maaja Värva,104
612731,A. Luud,Aldo Luud,5
612731,M. Lupp,M. Lupp,102
612731,M. Nutt,Mart Nutt,103
612731,T. Sikka,Toivo Sikka,147
612732,M. Värva,Maaja Värva,104
612732,A. Luud,Aldo Luud,5
612732,M. Lupp,M. Lupp,102
612732,M. Nutt,Mart Nutt,103
612732,T. Sikka,Toivo Sikka,147
612733,Edgar Saar,Edgar Saar,33
612734,Edgar Saar,Edgar Saar,33
612735,Edgar Saar,Edgar Saar,33
612736,Edgar Saar,Edgar Saar,33
612737,Edgar Saar,Edgar Saar,33
612738,Edgar Saar,Edgar Saar,33
612739,Edgar Saar,Edgar Saar,33
612740,Edgar Saar,Edgar Saar,33
612741,Edgar Saar,Edgar Saar,33
612742,Edgar Saar,Edgar Saar,33
612743,Edgar Saar,Edgar Saar,33
612744,Edgar Saar,Edgar Saar,33
612745,Edgar Saar,Edgar Saar,33
612746,Edgar Saar,Edgar Saar,33
612747,Edgar Saar,Edgar Saar,33
612748,Edgar Saar,Edgar Saar,33
612749,Aleksei Peterson,Aleksei Peterson,17
612750,Aleksei Peterson,Aleksei Peterson,17
612751,Aleksei Peterson,Aleksei Peterson,17
612752,Aleksei Peterson,Aleksei Peterson,17
612753,Aleksei Peterson,Aleksei Peterson,17
612754,Aleksei Peterson,Aleksei Peterson,17
612755,Aleksei Peterson,Aleksei Peterson,17
612756,Aleksei Peterson,Aleksei Peterson,17
612757,Aleksei Peterson,Aleksei Peterson,17
612758,Aleksei Peterson,Aleksei Peterson,17
612759,Aleksei Peterson,Aleksei Peterson,17
612760,Aleksei Peterson,Aleksei Peterson,17
612761,Aleksei Peterson,Aleksei Peterson,17
612762,Aleksei Peterson,Aleksei Peterson,17
612763,Aleksei Peterson,Aleksei Peterson,17
612764,Aleksei Peterson,Aleksei Peterson,17
612765,Aleksei Peterson,Aleksei Peterson,17
612766,Aleksei Peterson,Aleksei Peterson,17
612767,Aleksei Peterson,Aleksei Peterson,17
612768,Aleksei Peterson,Aleksei Peterson,17
612769,Aleksei Peterson,Aleksei Peterson,17
612770,Aleksei Peterson,Aleksei Peterson,17
612771,Aleksei Peterson,Aleksei Peterson,17
612772,Aleksei Peterson,Aleksei Peterson,17
612773,Aleksei Peterson,Aleksei Peterson,17
612775,Aleksei Peterson,Aleksei Peterson,17
612776,Aleksei Peterson,Aleksei Peterson,17
612777,Aleksei Peterson,Aleksei Peterson,17
612778,Aleksei Peterson,Aleksei Peterson,17
612779,Aleksei Peterson,Aleksei Peterson,17
612780,Aleksei Peterson,Aleksei Peterson,17
612782,Aleksei Peterson,Aleksei Peterson,17
612783,Aleksei Peterson,Aleksei Peterson,17
612784,Aleksei Peterson,Aleksei Peterson,17
612785,Aleksei Peterson,Aleksei Peterson,17
612786,Aleksei Peterson,Aleksei Peterson,17
612787,Aleksei Peterson,Aleksei Peterson,17
612788,Aleksei Peterson,Aleksei Peterson,17
612790,Aleksei Peterson,Aleksei Peterson,17
612791,Aleksei Peterson,Aleksei Peterson,17
612792,Aleksei Peterson,Aleksei Peterson,17
612793,Aleksei Peterson,Aleksei Peterson,17
612794,Aleksei Peterson,Aleksei Peterson,17
612795,Aleksei Peterson,Aleksei Peterson,17
612892,Vaike Reemann,Vaike Reemann,162
612893,Vaike Reemann,Vaike Reemann,162
612894,Vaike Reemann,Vaike Reemann,162
612895,Vaike Reemann,Vaike Reemann,162
612898,Vaike Reemann,Vaike Reemann,162
612899,Vaike Reemann,Vaike Reemann,162
612900,Vaike Reemann,Vaike Reemann,162
612901,Vaike Reemann,Vaike Reemann,162
612902,Vaike Reemann,Vaike Reemann,162
612903,Vaike Reemann,Vaike Reemann,162
612904,Vaike Reemann,Vaike Reemann,162
612905,Vaike Reemann,Vaike Reemann,162
612907,Vaike Reemann,Vaike Reemann,162
612908,Vaike Reemann,Vaike Reemann,162
612909,Vaike Reemann,Vaike Reemann,162
612910,Vaike Reemann,Vaike Reemann,162
612911,Vaike Reemann,Vaike Reemann,162
612912,Vaike Reemann,Vaike Reemann,162
612913,Vaike Reemann,Vaike Reemann,162
612915,Vaike Reemann,Vaike Reemann,162
612916,Vaike Reemann,Vaike Reemann,162
612917,Vaike Reemann,Vaike Reemann,162
612918,Vaike Reemann,Vaike Reemann,162
612919,Vaike Reemann,Vaike Reemann,162
612920,Vaike Reemann,Vaike Reemann,162
612928,Heno Sarv,Heno Sarv,58
612929,Heno Sarv,Heno Sarv,58
612930,Heno Sarv,Heno Sarv,58
612931,Heno Sarv,Heno Sarv,58
612932,Heno Sarv,Heno Sarv,58
612933,Heno Sarv,Heno Sarv,58
612934,Heno Sarv,Heno Sarv,58
612939,Mare Piho,Mare Piho,109
612939,Marika Mikkor,Marika Mikkor,113
612940,Mare Piho,Mare Piho,109
612940,Marika Mikkor,Marika Mikkor,113
612941,Mare Piho,Mare Piho,109
612941,Marika Mikkor,Marika Mikkor,113
612942,Mare Piho,Mare Piho,109
612942,Marika Mikkor,Marika Mikkor,113
612943,Mare Piho,Mare Piho,109
612943,Marika Mikkor,Marika Mikkor,113
612945,Mare Piho,Mare Piho,109
612945,Marika Mikkor,Marika Mikkor,113
612946,Mare Piho,Mare Piho,109
612946,Marika Mikkor,Marika Mikkor,113
612947,Mare Piho,Mare Piho,109
612947,Marika Mikkor,Marika Mikkor,113
612948,Mare Piho,Mare Piho,109
612948,Marika Mikkor,Marika Mikkor,113
612949,Mare Piho,Mare Piho,109
612949,Marika Mikkor,Marika Mikkor,113
612950,Mare Piho,Mare Piho,109
612950,Marika Mikkor,Marika Mikkor,113
612951,Mare Piho,Mare Piho,109
612951,Marika Mikkor,Marika Mikkor,113
612953,Mare Piho,Mare Piho,109
612953,Marika Mikkor,Marika Mikkor,113
612954,Mare Piho,Mare Piho,109
612954,Marika Mikkor,Marika Mikkor,113
612956,Mare Piho,Mare Piho,109
612956,Marika Mikkor,Marika Mikkor,113
612958,Mare Piho,Mare Piho,109
612958,Marika Mikkor,Marika Mikkor,113
612960,Mare Piho,Mare Piho,109
612960,Marika Mikkor,Marika Mikkor,113
612962,Mare Piho,Mare Piho,109
612962,Marika Mikkor,Marika Mikkor,113
612963,Mare Piho,Mare Piho,109
612963,Marika Mikkor,Marika Mikkor,113
612964,Mare Piho,Mare Piho,109
612964,Marika Mikkor,Marika Mikkor,113
612965,Mare Piho,Mare Piho,109
612965,Marika Mikkor,Marika Mikkor,113
612966,Mare Piho,Mare Piho,109
612966,Marika Mikkor,Marika Mikkor,113
612967,Mare Piho,Mare Piho,109
612967,Marika Mikkor,Marika Mikkor,113
612969,Mare Piho,Mare Piho,109
612969,Marika Mikkor,Marika Mikkor,113
612970,Mare Piho,Mare Piho,109
612970,Marika Mikkor,Marika Mikkor,113
612971,Mare Piho,Mare Piho,109
612971,Marika Mikkor,Marika Mikkor,113
612972,Mare Piho,Mare Piho,109
612972,Marika Mikkor,Marika Mikkor,113
612973,Mare Piho,Mare Piho,109
612973,Marika Mikkor,Marika Mikkor,113
612974,Mare Piho,Mare Piho,109
612974,Marika Mikkor,Marika Mikkor,113
612975,Mare Piho,Mare Piho,109
612975,Marika Mikkor,Marika Mikkor,113
612976,Mare Piho,Mare Piho,109
612976,Marika Mikkor,Marika Mikkor,113
612977,Marika Mikkor,Marika Mikkor,113
612978,Marika Mikkor,Marika Mikkor,113
612979,Marika Mikkor,Marika Mikkor,113
612980,Marika Mikkor,Marika Mikkor,113
612981,Marika Mikkor,Marika Mikkor,113
612982,Marika Mikkor,Marika Mikkor,113
612983,Marika Mikkor,Marika Mikkor,113
612984,Marika Mikkor,Marika Mikkor,113
612985,Marika Mikkor,Marika Mikkor,113
612986,Marika Mikkor,Marika Mikkor,113
612988,Marika Mikkor,Marika Mikkor,113
612989,Marika Mikkor,Marika Mikkor,113
612990,Marika Mikkor,Marika Mikkor,113
612991,Marika Mikkor,Marika Mikkor,113
612992,Marika Mikkor,Marika Mikkor,113
612993,Marika Mikkor,Marika Mikkor,113
612994,Marika Mikkor,Marika Mikkor,113
612995,Marika Mikkor,Marika Mikkor,113
612997,Marika Mikkor,Marika Mikkor,113
612998,Marika Mikkor,Marika Mikkor,113
612999,Marika Mikkor,Marika Mikkor,113
613000,Marika Mikkor,Marika Mikkor,113
613003,Marika Mikkor,Marika Mikkor,113
613004,Marika Mikkor,Marika Mikkor,113
613005,Marika Mikkor,Marika Mikkor,113
613006,Marika Mikkor,Marika Mikkor,113
613007,Marika Mikkor,Marika Mikkor,113
613008,Marika Mikkor,Marika Mikkor,113
613009,Marika Mikkor,Marika Mikkor,113
613010,Marika Mikkor,Marika Mikkor,113
613011,Marika Mikkor,Marika Mikkor,113
613012,Marika Mikkor,Marika Mikkor,113
613014,Marika Mikkor,Marika Mikkor,113
613015,Marika Mikkor,Marika Mikkor,113
613016,Marika Mikkor,Marika Mikkor,113
613017,Marika Mikkor,Marika Mikkor,113
613018,Marika Mikkor,Marika Mikkor,113
613019,Marika Mikkor,Marika Mikkor,113
613020,Marika Mikkor,Marika Mikkor,113
613021,Marika Mikkor,Marika Mikkor,113
613022,Marika Mikkor,Marika Mikkor,113
613023,Kalju Konsin,Kalju Konsin,83
613024,Kalju Konsin,Kalju Konsin,83
613025,Kalju Konsin,Kalju Konsin,83
613026,Kalju Konsin,Kalju Konsin,83
613027,Kalju Konsin,Kalju Konsin,83
613028,Paul Ariste,Paul Ariste,127
613029,Paul Ariste,Paul Ariste,127
613030,Paul Ariste,Paul Ariste,127
613032,Paul Ariste,Paul Ariste,127
613033,Paul Ariste,Paul Ariste,127
613034,Paul Ariste,Paul Ariste,127
613035,Paul Ariste,Paul Ariste,127
613036,Paul Ariste,Paul Ariste,127
613037,Paul Ariste,Paul Ariste,127
613038,Paul Ariste,Paul Ariste,127
613039,Paul Ariste,Paul Ariste,127
613040,Paul Ariste,Paul Ariste,127
613041,Paul Ariste,Paul Ariste,127
613042,Paul Ariste,Paul Ariste,127
613043,Paul Ariste,Paul Ariste,127
613044,Paul Ariste,Paul Ariste,127
613045,Paul Ariste,Paul Ariste,127
613046,Paul Ariste,Paul Ariste,127
613047,Paul Ariste,Paul Ariste,127
613048,Paul Ariste,Paul Ariste,127
613049,Paul Ariste,Paul Ariste,127
613050,Paul Ariste,Paul Ariste,127
613051,Paul Ariste,Paul Ariste,127
613052,Paul Ariste,Paul Ariste,127
613053,Paul Ariste,Paul Ariste,127
613054,Aleksei Peterson,Aleksei Peterson,17
613055,Aleksei Peterson,Aleksei Peterson,17
613056,Aleksei Peterson,Aleksei Peterson,17
613057,Aleksei Peterson,Aleksei Peterson,17
613058,Aleksei Peterson,Aleksei Peterson,17
613059,Aleksei Peterson,Aleksei Peterson,17
613060,Aleksei Peterson,Aleksei Peterson,17
613061,Aleksei Peterson,Aleksei Peterson,17
613062,Aleksei Peterson,Aleksei Peterson,17
613063,Aleksei Peterson,Aleksei Peterson,17
613064,Aleksei Peterson,Aleksei Peterson,17
613065,Aleksei Peterson,Aleksei Peterson,17
613066,Ülo Maaring,Ülo Maaring,172
613067,Ülo Maaring,Ülo Maaring,172
613068,Ülo Maaring,Ülo Maaring,172
613069,Ülo Maaring,Ülo Maaring,172
613070,Ülo Maaring,Ülo Maaring,172
613071,Ülo Maaring,Ülo Maaring,172
613072,Aleksei Peterson,Aleksei Peterson,17
613072,Kadri Tammur,Kadri Tammur,77
613073,Aleksei Peterson,Aleksei Peterson,17
613073,Kadri Tammur,Kadri Tammur,77
613074,Aleksei Peterson,Aleksei Peterson,17
613074,Kadri Tammur,Kadri Tammur,77
613075,Aleksei Peterson,Aleksei Peterson,17
613075,Kadri Tammur,Kadri Tammur,77
613076,Aleksei Peterson,Aleksei Peterson,17
613076,Kadri Tammur,Kadri Tammur,77
613077,Aleksei Peterson,Aleksei Peterson,17
613077,Kadri Tammur,Kadri Tammur,77
613078,Aleksei Peterson,Aleksei Peterson,17
613078,Kadri Tammur,Kadri Tammur,77
613079,Aleksei Peterson,Aleksei Peterson,17
613079,Kadri Tammur,Kadri Tammur,77
613080,Aleksei Peterson,Aleksei Peterson,17
613080,Kadri Tammur,Kadri Tammur,77
613081,Aleksei Peterson,Aleksei Peterson,17
613081,Kadri Tammur,Kadri Tammur,77
613082,Aleksei Peterson,Aleksei Peterson,17
613082,Kadri Tammur,Kadri Tammur,77
613083,Aleksei Peterson,Aleksei Peterson,17
613083,Kadri Tammur,Kadri Tammur,77
613084,Aleksei Peterson,Aleksei Peterson,17
613084,Kadri Tammur,Kadri Tammur,77
613085,Aleksei Peterson,Aleksei Peterson,17
613085,Kadri Tammur,Kadri Tammur,77
613086,Aleksei Peterson,Aleksei Peterson,17
613086,Kadri Tammur,Kadri Tammur,77
613087,Aleksei Peterson,Aleksei Peterson,17
613087,Kadri Tammur,Kadri Tammur,77
613088,Aleksei Peterson,Aleksei Peterson,17
613088,Kadri Tammur,Kadri Tammur,77
613089,Aleksei Peterson,Aleksei Peterson,17
613089,Kadri Tammur,Kadri Tammur,77
613090,Aleksei Peterson,Aleksei Peterson,17
613090,Kadri Tammur,Kadri Tammur,77
613091,A. Peterson,Aleksei Peterson,6
613091,Kadri Tammur,Kadri Tammur,77
613092,Aleksei Peterson,Aleksei Peterson,17
613092,Kadri Tammur,Kadri Tammur,77
613093,Aleksei Peterson,Aleksei Peterson,17
613093,Kadri Tammur,Kadri Tammur,77
613094,Aleksei Peterson,Aleksei Peterson,17
613094,Kadri Tammur,Kadri Tammur,77
613095,Aleksei Peterson,Aleksei Peterson,17
613095,Kadri Tammur,Kadri Tammur,77
613096,Aleksei Peterson,Aleksei Peterson,17
613096,Kadri Tammur,Kadri Tammur,77
613097,Aleksei Peterson,Aleksei Peterson,17
613097,Kadri Tammur,Kadri Tammur,77
613098,Aleksei Peterson,Aleksei Peterson,17
613098,Kadri Tammur,Kadri Tammur,77
613099,Aleksei Peterson,Aleksei Peterson,17
613099,Kadri Tammur,Kadri Tammur,77
613100,Aleksei Peterson,Aleksei Peterson,17
613100,Kadri Tammur,Kadri Tammur,77
613101,Aleksei Peterson,Aleksei Peterson,17
613101,Kadri Tammur,Kadri Tammur,77
613102,Aleksei Peterson,Aleksei Peterson,17
613102,Kadri Tammur,Kadri Tammur,77
613103,Aleksei Peterson,Aleksei Peterson,17
613103,Kadri Tammur,Kadri Tammur,77
613104,Aleksei Peterson,Aleksei Peterson,17
613104,Kadri Tammur,Kadri Tammur,77
613105,Aleksei Peterson,Aleksei Peterson,17
613105,Kadri Tammur,Kadri Tammur,77
613106,Aleksei Peterson,Aleksei Peterson,17
613106,Kadri Tammur,Kadri Tammur,77
613107,Aleksei Peterson,Aleksei Peterson,17
613107,Kadri Tammur,Kadri Tammur,77
613108,Aleksei Peterson,Aleksei Peterson,17
613108,Kadri Tammur,Kadri Tammur,77
613109,Aleksei Peterson,Aleksei Peterson,17
613109,Kadri Tammur,Kadri Tammur,77
613110,Aleksei Peterson,Aleksei Peterson,17
613110,Kadri Tammur,Kadri Tammur,77
613111,Aleksei Peterson,Aleksei Peterson,17
613111,Kadri Tammur,Kadri Tammur,77
613112,Aleksei Peterson,Aleksei Peterson,17
613112,Kadri Tammur,Kadri Tammur,77
613113,Aleksei Peterson,Aleksei Peterson,17
613113,Kadri Tammur,Kadri Tammur,77
613114,Aleksei Peterson,Aleksei Peterson,17
613114,Kadri Tammur,Kadri Tammur,77
613115,Aleksei Peterson,Aleksei Peterson,17
613115,Kadri Tammur,Kadri Tammur,77
613116,Aleksei Peterson,Aleksei Peterson,17
613116,Kadri Tammur,Kadri Tammur,77
613117,Aleksei Peterson,Aleksei Peterson,17
613117,Kadri Tammur,Kadri Tammur,77
613118,Aleksei Peterson,Aleksei Peterson,17
613118,Kadri Tammur,Kadri Tammur,77
613119,Aleksei Peterson,Aleksei Peterson,17
613119,Kadri Tammur,Kadri Tammur,77
613123,Ülo Maaring,Ülo Maaring,172
613124,Ülo Maaring,Ülo Maaring,172
613125,Ülo Maaring,Ülo Maaring,172
613126,Ülo Maaring,Ülo Maaring,172
613127,Ülo Maaring,Ülo Maaring,172
613128,Ülo Maaring,Ülo Maaring,172
613129,Ülo Maaring,Ülo Maaring,172
613130,Ülo Maaring,Ülo Maaring,172
613132,Jüri Linnus,Jüri Linnus,73
613132,Tanel Linnus,Tanel Linnus,149
613133,Jüri Linnus,Jüri Linnus,73
613133,Tanel Linnus,Tanel Linnus,149
613134,Jüri Linnus,Jüri Linnus,73
613134,Tanel Linnus,Tanel Linnus,149
613135,Jüri Linnus,Jüri Linnus,73
613135,Tanel Linnus,Tanel Linnus,149
613136,Jüri Linnus,Jüri Linnus,73
613136,Tanel Linnus,Tanel Linnus,149
613137,Jüri Linnus,Jüri Linnus,73
613137,Tanel Linnus,Tanel Linnus,149
613138,Jüri Linnus,Jüri Linnus,73
613138,Tanel Linnus,Tanel Linnus,149
613139,Jüri Linnus,Jüri Linnus,73
613139,Tanel Linnus,Tanel Linnus,149
613140,Jüri Linnus,Jüri Linnus,73
613140,Tanel Linnus,Tanel Linnus,149
613141,Jüri Linnus,Jüri Linnus,73
613141,Tanel Linnus,Tanel Linnus,149
613142,Jüri Linnus,Jüri Linnus,73
613142,Tanel Linnus,Tanel Linnus,149
613143,Jüri Linnus,Jüri Linnus,73
613143,Tanel Linnus,Tanel Linnus,149
613144,Jüri Linnus,Jüri Linnus,73
613144,Tanel Linnus,Tanel Linnus,149
613145,Jüri Linnus,Jüri Linnus,73
613145,Tanel Linnus,Tanel Linnus,149
613146,Jüri Linnus,Jüri Linnus,73
613146,Tanel Linnus,Tanel Linnus,149
613147,Jüri Linnus,Jüri Linnus,73
613147,Tanel Linnus,Tanel Linnus,149
613148,Jüri Linnus,Jüri Linnus,73
613148,Tanel Linnus,Tanel Linnus,149
613149,Jüri Linnus,Jüri Linnus,73
613149,Tanel Linnus,Tanel Linnus,149
613150,Jüri Linnus,Jüri Linnus,73
613150,Tanel Linnus,Tanel Linnus,149
613151,Jüri Linnus,Jüri Linnus,73
613151,Tanel Linnus,Tanel Linnus,149
613152,Jüri Linnus,Jüri Linnus,73
613152,Tanel Linnus,Tanel Linnus,149
613153,Jüri Linnus,Jüri Linnus,73
613153,Tanel Linnus,Tanel Linnus,149
613154,Jüri Linnus,Jüri Linnus,73
613154,Tanel Linnus,Tanel Linnus,149
613155,Jüri Linnus,Jüri Linnus,73
613155,Tanel Linnus,Tanel Linnus,149
613156,Jüri Linnus,Jüri Linnus,73
613156,Tanel Linnus,Tanel Linnus,149
613157,Jüri Linnus,Jüri Linnus,73
613157,Tanel Linnus,Tanel Linnus,149
613158,Jüri Linnus,Jüri Linnus,73
613158,Tanel Linnus,Tanel Linnus,149
613159,Jüri Linnus,Jüri Linnus,73
613159,Tanel Linnus,Tanel Linnus,149
613160,Jüri Linnus,Jüri Linnus,73
613160,Tanel Linnus,Tanel Linnus,149
613161,Jüri Linnus,Jüri Linnus,73
613161,Tanel Linnus,Tanel Linnus,149
613162,Jüri Linnus,Jüri Linnus,73
613162,Tanel Linnus,Tanel Linnus,149
613163,Jüri Linnus,Jüri Linnus,73
613163,Tanel Linnus,Tanel Linnus,149
613164,Jüri Linnus,Jüri Linnus,73
613164,Tanel Linnus,Tanel Linnus,149
613165,Jüri Linnus,Jüri Linnus,73
613165,Tanel Linnus,Tanel Linnus,149
613166,Jüri Linnus,Jüri Linnus,73
613166,Tanel Linnus,Tanel Linnus,149
613167,Jüri Linnus,Jüri Linnus,73
613167,Tanel Linnus,Tanel Linnus,149
613168,Jüri Linnus,Jüri Linnus,73
613168,Tanel Linnus,Tanel Linnus,149
613169,Jüri Linnus,Jüri Linnus,73
613169,Tanel Linnus,Tanel Linnus,149
613170,Jüri Linnus,Jüri Linnus,73
613170,Tanel Linnus,Tanel Linnus,149
613203,Aleksei Peterson,Aleksei Peterson,17
613204,Aleksei Peterson,Aleksei Peterson,17
613205,Aleksei Peterson,Aleksei Peterson,17
613206,Aleksei Peterson,Aleksei Peterson,17
613207,Aleksei Peterson,Aleksei Peterson,17
613208,Aleksei Peterson,Aleksei Peterson,17
613209,Aleksei Peterson,Aleksei Peterson,17
613210,Aleksei Peterson,Aleksei Peterson,17
613211,Aleksei Peterson,Aleksei Peterson,17
613212,Aleksei Peterson,Aleksei Peterson,17
613213,Aleksei Peterson,Aleksei Peterson,17
613214,Aleksei Peterson,Aleksei Peterson,17
613215,Aleksei Peterson,Aleksei Peterson,17
613216,Aleksei Peterson,Aleksei Peterson,17
613217,Aleksei Peterson,Aleksei Peterson,17
613218,Aleksei Peterson,Aleksei Peterson,17
613219,Aleksei Peterson,Aleksei Peterson,17
613220,Aleksei Peterson,Aleksei Peterson,17
613221,Aleksei Peterson,Aleksei Peterson,17
613222,Aleksei Peterson,Aleksei Peterson,17
613223,Aleksei Peterson,Aleksei Peterson,17
613224,Aleksei Peterson,Aleksei Peterson,17
613225,Aleksei Peterson,Aleksei Peterson,17
613226,Aleksei Peterson,Aleksei Peterson,17
613227,Aleksei Peterson,Aleksei Peterson,17
613228,Aleksei Peterson,Aleksei Peterson,17
613229,Aleksei Peterson,Aleksei Peterson,17
613230,Aleksei Peterson,Aleksei Peterson,17
613231,Aleksei Peterson,Aleksei Peterson,17
613232,Aleksei Peterson,Aleksei Peterson,17
613233,Aleksei Peterson,Aleksei Peterson,17
613234,Aleksei Peterson,Aleksei Peterson,17
613235,Aleksei Peterson,Aleksei Peterson,17
613236,Aleksei Peterson,Aleksei Peterson,17
613237,Aleksei Peterson,Aleksei Peterson,17
613238,Aleksei Peterson,Aleksei Peterson,17
613239,Aleksei Peterson,Aleksei Peterson,17
613240,Aleksei Peterson,Aleksei Peterson,17
613241,Aleksei Peterson,Aleksei Peterson,17
613242,Aleksei Peterson,Aleksei Peterson,17
613243,Aleksei Peterson,Aleksei Peterson,17
613244,Aleksei Peterson,Aleksei Peterson,17
613246,Aleksei Peterson,Aleksei Peterson,17
613247,Aleksei Peterson,Aleksei Peterson,17
613248,Aleksei Peterson,Aleksei Peterson,17
613249,Aleksei Peterson,Aleksei Peterson,17
613251,Heiki Pärdi,Heiki Pärdi,56
613251,Katrin Liias,Katrin Liias,88
613251,Reet Piiri,Reet Piiri,140
613252,Maaja Värva,Maaja Värva,106
613253,Maaja Värva,Maaja Värva,106
613254,Maaja Värva,Maaja Värva,106
613255,Maaja Värva,Maaja Värva,106
613256,Maaja Värva,Maaja Värva,106
613257,Maaja Värva,Maaja Värva,106
613258,Maaja Värva,Maaja Värva,106
613259,Maaja Värva,Maaja Värva,106
613260,Maaja Värva,Maaja Värva,106
613261,Maaja Värva,Maaja Värva,106
613262,Maaja Värva,Maaja Värva,106
613263,Maaja Värva,Maaja Värva,106
613264,Maaja Värva,Maaja Värva,106
613265,Maaja Värva,Maaja Värva,106
613266,Maaja Värva,Maaja Värva,106
613267,Maaja Värva,Maaja Värva,106
613268,Maaja Värva,Maaja Värva,106
613269,Maaja Värva,Maaja Värva,106
613270,Maaja Värva,Maaja Värva,106
613271,Maaja Värva,Maaja Värva,106
613272,Maaja Värv,Maaja Värva,105
613273,Maaja Värva,Maaja Värva,106
613274,Maaja Värva,Maaja Värva,106
613275,Maaja Värva,Maaja Värva,106
613276,Maaja Värva,Maaja Värva,106
613277,Maaja Värva,Maaja Värva,106
613278,Maaja Värv,Maaja Värva,105
613279,Maaja Värv,Maaja Värva,105
613280,Maaja Värv,Maaja Värva,105
613281,Aleksei Peterson,Aleksei Peterson,17
613281,Lembit Lepp,Lembit Lepp,97
613282,Aleksei Peterson,Aleksei Peterson,17
613282,Lembit Lepp,Lembit Lepp,97
613283,Aleksei Peterson,Aleksei Peterson,17
613283,Lembit Lepp,Lembit Lepp,97
613284,Aleksei Peterson,Aleksei Peterson,17
613284,Lembit Lepp,Lembit Lepp,97
613285,Aleksei Peterson,Aleksei Peterson,17
613285,Lembit Lepp,Lembit Lepp,97
613286,Aleksei Peterson,Aleksei Peterson,17
613286,Lembit Lepa,Lembit Lepp,96
613287,Aleksei Peterson,Aleksei Peterson,17
613287,Lembit Lepa,Lembit Lepp,96
613288,Aleksei Peterson,Aleksei Peterson,17
613288,Lembit Lepa,Lembit Lepp,96
613289,Aleksei Peterson,Aleksei Peterson,17
613289,Lembit Lepa,Lembit Lepp,96
613290,Aleksei Peterson,Aleksei Peterson,17
613290,Lembit Lepa,Lembit Lepp,96
613291,Aleksei Peterson,Aleksei Peterson,17
613291,Lembit Lepp,Lembit Lepp,97
613292,Aleksei Peterson,Aleksei Peterson,17
613292,Lembit Lepa,Lembit Lepp,96
613293,Aleksei Peterson,Aleksei Peterson,17
613293,Lembit Lepp,Lembit Lepp,97
613294,Aleksei Peterson,Aleksei Peterson,17
613294,Lembit Lepp,Lembit Lepp,97
613295,Aleksei Peterson,Aleksei Peterson,17
613295,Lembit Lepa,Lembit Lepp,96
613296,Aleksei Peterson,Aleksei Peterson,17
613296,Lembit Lepa,Lembit Lepp,96
613297,Aleksei Peterson,Aleksei Peterson,17
613297,Lembit Lepp,Lembit Lepp,97
613298,Aleksei Peterson,Aleksei Peterson,17
613298,Lembit Lepa,Lembit Lepp,96
613299,Aleksei Peterson,Aleksei Peterson,17
613299,Lembit Lepp,Lembit Lepp,97
613300,Aleksei Peterson,Aleksei Peterson,17
613300,Lembit Lepa,Lembit Lepp,96
613301,Aleksei Peterson,Aleksei Peterson,17
613301,Lembit Lepp,Lembit Lepp,97
613302,Aleksei Peterson,Aleksei Peterson,17
613302,Lembit Lepp,Lembit Lepp,97
613303,Edgar Saar,Edgar Saar,33
613304,Edgar Saar,Edgar Saar,33
613305,Edgar Saar,Edgar Saar,33
613306,Edgar Saare,Edgar Saar,34
613307,Edgar Saare,Edgar Saar,34
613308,Edgar Saare,Edgar Saar,34
613309,Edgar Saare,Edgar Saar,34
613310,Edgar Saar,Edgar Saar,33
613311,Edgar Saare,Edgar Saar,34
613312,Edgar Saare,Edgar Saar,34
613313,Edgar Saare,Edgar Saar,34
613314,Edgar Saar,Edgar Saar,33
613315,Edgar Saare,Edgar Saar,34
613316,Edgar Saare,Edgar Saar,34
613317,Edgar Saare,Edgar Saar,34
613318,Edgar Saar,Edgar Saar,33
613319,Edgar Saar,Edgar Saar,33
613320,Edgar Saare,Edgar Saar,34
613321,Edgar Saar,Edgar Saar,33
613322,Edgar Saare,Edgar Saar,34
613323,Edgar Saar,Edgar Saar,33
613324,Edgar Saare,Edgar Saar,34
613325,Edgar Saare,Edgar Saar,34
613326,Edgar Saare,Edgar Saar,34
613327,Edgar Saare,Edgar Saar,34
613328,Edgar Saar,Edgar Saar,33
613329,Edgar Saare,Edgar Saar,34
613330,Edgar Saar,Edgar Saar,33
613331,Edgar Saare,Edgar Saar,34
613332,Edgar Saar,Edgar Saar,33
613333,Edgar Saare,Edgar Saar,34
613334,Edgar Saar,Edgar Saar,33
613335,Edgar Saar,Edgar Saar,33
613336,Edgar Saar,Edgar Saar,33
613337,Edgar Saare,Edgar Saar,34
613338,Edgar Saare,Edgar Saar,34
613339,Edgar Saare,Edgar Saar,34
613340,Edgar Saar,Edgar Saar,33
613341,Edgar Saare,Edgar Saar,34
613342,Edgar Saar,Edgar Saar,33
613343,Edgar Saar,Edgar Saar,33
613344,Edgar Saare,Edgar Saar,34
613345,Edgar Saare,Edgar Saar,34
613346,Edgar Saar,Edgar Saar,33
613347,Edgar Saare,Edgar Saar,34
613348,Edgar Saare,Edgar Saar,34
613349,Edgar Saare,Edgar Saar,34
613350,Edgar Saare,Edgar Saar,34
613351,Edgar Saare,Edgar Saar,34
613352,Edgar Saare,Edgar Saar,34
613353,Aleksei Peterson,Aleksei Peterson,17
613354,Aleksei Peterson,Aleksei Peterson,17
613355,Aleksei Peterson,Aleksei Peterson,17
613356,Aleksei Peterson,Aleksei Peterson,17
613357,Aleksei Peterson,Aleksei Peterson,17
613358,Aleksei Peterson,Aleksei Peterson,17
613359,Aleksei Peterson,Aleksei Peterson,17
613360,Aleksei Peterson,Aleksei Peterson,17
613361,Aleksei Peterson,Aleksei Peterson,17
613362,Aleksei Peterson,Aleksei Peterson,17
613363,Aleksei Peterson,Aleksei Peterson,17
613364,Aleksei Peterson,Aleksei Peterson,17
613365,Aleksei Peterson,Aleksei Peterson,17
613366,Aleksei Peterson,Aleksei Peterson,17
613367,Aleksei Peterson,Aleksei Peterson,17
613368,Aleksei Peterson,Aleksei Peterson,17
613369,Aleksei Peterson,Aleksei Peterson,17
613370,Aleksei Peterson,Aleksei Peterson,17
613371,Aleksei Peterson,Aleksei Peterson,17
613372,Aleksei Peterson,Aleksei Peterson,17
613373,Aleksei Peterson,Aleksei Peterson,17
613374,Aleksei Peterson,Aleksei Peterson,17
613375,Aleksei Peterson,Aleksei Peterson,17
613376,Aleksei Peterson,Aleksei Peterson,17
613377,Aleksei Peterson,Aleksei Peterson,17
613378,Aleksei Peterson,Aleksei Peterson,17
613379,Aleksei Peterson,Aleksei Peterson,17
613380,Aleksei Peterson,Aleksei Peterson,17
613381,Aleksei Peterson,Aleksei Peterson,17
613382,Aleksei Peterson,Aleksei Peterson,17
613383,Aleksei Peterson,Aleksei Peterson,17
613385,Aleksei Peterson,Aleksei Peterson,17
613386,Aleksei Peterson,Aleksei Peterson,17
613387,Aleksei Peterson,Aleksei Peterson,17
613388,Aleksei Peterson,Aleksei Peterson,17
613389,Aleksei Peterson,Aleksei Peterson,17
613390,Aleksei Peterson,Aleksei Peterson,17
613391,Aleksei Peterson,Aleksei Peterson,17
613392,Aleksei Peterson,Aleksei Peterson,17
613393,Aleksei Peterson,Aleksei Peterson,17
613395,Aleksei Peterson,Aleksei Peterson,17
613396,Aleksei Peterson,Aleksei Peterson,17
613397,Aleksei Peterson,Aleksei Peterson,17
613399,Aleksei Peterson,Aleksei Peterson,17
613400,Aleksei Peterson,Aleksei Peterson,17
613401,Aleksei Peterson,Aleksei Peterson,17
613497,Heno Sarve,Heno Sarv,59
613498,Heno Sarve,Heno Sarv,59
613499,Heno Sarv,Heno Sarv,58
613500,Heno Sarv,Heno Sarv,58
613501,Heno Sarve,Heno Sarv,59
613502,Heno Sarv,Heno Sarv,58
613503,Heno Sarv,Heno Sarv,58
613504,Heno Sarv,Heno Sarv,58
613505,Heno Sarv,Heno Sarv,58
613506,Heno Sarv,Heno Sarv,58
613507,Heno Sarv,Heno Sarv,58
613508,Heno Sarv,Heno Sarv,58
613509,Heno Sarv,Heno Sarv,58
613510,Heno Sarv,Heno Sarv,58
613511,Heno Sarv,Heno Sarv,58
613513,Heno Sarv,Heno Sarv,58
613514,Heno Sarv,Heno Sarv,58
613515,Heno Sarv,Heno Sarv,58
613516,Heno Sarv,Heno Sarv,58
613517,Heno Sarv,Heno Sarv,58
613518,Heno Sarv,Heno Sarv,58
613519,Heno Sarv,Heno Sarv,58
613520,Heno Sarv,Heno Sarv,58
613521,Heno Sarv,Heno Sarv,58
613522,Heno Sarv,Heno Sarv,58
613523,Heno Sarv,Heno Sarv,58
613524,Heno Sarv,Heno Sarv,58
613525,Heno Sarv,Heno Sarv,58
613526,Heno Sarv,Heno Sarv,58
613527,Heno Sarv,Heno Sarv,58
613528,Heno Sarv,Heno Sarv,58
613529,Heno Sarv,Heno Sarv,58
613530,Heno Sarv,Heno Sarv,58
613531,Heno Sarv,Heno Sarv,58
613532,Heno Sarv,Heno Sarv,58
613533,Heno Sarv,Heno Sarv,58
613534,Heno Sarv,Heno Sarv,58
613535,Heno Sarv,Heno Sarv,58
613536,Heno Sarv,Heno Sarv,58
613537,Heno Sarv,Heno Sarv,58
613538,Heno Sarv,Heno Sarv,58
613539,Heno Sarv,Heno Sarv,58
613540,Heno Sarve,Heno Sarv,59
613541,Heno Sarv,Heno Sarv,58
613542,Heno Sarv,Heno Sarv,58
613543,Heno Sarv,Heno Sarv,58
613544,Heno Sarv,Heno Sarv,58
613545,Heno Sarv,Heno Sarv,58
613547,Heno Sarve,Heno Sarv,59
613548,Heno Sarve,Heno Sarv,59
613550,Mare Piho,Mare Piho,109
613551,Mare Piho,Mare Piho,109
613553,Mare Piho,Mare Piho,109
613554,Mare Piho,Mare Piho,109
613554,Marika Mikkor,Marika Mikkor,113
613555,Mare Piho,Mare Piho,109
613555,Marika Mikkor,Marika Mikkor,113
613557,Mare Piho,Mare Piho,109
613557,Marika Mikkor,Marika Mikkor,113
613558,Mare Piho,Mare Piho,109
613558,Marika Mikkor,Marika Mikkor,113
613559,Mare Piho,Mare Piho,109
613559,Marika Mikkor,Marika Mikkor,113
613561,Mare Piho,Mare Piho,109
613561,Marika Mikkor,Marika Mikkor,113
613562,Mare Piho,Mare Piho,109
613562,Marika Mikkor,Marika Mikkor,113
613563,Mare Piho,Mare Piho,109
613563,Marika Mikkor,Marika Mikkor,113
613564,Mare Piho,Mare Piho,109
613564,Marika Mikkor,Marika Mikkor,113
613565,Mare Piho,Mare Piho,109
613565,Marika Mikkor,Marika Mikkor,113
613567,Mare Piho,Mare Piho,109
613567,Marika Mikkor,Marika Mikkor,113
613568,Mare Piho,Mare Piho,109
613568,Marika Mikkor,Marika Mikkor,113
613569,Mare Piho,Mare Piho,109
613569,Marika Mikkor,Marika Mikkor,113
613570,Mare Piho,Mare Piho,109
613570,Marika Mikkor,Marika Mikkor,113
613571,Mare Piho,Mare Piho,109
613571,Marika Mikkor,Marika Mikkor,113
613572,Mare Piho,Mare Piho,109
613572,Marika Mikkor,Marika Mikkor,113
613573,Mare Piho,Mare Piho,109
613573,Marika Mikkor,Marika Mikkor,113
613574,Mare Piho,Mare Piho,109
613574,Marika Mikkor,Marika Mikkor,113
613575,Mare Piho,Mare Piho,109
613575,Marika Mikkor,Marika Mikkor,113
613576,Mare Piho,Mare Piho,109
613576,Marika Mikkor,Marika Mikkor,113
613577,Mare Piho,Mare Piho,109
613577,Marika Mikkor,Marika Mikkor,113
613578,Mare Piho,Mare Piho,109
613578,Marika Mikkor,Marika Mikkor,113
613579,Mare Piho,Mare Piho,109
613579,Marika Mikkor,Marika Mikkor,113
613580,Mare Piho,Mare Piho,109
613580,Marika Mikkor,Marika Mikkor,113
613581,Mare Piho,Mare Piho,109
613581,Marika Mikkor,Marika Mikkor,113
613582,Mare Piho,Mare Piho,109
613582,Marika Mikkor,Marika Mikkor,113
613583,Mare Piho,Mare Piho,109
613583,Marika Mikkor,Marika Mikkor,113
613584,Mare Piho,Mare Piho,109
613584,Marika Mikkor,Marika Mikkor,113
613585,Mare Piho,Mare Piho,109
613585,Marika Mikkor,Marika Mikkor,113
613586,Mare Piho,Mare Piho,109
613586,Marika Mikkor,Marika Mikkor,113
613587,Mare Piho,Mare Piho,109
613587,Marika Mikkor,Marika Mikkor,113
613588,Mare Piho,Mare Piho,109
613588,Marika Mikkor,Marika Mikkor,113
613591,Marika Mikkor,Marika Mikkor,113
613592,Marika Mikkor,Marika Mikkor,113
613593,Marika Mikkor,Marika Mikkor,113
613595,Marika Mikkor,Marika Mikkor,113
613596,Marika Mikkor,Marika Mikkor,113
613597,Marika Mikkor,Marika Mikkor,113
613598,Marika Mikkor,Marika Mikkor,113
613599,Marika Mikkor,Marika Mikkor,113
613612,Mare Piho,Mare Piho,109
613612,Maarika Mikkor,Marika Mikkor,107
613612,Terje Anepaio,Terje Anepaio,151
613613,Mare Piho,Mare Piho,109
613613,Maarika Mikkor,Marika Mikkor,107
613613,Terje Anepaio,Terje Anepaio,151
613614,Mare Piho,Mare Piho,109
613614,Maarika Mikkor,Marika Mikkor,107
613614,Terje Anepaio,Terje Anepaio,151
613616,Mare Piho,Mare Piho,109
613616,Maarika Mikkor,Marika Mikkor,107
613616,Terje Anepaio,Terje Anepaio,151
613617,Mare Piho,Mare Piho,109
613617,Maarika Mikkor,Marika Mikkor,107
613617,Terje Anepaio,Terje Anepaio,151
613618,Mare Piho,Mare Piho,109
613618,Maarika Mikkor,Marika Mikkor,107
613618,Terje Anepaio,Terje Anepaio,151
613619,Mare Piho,Mare Piho,109
613619,Maarika Mikkor,Marika Mikkor,107
613619,Terje Anepaio,Terje Anepaio,151
613620,Mare Piho,Mare Piho,109
613620,Maarika Mikkor,Marika Mikkor,107
613620,Terje Anepaio,Terje Anepaio,151
613621,Mare Piho,Mare Piho,109
613621,Maarika Mikkor,Marika Mikkor,107
613621,Terje Anepaio,Terje Anepaio,151
613622,Mare Piho,Mare Piho,109
613622,Maarika Mikkor,Marika Mikkor,107
613622,Terje Anepaio,Terje Anepaio,151
613624,Mare Piho,Mare Piho,109
613624,Maarika Mikkor,Marika Mikkor,107
613624,Terje Anepaio,Terje Anepaio,151
613625,Mare Piho,Mare Piho,109
613625,Maarika Mikkor,Marika Mikkor,107
613625,Terje Anepaio,Terje Anepaio,151
613627,Mare Piho,Mare Piho,109
613627,Maarika Mikkor,Marika Mikkor,107
613627,Terje Anepaio,Terje Anepaio,151
613628,Ülo Maaring,Ülo Maaring,172
613629,Ülo Maaring,Ülo Maaring,172
613630,Ülo Maaring,Ülo Maaring,172
613631,Ülo Maaring,Ülo Maaring,172
613632,Ülo Maaring,Ülo Maaring,172
613633,Ülo Maaring,Ülo Maaring,172
613634,Ülo Maaring,Ülo Maaring,172
613635,Ülo Maaring,Ülo Maaring,172
613636,Ülo Maaring,Ülo Maaring,172
613637,Ülo Maaring,Ülo Maaring,172
613638,Ülo Maaring,Ülo Maaring,172
613646,Aleksei Peterson,Aleksei Peterson,17
613647,Aleksei Peterson,Aleksei Peterson,17
613648,Aleksei Peterson,Aleksei Peterson,17
613649,Aleksei Peterson,Aleksei Peterson,17
613650,Aleksei Peterson,Aleksei Peterson,17
613651,Aleksei Peterson,Aleksei Peterson,17
613652,Aleksei Peterson,Aleksei Peterson,17
613653,Aleksei Peterson,Aleksei Peterson,17
613654,Aleksei Peterson,Aleksei Peterson,17
613655,Edgar Saare,Edgar Saar,34
613655,Pavel Tshubarov,Pavel Tšhubarov,130
613656,Edgar Saare,Edgar Saar,34
613656,Pavel Tshubarov,Pavel Tšhubarov,130
613657,Edgar Saar,Edgar Saar,33
613657,Pavel Tshubarov,Pavel Tšhubarov,130
613658,Edgar Saare,Edgar Saar,34
613658,Pavel Tshubarov,Pavel Tšhubarov,130
613659,Edgar Saar,Edgar Saar,33
613659,Pavel Tshubarov,Pavel Tšhubarov,130
613660,Edgar Saar,Edgar Saar,33
613660,Pavel Tshubarov,Pavel Tšhubarov,130
613661,Edgar Saar,Edgar Saar,33
613661,Pavel Tshubarov,Pavel Tšhubarov,130
613662,Edgar Saar,Edgar Saar,33
613662,Pavel Tshubarov,Pavel Tšhubarov,130
613663,Edgar Saar,Edgar Saar,33
613663,Pavel Tshubarov,Pavel Tšhubarov,130
613664,Edgar Saar,Edgar Saar,33
613664,Pavel Tshubarov,Pavel Tšhubarov,130
613665,Edgar Saar,Edgar Saar,33
613665,Pavel Tshubarov,Pavel Tšhubarov,130
613666,Edgar Saar,Edgar Saar,33
613666,Pavel Tshubarov,Pavel Tšhubarov,130
613667,Edgar Saar,Edgar Saar,33
613667,Pavel Tshubarov,Pavel Tšhubarov,130
613668,Edgar Saar,Edgar Saar,33
613668,Pavel Tshubarov,Pavel Tšhubarov,130
613669,Edgar Saar,Edgar Saar,33
613669,Pavel Tshubarov,Pavel Tšhubarov,130
613670,Edgar Saar,Edgar Saar,33
613670,Pavel Tshubarov,Pavel Tšhubarov,130
613671,Edgar Saar,Edgar Saar,33
613671,Pavel Tshubarov,Pavel Tšhubarov,130
613672,Edgar Saar,Edgar Saar,33
613672,Pavel Tshubarov,Pavel Tšhubarov,130
613673,Edgar Saar,Edgar Saar,33
613673,Pavel Tshubarov,Pavel Tšhubarov,130
613674,Edgar Saar,Edgar Saar,33
613674,Pavel Tshubarov,Pavel Tšhubarov,130
613675,Edgar Saar,Edgar Saar,33
613675,Pavel Tshubarov,Pavel Tšhubarov,130
613676,Edgar Saar,Edgar Saar,33
613676,Pavel Tshubarov,Pavel Tšhubarov,130
613683,Aleksei Peterson,Aleksei Peterson,17
613683,Kadi Tammur,Kadri Tammur,76
613684,Aleksei Peterson,Aleksei Peterson,17
613684,Kadi Tammur,Kadri Tammur,76
613685,Aleksei Peterson,Aleksei Peterson,17
613686,Aleksei Peterson,Aleksei Peterson,17
613686,Kadi Tammur,Kadri Tammur,76
613687,Aleksei Peterson,Aleksei Peterson,17
613687,Kadi Tammur,Kadri Tammur,76
613688,Aleksei Peterson,Aleksei Peterson,17
613688,Kadi Tammur,Kadri Tammur,76
613689,Aleksei Peterson,Aleksei Peterson,17
613689,Kadi Tammur,Kadri Tammur,76
613690,Aleksei Peterson,Aleksei Peterson,17
613690,Kadi Tammur,Kadri Tammur,76
613691,Aleksei Peterson,Aleksei Peterson,17
613691,Kadi Tammur,Kadri Tammur,76
613692,Aleksei Peterson,Aleksei Peterson,17
613692,Kadi Tammur,Kadri Tammur,76
613693,Aleksei Peterson,Aleksei Peterson,17
613693,Kadi Tammur,Kadri Tammur,76
613694,Aleksei Peterson,Aleksei Peterson,17
613694,Kadi Tammur,Kadri Tammur,76
613695,Aleksei Peterson,Aleksei Peterson,17
613695,Kadi Tammur,Kadri Tammur,76
613696,Aleksei Peterson,Aleksei Peterson,17
613696,Kadi Tammur,Kadri Tammur,76
613697,Aleksei Peterson,Aleksei Peterson,17
613697,Kadi Tammur,Kadri Tammur,76
613698,Aleksei Peterson,Aleksei Peterson,17
613698,Kadi Tammur,Kadri Tammur,76
613699,Aleksei Peterson,Aleksei Peterson,17
613699,Kadi Tammur,Kadri Tammur,76
613700,Aleksei Peterson,Aleksei Peterson,17
613700,Kadi Tammur,Kadri Tammur,76
613701,Aleksei Peterson,Aleksei Peterson,17
613701,Kadi Tammur,Kadri Tammur,76
613702,Aleksei Peterson,Aleksei Peterson,17
613702,Kadi Tammur,Kadri Tammur,76
613703,Aleksei Peterson,Aleksei Peterson,17
613703,Kadi Tammur,Kadri Tammur,76
613704,Aleksei Peterson,Aleksei Peterson,17
613704,Kadi Tammur,Kadri Tammur,76
613705,Aleksei Peterson,Aleksei Peterson,17
613705,Kadi Tammur,Kadri Tammur,76
613706,Aleksei Peterson,Aleksei Peterson,17
613706,Kadi Tammur,Kadri Tammur,76
613707,Aleksei Peterson,Aleksei Peterson,17
613707,Kadi Tammur,Kadri Tammur,76
613708,Aleksei Peterson,Aleksei Peterson,17
613708,Kadi Tammur,Kadri Tammur,76
613709,Aleksei Peterson,Aleksei Peterson,17
613709,Kadi Tammur,Kadri Tammur,76
613710,Aleksei Peterson,Aleksei Peterson,17
613710,Kadi Tammur,Kadri Tammur,76
613711,Aleksei Peterson,Aleksei Peterson,17
613711,Kadi Tammur,Kadri Tammur,76
613712,Aleksei Peterson,Aleksei Peterson,17
613712,Kadi Tammur,Kadri Tammur,76
613713,Aleksei Peterson,Aleksei Peterson,17
613713,Kadi Tammur,Kadri Tammur,76
613714,Aleksei Peterson,Aleksei Peterson,17
613714,Kadi Tammur,Kadri Tammur,76
613715,Aleksei Peterson,Aleksei Peterson,17
613715,Kadi Tammur,Kadri Tammur,76
613716,Aleksei Peterson,Aleksei Peterson,17
613716,Kadi Tammur,Kadri Tammur,76
613717,Aleksei Peterson,Aleksei Peterson,17
613717,Kadi Tammur,Kadri Tammur,76
613718,Aleksei Peterson,Aleksei Peterson,17
613718,Kadi Tammur,Kadri Tammur,76
613719,Aleksei Peterson,Aleksei Peterson,17
613719,Kadi Tammur,Kadri Tammur,76
613720,Aleksei Peterson,Aleksei Peterson,17
613720,Kadi Tammur,Kadri Tammur,76
613721,Aleksei Peterson,Aleksei Peterson,17
613721,Kadi Tammur,Kadri Tammur,76
613722,Aleksei Peterson,Aleksei Peterson,17
613722,Kadi Tammur,Kadri Tammur,76
613723,Aleksei Peterson,Aleksei Peterson,17
613723,Kadi Tammur,Kadri Tammur,76
613724,Aleksei Peterson,Aleksei Peterson,17
613724,Kadi Tammur,Kadri Tammur,76
613725,Aleksei Peterson,Aleksei Peterson,17
613725,Kadi Tammur,Kadri Tammur,76
613726,Aleksei Peterson,Aleksei Peterson,17
613726,Kadi Tammur,Kadri Tammur,76
613727,Aleksei Peterson,Aleksei Peterson,17
613727,Kadi Tammur,Kadri Tammur,76
613728,Jüri Linnus,Jüri Linnus,73
613728,Tanel Linnus,Tanel Linnus,149
613729,Jüri Linnus,Jüri Linnus,73
613729,Tanel Linnus,Tanel Linnus,149
613730,Jüri Linnus,Jüri Linnus,73
613730,Tanel Linnus,Tanel Linnus,149
613731,Jüri Linnus,Jüri Linnus,73
613731,Tanel Linnus,Tanel Linnus,149
613732,Jüri Linnus,Jüri Linnus,73
613732,Tanel Linnus,Tanel Linnus,149
613733,Jüri Linnus,Jüri Linnus,73
613733,Tanel Linnus,Tanel Linnus,149
613734,Jüri Linnus,Jüri Linnus,73
613734,Tanel Linnus,Tanel Linnus,149
613735,Jüri Linnus,Jüri Linnus,73
613735,Tanel Linnus,Tanel Linnus,149
613736,Jüri Linnus,Jüri Linnus,73
613736,Tanel Linnus,Tanel Linnus,149
613737,Jüri Linnus,Jüri Linnus,73
613737,Tanel Linnus,Tanel Linnus,149
613738,Jüri Linnus,Jüri Linnus,73
613738,Tanel Linnus,Tanel Linnus,149
613739,Jüri Linnus,Jüri Linnus,73
613739,Tanel Linnus,Tanel Linnus,149
613740,Jüri Linnus,Jüri Linnus,73
613740,Tanel Linnus,Tanel Linnus,149
613741,Jüri Linnus,Jüri Linnus,73
613741,Tanel Linnus,Tanel Linnus,149
613742,Jüri Linnus,Jüri Linnus,73
613742,Tanel Linnus,Tanel Linnus,149
613743,Jüri Linnus,Jüri Linnus,73
613743,Tanel Linnus,Tanel Linnus,149
613744,Jüri Linnus,Jüri Linnus,73
613744,Tanel Linnus,Tanel Linnus,149
613746,Jüri Linnus,Jüri Linnus,73
613746,Tanel Linnus,Tanel Linnus,149
613747,Jüri Linnus,Jüri Linnus,73
613747,Tanel Linnus,Tanel Linnus,149
613748,Jüri Linnus,Jüri Linnus,73
613748,Tanel Linnus,Tanel Linnus,149
613749,Jüri Linnus,Jüri Linnus,73
613749,Tanel Linnus,Tanel Linnus,149
613753,Jüri Linnus,Jüri Linnus,73
613753,Tanel Linnus,Tanel Linnus,149
613754,Jüri Linnus,Jüri Linnus,73
613754,Tanel Linnus,Tanel Linnus,149
613755,Jüri Linnus,Jüri Linnus,73
613755,Tanel Linnus,Tanel Linnus,149
613756,Jüri Linnus,Jüri Linnus,73
613756,Tanel Linnus,Tanel Linnus,149
613758,Edgar Saar,Edgar Saar,33
613759,Edgar Saar,Edgar Saar,33
613760,Edgar Saar,Edgar Saar,33
613761,Edgar Saar,Edgar Saar,33
613763,Edgar Saar,Edgar Saar,33
613764,Edgar Saar,Edgar Saar,33
613765,Edgar Saar,Edgar Saar,33
613766,Edgar Saar,Edgar Saar,33
613767,Edgar Saar,Edgar Saar,33
613768,Edgar Saar,Edgar Saar,33
613769,Edgar Saar,Edgar Saar,33
613770,Edgar Saar,Edgar Saar,33
613771,Edgar Saar,Edgar Saar,33
613772,Edgar Saar,Edgar Saar,33
613773,Edgar Saar,Edgar Saar,33
613774,Edgar Saar,Edgar Saar,33
613775,Edgar Saar,Edgar Saar,33
613776,Edgar Saar,Edgar Saar,33
613777,Edgar Saar,Edgar Saar,33
613808,Heiki Pärdi,Heiki Pärdi,56
613808,Katrin Liias,Katrin Liias,88
613808,Reet Piiri,Reet Piiri,140
613809,Heiki Pärdi,Heiki Pärdi,56
613809,Katrin Liias,Katrin Liias,88
613809,Reet Piiri,Reet Piiri,140
613810,Heiki Pärdi,Heiki Pärdi,56
613810,Katrin Liias,Katrin Liias,88
613810,Reet Piiri,Reet Piiri,140
613811,Heiki Pärdi,Heiki Pärdi,56
613811,Katrin Liias,Katrin Liias,88
613811,Reet Piiri,Reet Piiri,140
613812,Heiki Pärdi,Heiki Pärdi,56
613812,Katrin Liias,Katrin Liias,88
613812,Reet Piiri,Reet Piiri,140
613813,Heiki Pärdi,Heiki Pärdi,56
613813,Katrin Liias,Katrin Liias,88
613813,Reet Piiri,Reet Piiri,140
613814,Heiki Pärdi,Heiki Pärdi,56
613814,Katrin Liias,Katrin Liias,88
613814,Reet Piiri,Reet Piiri,140
613815,Heiki Pärdi,Heiki Pärdi,56
613815,Katrin Liias,Katrin Liias,88
613815,Reet Piiri,Reet Piiri,140
613816,Heiki Pärdi,Heiki Pärdi,56
613816,Katrin Liias,Katrin Liias,88
613816,Reet Piiri,Reet Piiri,140
613817,Heiki Pärdi,Heiki Pärdi,56
613817,Katrin Liias,Katrin Liias,88
613817,Reet Piiri,Reet Piiri,140
613818,Heiki Pärdi,Heiki Pärdi,56
613818,Katrin Liias,Katrin Liias,88
613818,Reet Piiri,Reet Piiri,140
613819,Heiki Pärdi,Heiki Pärdi,56
613819,Katrin Liias,Katrin Liias,88
613819,Reet Piiri,Reet Piiri,140
613821,Heiki Pärdi,Heiki Pärdi,56
613821,Katrin Liias,Katrin Liias,88
613821,Reet Piiri,Reet Piiri,140
613822,Heiki Pärdi,Heiki Pärdi,56
613822,Katrin Liias,Katrin Liias,88
613822,Reet Piiri,Reet Piiri,140
613823,Heiki Pärdi,Heiki Pärdi,56
613823,Katrin Liias,Katrin Liias,88
613823,Reet Piiri,Reet Piiri,140
613824,Heiki Pärdi,Heiki Pärdi,56
613824,Katrin Liias,Katrin Liias,88
613824,Reet Piiri,Reet Piiri,140
613825,Heiki Pärdi,Heiki Pärdi,56
613825,Katrin Liias,Katrin Liias,88
613825,Reet Piiri,Reet Piiri,140
613826,Heiki Pärdi,Heiki Pärdi,56
613826,Katrin Liias,Katrin Liias,88
613826,Reet Piiri,Reet Piiri,140
613827,Heiki Pärdi,Heiki Pärdi,56
613827,Katrin Liias,Katrin Liias,88
613827,Reet Piiri,Reet Piiri,140
613828,Heiki Pärdi,Heiki Pärdi,56
613828,Katrin Liias,Katrin Liias,88
613828,Reet Piiri,Reet Piiri,140
613829,Heiki Pärdi,Heiki Pärdi,56
613829,Katrin Liias,Katrin Liias,88
613829,Reet Piiri,Reet Piiri,140
613830,Heiki Pärdi,Heiki Pärdi,56
613830,Katrin Liias,Katrin Liias,88
613830,Reet Piiri,Reet Piiri,140
613831,Heiki Pärdi,Heiki Pärdi,56
613831,Katrin Liias,Katrin Liias,88
613831,Reet Piiri,Reet Piiri,140
613832,Heiki Pärdi,Heiki Pärdi,56
613832,Katrin Liias,Katrin Liias,88
613832,Reet Piiri,Reet Piiri,140
613833,Heiki Pärdi,Heiki Pärdi,56
613833,Katrin Liias,Katrin Liias,88
613833,Reet Piiri,Reet Piiri,140
613836,Heiki Pärdi,Heiki Pärdi,56
613836,Katrin Liias,Katrin Liias,88
613836,Reet Piiri,Reet Piiri,140
613837,Heiki Pärdi,Heiki Pärdi,56
613837,Katrin Liias,Katrin Liias,88
613837,Reet Piiri,Reet Piiri,140
613838,Heiki Pärdi,Heiki Pärdi,56
613838,Katrin Liias,Katrin Liias,88
613838,Reet Piiri,Reet Piiri,140
613839,Heiki Pärdi,Heiki Pärdi,56
613839,Katrin Liias,Katrin Liias,88
613839,Reet Piiri,Reet Piiri,140
613840,Heiki Pärdi,Heiki Pärdi,56
613840,Katrin Liias,Katrin Liias,88
613840,Reet Piiri,Reet Piiri,140
613841,Heiki Pärdi,Heiki Pärdi,56
613841,Katrin Liias,Katrin Liias,88
613841,Reet Piiri,Reet Piiri,140
613843,Edgar Saar,Edgar Saar,33
613845,Edgar Saar,Edgar Saar,33
613846,Edgar Saar,Edgar Saar,33
613847,Edgar Saar,Edgar Saar,33
613848,Edgar Saar,Edgar Saar,33
613849,Edgar Saar,Edgar Saar,33
613850,Edgar Saar,Edgar Saar,33
613852,Edgar Saar,Edgar Saar,33
613853,Aleksei Peterson,Aleksei Peterson,17
613853,Lembit Lepp,Lembit Lepp,97
613854,Aleksei Peterson,Aleksei Peterson,17
613854,Lembit Lepp,Lembit Lepp,97
613855,Aleksei Peterson,Aleksei Peterson,17
613855,Lembit Lepp,Lembit Lepp,97
613856,Aleksei Peterson,Aleksei Peterson,17
613856,Lembit Lepp,Lembit Lepp,97
613857,Aleksei Peterson,Aleksei Peterson,17
613857,Lembit Lepp,Lembit Lepp,97
613858,Aleksei Peterson,Aleksei Peterson,17
613858,Lembit Lepp,Lembit Lepp,97
613859,Aleksei Peterson,Aleksei Peterson,17
613859,Lembit Lepp,Lembit Lepp,97
613860,Aleksei Peterson,Aleksei Peterson,17
613860,Lembit Lepp,Lembit Lepp,97
613861,Aleksei Peterson,Aleksei Peterson,17
613861,Lembit Lepp,Lembit Lepp,97
613862,Aleksei Peterson,Aleksei Peterson,17
613862,Lembit Lepp,Lembit Lepp,97
613863,Aleksei Peterson,Aleksei Peterson,17
613863,Lembit Lepp,Lembit Lepp,97
613864,Aleksei Peterson,Aleksei Peterson,17
613864,Lembit Lepp,Lembit Lepp,97
613865,Aleksei Peterson,Aleksei Peterson,17
613865,Lembit Lepp,Lembit Lepp,97
613866,Aleksei Peterson,Aleksei Peterson,17
613866,Lembit Lepp,Lembit Lepp,97
613867,Aleksei Peterson,Aleksei Peterson,17
613867,Lembit Lepp,Lembit Lepp,97
613868,Aleksei Peterson,Aleksei Peterson,17
613868,Lembit Lepa,Lembit Lepp,96
613869,Aleksei Peterson,Aleksei Peterson,17
613869,Lembit Lepp,Lembit Lepp,97
613870,Aleksei Peterson,Aleksei Peterson,17
613870,Lembit Lepp,Lembit Lepp,97
613871,Aleksei Peterson,Aleksei Peterson,17
613871,Lembit Lepp,Lembit Lepp,97
613872,Aleksei Peterson,Aleksei Peterson,17
613872,Lembit Lepp,Lembit Lepp,97
613873,Aleksei Peterson,Aleksei Peterson,17
613873,Lembit Lepp,Lembit Lepp,97
613874,Aleksei Peterson,Aleksei Peterson,17
613874,Lembit Lepp,Lembit Lepp,97
613875,Aleksei Peterson,Aleksei Peterson,17
613875,Lembit Lepp,Lembit Lepp,97
613876,Aleksei Peterson,Aleksei Peterson,17
613876,Lembit Lepp,Lembit Lepp,97
613877,Aleksei Peterson,Aleksei Peterson,17
613877,Lembit Lepp,Lembit Lepp,97
613878,Aleksei Peterson,Aleksei Peterson,17
613878,Lembit Lepp,Lembit Lepp,97
613879,Aleksei Peterson,Aleksei Peterson,17
613879,Lembit Lepa,Lembit Lepp,96
613880,Aleksei Peterson,Aleksei Peterson,17
613880,Lembit Lepp,Lembit Lepp,97
613881,Aleksei Peterson,Aleksei Peterson,17
613881,Lembit Lepp,Lembit Lepp,97
613882,Aleksei Peterson,Aleksei Peterson,17
613882,Lembit Lepp,Lembit Lepp,97
613883,Aleksei Peterson,Aleksei Peterson,17
613883,Lembit Lepa,Lembit Lepp,96
613884,Aleksei Peterson,Aleksei Peterson,17
613884,Lembit Lepp,Lembit Lepp,97
613885,Aleksei Peterson,Aleksei Peterson,17
613885,Lembit Lepp,Lembit Lepp,97
613886,Aleksei Peterson,Aleksei Peterson,17
613886,Lembit Lepp,Lembit Lepp,97
613887,Aleksei Peterson,Aleksei Peterson,17
613887,Lembit Lepa,Lembit Lepp,96
613888,Aleksei Peterson,Aleksei Peterson,17
613888,Lembit Lepa,Lembit Lepp,96
613889,Aleksei Peterson,Aleksei Peterson,17
613889,Lembit Lepa,Lembit Lepp,96
613890,Aleksei Peterson,Aleksei Peterson,17
613890,Lembit Lepa,Lembit Lepp,96
613891,Aleksei Peterson,Aleksei Peterson,17
613891,Lembit Lepp,Lembit Lepp,97
613892,Aleksei Peterson,Aleksei Peterson,17
613892,Lembit Lepp,Lembit Lepp,97
613893,Aleksei Peterson,Aleksei Peterson,17
613893,Lembit Lepp,Lembit Lepp,97
613894,Aleksei Peterson,Aleksei Peterson,17
613894,Lembit Lepp,Lembit Lepp,97
613895,Aleksei Peterson,Aleksei Peterson,17
613895,Lembit Lepp,Lembit Lepp,97
613896,Aleksei Peterson,Aleksei Peterson,17
613896,Lembit Lepp,Lembit Lepp,97
613897,Aleksei Peterson,Aleksei Peterson,17
613897,Lembit Lepp,Lembit Lepp,97
613898,Aleksei Peterson,Aleksei Peterson,17
613898,Lembit Lepa,Lembit Lepp,96
613899,Aleksei Peterson,Aleksei Peterson,17
613899,Lembit Lepa,Lembit Lepp,96
613900,Aleksei Peterson,Aleksei Peterson,17
613900,Lembit Lepa,Lembit Lepp,96
613901,Aleksei Peterson,Aleksei Peterson,17
613901,Lembit Lepp,Lembit Lepp,97
613902,Aleksei Peterson,Aleksei Peterson,17
613902,Lembit Lepp,Lembit Lepp,97
613903,Aleksei Peterson,Aleksei Peterson,17
613903,Lembit Lepp,Lembit Lepp,97
613904,Edgar Saare,Edgar Saar,34
613905,Edgar Saare,Edgar Saar,34
613906,Edgar Saare,Edgar Saar,34
613907,Edgar Saar,Edgar Saar,33
613908,Edgar Saar,Edgar Saar,33
613909,Edgar Saar,Edgar Saar,33
613910,Edgar Saar,Edgar Saar,33
613911,Edgar Saar,Edgar Saar,33
613912,Edgar Saar,Edgar Saar,33
613913,Edgar Saar,Edgar Saar,33
613914,Edgar Saar,Edgar Saar,33
613915,Edgar Saar,Edgar Saar,33
613916,Edgar Saar,Edgar Saar,33
613917,Edgar Saar,Edgar Saar,33
613918,Edgar Saar,Edgar Saar,33
613919,Edgar Saar,Edgar Saar,33
613920,Edgar Saar,Edgar Saar,33
613921,Edgar Saar,Edgar Saar,33
613922,Edgar Saar,Edgar Saar,33
613923,Edgar Saar,Edgar Saar,33
613924,Edgar Saar,Edgar Saar,33
613925,Edgar Saare,Edgar Saar,34
613926,Edgar Saar,Edgar Saar,33
613927,Edgar Saar,Edgar Saar,33
613928,Edgar Saar,Edgar Saar,33
613929,Edgar Saar,Edgar Saar,33
613930,Edgar Saar,Edgar Saar,33
613931,Edgar Saar,Edgar Saar,33
613932,Edgar Saar,Edgar Saar,33
613933,Edgar Saar,Edgar Saar,33
613934,Edgar Saare,Edgar Saar,34
613935,Edgar Saar,Edgar Saar,33
613936,Edgar Saar,Edgar Saar,33
613937,Edgar Saar,Edgar Saar,33
613938,Edgar Saar,Edgar Saar,33
613939,Edgar Saar,Edgar Saar,33
613951,Heno Sarv,Heno Sarv,58
613952,Ülo Maaring,Ülo Maaring,172
613953,Aleksei Peterson,Aleksei Peterson,17
613954,Aleksei Peterson,Aleksei Peterson,17
613955,Aleksei Peterson,Aleksei Peterson,17
613956,Aleksei Peterson,Aleksei Peterson,17
613957,Aleksei Peterson,Aleksei Peterson,17
613958,Aleksei Peterson,Aleksei Peterson,17
613959,Aleksei Peterson,Aleksei Peterson,17
613960,Aleksei Peterson,Aleksei Peterson,17
613961,Aleksei Peterson,Aleksei Peterson,17
613962,Aleksei Peterson,Aleksei Peterson,17
613963,Aleksei Peterson,Aleksei Peterson,17
613964,Aleksei Peterson,Aleksei Peterson,17
613965,Aleksei Peterson,Aleksei Peterson,17
613966,Aleksei Peterson,Aleksei Peterson,17
613967,Aleksei Peterson,Aleksei Peterson,17
613968,Aleksei Peterson,Aleksei Peterson,17
613969,Aleksei Peterson,Aleksei Peterson,17
613970,Aleksei Peterson,Aleksei Peterson,17
613971,Aleksei Peterson,Aleksei Peterson,17
613973,Vaike Reemann,Vaike Reemann,162
613974,Mare Piho,Mare Piho,109
613975,Aleksei Peterson,Aleksei Peterson,17
613976,Aleksei Peterson,Aleksei Peterson,17
613977,Aleksei Peterson,Aleksei Peterson,17
613978,Aleksei Peterson,Aleksei Peterson,17
613979,Vaike Reemann,Vaike Reemann,162
613980,Vaike Reemann,Vaike Reemann,162
613981,Vaike Reemann,Vaike Reemann,162
613982,Vaike Reemann,Vaike Reemann,162
613982,Epp Loo,Epp Loo,45
613983,Vaike Reemann,Vaike Reemann,162
613983,Epp Loo,Epp Loo,45
613985,Heiki Pärdi,Heiki Pärdi,56
613985,Aado Lintrop,Aado Lintrop,7
613985,Armin Raidma,Armin Raidma,24
613985,Iivi Riivits,Iivi Riivits,62
613985,Uuno Ojala,Uuno Ojala,161
613985,Ellen Hõim,Ellen Hõim,41
613985,Tiiu Jalakas,Tiiu Jalakas,155
613985,Kai Ruga,Kai Ruga,79
613986,Heiki Pärdi,Heiki Pärdi,56
613986,Aado Lintrop,Aado Lintrop,7
613986,Armin Raidma,Armin Raidma,24
613986,Iivi Riivits,Iivi Riivits,62
613986,Uuno Ojala,Uuno Ojala,161
613986,Ellen Hõim,Ellen Hõim,41
613986,Tiiu Jalakas,Tiiu Jalakas,155
613986,Kai Ruga,Kai Ruga,79
613987,Heiki Pärdi,Heiki Pärdi,56
613987,Aado Lintrop,Aado Lintrop,7
613987,Armin Raidma,Armin Raidma,24
613987,Iivi Riivits,Iivi Riivits,62
613987,Uuno Ojala,Uuno Ojala,161
613987,Ellen Hõim,Ellen Hõim,41
613987,Tiiu Jalakas,Tiiu Jalakas,155
613987,Kai Ruga,Kai Ruga,79
613988,Heiki Pärdi,Heiki Pärdi,56
613988,Aado Lintrop,Aado Lintrop,7
613988,Armin Raidma,Armin Raidma,24
613988,Iivi Riivits,Iivi Riivits,62
613988,Uuno Ojala,Uuno Ojala,161
613988,Ellen Hõim,Ellen Hõim,41
613988,Tiiu Jalakas,Tiiu Jalakas,155
613988,Kai Ruga,Kai Ruga,79
613989,Heiki Pärdi,Heiki Pärdi,56
613989,Aado Lintrop,Aado Lintrop,7
613989,Armin Raidma,Armin Raidma,24
613989,Iivi Riivits,Iivi Riivits,62
613989,Uuno Ojala,Uuno Ojala,161
613989,Ellen Hõim,Ellen Hõim,41
613989,Tiiu Jalakas,Tiiu Jalakas,155
613989,Kai Ruga,Kai Ruga,79
613990,Heiki Pärdi,Heiki Pärdi,56
613990,Aado Lintrop,Aado Lintrop,7
613990,Armin Raidma,Armin Raidma,24
613990,Iivi Riivits,Iivi Riivits,62
613990,Uuno Ojala,Uuno Ojala,161
613990,Ellen Hõim,Ellen Hõim,41
613990,Tiiu Jalakas,Tiiu Jalakas,155
613990,Kai Ruga,Kai Ruga,79
613991,Heiki Pärdi,Heiki Pärdi,56
613991,Aado Lintrop,Aado Lintrop,7
613991,Armin Raidma,Armin Raidma,24
613991,Iivi Riivits,Iivi Riivits,62
613991,Uuno Ojala,Uuno Ojala,161
613991,Ellen Hõim,Ellen Hõim,41
613991,Tiiu Jalakas,Tiiu Jalakas,155
613991,Kai Ruga,Kai Ruga,79
613992,Heiki Pärdi,Heiki Pärdi,56
613992,Aado Lintrop,Aado Lintrop,7
613992,Armin Raidma,Armin Raidma,24
613992,Iivi Riivits,Iivi Riivits,62
613992,Uuno Ojala,Uuno Ojala,161
613992,Ellen Hõim,Ellen Hõim,41
613992,Tiiu Jalakas,Tiiu Jalakas,155
613992,Kai Ruga,Kai Ruga,79
613993,Heiki Pärdi,Heiki Pärdi,56
613993,Aado Lintrop,Aado Lintrop,7
613993,Armin Raidma,Armin Raidma,24
613993,Iivi Riivits,Iivi Riivits,62
613993,Uuno Ojala,Uuno Ojala,161
613993,Ellen Hõim,Ellen Hõim,41
613993,Tiiu Jalakas,Tiiu Jalakas,155
613993,Kai Ruga,Kai Ruga,79
613994,Heiki Pärdi,Heiki Pärdi,56
613994,Aado Lintrop,Aado Lintrop,7
613994,Armin Raidma,Armin Raidma,24
613994,Iivi Riivits,Iivi Riivits,62
613994,Uuno Ojala,Uuno Ojala,161
613994,Ellen Hõim,Ellen Hõim,41
613994,Tiiu Jalakas,Tiiu Jalakas,155
613994,Kai Ruga,Kai Ruga,79
613995,Heiki Pärdi,Heiki Pärdi,56
613995,Aado Lintrop,Aado Lintrop,7
613995,Armin Raidma,Armin Raidma,24
613995,Iivi Riivits,Iivi Riivits,62
613995,Uuno Ojala,Uuno Ojala,161
613995,Ellen Hõim,Ellen Hõim,41
613995,Tiiu Jalakas,Tiiu Jalakas,155
613995,Kai Ruga,Kai Ruga,79
613996,Heiki Pärdi,Heiki Pärdi,56
613996,Aado Lintrop,Aado Lintrop,7
613996,Armin Raidma,Armin Raidma,24
613996,Iivi Riivits,Iivi Riivits,62
613996,Uuno Ojala,Uuno Ojala,161
613996,Ellen Hõim,Ellen Hõim,41
613996,Tiiu Jalakas,Tiiu Jalakas,155
613996,Kai Ruga,Kai Ruga,79
613997,Heiki Pärdi,Heiki Pärdi,56
613997,Aado Lintrop,Aado Lintrop,7
613997,Armin Raidma,Armin Raidma,24
613997,Iivi Riivits,Iivi Riivits,62
613997,Uuno Ojala,Uuno Ojala,161
613997,Ellen Hõim,Ellen Hõim,41
613997,Tiiu Jalakas,Tiiu Jalakas,155
613997,Kai Ruga,Kai Ruga,79
613998,Heiki Pärdi,Heiki Pärdi,56
613998,Aado Lintrop,Aado Lintrop,7
613998,Armin Raidma,Armin Raidma,24
613998,Iivi Riivits,Iivi Riivits,62
613998,Uuno Ojala,Uuno Ojala,161
613998,Ellen Hõim,Ellen Hõim,41
613998,Tiiu Jalakas,Tiiu Jalakas,155
613998,Kai Ruga,Kai Ruga,79
613999,Heiki Pärdi,Heiki Pärdi,56
613999,Aado Lintrop,Aado Lintrop,7
613999,Armin Raidma,Armin Raidma,24
613999,Iivi Riivits,Iivi Riivits,62
613999,Uuno Ojala,Uuno Ojala,161
613999,Ellen Hõim,Ellen Hõim,41
613999,Tiiu Jalakas,Tiiu Jalakas,155
613999,Kai Ruga,Kai Ruga,79
614000,Heiki Pärdi,Heiki Pärdi,56
614000,Aado Lintrop,Aado Lintrop,7
614000,Armin Raidma,Armin Raidma,24
614000,Iivi Riivits,Iivi Riivits,62
614000,Uuno Ojala,Uuno Ojala,161
614000,Ellen Hõim,Ellen Hõim,41
614000,Tiiu Jalakas,Tiiu Jalakas,155
614000,Kai Ruga,Kai Ruga,79
614001,Heiki Pärdi,Heiki Pärdi,56
614001,Aado Lintrop,Aado Lintrop,7
614001,Armin Raidma,Armin Raidma,24
614001,Iivi Riivits,Iivi Riivits,62
614001,Uuno Ojala,Uuno Ojala,161
614001,Ellen Hõim,Ellen Hõim,41
614001,Tiiu Jalakas,Tiiu Jalakas,155
614001,Kai Ruga,Kai Ruga,79
614002,Heiki Pärdi,Heiki Pärdi,56
614002,Aado Lintrop,Aado Lintrop,7
614002,Armin Raidma,Armin Raidma,24
614002,Iivi Riivits,Iivi Riivits,62
614002,Uuno Ojala,Uuno Ojala,161
614002,Ellen Hõim,Ellen Hõim,41
614002,Tiiu Jalakas,Tiiu Jalakas,155
614002,Kai Ruga,Kai Ruga,79
614096,Heno Sarv,Heno Sarv,58
614097,Heno Sarv,Heno Sarv,58
614098,Heno Sarv,Heno Sarv,58
614099,Heno Sarv,Heno Sarv,58
614100,Heno Sarv,Heno Sarv,58
614101,Heno Sarv,Heno Sarv,58
614102,Heno Sarv,Heno Sarv,58
614103,Heno Sarv,Heno Sarv,58
614104,Heno Sarv,Heno Sarv,58
614106,Heno Sarv,Heno Sarv,58
614107,Heno Sarv,Heno Sarv,58
614108,Heno Sarv,Heno Sarv,58
614110,Heno Sarv,Heno Sarv,58
614111,Heno Sarv,Heno Sarv,58
614112,Heno Sarv,Heno Sarv,58
614113,Heno Sarv,Heno Sarv,58
614114,Heno Sarv,Heno Sarv,58
614115,Heno Sarv,Heno Sarv,58
614117,Heno Sarv,Heno Sarv,58
614118,Heno Sarv,Heno Sarv,58
614119,Heno Sarv,Heno Sarv,58
614120,Heno Sarv,Heno Sarv,58
614121,Heno Sarv,Heno Sarv,58
614122,Heno Sarv,Heno Sarv,58
614124,Heno Sarv,Heno Sarv,58
614125,Heno Sarv,Heno Sarv,58
614126,Heno Sarv,Heno Sarv,58
614127,Heno Sarv,Heno Sarv,58
614128,Heno Sarv,Heno Sarv,58
614129,Heno Sarv,Heno Sarv,58
614130,Heno Sarv,Heno Sarv,58
614131,Heno Sarv,Heno Sarv,58
614132,Heno Sarv,Heno Sarv,58
614133,Heno Sarv,Heno Sarv,58
614135,Heno Sarv,Heno Sarv,58
614136,Heno Sarv,Heno Sarv,58
614137,Heno Sarv,Heno Sarv,58
614138,Heno Sarv,Heno Sarv,58
614140,Heno Sarv,Heno Sarv,58
614141,Heno Sarv,Heno Sarv,58
614142,Heno Sarv,Heno Sarv,58
614143,Heno Sarv,Heno Sarv,58
614167,Edgar Saar,Edgar Saar,33
614168,Edgar Saar,Edgar Saar,33
614170,Edgar Saar,Edgar Saar,33
614171,Edgar Saar,Edgar Saar,33
614172,Edgar Saar,Edgar Saar,33
614194,Edgar Saar,Edgar Saar,33
614195,Edgar Saar,Edgar Saar,33
614196,Edgar Saar,Edgar Saar,33
614197,Edgar Saar,Edgar Saar,33
614198,Edgar Saar,Edgar Saar,33
614199,Edgar Saar,Edgar Saar,33
614200,Edgar Saar,Edgar Saar,33
614201,Edgar Saar,Edgar Saar,33
614202,Edgar Saar,Edgar Saar,33
614202,Pavel Tshubarov,Pavel Tšhubarov,130
614203,Edgar Saar,Edgar Saar,33
614203,Pavel Tshubarov,Pavel Tšhubarov,130
614204,Edgar Saar,Edgar Saar,33
614204,Pavel Tshubarov,Pavel Tšhubarov,130
614205,Edgar Saar,Edgar Saar,33
614205,Pavel Tshubarov,Pavel Tšhubarov,130
614206,Edgar Saar,Edgar Saar,33
614206,Pavel Tshubarov,Pavel Tšhubarov,130
614207,Edgar Saar,Edgar Saar,33
614207,Pavel Tshubarov,Pavel Tšhubarov,130
614208,Edgar Saar,Edgar Saar,33
614209,Edgar Saar,Edgar Saar,33
614210,Edgar Saar,Edgar Saar,33
614211,Edgar Saar,Edgar Saar,33
614211,Pavel Tshubarov,Pavel Tšhubarov,130
614212,Edgar Saar,Edgar Saar,33
614212,Pavel Tshubarov,Pavel Tšhubarov,130
614214,Edgar Saar,Edgar Saar,33
614214,Pavel Tshubarov,Pavel Tšhubarov,130
614215,Edgar Saar,Edgar Saar,33
614216,Edgar Saar,Edgar Saar,33
614217,Edgar Saar,Edgar Saar,33
614217,Pavel Tshubarov,Pavel Tšhubarov,130
614218,Edgar Saar,Edgar Saar,33
614218,Pavel Tshubarov,Pavel Tšhubarov,130
614219,Edgar Saar,Edgar Saar,33
614219,Pavel Tshubarov,Pavel Tšhubarov,130
614220,Edgar Saar,Edgar Saar,33
614220,Pavel Tshubarov,Pavel Tšhubarov,130
614221,Edgar Saar,Edgar Saar,33
614221,Pavel Tshubarov,Pavel Tšhubarov,130
614222,Edgar Saar,Edgar Saar,33
614222,Pavel Tshubarov,Pavel Tšhubarov,130
614223,Edgar Saar,Edgar Saar,33
614223,Pavel Tshubarov,Pavel Tšhubarov,130
614224,Edgar Saar,Edgar Saar,33
614224,Pavel Tshubarov,Pavel Tšhubarov,130
614225,Edgar Saar,Edgar Saar,33
614225,Pavel Tshubarov,Pavel Tšhubarov,130
614226,Edgar Saar,Edgar Saar,33
614226,Pavel Tshubarov,Pavel Tšhubarov,130
614227,Edgar Saar,Edgar Saar,33
614227,Pavel Tshubarov,Pavel Tšhubarov,130
614228,Edgar Saar,Edgar Saar,33
614228,Pavel Tshubarov,Pavel Tšhubarov,130
614229,Edgar Saar,Edgar Saar,33
614229,Pavel Tshubarov,Pavel Tšhubarov,130
614230,Edgar Saar,Edgar Saar,33
614230,Pavel Tshubarov,Pavel Tšhubarov,130
614231,Edgar Saar,Edgar Saar,33
614231,Pavel Tshubarov,Pavel Tšhubarov,130
614232,Edgar Saar,Edgar Saar,33
614232,Pavel Tshubarov,Pavel Tšhubarov,130
614233,Edgar Saare,Edgar Saar,34
614233,Pavel Tshubarov,Pavel Tšhubarov,130
614234,Edgar Saar,Edgar Saar,33
614234,Pavel Tshubarov,Pavel Tšhubarov,130
614235,Edgar Saar,Edgar Saar,33
614235,Pavel Tshubarov,Pavel Tšhubarov,130
614236,Edgar Saar,Edgar Saar,33
614237,Edgar Saar,Edgar Saar,33
614237,Pavel Tshubarov,Pavel Tšhubarov,130
614238,Edgar Saar,Edgar Saar,33
614238,Pavel Tshubarov,Pavel Tšhubarov,130
614239,Edgar Saar,Edgar Saar,33
614239,Pavel Tshubarov,Pavel Tšhubarov,130
614241,Edgar Saar,Edgar Saar,33
614242,Edgar Saar,Edgar Saar,33
614242,Pavel Tshubarov,Pavel Tšhubarov,130
614243,Edgar Saar,Edgar Saar,33
614243,Pavel Tshubarov,Pavel Tšhubarov,130
614244,Edgar Saar,Edgar Saar,33
614245,Edgar Saar,Edgar Saar,33
614246,Edgar Saar,Edgar Saar,33
614247,Aleksei Peterson,Aleksei Peterson,17
614247,Kadri Tammur,Kadri Tammur,77
614248,Aleksei Peterson,Aleksei Peterson,17
614248,Kadri Tammur,Kadri Tammur,77
614249,Aleksei Peterson,Aleksei Peterson,17
614249,Kadri Tammur,Kadri Tammur,77
614250,Aleksei Peterson,Aleksei Peterson,17
614250,Kadri Tammur,Kadri Tammur,77
614251,Aleksei Peterson,Aleksei Peterson,17
614251,Kadri Tammur,Kadri Tammur,77
614252,Aleksei Peterson,Aleksei Peterson,17
614252,Kadri Tammur,Kadri Tammur,77
614253,Aleksei Peterson,Aleksei Peterson,17
614253,Kadri Tammur,Kadri Tammur,77
614254,Aleksei Peterson,Aleksei Peterson,17
614254,Kadri Tammur,Kadri Tammur,77
614255,Aleksei Peterson,Aleksei Peterson,17
614255,Kadri Tammur,Kadri Tammur,77
614256,Aleksei Peterson,Aleksei Peterson,17
614256,Kadri Tammur,Kadri Tammur,77
614257,Aleksei Peterson,Aleksei Peterson,17
614257,Kadri Tammur,Kadri Tammur,77
614258,Aleksei Peterson,Aleksei Peterson,17
614258,Kadri Tammur,Kadri Tammur,77
614259,Aleksei Peterson,Aleksei Peterson,17
614259,Kadri Tammur,Kadri Tammur,77
614260,Aleksei Peterson,Aleksei Peterson,17
614260,Kadri Tammur,Kadri Tammur,77
614261,Aleksei Peterson,Aleksei Peterson,17
614261,Kadri Tammur,Kadri Tammur,77
614262,Aleksei Peterson,Aleksei Peterson,17
614262,Kadri Tammur,Kadri Tammur,77
614263,Aleksei Peterson,Aleksei Peterson,17
614263,Kadri Tammur,Kadri Tammur,77
614264,Aleksei Peterson,Aleksei Peterson,17
614264,Kadri Tammur,Kadri Tammur,77
614265,Aleksei Peterson,Aleksei Peterson,17
614265,Kadri Tammur,Kadri Tammur,77
614266,Aleksei Peterson,Aleksei Peterson,17
614266,Kadri Tammur,Kadri Tammur,77
614267,Aleksei Peterson,Aleksei Peterson,17
614267,Kadri Tammur,Kadri Tammur,77
614268,Aleksei Peterson,Aleksei Peterson,17
614268,Kadri Tammur,Kadri Tammur,77
614269,Aleksei Peterson,Aleksei Peterson,17
614269,Kadri Tammur,Kadri Tammur,77
614270,Aleksei Peterson,Aleksei Peterson,17
614270,Kadri Tammur,Kadri Tammur,77
614271,Aleksei Peterson,Aleksei Peterson,17
614271,Kadri Tammur,Kadri Tammur,77
614272,Aleksei Peterson,Aleksei Peterson,17
614272,Kadri Tammur,Kadri Tammur,77
614273,Aleksei Peterson,Aleksei Peterson,17
614273,Kadri Tammur,Kadri Tammur,77
614274,Aleksei Peterson,Aleksei Peterson,17
614274,Kadri Tammur,Kadri Tammur,77
614275,Aleksei Peterson,Aleksei Peterson,17
614275,Kadri Tammur,Kadri Tammur,77
614276,Aleksei Peterson,Aleksei Peterson,17
614276,Kadri Tammur,Kadri Tammur,77
614277,Aleksei Peterson,Aleksei Peterson,17
614277,Kadri Tammur,Kadri Tammur,77
614278,Aleksei Peterson,Aleksei Peterson,17
614278,Kadri Tammur,Kadri Tammur,77
614279,Aleksei Peterson,Aleksei Peterson,17
614279,Kadri Tammur,Kadri Tammur,77
614280,Aleksei Peterson,Aleksei Peterson,17
614280,Kadri Tammur,Kadri Tammur,77
614281,Aleksei Peterson,Aleksei Peterson,17
614281,Kadri Tammur,Kadri Tammur,77
614282,Aleksei Peterson,Aleksei Peterson,17
614282,Kadri Tammur,Kadri Tammur,77
614283,Aleksei Peterson,Aleksei Peterson,17
614283,Kadri Tammur,Kadri Tammur,77
614284,Aleksei Peterson,Aleksei Peterson,17
614284,Kadri Tammur,Kadri Tammur,77
614285,Aleksei Peterson,Aleksei Peterson,17
614285,Kadri Tammur,Kadri Tammur,77
614286,Aleksei Peterson,Aleksei Peterson,17
614286,Kadri Tammur,Kadri Tammur,77
614287,Aleksei Peterson,Aleksei Peterson,17
614287,Kadri Tammur,Kadri Tammur,77
614288,Aleksei Peterson,Aleksei Peterson,17
614288,Kadri Tammur,Kadri Tammur,77
614289,A. Peterson,Aleksei Peterson,6
614289,Kadri Tammur,Kadri Tammur,77
614290,A. Peterson,Aleksei Peterson,6
614290,Kadri Tammur,Kadri Tammur,77
614291,Aleksei Peterson,Aleksei Peterson,17
614291,Kadri Tammur,Kadri Tammur,77
614292,Aleksei Peterson,Aleksei Peterson,17
614293,Aleksei Peterson,Aleksei Peterson,17
614294,Aleksei Peterson,Aleksei Peterson,17
614295,Aleksei Peterson,Aleksei Peterson,17
614296,Aleksei Peterson,Aleksei Peterson,17
614297,Aleksei Peterson,Aleksei Peterson,17
614298,Aleksei Peterson,Aleksei Peterson,17
614299,Edgar Saar,Edgar Saar,33
614300,Edgar Saar,Edgar Saar,33
614301,Edgar Saar,Edgar Saar,33
614302,Edgar Saar,Edgar Saar,33
614303,Edgar Saar,Edgar Saar,33
614304,Edgar Saar,Edgar Saar,33
614305,Edgar Saar,Edgar Saar,33
614306,Edgar Saar,Edgar Saar,33
614307,Edgar Saar,Edgar Saar,33
614308,Edgar Saar,Edgar Saar,33
614309,Edgar Saar,Edgar Saar,33
614310,Edgar Saar,Edgar Saar,33
614311,Edgar Saar,Edgar Saar,33
614313,Edgar Saar,Edgar Saar,33
614314,Edgar Saar,Edgar Saar,33
614315,Edgar Saar,Edgar Saar,33
614316,Edgar Saar,Edgar Saar,33
614317,Edgar Saar,Edgar Saar,33
614318,Edgar Saar,Edgar Saar,33
614319,Edgar Saar,Edgar Saar,33
614320,Edgar Saar,Edgar Saar,33
614322,Edgar Saar,Edgar Saar,33
614323,Edgar Saar,Edgar Saar,33
614324,Edgar Saar,Edgar Saar,33
614325,Edgar Saar,Edgar Saar,33
614326,Edgar Saar,Edgar Saar,33
614327,Edgar Saar,Edgar Saar,33
614329,Edgar Saar,Edgar Saar,33
614330,Edgar Saar,Edgar Saar,33
614332,Edgar Saar,Edgar Saar,33
614336,Heiki Pärt,Heiki Pärdi,57
614336,Katrin Liias,Katrin Liias,88
614336,Priit Härmas,Priit Härmas,138
614338,Heiki Pärt,Heiki Pärdi,57
614338,Katrin Liias,Katrin Liias,88
614338,Priit Härmas,Priit Härmas,138
614339,Heiki Pärt,Heiki Pärdi,57
614339,Katrin Liias,Katrin Liias,88
614339,Priit Härmas,Priit Härmas,138
614340,Heiki Pärt,Heiki Pärdi,57
614340,Katrin Liias,Katrin Liias,88
614340,Priit Härmas,Priit Härmas,138
614341,Heiki Pärt,Heiki Pärdi,57
614341,Katrin Liias,Katrin Liias,88
614341,Priit Härmas,Priit Härmas,138
614342,Heiki Pärt,Heiki Pärdi,57
614342,Katrin Liias,Katrin Liias,88
614342,Priit Härmas,Priit Härmas,138
614344,Heiki Pärt,Heiki Pärdi,57
614344,Katrin Liias,Katrin Liias,88
614344,Priit Härmas,Priit Härmas,138
614345,Heiki Pärt,Heiki Pärdi,57
614345,Katrin Liias,Katrin Liias,88
614345,Priit Härmas,Priit Härmas,138
614354,Aleksei Peterson,Aleksei Peterson,17
614354,Jüri Karm,Jüri Karm,71
614356,Aleksei Peterson,Aleksei Peterson,17
614356,Jüri Karm,Jüri Karm,71
614357,Aleksei Peterson,Aleksei Peterson,17
614357,Jüri Karm,Jüri Karm,71
614358,Aleksei Peterson,Aleksei Peterson,17
614358,Jüri Karm,Jüri Karm,71
614359,Aleksei Peterson,Aleksei Peterson,17
614359,Jüri Karm,Jüri Karm,71
614360,Aleksei Peterson,Aleksei Peterson,17
614360,Jüri Karm,Jüri Karm,71
614361,Aleksei Peterson,Aleksei Peterson,17
614361,Jüri Karm,Jüri Karm,71
614362,Aleksei Peterson,Aleksei Peterson,17
614362,Jüri Karm,Jüri Karm,71
614363,Aleksei Peterson,Aleksei Peterson,17
614363,Jüri Karm,Jüri Karm,71
614364,Aleksei Peterson,Aleksei Peterson,17
614364,Jüri Karm,Jüri Karm,71
614365,Aleksei Peterson,Aleksei Peterson,17
614365,Jüri Karm,Jüri Karm,71
614366,Aleksei Peterson,Aleksei Peterson,17
614366,Jüri Karm,Jüri Karm,71
614367,Aleksei Peterson,Aleksei Peterson,17
614367,Jüri Karm,Jüri Karm,71
614368,Aleksei Peterson,Aleksei Peterson,17
614368,Jüri Karm,Jüri Karm,71
614369,Aleksei Peterson,Aleksei Peterson,17
614369,Jüri Karm,Jüri Karm,71
614370,Aleksei Peterson,Aleksei Peterson,17
614370,Jüri Karm,Jüri Karm,71
614371,Aleksei Peterson,Aleksei Peterson,17
614371,Jüri Karm,Jüri Karm,71
614372,Aleksei Peterson,Aleksei Peterson,17
614372,Jüri Karm,Jüri Karm,71
614373,Aleksei Peterson,Aleksei Peterson,17
614373,Jüri Karm,Jüri Karm,71
614374,Aleksei Peterson,Aleksei Peterson,17
614374,Jüri Karm,Jüri Karm,71
614375,Edgar Saar,Edgar Saar,33
614376,Edgar Saar,Edgar Saar,33
614377,Edgar Saar,Edgar Saar,33
614378,Edgar Saar,Edgar Saar,33
614379,Edgar Saar,Edgar Saar,33
614380,Edgar Saar,Edgar Saar,33
614381,Edgar Saar,Edgar Saar,33
614382,Edgar Saar,Edgar Saar,33
614383,Edgar Saar,Edgar Saar,33
614384,Edgar Saar,Edgar Saar,33
614385,Edgar Saar,Edgar Saar,33
614386,Edgar Saar,Edgar Saar,33
614387,Edgar Saar,Edgar Saar,33
614388,Edgar Saar,Edgar Saar,33
614389,Edgar Saar,Edgar Saar,33
614390,Edgar Saar,Edgar Saar,33
614391,Edgar Saar,Edgar Saar,33
614393,Edgar Saar,Edgar Saar,33
614394,Edgar Saar,Edgar Saar,33
614395,Edgar Saar,Edgar Saar,33
614396,Edgar Saar,Edgar Saar,33
614397,Edgar Saar,Edgar Saar,33
614398,Edgar Saar,Edgar Saar,33
614399,Edgar Saar,Edgar Saar,33
614400,Edgar Saar,Edgar Saar,33
614401,Edgar Saar,Edgar Saar,33
614402,Edgar Saar,Edgar Saar,33
614403,Edgar Saar,Edgar Saar,33
614404,Edgar Saar,Edgar Saar,33
614405,Edgar Saar,Edgar Saar,33
614406,Edgar Saar,Edgar Saar,33
614407,Edgar Saar,Edgar Saar,33
614408,Edgar Saar,Edgar Saar,33
614409,Edgar Saar,Edgar Saar,33
614410,Juta Reio,Juta Reio,70
614411,Juta Reio,Juta Reio,70
614412,Juta Reio,Juta Reio,70
614413,Juta Reio,Juta Reio,70
614414,Juta Reio,Juta Reio,70
614415,Juta Reio,Juta Reio,70
614416,Juta Reio,Juta Reio,70
614417,Juta Reio,Juta Reio,70
614418,Juta Reio,Juta Reio,70
614419,Heiki Pärdi,Heiki Pärdi,56
614419,Piret Õunapuu,Piret Õunapuu,137
614420,Heiki Pärdi,Heiki Pärdi,56
614420,Piret Õunapuu,Piret Õunapuu,137
614421,Heiki Pärdi,Heiki Pärdi,56
614421,Piret Õunapuu,Piret Õunapuu,137
614422,Heiki Pärdi,Heiki Pärdi,56
614422,Piret Õunapuu,Piret Õunapuu,137
614423,Heiki Pärdi,Heiki Pärdi,56
614423,Piret Õunapuu,Piret Õunapuu,137
614424,Aleksei Peterson,Aleksei Peterson,17
614424,Lembit Lepp,Lembit Lepp,97
614425,Aleksei Peterson,Aleksei Peterson,17
614425,Lembit Lepp,Lembit Lepp,97
614426,Aleksei Peterson,Aleksei Peterson,17
614426,Lembit Lepp,Lembit Lepp,97
614427,Aleksei Peterson,Aleksei Peterson,17
614427,Lembit Lepp,Lembit Lepp,97
614428,Aleksei Peterson,Aleksei Peterson,17
614428,Lembit Lepp,Lembit Lepp,97
614429,Aleksei Peterson,Aleksei Peterson,17
614429,Lembit Lepa,Lembit Lepp,96
614430,Aleksei Peterson,Aleksei Peterson,17
614430,Lembit Lepp,Lembit Lepp,97
614431,Aleksei Peterson,Aleksei Peterson,17
614431,Lembit Lepp,Lembit Lepp,97
614432,Aleksei Peterson,Aleksei Peterson,17
614432,Lembit Lepp,Lembit Lepp,97
614433,Aleksei Peterson,Aleksei Peterson,17
614433,Lembit Lepp,Lembit Lepp,97
614434,Aleksei Peterson,Aleksei Peterson,17
614434,Lembit Lepp,Lembit Lepp,97
614435,Aleksei Peterson,Aleksei Peterson,17
614435,Lembit Lepp,Lembit Lepp,97
614436,Aleksei Peterson,Aleksei Peterson,17
614436,Lembit Lepp,Lembit Lepp,97
614437,Aleksei Peterson,Aleksei Peterson,17
614437,Lembit Lepp,Lembit Lepp,97
614438,Aleksei Peterson,Aleksei Peterson,17
614438,Lembit Lepp,Lembit Lepp,97
614439,Aleksei Peterson,Aleksei Peterson,17
614439,Lembit Lepp,Lembit Lepp,97
614440,Aleksei Peterson,Aleksei Peterson,17
614440,Lembit Lepp,Lembit Lepp,97
614441,Aleksei Peterson,Aleksei Peterson,17
614441,Lembit Lepp,Lembit Lepp,97
614442,Aleksei Peterson,Aleksei Peterson,17
614442,Lembit Lepp,Lembit Lepp,97
614443,Aleksei Peterson,Aleksei Peterson,17
614443,Lembit Lepp,Lembit Lepp,97
614444,Aleksei Peterson,Aleksei Peterson,17
614444,Lembit Lepp,Lembit Lepp,97
614445,Aleksei Peterson,Aleksei Peterson,17
614445,Lembit Lepp,Lembit Lepp,97
614446,Aleksei Peterson,Aleksei Peterson,17
614446,Lembit Lepp,Lembit Lepp,97
614447,Aleksei Peterson,Aleksei Peterson,17
614447,Lembit Lepp,Lembit Lepp,97
614448,Aleksei Peterson,Aleksei Peterson,17
614448,Lembit Lepp,Lembit Lepp,97
614449,Aleksei Peterson,Aleksei Peterson,17
614449,Lembit Lepp,Lembit Lepp,97
614450,Aleksei Peterson,Aleksei Peterson,17
614450,Lembit Lepp,Lembit Lepp,97
614451,Aleksei Peterson,Aleksei Peterson,17
614451,Lembit Lepa,Lembit Lepp,96
614452,Aleksei Peterson,Aleksei Peterson,17
614452,Lembit Lepa,Lembit Lepp,96
614453,Aleksei Peterson,Aleksei Peterson,17
614453,Lembit Lepp,Lembit Lepp,97
614454,Aleksei Peterson,Aleksei Peterson,17
614454,Lembit Lepa,Lembit Lepp,96
614455,Aleksei Peterson,Aleksei Peterson,17
614455,Lembit Lepp,Lembit Lepp,97
614456,Aleksei Peterson,Aleksei Peterson,17
614456,Lembit Lepp,Lembit Lepp,97
614457,Aleksei Peterson,Aleksei Peterson,17
614457,Lembit Lepa,Lembit Lepp,96
614458,Aleksei Peterson,Aleksei Peterson,17
614458,Lembit Lepp,Lembit Lepp,97
614459,Aleksei Peterson,Aleksei Peterson,17
614459,Lembit Lepa,Lembit Lepp,96
614460,Aleksei Peterson,Aleksei Peterson,17
614460,Lembit Lepp,Lembit Lepp,97
614461,Aleksei Peterson,Aleksei Peterson,17
614461,Lembit Lepp,Lembit Lepp,97
614462,Aleksei Peterson,Aleksei Peterson,17
614462,Lembit Lepp,Lembit Lepp,97
614463,Aleksei Peterson,Aleksei Peterson,17
614463,Lembit Lepp,Lembit Lepp,97
614464,Aleksei Peterson,Aleksei Peterson,17
614464,Lembit Lepp,Lembit Lepp,97
614465,Aleksei Peterson,Aleksei Peterson,17
614465,Lembit Lepp,Lembit Lepp,97
614466,Aleksei Peterson,Aleksei Peterson,17
614466,Lembit Lepp,Lembit Lepp,97
614467,Aleksei Peterson,Aleksei Peterson,17
614467,Lembit Lepp,Lembit Lepp,97
614468,Aleksei Peterson,Aleksei Peterson,17
614468,Lembit Lepp,Lembit Lepp,97
614469,Aleksei Peterson,Aleksei Peterson,17
614469,Lembit Lepa,Lembit Lepp,96
614470,Aleksei Peterson,Aleksei Peterson,17
614470,Lembit Lepp,Lembit Lepp,97
614471,Aleksei Peterson,Aleksei Peterson,17
614471,Lembit Lepp,Lembit Lepp,97
614472,Aleksei Peterson,Aleksei Peterson,17
614472,Lembit Lepp,Lembit Lepp,97
614473,Aleksei Peterson,Aleksei Peterson,17
614473,Lembit Lepa,Lembit Lepp,96
614474,Aleksei Peterson,Aleksei Peterson,17
614475,Aleksei Peterson,Aleksei Peterson,17
614476,Aleksei Peterson,Aleksei Peterson,17
614477,Aleksei Peterson,Aleksei Peterson,17
614478,Aleksei Peterson,Aleksei Peterson,17
614479,Aleksei Peterson,Aleksei Peterson,17
614480,Aleksei Peterson,Aleksei Peterson,17
614481,Aleksei Peterson,Aleksei Peterson,17
614482,Aleksei Peterson,Aleksei Peterson,17
614483,Aleksei Peterson,Aleksei Peterson,17
614484,Aleksei Peterson,Aleksei Peterson,17
614485,Aleksei Peterson,Aleksei Peterson,17
614486,Aleksei Peterson,Aleksei Peterson,17
614487,Aleksei Peterson,Aleksei Peterson,17
614488,Aleksei Peterson,Aleksei Peterson,17
614489,Aleksei Peterson,Aleksei Peterson,17
614490,Aleksei Peterson,Aleksei Peterson,17
614491,Aleksei Peterson,Aleksei Peterson,17
614492,Aleksei Peterson,Aleksei Peterson,17
614493,Aleksei Peterson,Aleksei Peterson,17
614494,Aleksei Peterson,Aleksei Peterson,17
614495,Aleksei Peterson,Aleksei Peterson,17
614496,Aleksei Peterson,Aleksei Peterson,17
614497,Aleksei Peterson,Aleksei Peterson,17
614498,Aleksei Peterson,Aleksei Peterson,17
614499,Aleksei Peterson,Aleksei Peterson,17
614500,Aleksei Peterson,Aleksei Peterson,17
614501,Aleksei Peterson,Aleksei Peterson,17
614502,Aleksei Peterson,Aleksei Peterson,17
614503,Aleksei Peterson,Aleksei Peterson,17
614504,Aleksei Peterson,Aleksei Peterson,17
614505,Aleksei Peterson,Aleksei Peterson,17
614506,Aleksei Peterson,Aleksei Peterson,17
614507,Aleksei Peterson,Aleksei Peterson,17
614508,Aleksei Peterson,Aleksei Peterson,17
614509,Aleksei Peterson,Aleksei Peterson,17
614510,Aleksei Peterson,Aleksei Peterson,17
614511,Aleksei Peterson,Aleksei Peterson,17
614512,Aleksei Peterson,Aleksei Peterson,17
614513,Aleksei Peterson,Aleksei Peterson,17
614514,Aleksei Peterson,Aleksei Peterson,17
614515,Aleksei Peterson,Aleksei Peterson,17
614516,Aleksei Peterson,Aleksei Peterson,17
614517,Aleksei Peterson,Aleksei Peterson,17
614518,Aleksei Peterson,Aleksei Peterson,17
614519,Aleksei Peterson,Aleksei Peterson,17
614520,Aleksei Peterson,Aleksei Peterson,17
614521,Aleksei Peterson,Aleksei Peterson,17
614522,Aleksei Peterson,Aleksei Peterson,17
614523,Aleksei Peterson,Aleksei Peterson,17
614524,Heiki Pärdi,Heiki Pärdi,56
614524,Aado Lintrop,Aado Lintrop,7
614524,Armin Raidma,Armin Raidma,24
614524,Iivi Riivits,Iivi Riivits,62
614524,Uuno Ojala,Uuno Ojala,161
614524,Ellen Hõim,Ellen Hõim,41
614524,Tiiu Jalakas,Tiiu Jalakas,155
614524,Kai Ruga,Kai Ruga,79
614525,Heiki Pärdi,Heiki Pärdi,56
614525,Aado Lintrop,Aado Lintrop,7
614525,Armin Raidma,Armin Raidma,24
614525,Iivi Riivits,Iivi Riivits,62
614525,Uuno Ojala,Uuno Ojala,161
614525,Ellen Hõim,Ellen Hõim,41
614525,Tiiu Jalakas,Tiiu Jalakas,155
614525,Kai Ruga,Kai Ruga,79
614526,Heiki Pärdi,Heiki Pärdi,56
614526,Aado Lintrop,Aado Lintrop,7
614526,Armin Raidma,Armin Raidma,24
614526,Iivi Riivits,Iivi Riivits,62
614526,Uuno Ojala,Uuno Ojala,161
614526,Ellen Hõim,Ellen Hõim,41
614526,Tiiu Jalakas,Tiiu Jalakas,155
614526,Kai Ruga,Kai Ruga,79
614527,Heiki Pärdi,Heiki Pärdi,56
614527,Aado Lintrop,Aado Lintrop,7
614527,Armin Raidma,Armin Raidma,24
614527,Iivi Riivits,Iivi Riivits,62
614527,Uuno Ojala,Uuno Ojala,161
614527,Ellen Hõim,Ellen Hõim,41
614527,Tiiu Jalakas,Tiiu Jalakas,155
614527,Kai Ruga,Kai Ruga,79
614528,Heiki Pärdi,Heiki Pärdi,56
614528,Aado Lintrop,Aado Lintrop,7
614528,Armin Raidma,Armin Raidma,24
614528,Iivi Riivits,Iivi Riivits,62
614528,Uuno Ojala,Uuno Ojala,161
614528,Ellen Hõim,Ellen Hõim,41
614528,Tiiu Jalakas,Tiiu Jalakas,155
614528,Kai Ruga,Kai Ruga,79
614529,Heiki Pärdi,Heiki Pärdi,56
614529,Aado Lintrop,Aado Lintrop,7
614529,Armin Raidma,Armin Raidma,24
614529,Iivi Riivits,Iivi Riivits,62
614529,Uuno Ojala,Uuno Ojala,161
614529,Ellen Hõim,Ellen Hõim,41
614529,Tiiu Jalakas,Tiiu Jalakas,155
614529,Kai Ruga,Kai Ruga,79
614530,Heiki Pärdi,Heiki Pärdi,56
614530,Aado Lintrop,Aado Lintrop,7
614530,Armin Raidma,Armin Raidma,24
614530,Iivi Riivits,Iivi Riivits,62
614530,Uuno Ojala,Uuno Ojala,161
614530,Ellen Hõim,Ellen Hõim,41
614530,Tiiu Jalakas,Tiiu Jalakas,155
614530,Kai Ruga,Kai Ruga,79
614531,Heiki Pärdi,Heiki Pärdi,56
614531,Aado Lintrop,Aado Lintrop,7
614531,Armin Raidma,Armin Raidma,24
614531,Iivi Riivits,Iivi Riivits,62
614531,Uuno Ojala,Uuno Ojala,161
614531,Ellen Hõim,Ellen Hõim,41
614531,Tiiu Jalakas,Tiiu Jalakas,155
614531,Kai Ruga,Kai Ruga,79
614532,Heiki Pärdi,Heiki Pärdi,56
614532,Aado Lintrop,Aado Lintrop,7
614532,Armin Raidma,Armin Raidma,24
614532,Iivi Riivits,Iivi Riivits,62
614532,Uuno Ojala,Uuno Ojala,161
614532,Ellen Hõim,Ellen Hõim,41
614532,Tiiu Jalakas,Tiiu Jalakas,155
614532,Kai Ruga,Kai Ruga,79
614533,Heiki Pärdi,Heiki Pärdi,56
614533,Aado Lintrop,Aado Lintrop,7
614533,Armin Raidma,Armin Raidma,24
614533,Iivi Riivits,Iivi Riivits,62
614533,Uuno Ojala,Uuno Ojala,161
614533,Ellen Hõim,Ellen Hõim,41
614533,Tiiu Jalakas,Tiiu Jalakas,155
614533,Kai Ruga,Kai Ruga,79
614534,Heiki Pärdi,Heiki Pärdi,56
614534,Aado Lintrop,Aado Lintrop,7
614534,Armin Raidma,Armin Raidma,24
614534,Iivi Riivits,Iivi Riivits,62
614534,Uuno Ojala,Uuno Ojala,161
614534,Ellen Hõim,Ellen Hõim,41
614534,Tiiu Jalakas,Tiiu Jalakas,155
614534,Kai Ruga,Kai Ruga,79
614535,Heiki Pärdi,Heiki Pärdi,56
614535,Aado Lintrop,Aado Lintrop,7
614535,Armin Raidma,Armin Raidma,24
614535,Iivi Riivits,Iivi Riivits,62
614535,Uuno Ojala,Uuno Ojala,161
614535,Ellen Hõim,Ellen Hõim,41
614535,Tiiu Jalakas,Tiiu Jalakas,155
614535,Kai Ruga,Kai Ruga,79
614536,Heiki Pärdi,Heiki Pärdi,56
614536,Aado Lintrop,Aado Lintrop,7
614536,Armin Raidma,Armin Raidma,24
614536,Iivi Riivits,Iivi Riivits,62
614536,Uuno Ojala,Uuno Ojala,161
614536,Ellen Hõim,Ellen Hõim,41
614536,Tiiu Jalakas,Tiiu Jalakas,155
614536,Kai Ruga,Kai Ruga,79
614537,Heiki Pärdi,Heiki Pärdi,56
614537,Aado Lintrop,Aado Lintrop,7
614537,Armin Raidma,Armin Raidma,24
614537,Iivi Riivits,Iivi Riivits,62
614537,Uuno Ojala,Uuno Ojala,161
614537,Ellen Hõim,Ellen Hõim,41
614537,Tiiu Jalakas,Tiiu Jalakas,155
614537,Kai Ruga,Kai Ruga,79
614538,Heiki Pärdi,Heiki Pärdi,56
614538,Aado Lintrop,Aado Lintrop,7
614538,Armin Raidma,Armin Raidma,24
614538,Iivi Riivits,Iivi Riivits,62
614538,Uuno Ojala,Uuno Ojala,161
614538,Ellen Hõim,Ellen Hõim,41
614538,Tiiu Jalakas,Tiiu Jalakas,155
614538,Kai Ruga,Kai Ruga,79
614539,Heiki Pärdi,Heiki Pärdi,56
614539,Aado Lintrop,Aado Lintrop,7
614539,Armin Raidma,Armin Raidma,24
614539,Iivi Riivits,Iivi Riivits,62
614539,Uuno Ojala,Uuno Ojala,161
614539,Ellen Hõim,Ellen Hõim,41
614539,Tiiu Jalakas,Tiiu Jalakas,155
614539,Kai Ruga,Kai Ruga,79
614540,Heiki Pärdi,Heiki Pärdi,56
614540,Aado Lintrop,Aado Lintrop,7
614540,Armin Raidma,Armin Raidma,24
614540,Iivi Riivits,Iivi Riivits,62
614540,Uuno Ojala,Uuno Ojala,161
614540,Ellen Hõim,Ellen Hõim,41
614540,Tiiu Jalakas,Tiiu Jalakas,155
614540,Kai Ruga,Kai Ruga,79
614541,Heiki Pärdi,Heiki Pärdi,56
614541,Aado Lintrop,Aado Lintrop,7
614541,Armin Raidma,Armin Raidma,24
614541,Iivi Riivits,Iivi Riivits,62
614541,Uuno Ojala,Uuno Ojala,161
614541,Ellen Hõim,Ellen Hõim,41
614541,Tiiu Jalakas,Tiiu Jalakas,155
614541,Kai Ruga,Kai Ruga,79
614542,Heiki Pärdi,Heiki Pärdi,56
614542,Aado Lintrop,Aado Lintrop,7
614542,Armin Raidma,Armin Raidma,24
614542,Iivi Riivits,Iivi Riivits,62
614542,Uuno Ojala,Uuno Ojala,161
614542,Ellen Hõim,Ellen Hõim,41
614542,Tiiu Jalakas,Tiiu Jalakas,155
614542,Kai Ruga,Kai Ruga,79
614543,Heiki Pärdi,Heiki Pärdi,56
614543,Aado Lintrop,Aado Lintrop,7
614543,Armin Raidma,Armin Raidma,24
614543,Iivi Riivits,Iivi Riivits,62
614543,Uuno Ojala,Uuno Ojala,161
614543,Ellen Hõim,Ellen Hõim,41
614543,Tiiu Jalakas,Tiiu Jalakas,155
614543,Kai Ruga,Kai Ruga,79
614544,Heiki Pärdi,Heiki Pärdi,56
614544,Aado Lintrop,Aado Lintrop,7
614544,Armin Raidma,Armin Raidma,24
614544,Iivi Riivits,Iivi Riivits,62
614544,Uuno Ojala,Uuno Ojala,161
614544,Ellen Hõim,Ellen Hõim,41
614544,Tiiu Jalakas,Tiiu Jalakas,155
614544,Kai Ruga,Kai Ruga,79
614545,Heiki Pärdi,Heiki Pärdi,56
614545,Aado Lintrop,Aado Lintrop,7
614545,Armin Raidma,Armin Raidma,24
614545,Iivi Riivits,Iivi Riivits,62
614545,Uuno Ojala,Uuno Ojala,161
614545,Ellen Hõim,Ellen Hõim,41
614545,Tiiu Jalakas,Tiiu Jalakas,155
614545,Kai Ruga,Kai Ruga,79
614546,Heiki Pärdi,Heiki Pärdi,56
614546,Aado Lintrop,Aado Lintrop,7
614546,Armin Raidma,Armin Raidma,24
614546,Iivi Riivits,Iivi Riivits,62
614546,Uuno Ojala,Uuno Ojala,161
614546,Ellen Hõim,Ellen Hõim,41
614546,Tiiu Jalakas,Tiiu Jalakas,155
614546,Kai Ruga,Kai Ruga,79
614547,Heiki Pärdi,Heiki Pärdi,56
614547,Aado Lintrop,Aado Lintrop,7
614547,Armin Raidma,Armin Raidma,24
614547,Iivi Riivits,Iivi Riivits,62
614547,Uuno Ojala,Uuno Ojala,161
614547,Ellen Hõim,Ellen Hõim,41
614547,Tiiu Jalakas,Tiiu Jalakas,155
614547,Kai Ruga,Kai Ruga,79
614548,Heiki Pärdi,Heiki Pärdi,56
614548,Aado Lintrop,Aado Lintrop,7
614548,Armin Raidma,Armin Raidma,24
614548,Iivi Riivits,Iivi Riivits,62
614548,Uuno Ojala,Uuno Ojala,161
614548,Ellen Hõim,Ellen Hõim,41
614548,Tiiu Jalakas,Tiiu Jalakas,155
614548,Kai Ruga,Kai Ruga,79
614549,Heiki Pärdi,Heiki Pärdi,56
614549,Aado Lintrop,Aado Lintrop,7
614549,Armin Raidma,Armin Raidma,24
614549,Iivi Riivits,Iivi Riivits,62
614549,Uuno Ojala,Uuno Ojala,161
614549,Ellen Hõim,Ellen Hõim,41
614549,Tiiu Jalakas,Tiiu Jalakas,155
614549,Kai Ruga,Kai Ruga,79
614550,Heiki Pärdi,Heiki Pärdi,56
614550,Aado Lintrop,Aado Lintrop,7
614550,Armin Raidma,Armin Raidma,24
614550,Iivi Riivits,Iivi Riivits,62
614550,Uuno Ojala,Uuno Ojala,161
614550,Ellen Hõim,Ellen Hõim,41
614550,Tiiu Jalakas,Tiiu Jalakas,155
614550,Kai Ruga,Kai Ruga,79
614551,Heiki Pärdi,Heiki Pärdi,56
614551,Aado Lintrop,Aado Lintrop,7
614551,Armin Raidma,Armin Raidma,24
614551,Iivi Riivits,Iivi Riivits,62
614551,Uuno Ojala,Uuno Ojala,161
614551,Ellen Hõim,Ellen Hõim,41
614551,Tiiu Jalakas,Tiiu Jalakas,155
614551,Kai Ruga,Kai Ruga,79
614552,Heiki Pärdi,Heiki Pärdi,56
614552,Aado Lintrop,Aado Lintrop,7
614552,Armin Raidma,Armin Raidma,24
614552,Iivi Riivits,Iivi Riivits,62
614552,Uuno Ojala,Uuno Ojala,161
614552,Ellen Hõim,Ellen Hõim,41
614552,Tiiu Jalakas,Tiiu Jalakas,155
614552,Kai Ruga,Kai Ruga,79
614553,Heiki Pärdi,Heiki Pärdi,56
614553,Aado Lintrop,Aado Lintrop,7
614553,Armin Raidma,Armin Raidma,24
614553,Iivi Riivits,Iivi Riivits,62
614553,Uuno Ojala,Uuno Ojala,161
614553,Ellen Hõim,Ellen Hõim,41
614553,Tiiu Jalakas,Tiiu Jalakas,155
614553,Kai Ruga,Kai Ruga,79
614554,Heiki Pärdi,Heiki Pärdi,56
614554,Aado Lintrop,Aado Lintrop,7
614554,Armin Raidma,Armin Raidma,24
614554,Iivi Riivits,Iivi Riivits,62
614554,Uuno Ojala,Uuno Ojala,161
614554,Ellen Hõim,Ellen Hõim,41
614554,Tiiu Jalakas,Tiiu Jalakas,155
614554,Kai Ruga,Kai Ruga,79
614555,Heiki Pärdi,Heiki Pärdi,56
614555,Aado Lintrop,Aado Lintrop,7
614555,Armin Raidma,Armin Raidma,24
614555,Iivi Riivits,Iivi Riivits,62
614555,Uuno Ojala,Uuno Ojala,161
614555,Ellen Hõim,Ellen Hõim,41
614555,Tiiu Jalakas,Tiiu Jalakas,155
614555,Kai Ruga,Kai Ruga,79
614556,Heiki Pärdi,Heiki Pärdi,56
614556,Aado Lintrop,Aado Lintrop,7
614556,Armin Raidma,Armin Raidma,24
614556,Iivi Riivits,Iivi Riivits,62
614556,Uuno Ojala,Uuno Ojala,161
614556,Ellen Hõim,Ellen Hõim,41
614556,Tiiu Jalakas,Tiiu Jalakas,155
614556,Kai Ruga,Kai Ruga,79
614557,Heiki Pärdi,Heiki Pärdi,56
614557,Aado Lintrop,Aado Lintrop,7
614557,Armin Raidma,Armin Raidma,24
614557,Iivi Riivits,Iivi Riivits,62
614557,Uuno Ojala,Uuno Ojala,161
614557,Ellen Hõim,Ellen Hõim,41
614557,Tiiu Jalakas,Tiiu Jalakas,155
614557,Kai Ruga,Kai Ruga,79
614558,Heiki Pärdi,Heiki Pärdi,56
614558,Aado Lintrop,Aado Lintrop,7
614558,Armin Raidma,Armin Raidma,24
614558,Iivi Riivits,Iivi Riivits,62
614558,Uuno Ojala,Uuno Ojala,161
614558,Ellen Hõim,Ellen Hõim,41
614558,Tiiu Jalakas,Tiiu Jalakas,155
614558,Kai Ruga,Kai Ruga,79
614559,Heiki Pärdi,Heiki Pärdi,56
614559,Aado Lintrop,Aado Lintrop,7
614559,Armin Raidma,Armin Raidma,24
614559,Iivi Riivits,Iivi Riivits,62
614559,Uuno Ojala,Uuno Ojala,161
614559,Ellen Hõim,Ellen Hõim,41
614559,Tiiu Jalakas,Tiiu Jalakas,155
614559,Kai Ruga,Kai Ruga,79
614562,Heiki Pärdi,Heiki Pärdi,56
614562,Aado Lintrop,Aado Lintrop,7
614562,Armin Raidma,Armin Raidma,24
614562,Iivi Riivits,Iivi Riivits,62
614562,Uuno Ojala,Uuno Ojala,161
614562,Ellen Hõim,Ellen Hõim,41
614562,Tiiu Jalakas,Tiiu Jalakas,155
614562,Kai Ruga,Kai Ruga,79
614563,Heiki Pärdi,Heiki Pärdi,56
614563,Aado Lintrop,Aado Lintrop,7
614563,Armin Raidma,Armin Raidma,24
614563,Iivi Riivits,Iivi Riivits,62
614563,Uuno Ojala,Uuno Ojala,161
614563,Ellen Hõim,Ellen Hõim,41
614563,Tiiu Jalakas,Tiiu Jalakas,155
614563,Kai Ruga,Kai Ruga,79
614564,Heiki Pärdi,Heiki Pärdi,56
614564,Aado Lintrop,Aado Lintrop,7
614564,Armin Raidma,Armin Raidma,24
614564,Iivi Riivits,Iivi Riivits,62
614564,Uuno Ojala,Uuno Ojala,161
614564,Ellen Hõim,Ellen Hõim,41
614564,Tiiu Jalakas,Tiiu Jalakas,155
614564,Kai Ruga,Kai Ruga,79
614565,Heiki Pärdi,Heiki Pärdi,56
614565,Aado Lintrop,Aado Lintrop,7
614565,Armin Raidma,Armin Raidma,24
614565,Iivi Riivits,Iivi Riivits,62
614565,Uuno Ojala,Uuno Ojala,161
614565,Ellen Hõim,Ellen Hõim,41
614565,Tiiu Jalakas,Tiiu Jalakas,155
614565,Kai Ruga,Kai Ruga,79
614566,Heiki Pärdi,Heiki Pärdi,56
614566,Aado Lintrop,Aado Lintrop,7
614566,Armin Raidma,Armin Raidma,24
614566,Iivi Riivits,Iivi Riivits,62
614566,Uuno Ojala,Uuno Ojala,161
614566,Ellen Hõim,Ellen Hõim,41
614566,Tiiu Jalakas,Tiiu Jalakas,155
614566,Kai Ruga,Kai Ruga,79
614567,Heiki Pärdi,Heiki Pärdi,56
614567,Aado Lintrop,Aado Lintrop,7
614567,Armin Raidma,Armin Raidma,24
614567,Iivi Riivits,Iivi Riivits,62
614567,Uuno Ojala,Uuno Ojala,161
614567,Ellen Hõim,Ellen Hõim,41
614567,Tiiu Jalakas,Tiiu Jalakas,155
614567,Kai Ruga,Kai Ruga,79
614568,Heiki Pärdi,Heiki Pärdi,56
614568,Aado Lintrop,Aado Lintrop,7
614568,Armin Raidma,Armin Raidma,24
614568,Iivi Riivits,Iivi Riivits,62
614568,Uuno Ojala,Uuno Ojala,161
614568,Ellen Hõim,Ellen Hõim,41
614568,Tiiu Jalakas,Tiiu Jalakas,155
614568,Kai Ruga,Kai Ruga,79
614569,Heiki Pärdi,Heiki Pärdi,56
614569,Aado Lintrop,Aado Lintrop,7
614569,Armin Raidma,Armin Raidma,24
614569,Iivi Riivits,Iivi Riivits,62
614569,Uuno Ojala,Uuno Ojala,161
614569,Ellen Hõim,Ellen Hõim,41
614569,Tiiu Jalakas,Tiiu Jalakas,155
614569,Kai Ruga,Kai Ruga,79
614570,Heiki Pärdi,Heiki Pärdi,56
614570,Aado Lintrop,Aado Lintrop,7
614570,Armin Raidma,Armin Raidma,24
614570,Iivi Riivits,Iivi Riivits,62
614570,Uuno Ojala,Uuno Ojala,161
614570,Ellen Hõim,Ellen Hõim,41
614570,Tiiu Jalakas,Tiiu Jalakas,155
614570,Kai Ruga,Kai Ruga,79
614571,Heiki Pärdi,Heiki Pärdi,56
614571,Aado Lintrop,Aado Lintrop,7
614571,Armin Raidma,Armin Raidma,24
614571,Iivi Riivits,Iivi Riivits,62
614571,Uuno Ojala,Uuno Ojala,161
614571,Ellen Hõim,Ellen Hõim,41
614571,Tiiu Jalakas,Tiiu Jalakas,155
614571,Kai Ruga,Kai Ruga,79
614572,Heiki Pärdi,Heiki Pärdi,56
614572,Aado Lintrop,Aado Lintrop,7
614572,Armin Raidma,Armin Raidma,24
614572,Iivi Riivits,Iivi Riivits,62
614572,Uuno Ojala,Uuno Ojala,161
614572,Ellen Hõim,Ellen Hõim,41
614572,Tiiu Jalakas,Tiiu Jalakas,155
614572,Kai Ruga,Kai Ruga,79
614573,Heiki Pärdi,Heiki Pärdi,56
614573,Aado Lintrop,Aado Lintrop,7
614573,Armin Raidma,Armin Raidma,24
614573,Iivi Riivits,Iivi Riivits,62
614573,Uuno Ojala,Uuno Ojala,161
614573,Ellen Hõim,Ellen Hõim,41
614573,Tiiu Jalakas,Tiiu Jalakas,155
614573,Kai Ruga,Kai Ruga,79
614574,Heiki Pärdi,Heiki Pärdi,56
614574,Aado Lintrop,Aado Lintrop,7
614574,Armin Raidma,Armin Raidma,24
614574,Iivi Riivits,Iivi Riivits,62
614574,Uuno Ojala,Uuno Ojala,161
614574,Ellen Hõim,Ellen Hõim,41
614574,Tiiu Jalakas,Tiiu Jalakas,155
614574,Kai Ruga,Kai Ruga,79
614667,Heno Sarv,Heno Sarv,58
614668,Heno Sarv,Heno Sarv,58
614669,Heno Sarv,Heno Sarv,58
614670,Heno Sarv,Heno Sarv,58
614671,Heno Sarv,Heno Sarv,58
614672,Heno Sarv,Heno Sarv,58
614673,Heno Sarv,Heno Sarv,58
614674,Heno Sarv,Heno Sarv,58
614675,Heno Sarv,Heno Sarv,58
614676,Heno Sarv,Heno Sarv,58
614677,Heno Sarv,Heno Sarv,58
614678,Heno Sarv,Heno Sarv,58
614679,Heno Sarv,Heno Sarv,58
614681,Heno Sarv,Heno Sarv,58
614684,Heno Sarv,Heno Sarv,58
614689,Heno Sarv,Heno Sarv,58
614694,Heno Sarv,Heno Sarv,58
614695,Heno Sarv,Heno Sarv,58
614698,Edgar Saar,Edgar Saar,33
614699,Edgar Saar,Edgar Saar,33
614701,Edgar Saar,Edgar Saar,33
614702,Edgar Saar,Edgar Saar,33
614703,Edgar Saar,Edgar Saar,33
614704,Edgar Saar,Edgar Saar,33
614706,Edgar Saar,Edgar Saar,33
614707,Edgar Saar,Edgar Saar,33
614708,Edgar Saar,Edgar Saar,33
614710,Edgar Saar,Edgar Saar,33
614711,Edgar Saar,Edgar Saar,33
614712,Edgar Saar,Edgar Saar,33
614713,Edgar Saar,Edgar Saar,33
614714,Edgar Saar,Edgar Saar,33
614715,Edgar Saar,Edgar Saar,33
614718,Edgar Saar,Edgar Saar,33
614720,Edgar Saar,Edgar Saar,33
614721,Edgar Saar,Edgar Saar,33
614722,Edgar Saar,Edgar Saar,33
614723,Edgar Saar,Edgar Saar,33
614724,Edgar Saar,Edgar Saar,33
614725,Edgar Saar,Edgar Saar,33
614726,Edgar Saar,Edgar Saar,33
614727,Edgar Saar,Edgar Saar,33
614728,Edgar Saar,Edgar Saar,33
614729,Edgar Saar,Edgar Saar,33
614730,Edgar Saar,Edgar Saar,33
614731,Edgar Saar,Edgar Saar,33
614732,Edgar Saar,Edgar Saar,33
614733,Edgar Saar,Edgar Saar,33
614734,Edgar Saar,Edgar Saar,33
614735,Edgar Saar,Edgar Saar,33
614736,Edgar Saar,Edgar Saar,33
614737,Edgar Saar,Edgar Saar,33
614738,Edgar Saar,Edgar Saar,33
614739,Edgar Saar,Edgar Saar,33
614740,Edgar Saar,Edgar Saar,33
614760,Aleksei Peterson,Aleksei Peterson,17
614761,Aleksei Peterson,Aleksei Peterson,17
614762,Aleksei Peterson,Aleksei Peterson,17
614763,Aleksei Peterson,Aleksei Peterson,17
614764,Aleksei Peterson,Aleksei Peterson,17
614765,Aleksei Peterson,Aleksei Peterson,17
614766,Aleksei Peterson,Aleksei Peterson,17
614767,Edgar Saar,Edgar Saar,33
614767,Pavel Tšubarov,Pavel Tšhubarov,131
614768,Kalju Konsin,Kalju Konsin,83
614769,Kalju Konsin,Kalju Konsin,83
614770,Kalju Konsin,Kalju Konsin,83
614771,Kalju Konsin,Kalju Konsin,83
614772,Kalju Konsin,Kalju Konsin,83
614773,Kalju Konsin,Kalju Konsin,83
614774,Kalju Konsin,Kalju Konsin,83
614775,Kalju Konsin,Kalju Konsin,83
614776,Kalju Konsin,Kalju Konsin,83
614777,Kalju Konsin,Kalju Konsin,83
614778,Kalju Konsin,Kalju Konsin,83
614779,Kalju Konsin,Kalju Konsin,83
614780,Kalju Konsin,Kalju Konsin,83
614781,Kalju Konsin,Kalju Konsin,83
614782,Kalju Konsin,Kalju Konsin,83
614783,Kalju Konsin,Kalju Konsin,83
614784,Kalju Konsin,Kalju Konsin,83
614785,Kalju Konsin,Kalju Konsin,83
614786,Kalju Konsin,Kalju Konsin,83
614787,Kalju Konsin,Kalju Konsin,83
614788,Kalju Konsin,Kalju Konsin,83
614789,Kalju Konsin,Kalju Konsin,83
614790,Kalju Konsin,Kalju Konsin,83
614791,Kalju Konsin,Kalju Konsin,83
614792,Kalju Konsin,Kalju Konsin,83
614793,Kalju Konsin,Kalju Konsin,83
614794,Kalju Konsin,Kalju Konsin,83
614795,Kalju Konsin,Kalju Konsin,83
614796,Kalju Konsin,Kalju Konsin,83
614797,Kalju Konsin,Kalju Konsin,83
614798,Kalju Konsin,Kalju Konsin,83
614799,Kalju Konsin,Kalju Konsin,83
614800,Kalju Konsin,Kalju Konsin,83
614801,Kalju Konsin,Kalju Konsin,83
614802,Kalju Konsin,Kalju Konsin,83
614803,Kalju Konsin,Kalju Konsin,83
614804,Kalju Konsin,Kalju Konsin,83
614805,Kalju Konsin,Kalju Konsin,83
614806,Kalju Konsin,Kalju Konsin,83
614807,Jüri Viikberg,Jüri Viikberg,74
614808,Jüri Viikberg,Jüri Viikberg,74
614813,Aleksei Peterson,Aleksei Peterson,17
614814,Kalju Konsin,Kalju Konsin,83
614815,Kalju Konsin,Kalju Konsin,83
614816,Kalju Konsin,Kalju Konsin,83
614817,Kalju Konsin,Kalju Konsin,83
614818,Aleksei Peterson,Aleksei Peterson,17
614819,Aleksei Peterson,Aleksei Peterson,17
614820,Aleksei Peterson,Aleksei Peterson,17
614821,Aleksei Peterson,Aleksei Peterson,17
614822,Aleksei Peterson,Aleksei Peterson,17
614823,Aleksei Peterson,Aleksei Peterson,17
614824,Aleksei Peterson,Aleksei Peterson,17
614825,Aleksei Peterson,Aleksei Peterson,17
614826,Aleksei Peterson,Aleksei Peterson,17
614841,Heiki Pärdi,Heiki Pärdi,56
614841,Katrin Liiase,Katrin Liias,89
614841,Priit Härmase,Priit Härmas,139
614842,Heiki Pärdi,Heiki Pärdi,56
614842,Katrin Liiase,Katrin Liias,89
614842,Priit Härmase,Priit Härmas,139
614843,Heiki Pärdi,Heiki Pärdi,56
614843,Katrin Liiase,Katrin Liias,89
614843,Priit Härmase,Priit Härmas,139
614844,Heiki Pärdi,Heiki Pärdi,56
614844,Katrin Liiase,Katrin Liias,89
614844,Priit Härmase,Priit Härmas,139
614845,Heiki Pärdi,Heiki Pärdi,56
614845,Katrin Liiase,Katrin Liias,89
614845,Priit Härmase,Priit Härmas,139
614846,Heiki Pärdi,Heiki Pärdi,56
614846,Katrin Liiase,Katrin Liias,89
614846,Priit Härmase,Priit Härmas,139
614847,Heiki Pärdi,Heiki Pärdi,56
614847,Katrin Liiase,Katrin Liias,89
614847,Priit Härmase,Priit Härmas,139
614848,Heiki Pärdi,Heiki Pärdi,56
614848,Katrin Liiase,Katrin Liias,89
614848,Priit Härmase,Priit Härmas,139
614849,Heiki Pärdi,Heiki Pärdi,56
614849,Katrin Liiase,Katrin Liias,89
614849,Priit Härmase,Priit Härmas,139
614850,Heiki Pärdi,Heiki Pärdi,56
614850,Katrin Liiase,Katrin Liias,89
614850,Priit Härmase,Priit Härmas,139
614851,Heiki Pärdi,Heiki Pärdi,56
614851,Katrin Liiase,Katrin Liias,89
614851,Priit Härmase,Priit Härmas,139
614852,Heiki Pärdi,Heiki Pärdi,56
614852,Katrin Liiase,Katrin Liias,89
614852,Priit Härmase,Priit Härmas,139
614854,Heiki Pärdi,Heiki Pärdi,56
614854,Katrin Liias,Katrin Liias,88
614854,Priit Härmas,Priit Härmas,138
614856,Heiki Pärdi,Heiki Pärdi,56
614856,Katrin Liias,Katrin Liias,88
614856,Priit Härmas,Priit Härmas,138
614857,Heiki Pärdi,Heiki Pärdi,56
614857,Katrin Liias,Katrin Liias,88
614857,Priit Härmas,Priit Härmas,138
614858,Heiki Pärdi,Heiki Pärdi,56
614858,Katrin Liias,Katrin Liias,88
614858,Priit Härmas,Priit Härmas,138
614859,Heiki Pärdi,Heiki Pärdi,56
614859,Katrin Liias,Katrin Liias,88
614859,Priit Härmas,Priit Härmas,138
614860,Heiki Pärdi,Heiki Pärdi,56
614860,Katrin Liias,Katrin Liias,88
614860,Priit Härmas,Priit Härmas,138
614861,Heiki Pärdi,Heiki Pärdi,56
614861,Katrin Liias,Katrin Liias,88
614861,Priit Härmas,Priit Härmas,138
614863,Heiki Pärdi,Heiki Pärdi,56
614863,Katrin Liias,Katrin Liias,88
614863,Priit Härmas,Priit Härmas,138
614864,Heiki Pärdi,Heiki Pärdi,56
614864,Katrin Liias,Katrin Liias,88
614864,Priit Härmas,Priit Härmas,138
614865,Heiki Pärdi,Heiki Pärdi,56
614865,Katrin Liias,Katrin Liias,88
614865,Priit Härmas,Priit Härmas,138
614866,Heiki Pärdi,Heiki Pärdi,56
614866,Katrin Liias,Katrin Liias,88
614866,Priit Härmas,Priit Härmas,138
614867,Heiki Pärdi,Heiki Pärdi,56
614867,Katrin Liias,Katrin Liias,88
614867,Priit Härmas,Priit Härmas,138
614868,Heiki Pärdi,Heiki Pärdi,56
614868,Katrin Liias,Katrin Liias,88
614868,Priit Härmas,Priit Härmas,138
614869,Heiki Pärdi,Heiki Pärdi,56
614869,Katrin Liias,Katrin Liias,88
614869,Priit Härmas,Priit Härmas,138
614870,Heiki Pärdi,Heiki Pärdi,56
614870,Katrin Liias,Katrin Liias,88
614870,Priit Härmas,Priit Härmas,138
614871,Heiki Pärdi,Heiki Pärdi,56
614871,Katrin Liias,Katrin Liias,88
614871,Priit Härmas,Priit Härmas,138
614872,Heiki Pärdi,Heiki Pärdi,56
614872,Katrin Liias,Katrin Liias,88
614872,Priit Härmas,Priit Härmas,138
614873,Heiki Pärdi,Heiki Pärdi,56
614873,Katrin Liias,Katrin Liias,88
614873,Priit Härmas,Priit Härmas,138
614874,Heiki Pärdi,Heiki Pärdi,56
614874,Katrin Liias,Katrin Liias,88
614874,Priit Härmas,Priit Härmas,138
614875,Heiki Pärdi,Heiki Pärdi,56
614875,Katrin Liias,Katrin Liias,88
614875,Priit Härmas,Priit Härmas,138
614876,Heiki Pärdi,Heiki Pärdi,56
614876,Katrin Liias,Katrin Liias,88
614876,Priit Härmas,Priit Härmas,138
614877,Heiki Pärdi,Heiki Pärdi,56
614877,Katrin Liias,Katrin Liias,88
614877,Priit Härmas,Priit Härmas,138
614878,Heiki Pärdi,Heiki Pärdi,56
614878,Katrin Liias,Katrin Liias,88
614878,Priit Härmas,Priit Härmas,138
614879,Heiki Pärdi,Heiki Pärdi,56
614879,Katrin Liias,Katrin Liias,88
614879,Priit Härmas,Priit Härmas,138
614880,Heiki Pärdi,Heiki Pärdi,56
614880,Katrin Liias,Katrin Liias,88
614880,Priit Härmas,Priit Härmas,138
614881,Heiki Pärdi,Heiki Pärdi,56
614881,Katrin Liias,Katrin Liias,88
614881,Priit Härmas,Priit Härmas,138
614882,Heiki Pärdi,Heiki Pärdi,56
614882,Katrin Liias,Katrin Liias,88
614882,Priit Härmas,Priit Härmas,138
614883,Heiki Pärdi,Heiki Pärdi,56
614883,Katrin Liias,Katrin Liias,88
614883,Priit Härmas,Priit Härmas,138
614884,Heiki Pärdi,Heiki Pärdi,56
614884,Katrin Liias,Katrin Liias,88
614884,Priit Härmas,Priit Härmas,138
614885,Heiki Pärdi,Heiki Pärdi,56
614885,Katrin Liias,Katrin Liias,88
614885,Priit Härmas,Priit Härmas,138
614886,Heiki Pärdi,Heiki Pärdi,56
614886,Katrin Liias,Katrin Liias,88
614886,Priit Härmas,Priit Härmas,138
614887,Heiki Pärdi,Heiki Pärdi,56
614887,Katrin Liias,Katrin Liias,88
614887,Priit Härmas,Priit Härmas,138
614888,Heiki Pärdi,Heiki Pärdi,56
614888,Katrin Liias,Katrin Liias,88
614888,Priit Härmas,Priit Härmas,138
614889,Heiki Pärdi,Heiki Pärdi,56
614889,Katrin Liias,Katrin Liias,88
614889,Priit Härmas,Priit Härmas,138
614890,Aleksei Peterson,Aleksei Peterson,17
614890,Jüri Karm,Jüri Karm,71
614891,Aleksei Peterson,Aleksei Peterson,17
614891,Jüri Karm,Jüri Karm,71
614892,Aleksei Peterson,Aleksei Peterson,17
614892,Jüri Karm,Jüri Karm,71
614893,Aleksei Peterson,Aleksei Peterson,17
614893,Jüri Karm,Jüri Karm,71
614894,Aleksei Peterson,Aleksei Peterson,17
614894,Jüri Karm,Jüri Karm,71
614895,Aleksei Peterson,Aleksei Peterson,17
614895,Jüri Karm,Jüri Karm,71
614896,Aleksei Peterson,Aleksei Peterson,17
614896,Jüri Karm,Jüri Karm,71
614897,Aleksei Peterson,Aleksei Peterson,17
614897,Jüri Karm,Jüri Karm,71
614899,Aleksei Peterson,Aleksei Peterson,17
614899,Jüri Karm,Jüri Karm,71
614900,Aleksei Peterson,Aleksei Peterson,17
614900,Jüri Karm,Jüri Karm,71
614901,Aleksei Peterson,Aleksei Peterson,17
614901,Jüri Karm,Jüri Karm,71
614902,Aleksei Peterson,Aleksei Peterson,17
614902,Jüri Karm,Jüri Karm,71
614903,Aleksei Peterson,Aleksei Peterson,17
614903,Jüri Karm,Jüri Karm,71
614904,Aleksei Peterson,Aleksei Peterson,17
614904,Jüri Karm,Jüri Karm,71
614905,Aleksei Peterson,Aleksei Peterson,17
614905,Jüri Karm,Jüri Karm,71
614906,Aleksei Peterson,Aleksei Peterson,17
614906,Jüri Karm,Jüri Karm,71
614907,Aleksei Peterson,Aleksei Peterson,17
614907,Jüri Karm,Jüri Karm,71
614910,Aleksei Peterson,Aleksei Peterson,17
614910,Jüri Karm,Jüri Karm,71
614911,Aleksei Peterson,Aleksei Peterson,17
614911,Jüri Karm,Jüri Karm,71
614912,Aleksei Peterson,Aleksei Peterson,17
614912,Jüri Karm,Jüri Karm,71
614913,Aleksei Peterson,Aleksei Peterson,17
614913,Jüri Karm,Jüri Karm,71
614914,Aleksei Peterson,Aleksei Peterson,17
614914,Jüri Karm,Jüri Karm,71
614916,Aleksei Peterson,Aleksei Peterson,17
614916,Jüri Karm,Jüri Karm,71
614917,Aleksei Peterson,Aleksei Peterson,17
614917,Jüri Karm,Jüri Karm,71
614918,Aleksei Peterson,Aleksei Peterson,17
614918,Jüri Karm,Jüri Karm,71
614919,Aleksei Peterson,Aleksei Peterson,17
614919,Jüri Karm,Jüri Karm,71
614920,Aleksei Peterson,Aleksei Peterson,17
614920,Jüri Karm,Jüri Karm,71
614921,Aleksei Peterson,Aleksei Peterson,17
614921,Jüri Karm,Jüri Karm,71
614922,Aleksei Peterson,Aleksei Peterson,17
614922,Jüri Karm,Jüri Karm,71
614923,Aleksei Peterson,Aleksei Peterson,17
614923,Jüri Karm,Jüri Karm,71
614924,Aleksei Peterson,Aleksei Peterson,17
614924,Jüri Karm,Jüri Karm,71
614925,Aleksei Peterson,Aleksei Peterson,17
614925,Jüri Karm,Jüri Karm,71
614926,Aleksei Peterson,Aleksei Peterson,17
614926,Jüri Karm,Jüri Karm,71
614927,Aleksei Peterson,Aleksei Peterson,17
614927,Jüri Karm,Jüri Karm,71
614929,Aleksei Peterson,Aleksei Peterson,17
614929,Jüri Karm,Jüri Karm,71
614930,Aleksei Peterson,Aleksei Peterson,17
614930,Jüri Karm,Jüri Karm,71
614931,Aleksei Peterson,Aleksei Peterson,17
614931,Jüri Karm,Jüri Karm,71
614932,Aleksei Peterson,Aleksei Peterson,17
614932,Jüri Karm,Jüri Karm,71
614933,Aleksei Peterson,Aleksei Peterson,17
614933,Jüri Karm,Jüri Karm,71
614934,Aleksei Peterson,Aleksei Peterson,17
614934,Jüri Karm,Jüri Karm,71
614935,Aleksei Peterson,Aleksei Peterson,17
614935,Jüri Karm,Jüri Karm,71
614936,Aleksei Peterson,Aleksei Peterson,17
614936,Jüri Karm,Jüri Karm,71
614937,Heiki Pärdi,Heiki Pärdi,56
614938,Heiki Pärdi,Heiki Pärdi,56
614939,Heiki Pärdi,Heiki Pärdi,56
614940,Heiki Pärdi,Heiki Pärdi,56
614942,Marje Joalaid,Marje Joalaid,114
614943,Marje Joalaiu,Marje Joalaid,115
614944,Marje Joalaid,Marje Joalaid,114
614945,Marje Joalaid,Marje Joalaid,114
614946,Marje Joalaid,Marje Joalaid,114
614947,Marje Joalaid,Marje Joalaid,114
614948,Marje Joalaid,Marje Joalaid,114
614949,Marje Joalaid,Marje Joalaid,114
614950,Marje Joalaid,Marje Joalaid,114
614951,Marje Joalaid,Marje Joalaid,114
614952,Marje Joalaid,Marje Joalaid,114
614953,Marje Joalaid,Marje Joalaid,114
614954,Marje Joalaid,Marje Joalaid,114
614955,Marje Joalaid,Marje Joalaid,114
614956,Marje Joalaid,Marje Joalaid,114
614957,Marje Joalaid,Marje Joalaid,114
614958,Marje Joalaid,Marje Joalaid,114
614959,Marje Joalaid,Marje Joalaid,114
614960,Marje Joalaid,Marje Joalaid,114
614961,Marje Joalaid,Marje Joalaid,114
614962,Marje Joalaid,Marje Joalaid,114
614963,Marje Joalaid,Marje Joalaid,114
614964,Marje Joalaid,Marje Joalaid,114
614965,Marje Joalaid,Marje Joalaid,114
614966,Marje Joalaid,Marje Joalaid,114
614967,Marje Joalaid,Marje Joalaid,114
614968,Marje Joalaid,Marje Joalaid,114
614969,Marje Joalaid,Marje Joalaid,114
614970,Marje Joalaid,Marje Joalaid,114
614971,Marje Joalaid,Marje Joalaid,114
614972,Marje Joalaid,Marje Joalaid,114
614973,Marje Joalaid,Marje Joalaid,114
614974,Marje Joalaid,Marje Joalaid,114
614975,Paul Ariste,Paul Ariste,127
614977,Kalju Põllu,Kaljo Põllu,85
614978,Edgar Saar,Edgar Saar,33
614979,Edgar Saar,Edgar Saar,33
614980,Edgar Saar,Edgar Saar,33
614981,Edgar Saare,Edgar Saar,34
614982,Edgar Saar,Edgar Saar,33
614983,Edgar Saar,Edgar Saar,33
614984,Edgar Saar,Edgar Saar,33
614985,Edgar Saar,Edgar Saar,33
614986,Edgar Saar,Edgar Saar,33
614987,Edgar Saar,Edgar Saar,33
614988,Aleksei Peterson,Aleksei Peterson,17
614988,Lembit Lepp,Lembit Lepp,97
614989,Aleksei Peterson,Aleksei Peterson,17
614989,Lembit Lepp,Lembit Lepp,97
614990,Aleksei Peterson,Aleksei Peterson,17
614990,Lembit Lepp,Lembit Lepp,97
614991,Aleksei Peterson,Aleksei Peterson,17
614991,Lembit Lepa,Lembit Lepp,96
614992,Aleksei Peterson,Aleksei Peterson,17
614992,Lembit Lepa,Lembit Lepp,96
614993,Aleksei Peterson,Aleksei Peterson,17
614993,Lembit Lepp,Lembit Lepp,97
614994,Aleksei Peterson,Aleksei Peterson,17
614994,Lembit Lepa,Lembit Lepp,96
614995,Aleksei Peterson,Aleksei Peterson,17
614995,Lembit Lepp,Lembit Lepp,97
614996,Aleksei Peterson,Aleksei Peterson,17
614996,Lembit Lepp,Lembit Lepp,97
614997,Aleksei Peterson,Aleksei Peterson,17
614997,Lembit Lepa,Lembit Lepp,96
614998,Aleksei Peterson,Aleksei Peterson,17
614998,Lembit Lepp,Lembit Lepp,97
614999,Aleksei Peterson,Aleksei Peterson,17
614999,Lembit Lepa,Lembit Lepp,96
615000,Aleksei Peterson,Aleksei Peterson,17
615000,Lembit Lepa,Lembit Lepp,96
615001,Aleksei Peterson,Aleksei Peterson,17
615001,Lembit Lepa,Lembit Lepp,96
615002,Aleksei Peterson,Aleksei Peterson,17
615002,Lembit Lepp,Lembit Lepp,97
615003,Aleksei Peterson,Aleksei Peterson,17
615003,Lembit Lepp,Lembit Lepp,97
615004,Aleksei Peterson,Aleksei Peterson,17
615004,Lembit Lepp,Lembit Lepp,97
615005,Aleksei Peterson,Aleksei Peterson,17
615005,Lembit Lepp,Lembit Lepp,97
615006,Aleksei Peterson,Aleksei Peterson,17
615006,Lembit Lepp,Lembit Lepp,97
615007,Aleksei Peterson,Aleksei Peterson,17
615007,Lembit Lepp,Lembit Lepp,97
615008,Aleksei Peterson,Aleksei Peterson,17
615008,Lembit Lepp,Lembit Lepp,97
615009,Aleksei Peterson,Aleksei Peterson,17
615009,Lembit Lepa,Lembit Lepp,96
615010,Aleksei Peterson,Aleksei Peterson,17
615010,Lembit Lepp,Lembit Lepp,97
615011,Aleksei Peterson,Aleksei Peterson,17
615011,Lembit Lepp,Lembit Lepp,97
615012,Aleksei Peterson,Aleksei Peterson,17
615012,Lembit Lepp,Lembit Lepp,97
615013,Aleksei Peterson,Aleksei Peterson,17
615013,Lembit Lepp,Lembit Lepp,97
615014,Aleksei Peterson,Aleksei Peterson,17
615014,Lembit Lepp,Lembit Lepp,97
615015,Aleksei Peterson,Aleksei Peterson,17
615015,Lembit Lepp,Lembit Lepp,97
615016,Aleksei Peterson,Aleksei Peterson,17
615016,Lembit Lepp,Lembit Lepp,97
615017,Aleksei Peterson,Aleksei Peterson,17
615017,Lembit Lepp,Lembit Lepp,97
615018,Aleksei Peterson,Aleksei Peterson,17
615018,Lembit Lepp,Lembit Lepp,97
615019,Aleksei Peterson,Aleksei Peterson,17
615019,Lembit Lepp,Lembit Lepp,97
615020,Aleksei Peterson,Aleksei Peterson,17
615020,Lembit Lepp,Lembit Lepp,97
615021,Aleksei Peterson,Aleksei Peterson,17
615021,Lembit Lepp,Lembit Lepp,97
615022,Aleksei Peterson,Aleksei Peterson,17
615022,Lembit Lepp,Lembit Lepp,97
615023,Aleksei Peterson,Aleksei Peterson,17
615023,Lembit Lepp,Lembit Lepp,97
615024,Aleksei Peterson,Aleksei Peterson,17
615024,Lembit Lepp,Lembit Lepp,97
615025,Aleksei Peterson,Aleksei Peterson,17
615025,Lembit Lepp,Lembit Lepp,97
615026,Aleksei Peterson,Aleksei Peterson,17
615026,Lembit Lepp,Lembit Lepp,97
615027,Aleksei Peterson,Aleksei Peterson,17
615027,Lembit Lepp,Lembit Lepp,97
615028,Aleksei Peterson,Aleksei Peterson,17
615028,Lembit Lepp,Lembit Lepp,97
615029,Aleksei Peterson,Aleksei Peterson,17
615029,Lembit Lepp,Lembit Lepp,97
615030,Aleksei Peterson,Aleksei Peterson,17
615030,Lembit Lepp,Lembit Lepp,97
615031,Aleksei Peterson,Aleksei Peterson,17
615031,Lembit Lepp,Lembit Lepp,97
615032,Aleksei Peterson,Aleksei Peterson,17
615032,Lembit Lepp,Lembit Lepp,97
615033,Aleksei Peterson,Aleksei Peterson,17
615033,Lembit Lepp,Lembit Lepp,97
615034,Aleksei Peterson,Aleksei Peterson,17
615034,Lembit Lepp,Lembit Lepp,97
615035,Aleksei Peterson,Aleksei Peterson,17
615035,Lembit Lepp,Lembit Lepp,97
615036,Aleksei Peterson,Aleksei Peterson,17
615036,Lembit Lepa,Lembit Lepp,96
615037,Aleksei Peterson,Aleksei Peterson,17
615037,Lembit Lepp,Lembit Lepp,97
615038,Aleksei Peterson,Aleksei Peterson,17
615038,Lembit Lepp,Lembit Lepp,97
615039,Aleksei Peterson,Aleksei Peterson,17
615040,Aleksei Peterson,Aleksei Peterson,17
615041,Aleksei Peterson,Aleksei Peterson,17
615042,Aleksei Peterson,Aleksei Peterson,17
615043,Aleksei Peterson,Aleksei Peterson,17
615044,Aleksei Peterson,Aleksei Peterson,17
615045,Aleksei Peterson,Aleksei Peterson,17
615046,Aleksei Peterson,Aleksei Peterson,17
615047,Aleksei Peterson,Aleksei Peterson,17
615048,Aleksei Peterson,Aleksei Peterson,17
615049,Aleksei Peterson,Aleksei Peterson,17
615050,Aleksei Peterson,Aleksei Peterson,17
615051,Aleksei Peterson,Aleksei Peterson,17
615052,Aleksei Peterson,Aleksei Peterson,17
615053,Aleksei Peterson,Aleksei Peterson,17
615054,Aleksei Peterson,Aleksei Peterson,17
615055,Aleksei Peterson,Aleksei Peterson,17
615056,Aleksei Peterson,Aleksei Peterson,17
615057,Aleksei Peterson,Aleksei Peterson,17
615058,Aleksei Peterson,Aleksei Peterson,17
615059,Aleksei Peterson,Aleksei Peterson,17
615060,Aleksei Peterson,Aleksei Peterson,17
615061,Aleksei Peterson,Aleksei Peterson,17
615062,Aleksei Peterson,Aleksei Peterson,17
615063,Aleksei Peterson,Aleksei Peterson,17
615064,Aleksei Peterson,Aleksei Peterson,17
615065,Aleksei Peterson,Aleksei Peterson,17
615066,Aleksei Peterson,Aleksei Peterson,17
615067,Aleksei Peterson,Aleksei Peterson,17
615068,Aleksei Peterson,Aleksei Peterson,17
615069,Aleksei Peterson,Aleksei Peterson,17
615070,Aleksei Peterson,Aleksei Peterson,17
615071,Aleksei Peterson,Aleksei Peterson,17
615072,Aleksei Peterson,Aleksei Peterson,17
615073,Aleksei Peterson,Aleksei Peterson,17
615074,Aleksei Peterson,Aleksei Peterson,17
615075,Aleksei Peterson,Aleksei Peterson,17
615076,Aleksei Peterson,Aleksei Peterson,17
615077,Aleksei Peterson,Aleksei Peterson,17
615078,Aleksei Peterson,Aleksei Peterson,17
615079,Aleksei Peterson,Aleksei Peterson,17
615080,Aleksei Peterson,Aleksei Peterson,17
615081,Aleksei Peterson,Aleksei Peterson,17
615082,Aleksei Peterson,Aleksei Peterson,17
615083,Aleksei Peterson,Aleksei Peterson,17
615084,Aleksei Peterson,Aleksei Peterson,17
615085,Aleksei Peterson,Aleksei Peterson,17
615086,Aleksei Peterson,Aleksei Peterson,17
615087,Aleksei Peterson,Aleksei Peterson,17
615088,Aleksei Peterson,Aleksei Peterson,17
615089,Aleksei Peterson,Aleksei Peterson,17
615090,Heiki Pärdi,Heiki Pärdi,56
615090,Aado Lintrop,Aado Lintrop,7
615090,Armin Raidma,Armin Raidma,24
615090,Iivi Riivits,Iivi Riivits,62
615090,Uuno Ojala,Uuno Ojala,161
615090,Ellen Hõim,Ellen Hõim,41
615090,Tiiu Jalakas,Tiiu Jalakas,155
615090,Kai Ruga,Kai Ruga,79
615091,Heiki Pärdi,Heiki Pärdi,56
615091,Aado Lintrop,Aado Lintrop,7
615091,Armin Raidma,Armin Raidma,24
615091,Iivi Riivits,Iivi Riivits,62
615091,Uuno Ojala,Uuno Ojala,161
615091,Ellen Hõim,Ellen Hõim,41
615091,Tiiu Jalakas,Tiiu Jalakas,155
615091,Kai Ruga,Kai Ruga,79
615092,Heiki Pärdi,Heiki Pärdi,56
615092,Aado Lintrop,Aado Lintrop,7
615092,Armin Raidma,Armin Raidma,24
615092,Iivi Riivits,Iivi Riivits,62
615092,Uuno Ojala,Uuno Ojala,161
615092,Ellen Hõim,Ellen Hõim,41
615092,Tiiu Jalakas,Tiiu Jalakas,155
615092,Kai Ruga,Kai Ruga,79
615093,Heiki Pärdi,Heiki Pärdi,56
615093,Aado Lintrop,Aado Lintrop,7
615093,Armin Raidma,Armin Raidma,24
615093,Iivi Riivits,Iivi Riivits,62
615093,Uuno Ojala,Uuno Ojala,161
615093,Ellen Hõim,Ellen Hõim,41
615093,Tiiu Jalakas,Tiiu Jalakas,155
615093,Kai Ruga,Kai Ruga,79
615094,Heiki Pärdi,Heiki Pärdi,56
615094,Aado Lintrop,Aado Lintrop,7
615094,Armin Raidma,Armin Raidma,24
615094,Iivi Riivits,Iivi Riivits,62
615094,Uuno Ojala,Uuno Ojala,161
615094,Ellen Hõim,Ellen Hõim,41
615094,Tiiu Jalakas,Tiiu Jalakas,155
615094,Kai Ruga,Kai Ruga,79
615096,Heiki Pärdi,Heiki Pärdi,56
615096,Aado Lintrop,Aado Lintrop,7
615096,Armin Raidma,Armin Raidma,24
615096,Iivi Riivits,Iivi Riivits,62
615096,Uuno Ojala,Uuno Ojala,161
615096,Ellen Hõim,Ellen Hõim,41
615096,Tiiu Jalakas,Tiiu Jalakas,155
615096,Kai Ruga,Kai Ruga,79
615097,Heiki Pärdi,Heiki Pärdi,56
615097,Aado Lintrop,Aado Lintrop,7
615097,Armin Raidma,Armin Raidma,24
615097,Iivi Riivits,Iivi Riivits,62
615097,Uuno Ojala,Uuno Ojala,161
615097,Ellen Hõim,Ellen Hõim,41
615097,Tiiu Jalakas,Tiiu Jalakas,155
615097,Kai Ruga,Kai Ruga,79
615098,Heiki Pärdi,Heiki Pärdi,56
615098,Aado Lintrop,Aado Lintrop,7
615098,Armin Raidma,Armin Raidma,24
615098,Iivi Riivits,Iivi Riivits,62
615098,Uuno Ojala,Uuno Ojala,161
615098,Ellen Hõim,Ellen Hõim,41
615098,Tiiu Jalakas,Tiiu Jalakas,155
615098,Kai Ruga,Kai Ruga,79
615099,Heiki Pärdi,Heiki Pärdi,56
615099,Aado Lintrop,Aado Lintrop,7
615099,Armin Raidma,Armin Raidma,24
615099,Iivi Riivits,Iivi Riivits,62
615099,Uuno Ojala,Uuno Ojala,161
615099,Ellen Hõim,Ellen Hõim,41
615099,Tiiu Jalakas,Tiiu Jalakas,155
615099,Kai Ruga,Kai Ruga,79
615100,Heiki Pärdi,Heiki Pärdi,56
615100,Aado Lintrop,Aado Lintrop,7
615100,Armin Raidma,Armin Raidma,24
615100,Iivi Riivits,Iivi Riivits,62
615100,Uuno Ojala,Uuno Ojala,161
615100,Ellen Hõim,Ellen Hõim,41
615100,Tiiu Jalakas,Tiiu Jalakas,155
615100,Kai Ruga,Kai Ruga,79
615101,Heiki Pärdi,Heiki Pärdi,56
615101,Aado Lintrop,Aado Lintrop,7
615101,Armin Raidma,Armin Raidma,24
615101,Iivi Riivits,Iivi Riivits,62
615101,Uuno Ojala,Uuno Ojala,161
615101,Ellen Hõim,Ellen Hõim,41
615101,Tiiu Jalakas,Tiiu Jalakas,155
615101,Kai Ruga,Kai Ruga,79
615102,Heiki Pärdi,Heiki Pärdi,56
615102,Aado Lintrop,Aado Lintrop,7
615102,Armin Raidma,Armin Raidma,24
615102,Iivi Riivits,Iivi Riivits,62
615102,Uuno Ojala,Uuno Ojala,161
615102,Ellen Hõim,Ellen Hõim,41
615102,Tiiu Jalakas,Tiiu Jalakas,155
615102,Kai Ruga,Kai Ruga,79
615103,Heiki Pärdi,Heiki Pärdi,56
615103,Aado Lintrop,Aado Lintrop,7
615103,Armin Raidma,Armin Raidma,24
615103,Iivi Riivits,Iivi Riivits,62
615103,Uuno Ojala,Uuno Ojala,161
615103,Ellen Hõim,Ellen Hõim,41
615103,Tiiu Jalakas,Tiiu Jalakas,155
615103,Kai Ruga,Kai Ruga,79
615104,Heiki Pärdi,Heiki Pärdi,56
615104,Aado Lintrop,Aado Lintrop,7
615104,Armin Raidma,Armin Raidma,24
615104,Iivi Riivits,Iivi Riivits,62
615104,Uuno Ojala,Uuno Ojala,161
615104,Ellen Hõim,Ellen Hõim,41
615104,Tiiu Jalakas,Tiiu Jalakas,155
615104,Kai Ruga,Kai Ruga,79
615105,Heiki Pärdi,Heiki Pärdi,56
615105,Aado Lintrop,Aado Lintrop,7
615105,Armin Raidma,Armin Raidma,24
615105,Iivi Riivits,Iivi Riivits,62
615105,Uuno Ojala,Uuno Ojala,161
615105,Ellen Hõim,Ellen Hõim,41
615105,Tiiu Jalakas,Tiiu Jalakas,155
615105,Kai Ruga,Kai Ruga,79
615106,Heiki Pärdi,Heiki Pärdi,56
615106,Aado Lintrop,Aado Lintrop,7
615106,Armin Raidma,Armin Raidma,24
615106,Iivi Riivits,Iivi Riivits,62
615106,Uuno Ojala,Uuno Ojala,161
615106,Ellen Hõim,Ellen Hõim,41
615106,Tiiu Jalakas,Tiiu Jalakas,155
615106,Kai Ruga,Kai Ruga,79
615107,Heiki Pärdi,Heiki Pärdi,56
615107,Aado Lintrop,Aado Lintrop,7
615107,Armin Raidma,Armin Raidma,24
615107,Iivi Riivits,Iivi Riivits,62
615107,Uuno Ojala,Uuno Ojala,161
615107,Ellen Hõim,Ellen Hõim,41
615107,Tiiu Jalakas,Tiiu Jalakas,155
615107,Kai Ruga,Kai Ruga,79
615108,Heiki Pärdi,Heiki Pärdi,56
615108,Aado Lintrop,Aado Lintrop,7
615108,Armin Raidma,Armin Raidma,24
615108,Iivi Riivits,Iivi Riivits,62
615108,Uuno Ojala,Uuno Ojala,161
615108,Ellen Hõim,Ellen Hõim,41
615108,Tiiu Jalakas,Tiiu Jalakas,155
615108,Kai Ruga,Kai Ruga,79
615109,Heiki Pärdi,Heiki Pärdi,56
615109,Aado Lintrop,Aado Lintrop,7
615109,Armin Raidma,Armin Raidma,24
615109,Iivi Riivits,Iivi Riivits,62
615109,Uuno Ojala,Uuno Ojala,161
615109,Ellen Hõim,Ellen Hõim,41
615109,Tiiu Jalakas,Tiiu Jalakas,155
615109,Kai Ruga,Kai Ruga,79
615110,Heiki Pärdi,Heiki Pärdi,56
615110,Aado Lintrop,Aado Lintrop,7
615110,Armin Raidma,Armin Raidma,24
615110,Iivi Riivits,Iivi Riivits,62
615110,Uuno Ojala,Uuno Ojala,161
615110,Ellen Hõim,Ellen Hõim,41
615110,Tiiu Jalakas,Tiiu Jalakas,155
615110,Kai Ruga,Kai Ruga,79
615111,Heiki Pärdi,Heiki Pärdi,56
615111,Aado Lintrop,Aado Lintrop,7
615111,Armin Raidma,Armin Raidma,24
615111,Iivi Riivits,Iivi Riivits,62
615111,Uuno Ojala,Uuno Ojala,161
615111,Ellen Hõim,Ellen Hõim,41
615111,Tiiu Jalakas,Tiiu Jalakas,155
615111,Kai Ruga,Kai Ruga,79
615112,Heiki Pärdi,Heiki Pärdi,56
615112,Aado Lintrop,Aado Lintrop,7
615112,Armin Raidma,Armin Raidma,24
615112,Iivi Riivits,Iivi Riivits,62
615112,Uuno Ojala,Uuno Ojala,161
615112,Ellen Hõim,Ellen Hõim,41
615112,Tiiu Jalakas,Tiiu Jalakas,155
615112,Kai Ruga,Kai Ruga,79
615113,Heiki Pärdi,Heiki Pärdi,56
615113,Aado Lintrop,Aado Lintrop,7
615113,Armin Raidma,Armin Raidma,24
615113,Iivi Riivits,Iivi Riivits,62
615113,Uuno Ojala,Uuno Ojala,161
615113,Ellen Hõim,Ellen Hõim,41
615113,Tiiu Jalakas,Tiiu Jalakas,155
615113,Kai Ruga,Kai Ruga,79
615114,Heiki Pärdi,Heiki Pärdi,56
615114,Aado Lintrop,Aado Lintrop,7
615114,Armin Raidma,Armin Raidma,24
615114,Iivi Riivits,Iivi Riivits,62
615114,Uuno Ojala,Uuno Ojala,161
615114,Ellen Hõim,Ellen Hõim,41
615114,Tiiu Jalakas,Tiiu Jalakas,155
615114,Kai Ruga,Kai Ruga,79
615115,Heiki Pärdi,Heiki Pärdi,56
615115,Aado Lintrop,Aado Lintrop,7
615115,Armin Raidma,Armin Raidma,24
615115,Iivi Riivits,Iivi Riivits,62
615115,Uuno Ojala,Uuno Ojala,161
615115,Ellen Hõim,Ellen Hõim,41
615115,Tiiu Jalakas,Tiiu Jalakas,155
615115,Kai Ruga,Kai Ruga,79
615117,Heiki Pärdi,Heiki Pärdi,56
615117,Aado Lintrop,Aado Lintrop,7
615117,Armin Raidma,Armin Raidma,24
615117,Iivi Riivits,Iivi Riivits,62
615117,Uuno Ojala,Uuno Ojala,161
615117,Ellen Hõim,Ellen Hõim,41
615117,Tiiu Jalakas,Tiiu Jalakas,155
615117,Kai Ruga,Kai Ruga,79
615118,Heiki Pärdi,Heiki Pärdi,56
615118,Aado Lintrop,Aado Lintrop,7
615118,Armin Raidma,Armin Raidma,24
615118,Iivi Riivits,Iivi Riivits,62
615118,Uuno Ojala,Uuno Ojala,161
615118,Ellen Hõim,Ellen Hõim,41
615118,Tiiu Jalakas,Tiiu Jalakas,155
615118,Kai Ruga,Kai Ruga,79
615119,Heiki Pärdi,Heiki Pärdi,56
615119,Aado Lintrop,Aado Lintrop,7
615119,Armin Raidma,Armin Raidma,24
615119,Iivi Riivits,Iivi Riivits,62
615119,Uuno Ojala,Uuno Ojala,161
615119,Ellen Hõim,Ellen Hõim,41
615119,Tiiu Jalakas,Tiiu Jalakas,155
615119,Kai Ruga,Kai Ruga,79
615120,Heiki Pärdi,Heiki Pärdi,56
615120,Aado Lintrop,Aado Lintrop,7
615120,Armin Raidma,Armin Raidma,24
615120,Iivi Riivits,Iivi Riivits,62
615120,Uuno Ojala,Uuno Ojala,161
615120,Ellen Hõim,Ellen Hõim,41
615120,Tiiu Jalakas,Tiiu Jalakas,155
615120,Kai Ruga,Kai Ruga,79
615121,Heiki Pärdi,Heiki Pärdi,56
615121,Aado Lintrop,Aado Lintrop,7
615121,Armin Raidma,Armin Raidma,24
615121,Iivi Riivits,Iivi Riivits,62
615121,Uuno Ojala,Uuno Ojala,161
615121,Ellen Hõim,Ellen Hõim,41
615121,Tiiu Jalakas,Tiiu Jalakas,155
615121,Kai Ruga,Kai Ruga,79
615122,Heiki Pärdi,Heiki Pärdi,56
615122,Aado Lintrop,Aado Lintrop,7
615122,Armin Raidma,Armin Raidma,24
615122,Iivi Riivits,Iivi Riivits,62
615122,Uuno Ojala,Uuno Ojala,161
615122,Ellen Hõim,Ellen Hõim,41
615122,Tiiu Jalakas,Tiiu Jalakas,155
615122,Kai Ruga,Kai Ruga,79
615123,Heiki Pärdi,Heiki Pärdi,56
615123,Aado Lintrop,Aado Lintrop,7
615123,Armin Raidma,Armin Raidma,24
615123,Iivi Riivits,Iivi Riivits,62
615123,Uuno Ojala,Uuno Ojala,161
615123,Ellen Hõim,Ellen Hõim,41
615123,Tiiu Jalakas,Tiiu Jalakas,155
615123,Kai Ruga,Kai Ruga,79
615124,Heiki Pärdi,Heiki Pärdi,56
615124,Aado Lintrop,Aado Lintrop,7
615124,Armin Raidma,Armin Raidma,24
615124,Iivi Riivits,Iivi Riivits,62
615124,Uuno Ojala,Uuno Ojala,161
615124,Ellen Hõim,Ellen Hõim,41
615124,Tiiu Jalakas,Tiiu Jalakas,155
615124,Kai Ruga,Kai Ruga,79
615125,Heiki Pärdi,Heiki Pärdi,56
615125,Aado Lintrop,Aado Lintrop,7
615125,Armin Raidma,Armin Raidma,24
615125,Iivi Riivits,Iivi Riivits,62
615125,Uuno Ojala,Uuno Ojala,161
615125,Ellen Hõim,Ellen Hõim,41
615125,Tiiu Jalakas,Tiiu Jalakas,155
615125,Kai Ruga,Kai Ruga,79
615126,Heiki Pärdi,Heiki Pärdi,56
615126,Aado Lintrop,Aado Lintrop,7
615126,Armin Raidma,Armin Raidma,24
615126,Iivi Riivits,Iivi Riivits,62
615126,Uuno Ojala,Uuno Ojala,161
615126,Ellen Hõim,Ellen Hõim,41
615126,Tiiu Jalakas,Tiiu Jalakas,155
615126,Kai Ruga,Kai Ruga,79
615127,Heiki Pärdi,Heiki Pärdi,56
615127,Aado Lintrop,Aado Lintrop,7
615127,Armin Raidma,Armin Raidma,24
615127,Iivi Riivits,Iivi Riivits,62
615127,Uuno Ojala,Uuno Ojala,161
615127,Ellen Hõim,Ellen Hõim,41
615127,Tiiu Jalakas,Tiiu Jalakas,155
615127,Kai Ruga,Kai Ruga,79
615128,Heiki Pärdi,Heiki Pärdi,56
615128,Aado Lintrop,Aado Lintrop,7
615128,Armin Raidma,Armin Raidma,24
615128,Iivi Riivits,Iivi Riivits,62
615128,Uuno Ojala,Uuno Ojala,161
615128,Ellen Hõim,Ellen Hõim,41
615128,Tiiu Jalakas,Tiiu Jalakas,155
615128,Kai Ruga,Kai Ruga,79
615129,Heiki Pärdi,Heiki Pärdi,56
615129,Aado Lintrop,Aado Lintrop,7
615129,Armin Raidma,Armin Raidma,24
615129,Iivi Riivits,Iivi Riivits,62
615129,Uuno Ojala,Uuno Ojala,161
615129,Ellen Hõim,Ellen Hõim,41
615129,Tiiu Jalakas,Tiiu Jalakas,155
615129,Kai Ruga,Kai Ruga,79
615130,Heiki Pärdi,Heiki Pärdi,56
615130,Aado Lintrop,Aado Lintrop,7
615130,Armin Raidma,Armin Raidma,24
615130,Iivi Riivits,Iivi Riivits,62
615130,Uuno Ojala,Uuno Ojala,161
615130,Ellen Hõim,Ellen Hõim,41
615130,Tiiu Jalakas,Tiiu Jalakas,155
615130,Kai Ruga,Kai Ruga,79
615131,Heiki Pärdi,Heiki Pärdi,56
615131,Aado Lintrop,Aado Lintrop,7
615131,Armin Raidma,Armin Raidma,24
615131,Iivi Riivits,Iivi Riivits,62
615131,Uuno Ojala,Uuno Ojala,161
615131,Ellen Hõim,Ellen Hõim,41
615131,Tiiu Jalakas,Tiiu Jalakas,155
615131,Kai Ruga,Kai Ruga,79
615132,Heiki Pärdi,Heiki Pärdi,56
615132,Aado Lintrop,Aado Lintrop,7
615132,Armin Raidma,Armin Raidma,24
615132,Iivi Riivits,Iivi Riivits,62
615132,Uuno Ojala,Uuno Ojala,161
615132,Ellen Hõim,Ellen Hõim,41
615132,Tiiu Jalakas,Tiiu Jalakas,155
615132,Kai Ruga,Kai Ruga,79
615133,Heiki Pärdi,Heiki Pärdi,56
615133,Aado Lintrop,Aado Lintrop,7
615133,Armin Raidma,Armin Raidma,24
615133,Iivi Riivits,Iivi Riivits,62
615133,Uuno Ojala,Uuno Ojala,161
615133,Ellen Hõim,Ellen Hõim,41
615133,Tiiu Jalakas,Tiiu Jalakas,155
615133,Kai Ruga,Kai Ruga,79
615134,Heiki Pärdi,Heiki Pärdi,56
615134,Aado Lintrop,Aado Lintrop,7
615134,Armin Raidma,Armin Raidma,24
615134,Iivi Riivits,Iivi Riivits,62
615134,Uuno Ojala,Uuno Ojala,161
615134,Ellen Hõim,Ellen Hõim,41
615134,Tiiu Jalakas,Tiiu Jalakas,155
615134,Kai Ruga,Kai Ruga,79
615136,Heiki Pärdi,Heiki Pärdi,56
615136,Aado Lintrop,Aado Lintrop,7
615136,Armin Raidma,Armin Raidma,24
615136,Iivi Riivits,Iivi Riivits,62
615136,Uuno Ojala,Uuno Ojala,161
615136,Ellen Hõim,Ellen Hõim,41
615136,Tiiu Jalakas,Tiiu Jalakas,155
615136,Kai Ruga,Kai Ruga,79
615137,Heiki Pärdi,Heiki Pärdi,56
615137,Aado Lintrop,Aado Lintrop,7
615137,Armin Raidma,Armin Raidma,24
615137,Iivi Riivits,Iivi Riivits,62
615137,Uuno Ojala,Uuno Ojala,161
615137,Ellen Hõim,Ellen Hõim,41
615137,Tiiu Jalakas,Tiiu Jalakas,155
615137,Kai Ruga,Kai Ruga,79
615138,Heiki Pärdi,Heiki Pärdi,56
615138,Aado Lintrop,Aado Lintrop,7
615138,Armin Raidma,Armin Raidma,24
615138,Iivi Riivits,Iivi Riivits,62
615138,Uuno Ojala,Uuno Ojala,161
615138,Ellen Hõim,Ellen Hõim,41
615138,Tiiu Jalakas,Tiiu Jalakas,155
615138,Kai Ruga,Kai Ruga,79
615139,Heiki Pärdi,Heiki Pärdi,56
615139,Aado Lintrop,Aado Lintrop,7
615139,Armin Raidma,Armin Raidma,24
615139,Iivi Riivits,Iivi Riivits,62
615139,Uuno Ojala,Uuno Ojala,161
615139,Ellen Hõim,Ellen Hõim,41
615139,Tiiu Jalakas,Tiiu Jalakas,155
615139,Kai Ruga,Kai Ruga,79
615140,Heiki Pärdi,Heiki Pärdi,56
615140,Aado Lintrop,Aado Lintrop,7
615140,Armin Raidma,Armin Raidma,24
615140,Iivi Riivits,Iivi Riivits,62
615140,Uuno Ojala,Uuno Ojala,161
615140,Ellen Hõim,Ellen Hõim,41
615140,Tiiu Jalakas,Tiiu Jalakas,155
615140,Kai Ruga,Kai Ruga,79
615256,Heno Sarv,Heno Sarv,58
615257,Heno Sarv,Heno Sarv,58
615258,Heno Sarv,Heno Sarv,58
615271,Edgar Saar,Edgar Saar,33
615272,Edgar Saar,Edgar Saar,33
615274,Edgar Saar,Edgar Saar,33
615275,Edgar Saar,Edgar Saar,33
615276,Edgar Saar,Edgar Saar,33
615278,Edgar Saar,Edgar Saar,33
615279,Edgar Saar,Edgar Saar,33
615280,Edgar Saar,Edgar Saar,33
615281,Edgar Saar,Edgar Saar,33
615282,Edgar Saar,Edgar Saar,33
615283,Edgar Saar,Edgar Saar,33
615285,Edgar Saar,Edgar Saar,33
615286,Edgar Saar,Edgar Saar,33
615287,Edgar Saar,Edgar Saar,33
615288,Edgar Saar,Edgar Saar,33
615290,Edgar Saar,Edgar Saar,33
615300,Lea Stefani,Lea Stefani,94
615301,Lea Stefani,Lea Stefani,94
615302,Lea Stefani,Lea Stefani,94
615304,Lea Stefani t. Jaakus,Lea Stefani,95
615305,Aleksei Peterson,Aleksei Peterson,17
615306,Aleksei Peterson,Aleksei Peterson,17
615307,Aleksei Peterson,Aleksei Peterson,17
615308,Aleksei Peterson,Aleksei Peterson,17
615309,Aleksei Peterson,Aleksei Peterson,17
615310,Aleksei Peterson,Aleksei Peterson,17
615311,Aleksei Peterson,Aleksei Peterson,17
615312,Aleksei Peterson,Aleksei Peterson,17
615313,Aleksei Peterson,Aleksei Peterson,17
615314,Eevi Saarde,Eevi Saarde,40
615314,Aleksei Peterson,Aleksei Peterson,17
615315,Eevi Saarde,Eevi Saarde,40
615315,Aleksei Peterson,Aleksei Peterson,17
615316,Eevi Saarde,Eevi Saarde,40
615316,Aleksei Peterson,Aleksei Peterson,17
615317,Eevi Saarde,Eevi Saarde,40
615317,Aleksei Peterson,Aleksei Peterson,17
615318,Eevi Saarde,Eevi Saarde,40
615318,Aleksei Peterson,Aleksei Peterson,17
615319,Eevi Saarde,Eevi Saarde,40
615319,Aleksei Peterson,Aleksei Peterson,17
615320,Eevi Saarde,Eevi Saarde,40
615320,Aleksei Peterson,Aleksei Peterson,17
615321,Eevi Saarde,Eevi Saarde,40
615321,Aleksei Peterson,Aleksei Peterson,17
615322,Eevi Saarde,Eevi Saarde,40
615322,Aleksei Peterson,Aleksei Peterson,17
615323,Eevi Saarde,Eevi Saarde,40
615323,Aleksei Peterson,Aleksei Peterson,17
615324,Eevi Saarde,Eevi Saarde,40
615324,Aleksei Peterson,Aleksei Peterson,17
615325,Eevi Saarde,Eevi Saarde,40
615325,Aleksei Peterson,Aleksei Peterson,17
615326,Eevi Saarde,Eevi Saarde,40
615326,Aleksei Peterson,Aleksei Peterson,17
615327,Evi Saarde,Eevi Saarde,50
615328,Evi Saarde,Eevi Saarde,50
615329,Evi Saarde,Eevi Saarde,50
615330,Evi Saarde,Eevi Saarde,50
615331,Evi Saarde,Eevi Saarde,50
615332,Evi Saarde,Eevi Saarde,50
615332,Aleksei Peterson,Aleksei Peterson,17
615333,Evi Saarde,Eevi Saarde,50
615333,Aleksei Peterson,Aleksei Peterson,17
615334,Evi Saarde,Eevi Saarde,50
615334,Aleksei Peterson,Aleksei Peterson,17
615336,Evi Saarde,Eevi Saarde,50
615336,Aleksei Peterson,Aleksei Peterson,17
615337,Evi Saarde,Eevi Saarde,50
615337,Aleksei Peterson,Aleksei Peterson,17
615338,Evi Saarde,Eevi Saarde,50
615338,Aleksei Peterson,Aleksei Peterson,17
615339,Evi Saarde,Eevi Saarde,50
615339,Aleksei Peterson,Aleksei Peterson,17
615340,Evi Saarde,Eevi Saarde,50
615340,Aleksei Peterson,Aleksei Peterson,17
615341,Evi Saarde,Eevi Saarde,50
615341,Aleksei Peterson,Aleksei Peterson,17
615342,Evi Saarde,Eevi Saarde,50
615343,Aleksei Peterson,Aleksei Peterson,17
615343,Eevi Saarde,Eevi Saarde,40
615344,Aleksei Peterson,Aleksei Peterson,17
615344,Eevi Saarde,Eevi Saarde,40
615345,Eevi Saarde,Eevi Saarde,40
615346,Eevi Saarde,Eevi Saarde,40
615347,Eevi Saarde,Eevi Saarde,40
615348,Aleksei Peterson,Aleksei Peterson,17
615348,Eevi Saarde,Eevi Saarde,40
615349,Aleksei Peterson,Aleksei Peterson,17
615349,Eevi Saarde,Eevi Saarde,40
615350,Eevi Saarde,Eevi Saarde,40
615351,Aleksei Peterson,Aleksei Peterson,17
615351,Eevi Saarde,Eevi Saarde,40
615352,Aleksei Peterson,Aleksei Peterson,17
615352,Eevi Saarde,Eevi Saarde,40
615353,Kalju Konsin,Kalju Konsin,83
615354,Kalju Konsin,Kalju Konsin,83
615355,Kalju Konsin,Kalju Konsin,83
615356,Kalju Konsin,Kalju Konsin,83
615357,Kalju Konsin,Kalju Konsin,83
615358,Kalju Konsin,Kalju Konsin,83
615359,Kalju Konsin,Kalju Konsin,83
615360,Kalju Konsin,Kalju Konsin,83
615361,Kalju Konsin,Kalju Konsin,83
615362,Kalju Konsin,Kalju Konsin,83
615363,Kalju Konsin,Kalju Konsin,83
615364,Kalju Konsin,Kalju Konsin,83
615365,Kalju Konsin,Kalju Konsin,83
615366,Kalju Konsin,Kalju Konsin,83
615367,Kalju Konsin,Kalju Konsin,83
615368,Kalju Konsin,Kalju Konsin,83
615369,Kalju Konsin,Kalju Konsin,83
615370,Kalju Konsin,Kalju Konsin,83
615371,Kalju Konsin,Kalju Konsin,83
615372,Aleksei Peterson,Aleksei Peterson,17
615372,Lembit Lepp,Lembit Lepp,97
615374,Aleksei Peterson,Aleksei Peterson,17
615374,Lembit Lepp,Lembit Lepp,97
615375,Aleksei Peterson,Aleksei Peterson,17
615375,Lembit Lepp,Lembit Lepp,97
615376,Aleksei Peterson,Aleksei Peterson,17
615376,Lembit Lepp,Lembit Lepp,97
615377,Aleksei Peterson,Aleksei Peterson,17
615377,Lembit Lepp,Lembit Lepp,97
615378,Aleksei Peterson,Aleksei Peterson,17
615378,Lembit Lepp,Lembit Lepp,97
615379,Aleksei Peterson,Aleksei Peterson,17
615379,Lembit Lepp,Lembit Lepp,97
615380,Aleksei Peterson,Aleksei Peterson,17
615380,Lembit Lepp,Lembit Lepp,97
615381,Aleksei Peterson,Aleksei Peterson,17
615381,Lembit Lepp,Lembit Lepp,97
615382,Aleksei Peterson,Aleksei Peterson,17
615382,Lembit Lepp,Lembit Lepp,97
615383,Aleksei Peterson,Aleksei Peterson,17
615383,Jüri Karm,Jüri Karm,71
615383,Lembit Lepp,Lembit Lepp,97
615384,Aleksei Peterson,Aleksei Peterson,17
615384,Jüri Karm,Jüri Karm,71
615384,Lembit Lepp,Lembit Lepp,97
615385,Aleksei Peterson,Aleksei Peterson,17
615385,Jüri Karm,Jüri Karm,71
615385,Lembit Lepp,Lembit Lepp,97
615386,Aleksei Peterson,Aleksei Peterson,17
615386,Jüri Karm,Jüri Karm,71
615386,Lembit Lepp,Lembit Lepp,97
615387,Aleksei Peterson,Aleksei Peterson,17
615387,Jüri Karm,Jüri Karm,71
615387,Lembit Lepp,Lembit Lepp,97
615388,Aleksei Peterson,Aleksei Peterson,17
615388,Jüri Karm,Jüri Karm,71
615388,Lembit Lepp,Lembit Lepp,97
615389,Aleksei Peterson,Aleksei Peterson,17
615389,Jüri Karm,Jüri Karm,71
615389,Lembit Lepp,Lembit Lepp,97
615390,Aleksei Peterson,Aleksei Peterson,17
615390,Jüri Karm,Jüri Karm,71
615390,Lembit Lepp,Lembit Lepp,97
615391,Aleksei Peterson,Aleksei Peterson,17
615391,Jüri Karm,Jüri Karm,71
615391,Lembit Lepp,Lembit Lepp,97
615392,Aleksei Peterson,Aleksei Peterson,17
615392,Jüri Karm,Jüri Karm,71
615392,Lembit Lepp,Lembit Lepp,97
615393,Aleksei Peterson,Aleksei Peterson,17
615393,Jüri Karm,Jüri Karm,71
615393,Lembit Lepp,Lembit Lepp,97
615394,Aleksei Peterson,Aleksei Peterson,17
615394,Jüri Karm,Jüri Karm,71
615394,Lembit Lepp,Lembit Lepp,97
615395,Aleksei Peterson,Aleksei Peterson,17
615395,Jüri Karm,Jüri Karm,71
615395,Lembit Lepp,Lembit Lepp,97
615396,Aleksei Peterson,Aleksei Peterson,17
615396,Jüri Karm,Jüri Karm,71
615396,Lembit Lepp,Lembit Lepp,97
615397,Aleksei Peterson,Aleksei Peterson,17
615397,Jüri Karm,Jüri Karm,71
615397,Lembit Lepp,Lembit Lepp,97
615398,Aleksei Peterson,Aleksei Peterson,17
615398,Jüri Karm,Jüri Karm,71
615398,Lembit Lepp,Lembit Lepp,97
615399,Aleksei Peterson,Aleksei Peterson,17
615399,Jüri Karm,Jüri Karm,71
615399,Lembit Lepp,Lembit Lepp,97
615400,Aleksei Peterson,Aleksei Peterson,17
615400,Jüri Karm,Jüri Karm,71
615400,Lembit Lepp,Lembit Lepp,97
615401,Aleksei Peterson,Aleksei Peterson,17
615401,Jüri Karm,Jüri Karm,71
615401,Lembit Lepp,Lembit Lepp,97
615402,Aleksei Peterson,Aleksei Peterson,17
615402,Jüri Karm,Jüri Karm,71
615402,Lembit Lepp,Lembit Lepp,97
615403,Aleksei Peterson,Aleksei Peterson,17
615403,Jüri Karm,Jüri Karm,71
615403,Lembit Lepp,Lembit Lepp,97
615404,Aleksei Peterson,Aleksei Peterson,17
615404,Jüri Karm,Jüri Karm,71
615404,Lembit Lepp,Lembit Lepp,97
615424,Aleksei Peterson,Aleksei Peterson,17
615424,Jüri Karm,Jüri Karm,71
615424,Lembit Lepp,Lembit Lepp,97
615425,Heiki Pärdi,Heiki Pärdi,56
615425,Katrin Liias,Katrin Liias,88
615425,Priit Härmas,Priit Härmas,138
615426,Heiki Pärdi,Heiki Pärdi,56
615426,Katrin Liias,Katrin Liias,88
615426,Priit Härmas,Priit Härmas,138
615427,Heiki Pärdi,Heiki Pärdi,56
615427,Katrin Liias,Katrin Liias,88
615427,Priit Härmas,Priit Härmas,138
615430,Aleksei Peterson,Aleksei Peterson,17
615430,Lembit Lepp,Lembit Lepp,97
615430,Priit Härmas,Priit Härmas,138
615431,Aleksei Peterson,Aleksei Peterson,17
615431,Lembit Lepp,Lembit Lepp,97
615432,Aleksei Peterson,Aleksei Peterson,17
615432,Lembit Lepp,Lembit Lepp,97
615432,Priit Härmas,Priit Härmas,138
615432,Edgar Saar,Edgar Saar,33
615433,Aleksei Peterson,Aleksei Peterson,17
615433,Lembit Lepp,Lembit Lepp,97
615434,Aleksei Peterson,Aleksei Peterson,17
615434,Lembit Lepp,Lembit Lepp,97
615435,Aleksei Peterson,Aleksei Peterson,17
615435,Lembit Lepp,Lembit Lepp,97
615435,Priit Härmas,Priit Härmas,138
615435,Edgar Saar,Edgar Saar,33
615436,Aleksei Peterson,Aleksei Peterson,17
615436,Lembit Lepp,Lembit Lepp,97
615436,Priit Härmas,Priit Härmas,138
615436,Edgar Saar,Edgar Saar,33
615437,Aleksei Peterson,Aleksei Peterson,17
615437,Lembit Lepp,Lembit Lepp,97
615438,Aleksei Peterson,Aleksei Peterson,17
615438,Lembit Lepp,Lembit Lepp,97
615439,Aleksei Peterson,Aleksei Peterson,17
615439,Lembit Lepp,Lembit Lepp,97
615440,Aleksei Peterson,Aleksei Peterson,17
615440,Lembit Lepp,Lembit Lepp,97
615441,Aleksei Peterson,Aleksei Peterson,17
615441,Lembit Lepp,Lembit Lepp,97
615442,Aleksei Peterson,Aleksei Peterson,17
615442,Lembit Lepp,Lembit Lepp,97
615443,Aleksei Peterson,Aleksei Peterson,17
615443,Lembit Lepp,Lembit Lepp,97
615444,Aleksei Peterson,Aleksei Peterson,17
615444,Lembit Lepp,Lembit Lepp,97
615445,Aleksei Peterson,Aleksei Peterson,17
615445,Lembit Lepp,Lembit Lepp,97
615446,Aleksei Peterson,Aleksei Peterson,17
615446,Lembit Lepp,Lembit Lepp,97
615447,Aleksei Peterson,Aleksei Peterson,17
615447,Lembit Lepp,Lembit Lepp,97
615447,Priit Härmas,Priit Härmas,138
615447,Edgar Saar,Edgar Saar,33
615448,Aleksei Peterson,Aleksei Peterson,17
615448,Lembit Lepp,Lembit Lepp,97
615449,Aleksei Peterson,Aleksei Peterson,17
615449,Lembit Lepp,Lembit Lepp,97
615450,Aleksei Peterson,Aleksei Peterson,17
615450,Lembit Lepp,Lembit Lepp,97
615451,Aleksei Peterson,Aleksei Peterson,17
615451,Lembit Lepp,Lembit Lepp,97
615451,Priit Härmas,Priit Härmas,138
615451,Edgar Saar,Edgar Saar,33
615452,Aleksei Peterson,Aleksei Peterson,17
615452,Lembit Lepp,Lembit Lepp,97
615453,Aleksei Peterson,Aleksei Peterson,17
615453,Lembit Lepp,Lembit Lepp,97
615453,Priit Härmas,Priit Härmas,138
615454,Aleksei Peterson,Aleksei Peterson,17
615454,Lembit Lepp,Lembit Lepp,97
615454,Priit Härmas,Priit Härmas,138
615454,Edgar Saar,Edgar Saar,33
615455,Aleksei Peterson,Aleksei Peterson,17
615455,Lembit Lepp,Lembit Lepp,97
615455,Priit Härmas,Priit Härmas,138
615455,Edgar Saar,Edgar Saar,33
615456,Aleksei Peterson,Aleksei Peterson,17
615456,Lembit Lepp,Lembit Lepp,97
615456,Priit Härmas,Priit Härmas,138
615456,Edgar Saar,Edgar Saar,33
615457,Aleksei Peterson,Aleksei Peterson,17
615457,Lembit Lepp,Lembit Lepp,97
615457,Priit Härmas,Priit Härmas,138
615457,Edgar Saar,Edgar Saar,33
615458,Aleksei Peterson,Aleksei Peterson,17
615458,Lembit Lepp,Lembit Lepp,97
615459,Aleksei Peterson,Aleksei Peterson,17
615459,Lembit Lepp,Lembit Lepp,97
615460,Aleksei Peterson,Aleksei Peterson,17
615460,Lembit Lepp,Lembit Lepp,97
615461,Aleksei Peterson,Aleksei Peterson,17
615461,Lembit Lepp,Lembit Lepp,97
615461,Priit Härmas,Priit Härmas,138
615461,Edgar Saar,Edgar Saar,33
615462,Aleksei Peterson,Aleksei Peterson,17
615462,Lembit Lepp,Lembit Lepp,97
615463,Aleksei Peterson,Aleksei Peterson,17
615463,Lembit Lepp,Lembit Lepp,97
615463,Priit Härmas,Priit Härmas,138
615463,Edgar Saar,Edgar Saar,33
615464,Aleksei Peterson,Aleksei Peterson,17
615464,Lembit Lepp,Lembit Lepp,97
615464,Priit Härmas,Priit Härmas,138
615464,Edgar Saar,Edgar Saar,33
615465,Aleksei Peterson,Aleksei Peterson,17
615465,Lembit Lepp,Lembit Lepp,97
615466,Aleksei Peterson,Aleksei Peterson,17
615466,Lembit Lepp,Lembit Lepp,97
615466,Priit Härmas,Priit Härmas,138
615466,Edgar Saar,Edgar Saar,33
615467,Aleksei Peterson,Aleksei Peterson,17
615467,Lembit Lepp,Lembit Lepp,97
615467,Priit Härmas,Priit Härmas,138
615467,Edgar Saar,Edgar Saar,33
615468,Aleksei Peterson,Aleksei Peterson,17
615468,Lembit Lepp,Lembit Lepp,97
615468,Priit Härmas,Priit Härmas,138
615468,Edgar Saar,Edgar Saar,33
615469,Aleksei Peterson,Aleksei Peterson,17
615469,Lembit Lepp,Lembit Lepp,97
615470,Aleksei Peterson,Aleksei Peterson,17
615470,Lembit Lepp,Lembit Lepp,97
615471,Aleksei Peterson,Aleksei Peterson,17
615471,Lembit Lepp,Lembit Lepp,97
615472,Aleksei Peterson,Aleksei Peterson,17
615472,Lembit Lepp,Lembit Lepp,97
615473,Aleksei Peterson,Aleksei Peterson,17
615473,Lembit Lepp,Lembit Lepp,97
615475,Aleksei Peterson,Aleksei Peterson,17
615475,Lembit Lepp,Lembit Lepp,97
615478,Aleksei Peterson,Aleksei Peterson,17
615478,Lembit Lepp,Lembit Lepp,97
615479,Aleksei Peterson,Aleksei Peterson,17
615479,Lembit Lepp,Lembit Lepp,97
615480,Aleksei Peterson,Aleksei Peterson,17
615480,Lembit Lepp,Lembit Lepp,97
615481,Aleksei Peterson,Aleksei Peterson,17
615481,Lembit Lepp,Lembit Lepp,97
615482,Aleksei Peterson,Aleksei Peterson,17
615482,Lembit Lepp,Lembit Lepp,97
615483,Aleksei Peterson,Aleksei Peterson,17
615483,Lembit Lepp,Lembit Lepp,97
615484,Aleksei Peterson,Aleksei Peterson,17
615484,Lembit Lepp,Lembit Lepp,97
615485,Aleksei Peterson,Aleksei Peterson,17
615485,Lembit Lepp,Lembit Lepp,97
615486,Aleksei Peterson,Aleksei Peterson,17
615486,Lembit Lepp,Lembit Lepp,97
615487,Aleksei Peterson,Aleksei Peterson,17
615487,Lembit Lepp,Lembit Lepp,97
615488,Aleksei Peterson,Aleksei Peterson,17
615488,Lembit Lepp,Lembit Lepp,97
615489,Aleksei Peterson,Aleksei Peterson,17
615489,Lembit Lepp,Lembit Lepp,97
615490,Aleksei Peterson,Aleksei Peterson,17
615490,Lembit Lepp,Lembit Lepp,97
615492,Aleksei Peterson,Aleksei Peterson,17
615492,Lembit Lepp,Lembit Lepp,97
615506,Endla Jaagosild,Endla Jaagosild,43
615507,Heiki Pärdi,Heiki Pärdi,56
615507,Tanel Linnus,Tanel Linnus,149
615508,Heiki Pärdi,Heiki Pärdi,56
615508,Tanel Linnus,Tanel Linnus,149
615509,Heiki Pärdi,Heiki Pärdi,56
615509,Tanel Linnus,Tanel Linnus,149
615510,Heiki Pärdi,Heiki Pärdi,56
615510,Tanel Linnus,Tanel Linnus,149
615511,Heiki Pärdi,Heiki Pärdi,56
615511,Tanel Linnus,Tanel Linnus,149
615512,Heiki Pärdi,Heiki Pärdi,56
615512,Tanel Linnus,Tanel Linnus,149
615513,Heiki Pärdi,Heiki Pärdi,56
615513,Tanel Linnus,Tanel Linnus,149
615514,Heiki Pärdi,Heiki Pärdi,56
615514,Tanel Linnus,Tanel Linnus,149
615515,Heiki Pärdi,Heiki Pärdi,56
615515,Tanel Linnus,Tanel Linnus,149
615516,Heiki Pärdi,Heiki Pärdi,56
615516,Tanel Linnus,Tanel Linnus,149
615517,Heiki Pärdi,Heiki Pärdi,56
615517,Tanel Linnus,Tanel Linnus,149
615519,Heiki Pärdi,Heiki Pärdi,56
615519,Tanel Linnus,Tanel Linnus,149
615521,Edgar Saar,Edgar Saar,33
615522,Edgar Saar,Edgar Saar,33
615523,Edgar Saar,Edgar Saar,33
615524,Edgar Saar,Edgar Saar,33
615525,Edgar Saar,Edgar Saar,33
615526,Edgar Saar,Edgar Saar,33
615527,Edgar Saar,Edgar Saar,33
615528,Edgar Saar,Edgar Saar,33
615529,Edgar Saar,Edgar Saar,33
615530,Edgar Saar,Edgar Saar,33
615531,Edgar Saar,Edgar Saar,33
615532,Edgar Saar,Edgar Saar,33
615533,Edgar Saar,Edgar Saar,33
615534,Edgar Saar,Edgar Saar,33
615535,Edgar Saar,Edgar Saar,33
615536,Edgar Saar,Edgar Saar,33
615537,Edgar Saar,Edgar Saar,33
615538,Edgar Saar,Edgar Saar,33
615539,Edgar Saar,Edgar Saar,33
615540,Edgar Saar,Edgar Saar,33
615541,Edgar Saar,Edgar Saar,33
615542,Edgar Saar,Edgar Saar,33
615543,Edgar Saar,Edgar Saar,33
615544,Edgar Saar,Edgar Saar,33
615545,Edgar Saar,Edgar Saar,33
615546,Edgar Saar,Edgar Saar,33
615547,Edgar Saar,Edgar Saar,33
615548,Edgar Saar,Edgar Saar,33
615549,Edgar Saar,Edgar Saar,33
615550,Edgar Saar,Edgar Saar,33
615551,Edgar Saar,Edgar Saar,33
615552,Edgar Saar,Edgar Saar,33
615553,Edgar Saar,Edgar Saar,33
615554,Edgar Saar,Edgar Saar,33
615555,Edgar Saare,Edgar Saar,34
615556,Edgar Saare,Edgar Saar,34
615557,Edgar Saare,Edgar Saar,34
615558,Edgar Saare,Edgar Saar,34
615559,Edgar Saare,Edgar Saar,34
615560,Edgar Saare,Edgar Saar,34
615561,Edgar Saare,Edgar Saar,34
615562,Edgar Saare,Edgar Saar,34
615563,Heno Sarv,Heno Sarv,58
615564,Heno Sarv,Heno Sarv,58
615565,Heno Sarv,Heno Sarv,58
615566,Heno Sarv,Heno Sarv,58
615567,Heno Sarv,Heno Sarv,58
615568,Heno Sarv,Heno Sarv,58
615569,Heno Sarv,Heno Sarv,58
615570,Heno Sarv,Heno Sarv,58
615571,Heno Sarv,Heno Sarv,58
615572,Aleksei Peterson,Aleksei Peterson,17
615572,Lembit Lepa,Lembit Lepp,96
615573,Aleksei Peterson,Aleksei Peterson,17
615573,Lembit Lepp,Lembit Lepp,97
615574,Aleksei Peterson,Aleksei Peterson,17
615574,Lembit Lepp,Lembit Lepp,97
615575,Aleksei Peterson,Aleksei Peterson,17
615575,Lembit Lepp,Lembit Lepp,97
615576,Aleksei Peterson,Aleksei Peterson,17
615576,Lembit Lepp,Lembit Lepp,97
615577,Aleksei Peterson,Aleksei Peterson,17
615577,Lembit Lepa,Lembit Lepp,96
615578,Aleksei Peterson,Aleksei Peterson,17
615578,Lembit Lepa,Lembit Lepp,96
615579,Aleksei Peterson,Aleksei Peterson,17
615579,Lembit Lepa,Lembit Lepp,96
615580,Aleksei Peterson,Aleksei Peterson,17
615580,Lembit Lepp,Lembit Lepp,97
615581,Aleksei Peterson,Aleksei Peterson,17
615581,Lembit Lepp,Lembit Lepp,97
615582,Aleksei Peterson,Aleksei Peterson,17
615582,Lembit Lepa,Lembit Lepp,96
615583,Aleksei Peterson,Aleksei Peterson,17
615583,Lembit Lepp,Lembit Lepp,97
615584,Aleksei Peterson,Aleksei Peterson,17
615584,Lembit Lepp,Lembit Lepp,97
615585,Aleksei Peterson,Aleksei Peterson,17
615585,Lembit Lepp,Lembit Lepp,97
615586,Aleksei Peterson,Aleksei Peterson,17
615586,Lembit Lepp,Lembit Lepp,97
615587,Aleksei Peterson,Aleksei Peterson,17
615587,Lembit Lepp,Lembit Lepp,97
615588,Aleksei Peterson,Aleksei Peterson,17
615588,Lembit Lepp,Lembit Lepp,97
615589,Reet Piiri,Reet Piiri,140
615589,Iivi Riivits,Iivi Riivits,62
615589,Karin Kurvits,Karin Kurvits,86
615589,Aado Lintrop,Aado Lintrop,7
615589,Annes Enehielm,Annes Enehielm,19
615590,Reet Piiri,Reet Piiri,140
615590,Iivi Riivits,Iivi Riivits,62
615590,Karin Kurvits,Karin Kurvits,86
615590,Aado Lintrop,Aado Lintrop,7
615590,Annes Enehielm,Annes Enehielm,19
615591,Reet Piiri,Reet Piiri,140
615591,Iivi Riivits,Iivi Riivits,62
615591,Karin Kurvits,Karin Kurvits,86
615591,Aado Lintrop,Aado Lintrop,7
615591,Annes Enehielm,Annes Enehielm,19
615592,Reet Piiri,Reet Piiri,140
615592,Iivi Riivits,Iivi Riivits,62
615592,Karin Kurvits,Karin Kurvits,86
615592,Aado Lintrop,Aado Lintrop,7
615592,Annes Enehielm,Annes Enehielm,19
615593,Reet Piiri,Reet Piiri,140
615593,Iivi Riivits,Iivi Riivits,62
615593,Karin Kurvits,Karin Kurvits,86
615593,Aado Lintrop,Aado Lintrop,7
615593,Annes Enehielm,Annes Enehielm,19
615594,Reet Piiri,Reet Piiri,140
615594,Iivi Riivits,Iivi Riivits,62
615594,Karin Kurvits,Karin Kurvits,86
615594,Aado Lintrop,Aado Lintrop,7
615594,Annes Enehielm,Annes Enehielm,19
615595,Reet Piiri,Reet Piiri,140
615595,Iivi Riivits,Iivi Riivits,62
615595,Karin Kurvits,Karin Kurvits,86
615595,Aado Lintrop,Aado Lintrop,7
615595,Annes Enehielm,Annes Enehielm,19
615596,Reet Piiri,Reet Piiri,140
615596,Iivi Riivits,Iivi Riivits,62
615596,Karin Kurvits,Karin Kurvits,86
615596,Aado Lintrop,Aado Lintrop,7
615596,Annes Enehielm,Annes Enehielm,19
615597,Reet Piiri,Reet Piiri,140
615597,Iivi Riivits,Iivi Riivits,62
615597,Karin Kurvits,Karin Kurvits,86
615597,Aado Lintrop,Aado Lintrop,7
615597,Annes Enehielm,Annes Enehielm,19
615598,Reet Piiri,Reet Piiri,140
615598,Iivi Riivits,Iivi Riivits,62
615598,Karin Kurvits,Karin Kurvits,86
615598,Aado Lintrop,Aado Lintrop,7
615598,Annes Enehielm,Annes Enehielm,19
615599,Reet Piiri,Reet Piiri,140
615599,Iivi Riivits,Iivi Riivits,62
615599,Karin Kurvits,Karin Kurvits,86
615599,Aado Lintrop,Aado Lintrop,7
615599,Annes Enehielm,Annes Enehielm,19
615600,Reet Piiri,Reet Piiri,140
615600,Iivi Riivits,Iivi Riivits,62
615600,Karin Kurvits,Karin Kurvits,86
615600,Aado Lintrop,Aado Lintrop,7
615600,Annes Enehielm,Annes Enehielm,19
615601,Reet Piiri,Reet Piiri,140
615601,Iivi Riivits,Iivi Riivits,62
615601,Karin Kurvits,Karin Kurvits,86
615601,Aado Lintrop,Aado Lintrop,7
615601,Annes Enehielm,Annes Enehielm,19
615602,Reet Piiri,Reet Piiri,140
615602,Iivi Riivits,Iivi Riivits,62
615602,Karin Kurvits,Karin Kurvits,86
615602,Aado Lintrop,Aado Lintrop,7
615602,Annes Enehielm,Annes Enehielm,19
615604,Reet Piiri,Reet Piiri,140
615604,Iivi Riivits,Iivi Riivits,62
615604,Karin Kurvits,Karin Kurvits,86
615604,Aado Lintrop,Aado Lintrop,7
615604,Annes Enehielm,Annes Enehielm,19
615606,Reet Piiri,Reet Piiri,140
615606,Iivi Riivits,Iivi Riivits,62
615606,Karin Kurvits,Karin Kurvits,86
615606,Aado Lintrop,Aado Lintrop,7
615606,Annes Enehielm,Annes Enehielm,19
615607,Reet Piiri,Reet Piiri,140
615607,Iivi Riivits,Iivi Riivits,62
615607,Karin Kurvits,Karin Kurvits,86
615607,Aado Lintrop,Aado Lintrop,7
615607,Annes Enehielm,Annes Enehielm,19
615608,Reet Piiri,Reet Piiri,140
615608,Iivi Riivits,Iivi Riivits,62
615608,Karin Kurvits,Karin Kurvits,86
615608,Aado Lintrop,Aado Lintrop,7
615608,Annes Enehielm,Annes Enehielm,19
615609,Reet Piiri,Reet Piiri,140
615609,Iivi Riivits,Iivi Riivits,62
615609,Karin Kurvits,Karin Kurvits,86
615609,Aado Lintrop,Aado Lintrop,7
615609,Annes Enehielm,Annes Enehielm,19
615610,Reet Piiri,Reet Piiri,140
615610,Iivi Riivits,Iivi Riivits,62
615610,Karin Kurvits,Karin Kurvits,86
615610,Aado Lintrop,Aado Lintrop,7
615610,Annes Enehielm,Annes Enehielm,19
615611,Reet Piiri,Reet Piiri,140
615611,Iivi Riivits,Iivi Riivits,62
615611,Karin Kurvits,Karin Kurvits,86
615611,Aado Lintrop,Aado Lintrop,7
615611,Annes Enehielm,Annes Enehielm,19
615612,Reet Piiri,Reet Piiri,140
615612,Iivi Riivits,Iivi Riivits,62
615612,Karin Kurvits,Karin Kurvits,86
615612,Aado Lintrop,Aado Lintrop,7
615612,Annes Enehielm,Annes Enehielm,19
615613,Reet Piiri,Reet Piiri,140
615613,Iivi Riivits,Iivi Riivits,62
615613,Karin Kurvits,Karin Kurvits,86
615613,Aado Lintrop,Aado Lintrop,7
615613,Annes Enehielm,Annes Enehielm,19
615614,Reet Piiri,Reet Piiri,140
615614,Iivi Riivits,Iivi Riivits,62
615614,Karin Kurvits,Karin Kurvits,86
615614,Aado Lintrop,Aado Lintrop,7
615614,Annes Enehielm,Annes Enehielm,19
615615,Reet Piiri,Reet Piiri,140
615615,Iivi Riivits,Iivi Riivits,62
615615,Karin Kurvits,Karin Kurvits,86
615615,Aado Lintrop,Aado Lintrop,7
615615,Annes Enehielm,Annes Enehielm,19
615616,Reet Piiri,Reet Piiri,140
615616,Iivi Riivits,Iivi Riivits,62
615616,Karin Kurvits,Karin Kurvits,86
615616,Aado Lintrop,Aado Lintrop,7
615616,Annes Enehielm,Annes Enehielm,19
615617,Reet Piiri,Reet Piiri,140
615617,Iivi Riivits,Iivi Riivits,62
615617,Karin Kurvits,Karin Kurvits,86
615617,Aado Lintrop,Aado Lintrop,7
615617,Annes Enehielm,Annes Enehielm,19
615618,Reet Piiri,Reet Piiri,140
615618,Iivi Riivits,Iivi Riivits,62
615618,Karin Kurvits,Karin Kurvits,86
615618,Aado Lintrop,Aado Lintrop,7
615618,Annes Enehielm,Annes Enehielm,19
615619,Reet Piiri,Reet Piiri,140
615619,Iivi Riivits,Iivi Riivits,62
615619,Karin Kurvits,Karin Kurvits,86
615619,Aado Lintrop,Aado Lintrop,7
615619,Annes Enehielm,Annes Enehielm,19
615620,Edgar Saar,Edgar Saar,33
615621,Edgar Saar,Edgar Saar,33
615622,Edgar Saar,Edgar Saar,33
615623,Edgar Saar,Edgar Saar,33
615624,Edgar Saar,Edgar Saar,33
615625,Edgar Saar,Edgar Saar,33
615626,Edgar Saar,Edgar Saar,33
615627,Edgar Saar,Edgar Saar,33
615628,Edgar Saar,Edgar Saar,33
615629,Edgar Saar,Edgar Saar,33
615630,Edgar Saar,Edgar Saar,33
615631,Edgar Saar,Edgar Saar,33
615632,Edgar Saar,Edgar Saar,33
615633,Edgar Saar,Edgar Saar,33
615634,Edgar Saare,Edgar Saar,34
615635,Edgar Saar,Edgar Saar,33
615636,Edgar Saar,Edgar Saar,33
615637,Edgar Saar,Edgar Saar,33
615638,Edgar Saar,Edgar Saar,33
615639,Edgar Saar,Edgar Saar,33
615640,Edgar Saar,Edgar Saar,33
615641,Edgar Saar,Edgar Saar,33
615642,Maaja Värva,Maaja Värva,106
615642,Aldo Luud,Aldo Luud,15
615642,Lea Malin,Lea Malin,93
615643,Maaja Värva,Maaja Värva,106
615643,Aldo Luud,Aldo Luud,15
615643,Lea Malin,Lea Malin,93
615644,Maaja Värva,Maaja Värva,106
615644,Aldo Luud,Aldo Luud,15
615644,Lea Malin,Lea Malin,93
615645,Maaja Värva,Maaja Värva,106
615645,Aldo Luud,Aldo Luud,15
615645,Lea Malin,Lea Malin,93
615646,Maaja Värva,Maaja Värva,106
615646,Aldo Luud,Aldo Luud,15
615646,Lea Malin,Lea Malin,93
615647,Maaja Värva,Maaja Värva,106
615647,Aldo Luud,Aldo Luud,15
615647,Lea Malin,Lea Malin,93
615648,Maaja Värva,Maaja Värva,106
615648,Aldo Luud,Aldo Luud,15
615648,Lea Malin,Lea Malin,93
615649,Maaja Värva,Maaja Värva,106
615649,Aldo Luud,Aldo Luud,15
615649,Lea Malin,Lea Malin,93
615650,Maaja Värva,Maaja Värva,106
615650,Aldo Luud,Aldo Luud,15
615650,Lea Malin,Lea Malin,93
615651,Maaja Värva,Maaja Värva,106
615651,Aldo Luud,Aldo Luud,15
615651,Lea Malin,Lea Malin,93
615652,Maaja Värva,Maaja Värva,106
615652,Aldo Luud,Aldo Luud,15
615652,Lea Malin,Lea Malin,93
615653,Maaja Värva,Maaja Värva,106
615653,Aldo Luud,Aldo Luud,15
615653,Lea Malin,Lea Malin,93
615654,Maaja Värva,Maaja Värva,106
615654,Aldo Luud,Aldo Luud,15
615654,Lea Malin,Lea Malin,93
615655,Maaja Värva,Maaja Värva,106
615655,Aldo Luud,Aldo Luud,15
615655,Lea Malin,Lea Malin,93
615656,Aldo Luud,Aldo Luud,15
615656,Maaja Värva,Maaja Värva,106
615656,Lea Malin,Lea Malin,93
615657,Aldo Luud,Aldo Luud,15
615657,Maaja Värva,Maaja Värva,106
615657,Lea Malin,Lea Malin,93
615658,Aldo Luud,Aldo Luud,15
615658,Maaja Värva,Maaja Värva,106
615658,Lea Malin,Lea Malin,93
615659,Aldo Luud,Aldo Luud,15
615659,Maaja Värva,Maaja Värva,106
615659,Lea Malin,Lea Malin,93
615660,Aldo Luud,Aldo Luud,15
615660,Maaja Värva,Maaja Värva,106
615660,Lea Malin,Lea Malin,93
615661,Aldo Luud,Aldo Luud,15
615661,Maaja Värva,Maaja Värva,106
615661,Lea Malin,Lea Malin,93
615662,Aldo Luud,Aldo Luud,15
615662,Maaja Värva,Maaja Värva,106
615662,Lea Malin,Lea Malin,93
615663,Aldo Luud,Aldo Luud,15
615663,Maaja Värva,Maaja Värva,106
615663,Lea Malin,Lea Malin,93
615664,Aldo Luud,Aldo Luud,15
615664,Maaja Värva,Maaja Värva,106
615664,Lea Malin,Lea Malin,93
615665,Aldo Luud,Aldo Luud,15
615665,Maaja Värva,Maaja Värva,106
615665,Lea Malin,Lea Malin,93
615666,Aldo Luud,Aldo Luud,15
615666,Maaja Värva,Maaja Värva,106
615666,Lea Malin,Lea Malin,93
615667,Aldo Luud,Aldo Luud,15
615667,Maaja Värva,Maaja Värva,106
615667,Lea Malin,Lea Malin,93
615668,Aldo Luud,Aldo Luud,15
615668,Maaja Värva,Maaja Värva,106
615668,Lea Malin,Lea Malin,93
615669,Aldo Luud,Aldo Luud,15
615669,Maaja Värva,Maaja Värva,106
615669,Lea Malin,Lea Malin,93
615670,Aldo Luud,Aldo Luud,15
615670,Maaja Värva,Maaja Värva,106
615670,Lea Malin,Lea Malin,93
615671,Aldo Luud,Aldo Luud,15
615671,Maaja Värva,Maaja Värva,106
615671,Lea Malin,Lea Malin,93
615672,Heiki Pärdi,Heiki Pärdi,56
615672,Aado Lintrop,Aado Lintrop,7
615672,Armin Raidma,Armin Raidma,24
615672,Iivi Riivits,Iivi Riivits,62
615672,Uuno Ojala,Uuno Ojala,161
615672,Ellen Hõim,Ellen Hõim,41
615672,Tiiu Jalakas,Tiiu Jalakas,155
615672,Kai Ruga,Kai Ruga,79
615673,Heiki Pärdi,Heiki Pärdi,56
615673,Aado Lintrop,Aado Lintrop,7
615673,Armin Raidma,Armin Raidma,24
615673,Iivi Riivits,Iivi Riivits,62
615673,Uuno Ojala,Uuno Ojala,161
615673,Ellen Hõim,Ellen Hõim,41
615673,Tiiu Jalakas,Tiiu Jalakas,155
615673,Kai Ruga,Kai Ruga,79
615674,Heiki Pärdi,Heiki Pärdi,56
615674,Aado Lintrop,Aado Lintrop,7
615674,Armin Raidma,Armin Raidma,24
615674,Iivi Riivits,Iivi Riivits,62
615674,Uuno Ojala,Uuno Ojala,161
615674,Ellen Hõim,Ellen Hõim,41
615674,Tiiu Jalakas,Tiiu Jalakas,155
615674,Kai Ruga,Kai Ruga,79
615675,Aldo Luud,Aldo Luud,15
615676,Aldo Luud,Aldo Luud,15
615677,Aldo Luud,Aldo Luud,15
615678,Aldo Luud,Aldo Luud,15
615679,Aldo Luud,Aldo Luud,15
615680,Aldo Luud,Aldo Luud,15
615681,Aldo Luud,Aldo Luud,15
615682,Aldo Luud,Aldo Luud,15
615683,Aldo Luud,Aldo Luud,15
615684,Aldo Luud,Aldo Luud,15
615685,Aldo Luud,Aldo Luud,15
615686,Aldo Luud,Aldo Luud,15
615687,Aldo Luud,Aldo Luud,15
615688,Aldo Luud,Aldo Luud,15
615689,Aldo Luud,Aldo Luud,15
615690,Aldo Luud,Aldo Luud,15
615691,Aldo Luud,Aldo Luud,15
615692,Aldo Luud,Aldo Luud,15
615693,Aldo Luud,Aldo Luud,15
615694,Aldo Luud,Aldo Luud,15
615695,Aldo Luud,Aldo Luud,15
615696,Aldo Luud,Aldo Luud,15
615697,Aldo Luud,Aldo Luud,15
615698,Aldo Luud,Aldo Luud,15
615699,Aldo Luud,Aldo Luud,15
615700,Aldo Luud,Aldo Luud,15
615701,Aldo Luud,Aldo Luud,15
615702,Aldo Luud,Aldo Luud,15
615703,Aldo Luud,Aldo Luud,15
615704,Aldo Luud,Aldo Luud,15
615705,Aldo Luud,Aldo Luud,15
615706,Aldo Luud,Aldo Luud,15
615707,Aldo Luud,Aldo Luud,15
615708,Aldo Luud,Aldo Luud,15
615709,Aldo Luud,Aldo Luud,15
615710,Aldo Luud,Aldo Luud,15
615711,Aldo Luud,Aldo Luud,15
615712,Aldo Luud,Aldo Luud,15
615713,Aldo Luud,Aldo Luud,15
615714,Aldo Luud,Aldo Luud,15
615715,Aldo Luud,Aldo Luud,15
615716,Aldo Luud,Aldo Luud,15
615717,Aldo Luud,Aldo Luud,15
615718,Aldo Luud,Aldo Luud,15
615719,Aldo Luud,Aldo Luud,15
615720,Aldo Luud,Aldo Luud,15
615721,Aldo Luud,Aldo Luud,15
615833,Heno Sarv,Heno Sarv,58
615882,Evi Saarde,Eevi Saarde,50
615883,Evi Saarde,Eevi Saarde,50
615883,Aleksei Peterson,Aleksei Peterson,17
615884,Evi Saarde,Eevi Saarde,50
615887,Aleksei Peterson,Aleksei Peterson,17
615897,Aleksei Peterson,Aleksei Peterson,17
615899,Jüri Kivimäe,Jüri Kivimäe,72
615900,Jüri Kivimäe,Jüri Kivimäe,72
615902,Jüri Kivimäe,Jüri Kivimäe,72
615903,Jüri Kivimäe,Jüri Kivimäe,72
615904,Jüri Kivimäe,Jüri Kivimäe,72
615905,Kalju Konsin,Kalju Konsin,83
615907,Igor Tõnurist,Igor Tõnurist,61
615908,Paul Ariste,Paul Ariste,127
615909,Paul Ariste,Paul Ariste,127
615910,Paul Ariste,Paul Ariste,127
615911,Paul Ariste,Paul Ariste,127
615912,Paul Ariste,Paul Ariste,127
615917,Ott Kurs,Ott Kurs,124
615918,Paul Ariste,Paul Ariste,127
615927,Kalju Konsin,Kalju Konsin,83
615928,Kalju Konsin,Kalju Konsin,83
615929,Kalju Konsin,Kalju Konsin,83
615930,Lembit Lepp,Lembit Lepp,97
615930,Aleksei Peterson,Aleksei Peterson,17
615930,Jüri Karm,Jüri Karm,71
615931,Lembit Lepp,Lembit Lepp,97
615931,Aleksei Peterson,Aleksei Peterson,17
615931,Jüri Karm,Jüri Karm,71
615932,Lembit Lepp,Lembit Lepp,97
615932,Aleksei Peterson,Aleksei Peterson,17
615932,Jüri Karm,Jüri Karm,71
615933,Lembit Lepp,Lembit Lepp,97
615933,Aleksei Peterson,Aleksei Peterson,17
615933,Jüri Karm,Jüri Karm,71
615934,Lembit Lepp,Lembit Lepp,97
615934,Aleksei Peterson,Aleksei Peterson,17
615934,Jüri Karm,Jüri Karm,71
615935,Lembit Lepp,Lembit Lepp,97
615935,Aleksei Peterson,Aleksei Peterson,17
615935,Jüri Karm,Jüri Karm,71
615936,Lembit Lepp,Lembit Lepp,97
615936,Aleksei Peterson,Aleksei Peterson,17
615936,Jüri Karm,Jüri Karm,71
615937,Lembit Lepp,Lembit Lepp,97
615937,Aleksei Peterson,Aleksei Peterson,17
615937,Jüri Karm,Jüri Karm,71
615938,Lembit Lepp,Lembit Lepp,97
615938,Aleksei Peterson,Aleksei Peterson,17
615938,Jüri Karm,Jüri Karm,71
615939,Lembit Lepp,Lembit Lepp,97
615939,Aleksei Peterson,Aleksei Peterson,17
615939,Jüri Karm,Jüri Karm,71
615940,Lembit Lepp,Lembit Lepp,97
615940,Aleksei Peterson,Aleksei Peterson,17
615940,Jüri Karm,Jüri Karm,71
615941,Lembit Lepp,Lembit Lepp,97
615941,Aleksei Peterson,Aleksei Peterson,17
615941,Jüri Karm,Jüri Karm,71
615942,Lembit Lepp,Lembit Lepp,97
615942,Aleksei Peterson,Aleksei Peterson,17
615942,Jüri Karm,Jüri Karm,71
615943,Lembit Lepp,Lembit Lepp,97
615943,Aleksei Peterson,Aleksei Peterson,17
615943,Jüri Karm,Jüri Karm,71
615944,Lembit Lepp,Lembit Lepp,97
615944,Aleksei Peterson,Aleksei Peterson,17
615944,Jüri Karm,Jüri Karm,71
615945,Lembit Lepp,Lembit Lepp,97
615945,Aleksei Peterson,Aleksei Peterson,17
615945,Jüri Karm,Jüri Karm,71
615946,Lembit Lepp,Lembit Lepp,97
615946,Aleksei Peterson,Aleksei Peterson,17
615946,Jüri Karm,Jüri Karm,71
615947,Lembit Lepp,Lembit Lepp,97
615947,Aleksei Peterson,Aleksei Peterson,17
615947,Jüri Karm,Jüri Karm,71
615948,Lembit Lepp,Lembit Lepp,97
615948,Aleksei Peterson,Aleksei Peterson,17
615948,Jüri Karm,Jüri Karm,71
615949,Lembit Lepp,Lembit Lepp,97
615949,Aleksei Peterson,Aleksei Peterson,17
615949,Jüri Karm,Jüri Karm,71
615950,Lembit Lepp,Lembit Lepp,97
615950,Aleksei Peterson,Aleksei Peterson,17
615950,Jüri Karm,Jüri Karm,71
615951,Lembit Lepp,Lembit Lepp,97
615951,Aleksei Peterson,Aleksei Peterson,17
615951,Jüri Karm,Jüri Karm,71
615952,Lembit Lepp,Lembit Lepp,97
615952,Aleksei Peterson,Aleksei Peterson,17
615952,Jüri Karm,Jüri Karm,71
615953,Lembit Lepp,Lembit Lepp,97
615953,Aleksei Peterson,Aleksei Peterson,17
615953,Jüri Karm,Jüri Karm,71
615954,Lembit Lepp,Lembit Lepp,97
615954,Aleksei Peterson,Aleksei Peterson,17
615954,Jüri Karm,Jüri Karm,71
615955,Lembit Lepp,Lembit Lepp,97
615955,Aleksei Peterson,Aleksei Peterson,17
615955,Jüri Karm,Jüri Karm,71
615956,Lembit Lepp,Lembit Lepp,97
615956,Aleksei Peterson,Aleksei Peterson,17
615956,Jüri Karm,Jüri Karm,71
615957,Lembit Lepp,Lembit Lepp,97
615957,Aleksei Peterson,Aleksei Peterson,17
615957,Jüri Karm,Jüri Karm,71
615958,Lembit Lepp,Lembit Lepp,97
615958,Aleksei Peterson,Aleksei Peterson,17
615958,Jüri Karm,Jüri Karm,71
615959,Lembit Lepp,Lembit Lepp,97
615959,Aleksei Peterson,Aleksei Peterson,17
615959,Jüri Karm,Jüri Karm,71
615960,Lembit Lepp,Lembit Lepp,97
615960,Aleksei Peterson,Aleksei Peterson,17
615960,Jüri Karm,Jüri Karm,71
615961,Lembit Lepp,Lembit Lepp,97
615961,Aleksei Peterson,Aleksei Peterson,17
615961,Jüri Karm,Jüri Karm,71
615962,Lembit Lepp,Lembit Lepp,97
615962,Aleksei Peterson,Aleksei Peterson,17
615962,Jüri Karm,Jüri Karm,71
615963,Lembit Lepp,Lembit Lepp,97
615963,Aleksei Peterson,Aleksei Peterson,17
615963,Jüri Karm,Jüri Karm,71
615964,Lembit Lepp,Lembit Lepp,97
615964,Aleksei Peterson,Aleksei Peterson,17
615964,Jüri Karm,Jüri Karm,71
615965,Lembit Lepp,Lembit Lepp,97
615965,Aleksei Peterson,Aleksei Peterson,17
615965,Jüri Karm,Jüri Karm,71
615966,Lembit Lepp,Lembit Lepp,97
615966,Aleksei Peterson,Aleksei Peterson,17
615966,Jüri Karm,Jüri Karm,71
615967,Lembit Lepp,Lembit Lepp,97
615967,Aleksei Peterson,Aleksei Peterson,17
615967,Jüri Karm,Jüri Karm,71
615968,Lembit Lepp,Lembit Lepp,97
615968,Aleksei Peterson,Aleksei Peterson,17
615968,Jüri Karm,Jüri Karm,71
615969,Lembit Lepp,Lembit Lepp,97
615969,Aleksei Peterson,Aleksei Peterson,17
615969,Jüri Karm,Jüri Karm,71
615970,Lembit Lepp,Lembit Lepp,97
615970,Aleksei Peterson,Aleksei Peterson,17
615970,Jüri Karm,Jüri Karm,71
615971,Lembit Lepp,Lembit Lepp,97
615971,Aleksei Peterson,Aleksei Peterson,17
615971,Jüri Karm,Jüri Karm,71
615972,Lembit Lepp,Lembit Lepp,97
615972,Aleksei Peterson,Aleksei Peterson,17
615972,Jüri Karm,Jüri Karm,71
615973,Lembit Lepp,Lembit Lepp,97
615973,Aleksei Peterson,Aleksei Peterson,17
615973,Jüri Karm,Jüri Karm,71
615974,Lembit Lepp,Lembit Lepp,97
615974,Aleksei Peterson,Aleksei Peterson,17
615974,Jüri Karm,Jüri Karm,71
615975,Lembit Lepp,Lembit Lepp,97
615975,Aleksei Peterson,Aleksei Peterson,17
615975,Jüri Karm,Jüri Karm,71
615976,Lembit Lepp,Lembit Lepp,97
615976,Aleksei Peterson,Aleksei Peterson,17
615976,Jüri Karm,Jüri Karm,71
615977,Lembit Lepp,Lembit Lepp,97
615977,Aleksei Peterson,Aleksei Peterson,17
615977,Jüri Karm,Jüri Karm,71
615978,Lembit Lepp,Lembit Lepp,97
615978,Aleksei Peterson,Aleksei Peterson,17
615978,Jüri Karm,Jüri Karm,71
615979,Lembit Lepp,Lembit Lepp,97
615979,Aleksei Peterson,Aleksei Peterson,17
615979,Jüri Karm,Jüri Karm,71
615980,Lembit Lepp,Lembit Lepp,97
615980,Aleksei Peterson,Aleksei Peterson,17
615980,Jüri Karm,Jüri Karm,71
615981,Lembit Lepp,Lembit Lepp,97
615981,Aleksei Peterson,Aleksei Peterson,17
615981,Jüri Karm,Jüri Karm,71
616001,Aleksei Peterson,Aleksei Peterson,17
616001,Lembit Lepp,Lembit Lepp,97
616001,Priit Härmas,Priit Härmas,138
616002,Aleksei Peterson,Aleksei Peterson,17
616002,Lembit Lepp,Lembit Lepp,97
616002,Priit Härmas,Priit Härmas,138
616003,Aleksei Peterson,Aleksei Peterson,17
616003,Lembit Lepp,Lembit Lepp,97
616003,Priit Härmas,Priit Härmas,138
616004,Aleksei Peterson,Aleksei Peterson,17
616004,Lembit Lepp,Lembit Lepp,97
616004,Priit Härmas,Priit Härmas,138
616005,Aleksei Peterson,Aleksei Peterson,17
616005,Lembit Lepp,Lembit Lepp,97
616005,Priit Härmas,Priit Härmas,138
616006,Aleksei Peterson,Aleksei Peterson,17
616006,Lembit Lepp,Lembit Lepp,97
616006,Priit Härmas,Priit Härmas,138
616007,Aleksei Peterson,Aleksei Peterson,17
616007,Lembit Lepp,Lembit Lepp,97
616007,Priit Härmas,Priit Härmas,138
616008,Aleksei Peterson,Aleksei Peterson,17
616008,Lembit Lepp,Lembit Lepp,97
616008,Priit Härmas,Priit Härmas,138
616009,Aleksei Peterson,Aleksei Peterson,17
616009,Lembit Lepp,Lembit Lepp,97
616009,Priit Härmas,Priit Härmas,138
616010,Aleksei Peterson,Aleksei Peterson,17
616010,Lembit Lepp,Lembit Lepp,97
616010,Priit Härmas,Priit Härmas,138
616011,Aleksei Peterson,Aleksei Peterson,17
616011,Lembit Lepp,Lembit Lepp,97
616011,Priit Härmas,Priit Härmas,138
616012,Aleksei Peterson,Aleksei Peterson,17
616012,Lembit Lepp,Lembit Lepp,97
616012,Priit Härmas,Priit Härmas,138
616013,Aleksei Peterson,Aleksei Peterson,17
616013,Lembit Lepp,Lembit Lepp,97
616013,Priit Härmas,Priit Härmas,138
616014,Aleksei Peterson,Aleksei Peterson,17
616014,Lembit Lepp,Lembit Lepp,97
616014,Priit Härmas,Priit Härmas,138
616015,Aleksei Peterson,Aleksei Peterson,17
616015,Lembit Lepp,Lembit Lepp,97
616015,Priit Härmas,Priit Härmas,138
616016,Aleksei Peterson,Aleksei Peterson,17
616016,Lembit Lepp,Lembit Lepp,97
616016,Priit Härmas,Priit Härmas,138
616016,Edgar Saar,Edgar Saar,33
616017,Aleksei Peterson,Aleksei Peterson,17
616017,Lembit Lepp,Lembit Lepp,97
616017,Priit Härmas,Priit Härmas,138
616018,Aleksei Peterson,Aleksei Peterson,17
616018,Lembit Lepp,Lembit Lepp,97
616018,Priit Härmas,Priit Härmas,138
616019,Aleksei Peterson,Aleksei Peterson,17
616019,Lembit Lepp,Lembit Lepp,97
616019,Priit Härmas,Priit Härmas,138
616019,Edgar Saar,Edgar Saar,33
616020,Aleksei Peterson,Aleksei Peterson,17
616020,Lembit Lepp,Lembit Lepp,97
616020,Priit Härmas,Priit Härmas,138
616020,Edgar Saar,Edgar Saar,33
616021,Aleksei Peterson,Aleksei Peterson,17
616021,Lembit Lepp,Lembit Lepp,97
616021,Priit Härmas,Priit Härmas,138
616021,Edgar Saar,Edgar Saar,33
616022,Aleksei Peterson,Aleksei Peterson,17
616022,Lembit Lepp,Lembit Lepp,97
616022,Priit Härmas,Priit Härmas,138
616022,Edgar Saar,Edgar Saar,33
616023,Aleksei Peterson,Aleksei Peterson,17
616023,Lembit Lepp,Lembit Lepp,97
616023,Priit Härmas,Priit Härmas,138
616023,Edgar Saar,Edgar Saar,33
616024,Aleksei Peterson,Aleksei Peterson,17
616024,Lembit Lepp,Lembit Lepp,97
616024,Priit Härmas,Priit Härmas,138
616024,Edgar Saar,Edgar Saar,33
616025,Aleksei Peterson,Aleksei Peterson,17
616025,Lembit Lepp,Lembit Lepp,97
616025,Priit Härmas,Priit Härmas,138
616025,Edgar Saar,Edgar Saar,33
616026,Aleksei Peterson,Aleksei Peterson,17
616026,Lembit Lepp,Lembit Lepp,97
616026,Priit Härmas,Priit Härmas,138
616026,Edgar Saar,Edgar Saar,33
616027,Aleksei Peterson,Aleksei Peterson,17
616027,Lembit Lepp,Lembit Lepp,97
616027,Priit Härmas,Priit Härmas,138
616027,Edgar Saar,Edgar Saar,33
616028,Aleksei Peterson,Aleksei Peterson,17
616028,Lembit Lepp,Lembit Lepp,97
616028,Priit Härmas,Priit Härmas,138
616028,Edgar Saar,Edgar Saar,33
616029,Aleksei Peterson,Aleksei Peterson,17
616029,Lembit Lepp,Lembit Lepp,97
616029,Priit Härmas,Priit Härmas,138
616029,Edgar Saar,Edgar Saar,33
616030,Aleksei Peterson,Aleksei Peterson,17
616030,Lembit Lepp,Lembit Lepp,97
616030,Priit Härmas,Priit Härmas,138
616030,Edgar Saar,Edgar Saar,33
616031,Aleksei Peterson,Aleksei Peterson,17
616031,Lembit Lepp,Lembit Lepp,97
616031,Priit Härmas,Priit Härmas,138
616031,Edgar Saar,Edgar Saar,33
616032,Aleksei Peterson,Aleksei Peterson,17
616032,Lembit Lepp,Lembit Lepp,97
616032,Priit Härmas,Priit Härmas,138
616032,Edgar Saar,Edgar Saar,33
616033,Aleksei Peterson,Aleksei Peterson,17
616033,Lembit Lepp,Lembit Lepp,97
616033,Priit Härmas,Priit Härmas,138
616033,Edgar Saar,Edgar Saar,33
616034,Priit Härmas,Priit Härmas,138
616034,Lembit Lepp,Lembit Lepp,97
616034,Aleksei Peterson,Aleksei Peterson,17
616035,Priit Härmas,Priit Härmas,138
616035,Lembit Lepp,Lembit Lepp,97
616035,Aleksei Peterson,Aleksei Peterson,17
616036,Priit Härmas,Priit Härmas,138
616036,Lembit Lepp,Lembit Lepp,97
616036,Aleksei Peterson,Aleksei Peterson,17
616037,Priit Härmas,Priit Härmas,138
616037,Lembit Lepp,Lembit Lepp,97
616037,Aleksei Peterson,Aleksei Peterson,17
616038,Priit Härmas,Priit Härmas,138
616038,Lembit Lepp,Lembit Lepp,97
616038,Aleksei Peterson,Aleksei Peterson,17
616039,Priit Härmas,Priit Härmas,138
616039,Lembit Lepp,Lembit Lepp,97
616039,Aleksei Peterson,Aleksei Peterson,17
616040,Priit Härmas,Priit Härmas,138
616040,Lembit Lepp,Lembit Lepp,97
616040,Aleksei Peterson,Aleksei Peterson,17
616041,Aleksei Peterson,Aleksei Peterson,17
616041,Lembit Lepp,Lembit Lepp,97
616041,Priit Härmas,Priit Härmas,138
616041,Edgar Saar,Edgar Saar,33
616042,Priit Härmas,Priit Härmas,138
616042,Lembit Lepp,Lembit Lepp,97
616042,Aleksei Peterson,Aleksei Peterson,17
616043,Priit Härmas,Priit Härmas,138
616043,Lembit Lepp,Lembit Lepp,97
616043,Aleksei Peterson,Aleksei Peterson,17
616044,Priit Härmas,Priit Härmas,138
616044,Lembit Lepp,Lembit Lepp,97
616044,Aleksei Peterson,Aleksei Peterson,17
616045,Priit Härmas,Priit Härmas,138
616045,Lembit Lepp,Lembit Lepp,97
616045,Aleksei Peterson,Aleksei Peterson,17
616046,Priit Härmas,Priit Härmas,138
616046,Lembit Lepp,Lembit Lepp,97
616046,Aleksei Peterson,Aleksei Peterson,17
616047,Priit Härmas,Priit Härmas,138
616047,Lembit Lepp,Lembit Lepp,97
616047,Aleksei Peterson,Aleksei Peterson,17
616048,Priit Härmas,Priit Härmas,138
616048,Lembit Lepp,Lembit Lepp,97
616048,Aleksei Peterson,Aleksei Peterson,17
616049,Priit Härmas,Priit Härmas,138
616049,Lembit Lepp,Lembit Lepp,97
616049,Aleksei Peterson,Aleksei Peterson,17
616050,Priit Härmas,Priit Härmas,138
616050,Lembit Lepp,Lembit Lepp,97
616050,Aleksei Peterson,Aleksei Peterson,17
616051,Priit Härmas,Priit Härmas,138
616051,Lembit Lepp,Lembit Lepp,97
616051,Aleksei Peterson,Aleksei Peterson,17
616052,Priit Härmas,Priit Härmas,138
616052,Lembit Lepp,Lembit Lepp,97
616052,Aleksei Peterson,Aleksei Peterson,17
616053,Priit Härmas,Priit Härmas,138
616053,Lembit Lepp,Lembit Lepp,97
616053,Aleksei Peterson,Aleksei Peterson,17
616054,Priit Härmas,Priit Härmas,138
616054,Lembit Lepp,Lembit Lepp,97
616054,Aleksei Peterson,Aleksei Peterson,17
616055,Priit Härmas,Priit Härmas,138
616055,Lembit Lepp,Lembit Lepp,97
616055,Aleksei Peterson,Aleksei Peterson,17
616056,Priit Härmas,Priit Härmas,138
616056,Lembit Lepp,Lembit Lepp,97
616056,Aleksei Peterson,Aleksei Peterson,17
616057,Priit Härmas,Priit Härmas,138
616057,Lembit Lepp,Lembit Lepp,97
616057,Aleksei Peterson,Aleksei Peterson,17
616058,Priit Härmas,Priit Härmas,138
616058,Lembit Lepp,Lembit Lepp,97
616058,Aleksei Peterson,Aleksei Peterson,17
616059,Priit Härmas,Priit Härmas,138
616059,Lembit Lepp,Lembit Lepp,97
616059,Aleksei Peterson,Aleksei Peterson,17
616060,Priit Härmas,Priit Härmas,138
616060,Lembit Lepp,Lembit Lepp,97
616060,Aleksei Peterson,Aleksei Peterson,17
616061,Priit Härmas,Priit Härmas,138
616061,Lembit Lepp,Lembit Lepp,97
616061,Aleksei Peterson,Aleksei Peterson,17
616062,Priit Härmas,Priit Härmas,138
616062,Lembit Lepp,Lembit Lepp,97
616062,Aleksei Peterson,Aleksei Peterson,17
616063,Priit Härmas,Priit Härmas,138
616063,Lembit Lepp,Lembit Lepp,97
616063,Aleksei Peterson,Aleksei Peterson,17
616064,Priit Härmas,Priit Härmas,138
616064,Lembit Lepp,Lembit Lepp,97
616064,Aleksei Peterson,Aleksei Peterson,17
616065,Priit Härmas,Priit Härmas,138
616065,Lembit Lepp,Lembit Lepp,97
616065,Aleksei Peterson,Aleksei Peterson,17
616066,Priit Härmas,Priit Härmas,138
616066,Lembit Lepp,Lembit Lepp,97
616066,Aleksei Peterson,Aleksei Peterson,17
616067,Priit Härmas,Priit Härmas,138
616067,Lembit Lepp,Lembit Lepp,97
616067,Aleksei Peterson,Aleksei Peterson,17
616068,Priit Härmas,Priit Härmas,138
616068,Lembit Lepp,Lembit Lepp,97
616068,Aleksei Peterson,Aleksei Peterson,17
616069,Priit Härmas,Priit Härmas,138
616069,Lembit Lepp,Lembit Lepp,97
616069,Aleksei Peterson,Aleksei Peterson,17
616070,Priit Härmas,Priit Härmas,138
616070,Lembit Lepp,Lembit Lepp,97
616070,Aleksei Peterson,Aleksei Peterson,17
616071,Priit Härmas,Priit Härmas,138
616071,Lembit Lepp,Lembit Lepp,97
616071,Aleksei Peterson,Aleksei Peterson,17
616072,Priit Härmas,Priit Härmas,138
616072,Lembit Lepp,Lembit Lepp,97
616072,Aleksei Peterson,Aleksei Peterson,17
616073,Priit Härmas,Priit Härmas,138
616073,Lembit Lepp,Lembit Lepp,97
616073,Aleksei Peterson,Aleksei Peterson,17
616074,Priit Härmas,Priit Härmas,138
616074,Lembit Lepp,Lembit Lepp,97
616074,Aleksei Peterson,Aleksei Peterson,17
616075,Priit Härmas,Priit Härmas,138
616075,Lembit Lepp,Lembit Lepp,97
616075,Aleksei Peterson,Aleksei Peterson,17
616076,Priit Härmas,Priit Härmas,138
616076,Lembit Lepp,Lembit Lepp,97
616076,Aleksei Peterson,Aleksei Peterson,17
616077,Priit Härmas,Priit Härmas,138
616077,Lembit Lepp,Lembit Lepp,97
616077,Aleksei Peterson,Aleksei Peterson,17
616078,Priit Härmas,Priit Härmas,138
616078,Lembit Lepp,Lembit Lepp,97
616078,Aleksei Peterson,Aleksei Peterson,17
616079,Priit Härmas,Priit Härmas,138
616079,Lembit Lepp,Lembit Lepp,97
616079,Aleksei Peterson,Aleksei Peterson,17
616080,Priit Härmas,Priit Härmas,138
616080,Lembit Lepp,Lembit Lepp,97
616080,Aleksei Peterson,Aleksei Peterson,17
616081,Priit Härmas,Priit Härmas,138
616081,Lembit Lepp,Lembit Lepp,97
616081,Aleksei Peterson,Aleksei Peterson,17
616082,Priit Härmas,Priit Härmas,138
616082,Lembit Lepp,Lembit Lepp,97
616082,Aleksei Peterson,Aleksei Peterson,17
616084,Priit Härmas,Priit Härmas,138
616084,Lembit Lepp,Lembit Lepp,97
616084,Aleksei Peterson,Aleksei Peterson,17
616085,Priit Härmas,Priit Härmas,138
616085,Lembit Lepp,Lembit Lepp,97
616085,Aleksei Peterson,Aleksei Peterson,17
616086,Priit Härmas,Priit Härmas,138
616086,Lembit Lepp,Lembit Lepp,97
616086,Aleksei Peterson,Aleksei Peterson,17
616087,Priit Härmas,Priit Härmas,138
616087,Lembit Lepp,Lembit Lepp,97
616087,Aleksei Peterson,Aleksei Peterson,17
616089,Priit Härmas,Priit Härmas,138
616089,Lembit Lepp,Lembit Lepp,97
616089,Aleksei Peterson,Aleksei Peterson,17
616090,Priit Härmas,Priit Härmas,138
616090,Lembit Lepp,Lembit Lepp,97
616090,Aleksei Peterson,Aleksei Peterson,17
616091,Priit Härmas,Priit Härmas,138
616091,Lembit Lepp,Lembit Lepp,97
616091,Aleksei Peterson,Aleksei Peterson,17
616092,Priit Härmas,Priit Härmas,138
616092,Lembit Lepp,Lembit Lepp,97
616092,Aleksei Peterson,Aleksei Peterson,17
616093,Priit Härmas,Priit Härmas,138
616093,Lembit Lepp,Lembit Lepp,97
616093,Aleksei Peterson,Aleksei Peterson,17
616094,Priit Härmas,Priit Härmas,138
616094,Lembit Lepp,Lembit Lepp,97
616094,Aleksei Peterson,Aleksei Peterson,17
616095,Priit Härmas,Priit Härmas,138
616095,Lembit Lepp,Lembit Lepp,97
616095,Aleksei Peterson,Aleksei Peterson,17
616096,Priit Härmas,Priit Härmas,138
616096,Lembit Lepp,Lembit Lepp,97
616096,Aleksei Peterson,Aleksei Peterson,17
616097,Priit Härmas,Priit Härmas,138
616097,Lembit Lepp,Lembit Lepp,97
616097,Aleksei Peterson,Aleksei Peterson,17
616098,Priit Härmas,Priit Härmas,138
616098,Lembit Lepp,Lembit Lepp,97
616098,Aleksei Peterson,Aleksei Peterson,17
616099,Priit Härmas,Priit Härmas,138
616099,Lembit Lepp,Lembit Lepp,97
616099,Aleksei Peterson,Aleksei Peterson,17
616100,Priit Härmas,Priit Härmas,138
616100,Lembit Lepp,Lembit Lepp,97
616100,Aleksei Peterson,Aleksei Peterson,17
616101,Priit Härmas,Priit Härmas,138
616101,Lembit Lepp,Lembit Lepp,97
616101,Aleksei Peterson,Aleksei Peterson,17
616102,Heno Sarv,Heno Sarv,58
616103,Heno Sarv,Heno Sarv,58
616104,Heno Sarv,Heno Sarv,58
616105,Heno Sarv,Heno Sarv,58
616106,Heno Sarv,Heno Sarv,58
616107,Heno Sarv,Heno Sarv,58
616108,Heno Sarv,Heno Sarv,58
616109,Heno Sarv,Heno Sarv,58
616110,Heno Sarv,Heno Sarv,58
616111,Heno Sarv,Heno Sarv,58
616113,Heno Sarv,Heno Sarv,58
616114,Heno Sarv,Heno Sarv,58
616115,Heno Sarv,Heno Sarv,58
616116,Heno Sarv,Heno Sarv,58
616117,Heno Sarv,Heno Sarv,58
616118,Heno Sarv,Heno Sarv,58
616119,Heno Sarv,Heno Sarv,58
616120,Heno Sarv,Heno Sarv,58
616121,Heno Sarv,Heno Sarv,58
616122,Heno Sarv,Heno Sarv,58
616123,Heno Sarv,Heno Sarv,58
616124,Heno Sarv,Heno Sarv,58
616125,Heno Sarv,Heno Sarv,58
616126,Heno Sarv,Heno Sarv,58
616127,Heno Sarv,Heno Sarv,58
616128,Heno Sarv,Heno Sarv,58
616129,Heno Sarv,Heno Sarv,58
616130,Heno Sarv,Heno Sarv,58
616131,Heno Sarv,Heno Sarv,58
616132,Heno Sarv,Heno Sarv,58
616133,Heno Sarv,Heno Sarv,58
616134,Heno Sarv,Heno Sarv,58
616135,Heno Sarv,Heno Sarv,58
616136,Heno Sarv,Heno Sarv,58
616137,Heno Sarv,Heno Sarv,58
616138,Heno Sarv,Heno Sarv,58
616139,Heno Sarv,Heno Sarv,58
616140,Heno Sarv,Heno Sarv,58
616141,Heno Sarv,Heno Sarv,58
616142,Heno Sarv,Heno Sarv,58
616143,Heno Sarv,Heno Sarv,58
616144,Heno Sarv,Heno Sarv,58
616145,Heno Sarv,Heno Sarv,58
616146,Heno Sarv,Heno Sarv,58
616147,Heno Sarv,Heno Sarv,58
616148,Heno Sarv,Heno Sarv,58
616149,Heno Sarv,Heno Sarv,58
616150,Heno Sarv,Heno Sarv,58
616151,Heno Sarv,Heno Sarv,58
616152,Edgar Saar,Edgar Saar,33
616153,Edgar Saar,Edgar Saar,33
616154,Edgar Saar,Edgar Saar,33
616155,Edgar Saar,Edgar Saar,33
616156,Edgar Saar,Edgar Saar,33
616157,Edgar Saar,Edgar Saar,33
616158,Edgar Saar,Edgar Saar,33
616159,Edgar Saar,Edgar Saar,33
616160,Edgar Saar,Edgar Saar,33
616161,Edgar Saar,Edgar Saar,33
616162,Edgar Saar,Edgar Saar,33
616163,Edgar Saar,Edgar Saar,33
616164,Edgar Saar,Edgar Saar,33
616165,Edgar Saar,Edgar Saar,33
616166,Edgar Saar,Edgar Saar,33
616167,Edgar Saar,Edgar Saar,33
616168,Edgar Saar,Edgar Saar,33
616169,Edgar Saar,Edgar Saar,33
616170,Edgar Saar,Edgar Saar,33
616171,Edgar Saar,Edgar Saar,33
616172,Edgar Saar,Edgar Saar,33
616173,Edgar Saar,Edgar Saar,33
616174,Edgar Saar,Edgar Saar,33
616175,Edgar Saar,Edgar Saar,33
616176,Edgar Saar,Edgar Saar,33
616177,Edgar Saar,Edgar Saar,33
616178,Edgar Saar,Edgar Saar,33
616179,Edgar Saar,Edgar Saar,33
616180,Edgar Saar,Edgar Saar,33
616181,Edgar Saar,Edgar Saar,33
616182,Edgar Saar,Edgar Saar,33
616183,Edgar Saar,Edgar Saar,33
616184,Edgar Saar,Edgar Saar,33
616185,Edgar Saar,Edgar Saar,33
616186,Edgar Saar,Edgar Saar,33
616187,Juta Reio,Juta Reio,70
616187,Uuno Ojala,Uuno Ojala,161
616188,Juta Reio,Juta Reio,70
616188,Uuno Ojala,Uuno Ojala,161
616189,Juta Reio,Juta Reio,70
616189,Uuno Ojala,Uuno Ojala,161
616190,Juta Reio,Juta Reio,70
616190,Uuno Ojala,Uuno Ojala,161
616191,Juta Reio,Juta Reio,70
616191,Uuno Ojala,Uuno Ojala,161
616192,Juta Reio,Juta Reio,70
616192,Uuno Ojala,Uuno Ojala,161
616193,Juta Reio,Juta Reio,70
616193,Uuno Ojala,Uuno Ojala,161
616194,Juta Reio,Juta Reio,70
616194,Uuno Ojala,Uuno Ojala,161
616195,Juta Reio,Juta Reio,70
616195,Uuno Ojala,Uuno Ojala,161
616196,Juta Reio,Juta Reio,70
616196,Uuno Ojala,Uuno Ojala,161
616197,Juta Reio,Juta Reio,70
616197,Uuno Ojala,Uuno Ojala,161
616198,Juta Reio,Juta Reio,70
616198,Uuno Ojala,Uuno Ojala,161
616199,Juta Reio,Juta Reio,70
616199,Uuno Ojala,Uuno Ojala,161
616200,Juta Reio,Juta Reio,70
616200,Uuno Ojala,Uuno Ojala,161
616201,Juta Reio,Juta Reio,70
616201,Uuno Ojala,Uuno Ojala,161
616202,Juta Reio,Juta Reio,70
616202,Uuno Ojala,Uuno Ojala,161
616203,Maaja Värva,Maaja Värva,106
616203,Aldo Luud,Aldo Luud,15
616203,Lea Malin,Lea Malin,93
616204,Maaja Värva,Maaja Värva,106
616204,Aldo Luud,Aldo Luud,15
616204,Lea Malin,Lea Malin,93
616205,Maaja Värva,Maaja Värva,106
616205,Aldo Luud,Aldo Luud,15
616205,Lea Malin,Lea Malin,93
616206,Maaja Värva,Maaja Värva,106
616206,Aldo Luud,Aldo Luud,15
616206,Lea Malin,Lea Malin,93
616207,Maaja Värva,Maaja Värva,106
616207,Aldo Luud,Aldo Luud,15
616207,Lea Malin,Lea Malin,93
616208,Maaja Värva,Maaja Värva,106
616208,Aldo Luud,Aldo Luud,15
616208,Lea Malin,Lea Malin,93
616209,Maaja Värva,Maaja Värva,106
616209,Aldo Luud,Aldo Luud,15
616209,Lea Malin,Lea Malin,93
616210,Maaja Värva,Maaja Värva,106
616210,Aldo Luud,Aldo Luud,15
616210,Lea Malin,Lea Malin,93
616211,Maaja Värva,Maaja Värva,106
616211,Aldo Luud,Aldo Luud,15
616211,Lea Malin,Lea Malin,93
616212,Maaja Värva,Maaja Värva,106
616212,Aldo Luud,Aldo Luud,15
616212,Lea Malin,Lea Malin,93
616213,Maaja Värva,Maaja Värva,106
616213,Aldo Luud,Aldo Luud,15
616213,Lea Malin,Lea Malin,93
616214,Maaja Värva,Maaja Värva,106
616214,Aldo Luud,Aldo Luud,15
616214,Lea Malin,Lea Malin,93
616215,Maaja Värva,Maaja Värva,106
616215,Aldo Luud,Aldo Luud,15
616215,Lea Malin,Lea Malin,93
616216,Maaja Värva,Maaja Värva,106
616216,Aldo Luud,Aldo Luud,15
616216,Lea Malin,Lea Malin,93
616217,Maaja Värva,Maaja Värva,106
616217,Aldo Luud,Aldo Luud,15
616217,Lea Malin,Lea Malin,93
616218,Maaja Värva,Maaja Värva,106
616218,Aldo Luud,Aldo Luud,15
616218,Lea Malin,Lea Malin,93
616219,Maaja Värva,Maaja Värva,106
616219,Aldo Luud,Aldo Luud,15
616219,Lea Malin,Lea Malin,93
616220,Maaja Värva,Maaja Värva,106
616220,Aldo Luud,Aldo Luud,15
616220,Lea Malin,Lea Malin,93
616222,Maaja Värva,Maaja Värva,106
616222,Aldo Luud,Aldo Luud,15
616222,Lea Malin,Lea Malin,93
616223,Maaja Värva,Maaja Värva,106
616223,Aldo Luud,Aldo Luud,15
616223,Lea Malin,Lea Malin,93
616224,Maaja Värva,Maaja Värva,106
616224,Aldo Luud,Aldo Luud,15
616224,Lea Malin,Lea Malin,93
616225,Maaja Värva,Maaja Värva,106
616225,Aldo Luud,Aldo Luud,15
616225,Lea Malin,Lea Malin,93
616226,Maaja Värva,Maaja Värva,106
616226,Aldo Luud,Aldo Luud,15
616226,Lea Malin,Lea Malin,93
616227,Heno Sarv,Heno Sarv,58
616228,Heno Sarv,Heno Sarv,58
616229,Heno Sarv,Heno Sarv,58
616230,Heno Sarv,Heno Sarv,58
616231,Heno Sarv,Heno Sarv,58
616232,Heno Sarv,Heno Sarv,58
616233,Heno Sarv,Heno Sarv,58
616234,Heno Sarv,Heno Sarv,58
616235,Heno Sarv,Heno Sarv,58
616236,Heno Sarv,Heno Sarv,58
616237,Heno Sarv,Heno Sarv,58
616238,Heno Sarv,Heno Sarv,58
616239,Heno Sarv,Heno Sarv,58
616240,Heno Sarv,Heno Sarv,58
616241,Heno Sarv,Heno Sarv,58
616242,Heno Sarv,Heno Sarv,58
616243,Heno Sarv,Heno Sarv,58
616244,Heno Sarv,Heno Sarv,58
616245,Heno Sarv,Heno Sarv,58
616246,Heno Sarv,Heno Sarv,58
616247,Heno Sarv,Heno Sarv,58
616248,Heno Sarv,Heno Sarv,58
616249,Heno Sarv,Heno Sarv,58
616250,Heno Sarv,Heno Sarv,58
616251,Heno Sarv,Heno Sarv,58
616252,Aldo Luud,Aldo Luud,15
616253,Aldo Luud,Aldo Luud,15
616254,Aldo Luud,Aldo Luud,15
616255,Aldo Luud,Aldo Luud,15
616256,Aldo Luud,Aldo Luud,15
616257,Aldo Luud,Aldo Luud,15
616258,Aldo Luud,Aldo Luud,15
616259,Aldo Luud,Aldo Luud,15
616260,Aldo Luud,Aldo Luud,15
616261,Aldo Luud,Aldo Luud,15
616262,Aldo Luud,Aldo Luud,15
616263,Aldo Luud,Aldo Luud,15
616264,Aldo Luud,Aldo Luud,15
616265,Aldo Luud,Aldo Luud,15
616266,Aldo Luud,Aldo Luud,15
616267,Aldo Luud,Aldo Luud,15
616268,Aldo Luud,Aldo Luud,15
616269,Aldo Luud,Aldo Luud,15
616270,Aldo Luud,Aldo Luud,15
616271,Aldo Luud,Aldo Luud,15
616272,Aldo Luud,Aldo Luud,15
616273,Aldo Luud,Aldo Luud,15
616274,Aldo Luud,Aldo Luud,15
616275,Aldo Luud,Aldo Luud,15
616276,Aldo Luud,Aldo Luud,15
616277,Aldo Luud,Aldo Luud,15
616278,Aldo Luud,Aldo Luud,15
616279,Aldo Luud,Aldo Luud,15
616280,Aldo Luud,Aldo Luud,15
616281,Aldo Luud,Aldo Luud,15
616282,Aldo Luud,Aldo Luud,15
616283,Aldo Luud,Aldo Luud,15
616284,Aldo Luud,Aldo Luud,15
616285,Aldo Luud,Aldo Luud,15
616286,Aldo Luud,Aldo Luud,15
616287,Aldo Luud,Aldo Luud,15
616288,Aldo Luud,Aldo Luud,15
616290,Aldo Luud,Aldo Luud,15
616291,Aldo Luud,Aldo Luud,15
616292,Aldo Luud,Aldo Luud,15
616293,Aldo Luud,Aldo Luud,15
616294,Aldo Luud,Aldo Luud,15
616295,Aldo Luud,Aldo Luud,15
616296,Aldo Luud,Aldo Luud,15
616297,Heno Sarv,Heno Sarv,58
616298,Heno Sarv,Heno Sarv,58
616299,Heno Sarv,Heno Sarv,58
616300,Heno Sarv,Heno Sarv,58
616301,Heno Sarv,Heno Sarv,58
616302,Heno Sarv,Heno Sarv,58
616417,Aleksei Peterson,Aleksei Peterson,17
616417,Annes Enehielm,Annes Enehielm,19
616417,Aado Lintrop,Aado Lintrop,7
616417,Aldo Luud,Aldo Luud,15
616417,Serafima Lebedeva,Serafima Lebedeva,143
616417,Olga Shirokova,Olga Shirokova,121
616418,Aleksei Peterson,Aleksei Peterson,17
616418,Annes Enehielm,Annes Enehielm,19
616418,Aado Lintrop,Aado Lintrop,7
616418,Aldo Luud,Aldo Luud,15
616418,Serafima Lebedeva,Serafima Lebedeva,143
616418,Olga Shirokova,Olga Shirokova,121
616419,Aleksei Peterson,Aleksei Peterson,17
616419,Annes Enehielm,Annes Enehielm,19
616419,Aado Lintrop,Aado Lintrop,7
616419,Aldo Luud,Aldo Luud,15
616419,Serafima Lebedeva,Serafima Lebedeva,143
616419,Olga Shirokova,Olga Shirokova,121
616421,Aleksei Peterson,Aleksei Peterson,17
616421,Annes Enehielm,Annes Enehielm,19
616421,Aado Lintrop,Aado Lintrop,7
616421,Aldo Luud,Aldo Luud,15
616421,Serafima Lebedeva,Serafima Lebedeva,143
616421,Olga Shirokova,Olga Shirokova,121
616422,Aleksei Peterson,Aleksei Peterson,17
616422,Annes Enehielm,Annes Enehielm,19
616422,Aado Lintrop,Aado Lintrop,7
616422,Aldo Luud,Aldo Luud,15
616422,Serafima Lebedeva,Serafima Lebedeva,143
616422,Olga Shirokova,Olga Shirokova,121
616424,Z. Sidorova,Z. Sidorova,169
616425,Aleksei Peterson,Aleksei Peterson,17
616425,Annes Enehielm,Annes Enehielm,19
616425,Aado Lintrop,Aado Lintrop,7
616425,Aldo Luud,Aldo Luud,15
616425,Serafima Lebedeva,Serafima Lebedeva,143
616425,Olga Shirokova,Olga Shirokova,121
616426,Aleksei Peterson,Aleksei Peterson,17
616426,Annes Enehielm,Annes Enehielm,19
616426,Aado Lintrop,Aado Lintrop,7
616426,Aldo Luud,Aldo Luud,15
616426,Serafima Lebedeva,Serafima Lebedeva,143
616426,Olga Shirokova,Olga Shirokova,121
616427,Aleksei Peterson,Aleksei Peterson,17
616427,Annes Enehielm,Annes Enehielm,19
616427,Aado Lintrop,Aado Lintrop,7
616427,Aldo Luud,Aldo Luud,15
616427,Serafima Lebedeva,Serafima Lebedeva,143
616427,Olga Shirokova,Olga Shirokova,121
616428,Aleksei Peterson,Aleksei Peterson,17
616428,Annes Enehielm,Annes Enehielm,19
616428,Aado Lintrop,Aado Lintrop,7
616428,Aldo Luud,Aldo Luud,15
616428,Serafima Lebedeva,Serafima Lebedeva,143
616428,Olga Shirokova,Olga Shirokova,121
616429,Aleksei Peterson,Aleksei Peterson,17
616429,Annes Enehielm,Annes Enehielm,19
616429,Aado Lintrop,Aado Lintrop,7
616429,Aldo Luud,Aldo Luud,15
616429,Serafima Lebedeva,Serafima Lebedeva,143
616429,Olga Shirokova,Olga Shirokova,121
616430,Aleksei Peterson,Aleksei Peterson,17
616430,Annes Enehielm,Annes Enehielm,19
616430,Aado Lintrop,Aado Lintrop,7
616430,Aldo Luud,Aldo Luud,15
616430,Serafima Lebedeva,Serafima Lebedeva,143
616430,Olga Shirokova,Olga Shirokova,121
616431,Aleksei Peterson,Aleksei Peterson,17
616431,Annes Enehielm,Annes Enehielm,19
616431,Aado Lintrop,Aado Lintrop,7
616431,Aldo Luud,Aldo Luud,15
616431,Serafima Lebedeva,Serafima Lebedeva,143
616431,Olga Shirokova,Olga Shirokova,121
616433,Aleksei Peterson,Aleksei Peterson,17
616433,Annes Enehielm,Annes Enehielm,19
616433,Aado Lintrop,Aado Lintrop,7
616433,Aldo Luud,Aldo Luud,15
616433,Serafima Lebedeva,Serafima Lebedeva,143
616433,Olga Shirokova,Olga Shirokova,121
616434,Aleksei Peterson,Aleksei Peterson,17
616434,Annes Enehielm,Annes Enehielm,19
616434,Aado Lintrop,Aado Lintrop,7
616434,Aldo Luud,Aldo Luud,15
616434,Serafima Lebedeva,Serafima Lebedeva,143
616434,Olga Shirokova,Olga Shirokova,121
616435,Kalju Konsin,Kalju Konsin,83
616436,Kalju Konsin,Kalju Konsin,83
616437,Kalju Konsin,Kalju Konsin,83
616438,Kalju Konsin,Kalju Konsin,83
616439,Kalju Konsin,Kalju Konsin,83
616440,Kalju Konsin,Kalju Konsin,83
616441,Kalju Konsin,Kalju Konsin,83
616442,Kalju Konsin,Kalju Konsin,83
616443,Kalju Konsin,Kalju Konsin,83
616444,Kalju Konsin,Kalju Konsin,83
616445,Kalju Konsin,Kalju Konsin,83
616446,Kalju Konsin,Kalju Konsin,83
616447,Kalju Konsin,Kalju Konsin,83
616448,Aleksei Peterson,Aleksei Peterson,17
616448,Toivo Pedak,Toivo Pedak,156
616448,Lembit Võime,Lembit Võime,98
616448,Lembit Lepp,Lembit Lepp,97
616449,Aleksei Peterson,Aleksei Peterson,17
616449,Toivo Pedak,Toivo Pedak,156
616449,Lembit Võime,Lembit Võime,98
616449,Lembit Lepp,Lembit Lepp,97
616450,Aleksei Peterson,Aleksei Peterson,17
616450,Toivo Pedak,Toivo Pedak,156
616450,Lembit Võime,Lembit Võime,98
616450,Lembit Lepp,Lembit Lepp,97
616451,Aleksei Peterson,Aleksei Peterson,17
616451,Toivo Pedak,Toivo Pedak,156
616451,Lembit Võime,Lembit Võime,98
616451,Lembit Lepp,Lembit Lepp,97
616452,Aleksei Peterson,Aleksei Peterson,17
616452,Toivo Pedak,Toivo Pedak,156
616452,Lembit Võime,Lembit Võime,98
616452,Lembit Lepp,Lembit Lepp,97
616453,Aleksei Peterson,Aleksei Peterson,17
616453,Toivo Pedak,Toivo Pedak,156
616453,Lembit Võime,Lembit Võime,98
616453,Lembit Lepp,Lembit Lepp,97
616454,Aleksei Peterson,Aleksei Peterson,17
616454,Toivo Pedak,Toivo Pedak,156
616454,Lembit Võime,Lembit Võime,98
616454,Lembit Lepp,Lembit Lepp,97
616455,Aleksei Peterson,Aleksei Peterson,17
616455,Toivo Pedak,Toivo Pedak,156
616455,Lembit Võime,Lembit Võime,98
616455,Lembit Lepp,Lembit Lepp,97
616456,Aleksei Peterson,Aleksei Peterson,17
616456,Toivo Pedak,Toivo Pedak,156
616456,Lembit Võime,Lembit Võime,98
616456,Lembit Lepp,Lembit Lepp,97
616456,U. Puss,Hugo Puss,160
616457,Aleksei Peterson,Aleksei Peterson,17
616457,Toivo Pedak,Toivo Pedak,156
616457,Lembit Võime,Lembit Võime,98
616457,Lembit Lepp,Lembit Lepp,97
616457,U. Puss,Hugo Puss,160
616458,Aleksei Peterson,Aleksei Peterson,17
616458,Toivo Pedak,Toivo Pedak,156
616458,Lembit Võime,Lembit Võime,98
616458,Lembit Lepp,Lembit Lepp,97
616458,U. Puss,Hugo Puss,160
616459,Aleksei Peterson,Aleksei Peterson,17
616459,Toivo Pedak,Toivo Pedak,156
616459,Lembit Võime,Lembit Võime,98
616459,Lembit Lepp,Lembit Lepp,97
616459,U. Puss,Hugo Puss,160
616460,Aleksei Peterson,Aleksei Peterson,17
616460,Toivo Pedak,Toivo Pedak,156
616460,Lembit Võime,Lembit Võime,98
616460,Lembit Lepp,Lembit Lepp,97
616460,U. Puss,Hugo Puss,160
616461,Aleksei Peterson,Aleksei Peterson,17
616461,Toivo Pedak,Toivo Pedak,156
616461,Lembit Võime,Lembit Võime,98
616461,Lembit Lepp,Lembit Lepp,97
616461,U. Puss,Hugo Puss,160
616462,Aleksei Peterson,Aleksei Peterson,17
616462,Toivo Pedak,Toivo Pedak,156
616462,Lembit Võime,Lembit Võime,98
616462,Lembit Lepp,Lembit Lepp,97
616462,U. Puss,Hugo Puss,160
616463,Aleksei Peterson,Aleksei Peterson,17
616463,Toivo Pedak,Toivo Pedak,156
616463,Lembit Võime,Lembit Võime,98
616463,Lembit Lepp,Lembit Lepp,97
616463,U. Puss,Hugo Puss,160
616464,Aleksei Peterson,Aleksei Peterson,17
616464,Toivo Pedak,Toivo Pedak,156
616464,Lembit Võime,Lembit Võime,98
616464,Lembit Lepp,Lembit Lepp,97
616464,U. Puss,Hugo Puss,160
616465,Aleksei Peterson,Aleksei Peterson,17
616465,Toivo Pedak,Toivo Pedak,156
616465,Lembit Võime,Lembit Võime,98
616465,Lembit Lepp,Lembit Lepp,97
616465,U. Puss,Hugo Puss,160
616466,Aleksei Peterson,Aleksei Peterson,17
616466,Toivo Pedak,Toivo Pedak,156
616466,Lembit Võime,Lembit Võime,98
616466,Lembit Lepp,Lembit Lepp,97
616466,U. Puss,Hugo Puss,160
616474,Lembit Lepp,Lembit Lepp,97
616474,Aleksei Peterson,Aleksei Peterson,17
616474,Jüri Karm,Jüri Karm,71
616475,Lembit Lepp,Lembit Lepp,97
616475,Aleksei Peterson,Aleksei Peterson,17
616475,Jüri Karm,Jüri Karm,71
616476,Lembit Lepp,Lembit Lepp,97
616476,Aleksei Peterson,Aleksei Peterson,17
616476,Jüri Karm,Jüri Karm,71
616477,Lembit Lepp,Lembit Lepp,97
616477,Aleksei Peterson,Aleksei Peterson,17
616477,Jüri Karm,Jüri Karm,71
616478,Lembit Lepp,Lembit Lepp,97
616478,Aleksei Peterson,Aleksei Peterson,17
616478,Jüri Karm,Jüri Karm,71
616479,Lembit Lepp,Lembit Lepp,97
616479,Aleksei Peterson,Aleksei Peterson,17
616479,Jüri Karm,Jüri Karm,71
616480,Lembit Lepp,Lembit Lepp,97
616480,Aleksei Peterson,Aleksei Peterson,17
616480,Jüri Karm,Jüri Karm,71
616481,Lembit Lepp,Lembit Lepp,97
616481,Aleksei Peterson,Aleksei Peterson,17
616481,Jüri Karm,Jüri Karm,71
616482,Lembit Lepp,Lembit Lepp,97
616482,Aleksei Peterson,Aleksei Peterson,17
616482,Jüri Karm,Jüri Karm,71
616483,Lembit Lepp,Lembit Lepp,97
616483,Aleksei Peterson,Aleksei Peterson,17
616483,Jüri Karm,Jüri Karm,71
616484,Lembit Lepp,Lembit Lepp,97
616484,Aleksei Peterson,Aleksei Peterson,17
616484,Jüri Karm,Jüri Karm,71
616485,Lembit Lepp,Lembit Lepp,97
616485,Aleksei Peterson,Aleksei Peterson,17
616485,Jüri Karm,Jüri Karm,71
616486,Lembit Lepp,Lembit Lepp,97
616486,Aleksei Peterson,Aleksei Peterson,17
616486,Jüri Karm,Jüri Karm,71
616487,Lembit Lepp,Lembit Lepp,97
616487,Aleksei Peterson,Aleksei Peterson,17
616487,Jüri Karm,Jüri Karm,71
616488,Lembit Lepp,Lembit Lepp,97
616488,Aleksei Peterson,Aleksei Peterson,17
616488,Jüri Karm,Jüri Karm,71
616489,Lembit Lepp,Lembit Lepp,97
616489,Aleksei Peterson,Aleksei Peterson,17
616489,Jüri Karm,Jüri Karm,71
616490,Lembit Lepp,Lembit Lepp,97
616490,Aleksei Peterson,Aleksei Peterson,17
616490,Jüri Karm,Jüri Karm,71
616492,Lembit Lepp,Lembit Lepp,97
616492,Aleksei Peterson,Aleksei Peterson,17
616492,Jüri Karm,Jüri Karm,71
616493,Lembit Lepp,Lembit Lepp,97
616493,Aleksei Peterson,Aleksei Peterson,17
616493,Jüri Karm,Jüri Karm,71
616494,Lembit Lepp,Lembit Lepp,97
616494,Aleksei Peterson,Aleksei Peterson,17
616494,Jüri Karm,Jüri Karm,71
616495,Lembit Lepp,Lembit Lepp,97
616495,Aleksei Peterson,Aleksei Peterson,17
616495,Jüri Karm,Jüri Karm,71
616496,Lembit Lepp,Lembit Lepp,97
616496,Aleksei Peterson,Aleksei Peterson,17
616496,Jüri Karm,Jüri Karm,71
616497,Lembit Lepp,Lembit Lepp,97
616497,Aleksei Peterson,Aleksei Peterson,17
616497,Jüri Karm,Jüri Karm,71
616498,Lembit Lepp,Lembit Lepp,97
616498,Aleksei Peterson,Aleksei Peterson,17
616498,Jüri Karm,Jüri Karm,71
616499,Lembit Lepp,Lembit Lepp,97
616499,Aleksei Peterson,Aleksei Peterson,17
616499,Jüri Karm,Jüri Karm,71
616500,Lembit Lepp,Lembit Lepp,97
616500,Aleksei Peterson,Aleksei Peterson,17
616500,Jüri Karm,Jüri Karm,71
616501,Lembit Lepp,Lembit Lepp,97
616501,Aleksei Peterson,Aleksei Peterson,17
616501,Jüri Karm,Jüri Karm,71
616502,Lembit Lepp,Lembit Lepp,97
616502,Aleksei Peterson,Aleksei Peterson,17
616502,Jüri Karm,Jüri Karm,71
616503,Lembit Lepp,Lembit Lepp,97
616503,Aleksei Peterson,Aleksei Peterson,17
616503,Jüri Karm,Jüri Karm,71
616504,Lembit Lepp,Lembit Lepp,97
616504,Aleksei Peterson,Aleksei Peterson,17
616504,Jüri Karm,Jüri Karm,71
616505,Lembit Lepp,Lembit Lepp,97
616505,Aleksei Peterson,Aleksei Peterson,17
616505,Jüri Karm,Jüri Karm,71
616506,Edgar Saar,Edgar Saar,33
616507,Edgar Saar,Edgar Saar,33
616508,Edgar Saar,Edgar Saar,33
616509,Edgar Saar,Edgar Saar,33
616510,Edgar Saar,Edgar Saar,33
616511,Edgar Saar,Edgar Saar,33
616512,Edgar Saar,Edgar Saar,33
616513,Edgar Saar,Edgar Saar,33
616514,Edgar Saar,Edgar Saar,33
616515,Edgar Saar,Edgar Saar,33
616516,Edgar Saar,Edgar Saar,33
616517,Edgar Saar,Edgar Saar,33
616518,Edgar Saar,Edgar Saar,33
616519,Edgar Saar,Edgar Saar,33
616520,Edgar Saar,Edgar Saar,33
616521,Edgar Saar,Edgar Saar,33
616522,Edgar Saar,Edgar Saar,33
616523,Edgar Saar,Edgar Saar,33
616524,Edgar Saar,Edgar Saar,33
616525,Edgar Saar,Edgar Saar,33
616544,Aleksei Peterson,Aleksei Peterson,17
616544,Lembit Lepp,Lembit Lepp,97
616544,Priit Härmas,Priit Härmas,138
616544,Edgar Saar,Edgar Saar,33
616545,Aleksei Peterson,Aleksei Peterson,17
616545,Lembit Lepp,Lembit Lepp,97
616545,Priit Härmas,Priit Härmas,138
616545,Edgar Saar,Edgar Saar,33
616546,Aleksei Peterson,Aleksei Peterson,17
616546,Lembit Lepp,Lembit Lepp,97
616546,Priit Härmas,Priit Härmas,138
616546,Edgar Saar,Edgar Saar,33
616547,Aleksei Peterson,Aleksei Peterson,17
616547,Lembit Lepp,Lembit Lepp,97
616547,Priit Härmas,Priit Härmas,138
616547,Edgar Saar,Edgar Saar,33
616548,Aleksei Peterson,Aleksei Peterson,17
616548,Lembit Lepp,Lembit Lepp,97
616548,Priit Härmas,Priit Härmas,138
616548,Edgar Saar,Edgar Saar,33
616549,Aleksei Peterson,Aleksei Peterson,17
616549,Lembit Lepp,Lembit Lepp,97
616549,Priit Härmas,Priit Härmas,138
616549,Edgar Saar,Edgar Saar,33
616550,Aleksei Peterson,Aleksei Peterson,17
616550,Lembit Lepp,Lembit Lepp,97
616550,Priit Härmas,Priit Härmas,138
616550,Edgar Saar,Edgar Saar,33
616551,Aleksei Peterson,Aleksei Peterson,17
616551,Lembit Lepp,Lembit Lepp,97
616551,Priit Härmas,Priit Härmas,138
616551,Edgar Saar,Edgar Saar,33
616552,Aleksei Peterson,Aleksei Peterson,17
616552,Lembit Lepp,Lembit Lepp,97
616552,Priit Härmas,Priit Härmas,138
616552,Edgar Saar,Edgar Saar,33
616553,Aleksei Peterson,Aleksei Peterson,17
616553,Lembit Lepp,Lembit Lepp,97
616553,Priit Härmas,Priit Härmas,138
616553,Edgar Saar,Edgar Saar,33
616554,Aleksei Peterson,Aleksei Peterson,17
616554,Lembit Lepp,Lembit Lepp,97
616554,Priit Härmas,Priit Härmas,138
616554,Edgar Saar,Edgar Saar,33
616555,Aleksei Peterson,Aleksei Peterson,17
616555,Lembit Lepp,Lembit Lepp,97
616555,Priit Härmas,Priit Härmas,138
616555,Edgar Saar,Edgar Saar,33
616556,Aleksei Peterson,Aleksei Peterson,17
616556,Lembit Lepp,Lembit Lepp,97
616556,Priit Härmas,Priit Härmas,138
616556,Edgar Saar,Edgar Saar,33
616557,Aleksei Peterson,Aleksei Peterson,17
616557,Lembit Lepp,Lembit Lepp,97
616557,Priit Härmas,Priit Härmas,138
616557,Edgar Saar,Edgar Saar,33
616558,Aleksei Peterson,Aleksei Peterson,17
616558,Lembit Lepp,Lembit Lepp,97
616558,Priit Härmas,Priit Härmas,138
616558,Edgar Saar,Edgar Saar,33
616559,Aleksei Peterson,Aleksei Peterson,17
616559,Lembit Lepp,Lembit Lepp,97
616559,Priit Härmas,Priit Härmas,138
616560,Aleksei Peterson,Aleksei Peterson,17
616560,Lembit Lepp,Lembit Lepp,97
616560,Priit Härmas,Priit Härmas,138
616560,Edgar Saar,Edgar Saar,33
616561,Aleksei Peterson,Aleksei Peterson,17
616561,Lembit Lepp,Lembit Lepp,97
616561,Priit Härmas,Priit Härmas,138
616561,Edgar Saar,Edgar Saar,33
616562,Aleksei Peterson,Aleksei Peterson,17
616562,Lembit Lepp,Lembit Lepp,97
616562,Priit Härmas,Priit Härmas,138
616562,Edgar Saar,Edgar Saar,33
616563,Aleksei Peterson,Aleksei Peterson,17
616563,Lembit Lepp,Lembit Lepp,97
616563,Priit Härmas,Priit Härmas,138
616563,Edgar Saar,Edgar Saar,33
616564,Aleksei Peterson,Aleksei Peterson,17
616564,Lembit Lepp,Lembit Lepp,97
616564,Priit Härmas,Priit Härmas,138
616564,Edgar Saar,Edgar Saar,33
616565,Aleksei Peterson,Aleksei Peterson,17
616565,Lembit Lepp,Lembit Lepp,97
616565,Priit Härmas,Priit Härmas,138
616565,Edgar Saar,Edgar Saar,33
616566,Aleksei Peterson,Aleksei Peterson,17
616566,Lembit Lepp,Lembit Lepp,97
616566,Priit Härmas,Priit Härmas,138
616566,Edgar Saar,Edgar Saar,33
616567,Aleksei Peterson,Aleksei Peterson,17
616567,Lembit Lepp,Lembit Lepp,97
616567,Priit Härmas,Priit Härmas,138
616567,Edgar Saar,Edgar Saar,33
616568,Aleksei Peterson,Aleksei Peterson,17
616568,Lembit Lepp,Lembit Lepp,97
616568,Priit Härmas,Priit Härmas,138
616568,Edgar Saar,Edgar Saar,33
616569,Aleksei Peterson,Aleksei Peterson,17
616569,Lembit Lepp,Lembit Lepp,97
616569,Priit Härmas,Priit Härmas,138
616569,Edgar Saar,Edgar Saar,33
616570,Aleksei Peterson,Aleksei Peterson,17
616570,Lembit Lepp,Lembit Lepp,97
616570,Priit Härmas,Priit Härmas,138
616570,Edgar Saar,Edgar Saar,33
616571,Aleksei Peterson,Aleksei Peterson,17
616571,Lembit Lepp,Lembit Lepp,97
616571,Priit Härmas,Priit Härmas,138
616571,Edgar Saar,Edgar Saar,33
616572,Aleksei Peterson,Aleksei Peterson,17
616572,Lembit Lepp,Lembit Lepp,97
616572,Priit Härmas,Priit Härmas,138
616572,Edgar Saar,Edgar Saar,33
616573,Aleksei Peterson,Aleksei Peterson,17
616573,Lembit Lepp,Lembit Lepp,97
616573,Priit Härmas,Priit Härmas,138
616574,Aleksei Peterson,Aleksei Peterson,17
616574,Lembit Lepp,Lembit Lepp,97
616574,Priit Härmas,Priit Härmas,138
616575,Aleksei Peterson,Aleksei Peterson,17
616575,Lembit Lepp,Lembit Lepp,97
616575,Priit Härmas,Priit Härmas,138
616576,Aleksei Peterson,Aleksei Peterson,17
616576,Lembit Lepp,Lembit Lepp,97
616576,Priit Härmas,Priit Härmas,138
616577,Aleksei Peterson,Aleksei Peterson,17
616577,Lembit Lepp,Lembit Lepp,97
616577,Priit Härmas,Priit Härmas,138
616577,Edgar Saar,Edgar Saar,33
616578,Aleksei Peterson,Aleksei Peterson,17
616578,Lembit Lepp,Lembit Lepp,97
616578,Priit Härmas,Priit Härmas,138
616578,Edgar Saar,Edgar Saar,33
616579,Aleksei Peterson,Aleksei Peterson,17
616579,Lembit Lepp,Lembit Lepp,97
616579,Priit Härmas,Priit Härmas,138
616579,Edgar Saar,Edgar Saar,33
616580,Aleksei Peterson,Aleksei Peterson,17
616580,Lembit Lepp,Lembit Lepp,97
616580,Priit Härmas,Priit Härmas,138
616580,Edgar Saar,Edgar Saar,33
616581,Aleksei Peterson,Aleksei Peterson,17
616581,Lembit Lepp,Lembit Lepp,97
616581,Priit Härmas,Priit Härmas,138
616581,Edgar Saar,Edgar Saar,33
616582,Aleksei Peterson,Aleksei Peterson,17
616582,Lembit Lepp,Lembit Lepp,97
616582,Priit Härmas,Priit Härmas,138
616582,Edgar Saar,Edgar Saar,33
616583,Aleksei Peterson,Aleksei Peterson,17
616583,Lembit Lepp,Lembit Lepp,97
616583,Priit Härmas,Priit Härmas,138
616583,Edgar Saar,Edgar Saar,33
616584,Aleksei Peterson,Aleksei Peterson,17
616584,Lembit Lepp,Lembit Lepp,97
616584,Priit Härmas,Priit Härmas,138
616584,Edgar Saar,Edgar Saar,33
616585,Aleksei Peterson,Aleksei Peterson,17
616585,Lembit Lepp,Lembit Lepp,97
616585,Priit Härmas,Priit Härmas,138
616585,Edgar Saar,Edgar Saar,33
616586,Aleksei Peterson,Aleksei Peterson,17
616586,Lembit Lepp,Lembit Lepp,97
616586,Priit Härmas,Priit Härmas,138
616586,Edgar Saar,Edgar Saar,33
616587,Aleksei Peterson,Aleksei Peterson,17
616587,Lembit Lepp,Lembit Lepp,97
616587,Priit Härmas,Priit Härmas,138
616587,Edgar Saar,Edgar Saar,33
616588,Aleksei Peterson,Aleksei Peterson,17
616588,Lembit Lepp,Lembit Lepp,97
616588,Priit Härmas,Priit Härmas,138
616589,Aleksei Peterson,Aleksei Peterson,17
616589,Lembit Lepp,Lembit Lepp,97
616589,Priit Härmas,Priit Härmas,138
616590,Aleksei Peterson,Aleksei Peterson,17
616590,Lembit Lepp,Lembit Lepp,97
616590,Priit Härmas,Priit Härmas,138
616591,Aleksei Peterson,Aleksei Peterson,17
616591,Lembit Lepp,Lembit Lepp,97
616591,Priit Härmas,Priit Härmas,138
616592,Aleksei Peterson,Aleksei Peterson,17
616592,Lembit Lepp,Lembit Lepp,97
616592,Priit Härmas,Priit Härmas,138
616593,Aleksei Peterson,Aleksei Peterson,17
616593,Lembit Lepp,Lembit Lepp,97
616593,Priit Härmas,Priit Härmas,138
616594,Aleksei Peterson,Aleksei Peterson,17
616594,Lembit Lepp,Lembit Lepp,97
616594,Priit Härmas,Priit Härmas,138
616595,Aleksei Peterson,Aleksei Peterson,17
616595,Lembit Lepp,Lembit Lepp,97
616595,Priit Härmas,Priit Härmas,138
616596,Aleksei Peterson,Aleksei Peterson,17
616596,Lembit Lepp,Lembit Lepp,97
616596,Priit Härmas,Priit Härmas,138
616597,Aleksei Peterson,Aleksei Peterson,17
616597,Lembit Lepp,Lembit Lepp,97
616597,Priit Härmas,Priit Härmas,138
616599,Aleksei Peterson,Aleksei Peterson,17
616599,Lembit Lepp,Lembit Lepp,97
616599,Priit Härmas,Priit Härmas,138
616600,Aleksei Peterson,Aleksei Peterson,17
616600,Lembit Lepp,Lembit Lepp,97
616600,Priit Härmas,Priit Härmas,138
616601,Aleksei Peterson,Aleksei Peterson,17
616601,Lembit Lepp,Lembit Lepp,97
616601,Priit Härmas,Priit Härmas,138
616603,Aleksei Peterson,Aleksei Peterson,17
616603,Lembit Lepp,Lembit Lepp,97
616603,Priit Härmas,Priit Härmas,138
616604,Aleksei Peterson,Aleksei Peterson,17
616604,Lembit Lepp,Lembit Lepp,97
616604,Priit Härmas,Priit Härmas,138
616605,Aleksei Peterson,Aleksei Peterson,17
616605,Lembit Lepp,Lembit Lepp,97
616605,Priit Härmas,Priit Härmas,138
616606,Aleksei Peterson,Aleksei Peterson,17
616606,Lembit Lepp,Lembit Lepp,97
616606,Priit Härmas,Priit Härmas,138
616607,Aleksei Peterson,Aleksei Peterson,17
616607,Lembit Lepp,Lembit Lepp,97
616607,Priit Härmas,Priit Härmas,138
616609,Aleksei Peterson,Aleksei Peterson,17
616609,Lembit Lepp,Lembit Lepp,97
616609,Priit Härmas,Priit Härmas,138
616610,Aleksei Peterson,Aleksei Peterson,17
616610,Lembit Lepp,Lembit Lepp,97
616610,Priit Härmas,Priit Härmas,138
616611,Aleksei Peterson,Aleksei Peterson,17
616611,Lembit Lepp,Lembit Lepp,97
616611,Priit Härmas,Priit Härmas,138
616612,Aleksei Peterson,Aleksei Peterson,17
616612,Lembit Lepp,Lembit Lepp,97
616612,Priit Härmas,Priit Härmas,138
616613,Aleksei Peterson,Aleksei Peterson,17
616613,Lembit Lepp,Lembit Lepp,97
616613,Priit Härmas,Priit Härmas,138
616614,Aleksei Peterson,Aleksei Peterson,17
616614,Lembit Lepp,Lembit Lepp,97
616614,Priit Härmas,Priit Härmas,138
616615,Aleksei Peterson,Aleksei Peterson,17
616615,Lembit Lepp,Lembit Lepp,97
616615,Priit Härmas,Priit Härmas,138
616617,Aleksei Peterson,Aleksei Peterson,17
616617,Lembit Lepp,Lembit Lepp,97
616617,Priit Härmas,Priit Härmas,138
616618,Aleksei Peterson,Aleksei Peterson,17
616618,Lembit Lepp,Lembit Lepp,97
616618,Priit Härmas,Priit Härmas,138
616620,Aleksei Peterson,Aleksei Peterson,17
616620,Lembit Lepp,Lembit Lepp,97
616620,Priit Härmas,Priit Härmas,138
616621,Aleksei Peterson,Aleksei Peterson,17
616621,Lembit Lepp,Lembit Lepp,97
616621,Priit Härmas,Priit Härmas,138
616622,Aleksei Peterson,Aleksei Peterson,17
616622,Lembit Lepp,Lembit Lepp,97
616622,Priit Härmas,Priit Härmas,138
616623,Aleksei Peterson,Aleksei Peterson,17
616623,Lembit Lepp,Lembit Lepp,97
616623,Priit Härmas,Priit Härmas,138
616624,Aleksei Peterson,Aleksei Peterson,17
616624,Lembit Lepp,Lembit Lepp,97
616624,Priit Härmas,Priit Härmas,138
616625,Aleksei Peterson,Aleksei Peterson,17
616625,Lembit Lepp,Lembit Lepp,97
616625,Priit Härmas,Priit Härmas,138
616626,Aleksei Peterson,Aleksei Peterson,17
616626,Lembit Lepp,Lembit Lepp,97
616626,Priit Härmas,Priit Härmas,138
616627,Aleksei Peterson,Aleksei Peterson,17
616627,Lembit Lepp,Lembit Lepp,97
616627,Priit Härmas,Priit Härmas,138
616629,Aleksei Peterson,Aleksei Peterson,17
616629,Lembit Lepp,Lembit Lepp,97
616629,Priit Härmas,Priit Härmas,138
616630,Aleksei Peterson,Aleksei Peterson,17
616630,Lembit Lepp,Lembit Lepp,97
616630,Priit Härmas,Priit Härmas,138
616631,Aleksei Peterson,Aleksei Peterson,17
616631,Lembit Lepp,Lembit Lepp,97
616631,Priit Härmas,Priit Härmas,138
616632,Aleksei Peterson,Aleksei Peterson,17
616632,Lembit Lepp,Lembit Lepp,97
616632,Priit Härmas,Priit Härmas,138
616635,Aleksei Peterson,Aleksei Peterson,17
616635,Lembit Lepp,Lembit Lepp,97
616635,Priit Härmas,Priit Härmas,138
616636,Aleksei Peterson,Aleksei Peterson,17
616636,Lembit Lepp,Lembit Lepp,97
616636,Priit Härmas,Priit Härmas,138
616637,Aleksei Peterson,Aleksei Peterson,17
616637,Lembit Lepp,Lembit Lepp,97
616637,Priit Härmas,Priit Härmas,138
616638,Aleksei Peterson,Aleksei Peterson,17
616638,Lembit Lepp,Lembit Lepp,97
616638,Priit Härmas,Priit Härmas,138
616639,Aleksei Peterson,Aleksei Peterson,17
616639,Lembit Lepp,Lembit Lepp,97
616639,Priit Härmas,Priit Härmas,138
616640,Aleksei Peterson,Aleksei Peterson,17
616640,Lembit Lepp,Lembit Lepp,97
616640,Priit Härmas,Priit Härmas,138
616641,Heno Sarv,Heno Sarv,58
616642,Heno Sarv,Heno Sarv,58
616643,Heno Sarv,Heno Sarv,58
616644,Heno Sarv,Heno Sarv,58
616645,Heno Sarv,Heno Sarv,58
616646,Heno Sarv,Heno Sarv,58
616647,Heno Sarv,Heno Sarv,58
616648,Heno Sarv,Heno Sarv,58
616649,Heno Sarv,Heno Sarv,58
616650,Heno Sarv,Heno Sarv,58
616651,Heno Sarv,Heno Sarv,58
616652,Heno Sarv,Heno Sarv,58
616653,Heno Sarv,Heno Sarv,58
616654,Heno Sarv,Heno Sarv,58
616655,Heno Sarv,Heno Sarv,58
616656,Heno Sarv,Heno Sarv,58
616657,Heno Sarv,Heno Sarv,58
616658,Heno Sarv,Heno Sarv,58
616659,Heno Sarv,Heno Sarv,58
616660,Heno Sarv,Heno Sarv,58
616661,Heno Sarv,Heno Sarv,58
616662,Heno Sarv,Heno Sarv,58
616663,Heno Sarv,Heno Sarv,58
616664,Heno Sarv,Heno Sarv,58
616665,Heno Sarv,Heno Sarv,58
616666,Heno Sarv,Heno Sarv,58
616667,Heno Sarv,Heno Sarv,58
616668,Heno Sarv,Heno Sarv,58
616669,Heno Sarv,Heno Sarv,58
616671,Heno Sarv,Heno Sarv,58
616672,Heno Sarv,Heno Sarv,58
616673,Heno Sarv,Heno Sarv,58
616674,Heno Sarv,Heno Sarv,58
616675,Heno Sarv,Heno Sarv,58
616676,Heno Sarv,Heno Sarv,58
616677,Heno Sarv,Heno Sarv,58
616678,Heno Sarv,Heno Sarv,58
616679,Heno Sarv,Heno Sarv,58
616680,Heno Sarv,Heno Sarv,58
616681,Heno Sarv,Heno Sarv,58
616682,Heno Sarv,Heno Sarv,58
616683,Heno Sarv,Heno Sarv,58
616684,Heno Sarv,Heno Sarv,58
616685,Heno Sarv,Heno Sarv,58
616686,Heno Sarv,Heno Sarv,58
616687,Heno Sarv,Heno Sarv,58
616688,Heno Sarv,Heno Sarv,58
616689,Heno Sarv,Heno Sarv,58
616690,Heno Sarv,Heno Sarv,58
616691,Heno Sarv,Heno Sarv,58
616692,Juta Reio,Juta Reio,70
616692,Uuno Ojala,Uuno Ojala,161
616693,Juta Reio,Juta Reio,70
616693,Uuno Ojala,Uuno Ojala,161
616694,Juta Reio,Juta Reio,70
616694,Uuno Ojala,Uuno Ojala,161
616695,Juta Reio,Juta Reio,70
616695,Uuno Ojala,Uuno Ojala,161
616696,Juta Reio,Juta Reio,70
616696,Uuno Ojala,Uuno Ojala,161
616697,Juta Reio,Juta Reio,70
616697,Uuno Ojala,Uuno Ojala,161
616698,Juta Reio,Juta Reio,70
616698,Uuno Ojala,Uuno Ojala,161
616699,Juta Reio,Juta Reio,70
616699,Uuno Ojala,Uuno Ojala,161
616700,Juta Reio,Juta Reio,70
616700,Uuno Ojala,Uuno Ojala,161
616701,Juta Reio,Juta Reio,70
616701,Uuno Ojala,Uuno Ojala,161
616702,Juta Reio,Juta Reio,70
616702,Uuno Ojala,Uuno Ojala,161
616703,Juta Reio,Juta Reio,70
616703,Uuno Ojala,Uuno Ojala,161
616704,Juta Reio,Juta Reio,70
616704,Uuno Ojala,Uuno Ojala,161
616705,Juta Reio,Juta Reio,70
616705,Uuno Ojala,Uuno Ojala,161
616706,Juta Reio,Juta Reio,70
616706,Uuno Ojala,Uuno Ojala,161
616707,Juta Reio,Juta Reio,70
616707,Uuno Ojala,Uuno Ojala,161
616708,Juta Reio,Juta Reio,70
616708,Uuno Ojala,Uuno Ojala,161
616709,Juta Reio,Juta Reio,70
616709,Uuno Ojala,Uuno Ojala,161
616710,Juta Reio,Juta Reio,70
616710,Uuno Ojala,Uuno Ojala,161
616711,Juta Reio,Juta Reio,70
616711,Uuno Ojala,Uuno Ojala,161
616712,Juta Reio,Juta Reio,70
616712,Uuno Ojala,Uuno Ojala,161
616713,Juta Reio,Juta Reio,70
616713,Uuno Ojala,Uuno Ojala,161
616714,Juta Reio,Juta Reio,70
616714,Uuno Ojala,Uuno Ojala,161
616715,Juta Reio,Juta Reio,70
616715,Uuno Ojala,Uuno Ojala,161
616716,Juta Reio,Juta Reio,70
616716,Uuno Ojala,Uuno Ojala,161
616717,Juta Reio,Juta Reio,70
616717,Uuno Ojala,Uuno Ojala,161
616718,Juta Reio,Juta Reio,70
616718,Uuno Ojala,Uuno Ojala,161
616732,Aleksei Peterson,Aleksei Peterson,17
616733,Aleksei Peterson,Aleksei Peterson,17
616734,Aleksei Peterson,Aleksei Peterson,17
616735,Aleksei Peterson,Aleksei Peterson,17
616736,Aleksei Peterson,Aleksei Peterson,17
616737,Aleksei Peterson,Aleksei Peterson,17
616738,Aleksei Peterson,Aleksei Peterson,17
616739,Aleksei Peterson,Aleksei Peterson,17
616740,Aleksei Peterson,Aleksei Peterson,17
616741,Aleksei Peterson,Aleksei Peterson,17
616742,Heno Sarv,Heno Sarv,58
616743,Heno Sarv,Heno Sarv,58
616744,Heno Sarv,Heno Sarv,58
616745,Heno Sarv,Heno Sarv,58
616746,Heno Sarv,Heno Sarv,58
616747,Heno Sarv,Heno Sarv,58
616748,Heno Sarv,Heno Sarv,58
616749,Heno Sarv,Heno Sarv,58
616750,Heno Sarv,Heno Sarv,58
616751,Heno Sarv,Heno Sarv,58
616752,Heno Sarv,Heno Sarv,58
616753,Heno Sarv,Heno Sarv,58
616754,Heno Sarv,Heno Sarv,58
616755,Heno Sarv,Heno Sarv,58
616756,Heno Sarv,Heno Sarv,58
616758,Heno Sarv,Heno Sarv,58
616759,Heno Sarv,Heno Sarv,58
616760,Heno Sarv,Heno Sarv,58
616761,Heno Sarv,Heno Sarv,58
616762,Heno Sarv,Heno Sarv,58
616763,Heno Sarv,Heno Sarv,58
616764,Heno Sarv,Heno Sarv,58
616765,Heno Sarv,Heno Sarv,58
616766,Heno Sarv,Heno Sarv,58
616767,Heno Sarv,Heno Sarv,58
616768,Heno Sarv,Heno Sarv,58
616769,Heno Sarv,Heno Sarv,58
616770,Heno Sarv,Heno Sarv,58
616771,Heno Sarv,Heno Sarv,58
616772,Heno Sarv,Heno Sarv,58
616773,Heno Sarv,Heno Sarv,58
616774,Heno Sarv,Heno Sarv,58
616775,Heno Sarv,Heno Sarv,58
616776,Heno Sarv,Heno Sarv,58
616777,Heno Sarv,Heno Sarv,58
616778,Heno Sarv,Heno Sarv,58
616779,Heno Sarv,Heno Sarv,58
616780,Heno Sarv,Heno Sarv,58
616781,Heno Sarv,Heno Sarv,58
616782,Heno Sarv,Heno Sarv,58
616783,Heno Sarv,Heno Sarv,58
616784,Heno Sarv,Heno Sarv,58
616785,Heno Sarv,Heno Sarv,58
616786,Heno Sarv,Heno Sarv,58
616787,Heno Sarv,Heno Sarv,58
616788,Heno Sarv,Heno Sarv,58
616789,Heno Sarv,Heno Sarv,58
616790,Heno Sarv,Heno Sarv,58
616791,Heno Sarv,Heno Sarv,58
616792,Heno Sarv,Heno Sarv,58
616793,Heno Sarv,Heno Sarv,58
616794,Heno Sarv,Heno Sarv,58
616795,Heno Sarv,Heno Sarv,58
616796,Heno Sarv,Heno Sarv,58
616797,Heno Sarv,Heno Sarv,58
616798,Heno Sarv,Heno Sarv,58
616799,Heno Sarv,Heno Sarv,58
616800,Heno Sarv,Heno Sarv,58
616801,Heno Sarv,Heno Sarv,58
616802,Heno Sarv,Heno Sarv,58
616803,Heno Sarv,Heno Sarv,58
616804,Heno Sarv,Heno Sarv,58
616805,Heno Sarv,Heno Sarv,58
616806,Heno Sarv,Heno Sarv,58
616807,Heno Sarv,Heno Sarv,58
616808,Heno Sarv,Heno Sarv,58
616809,Heno Sarv,Heno Sarv,58
616810,Heno Sarv,Heno Sarv,58
616811,Heno Sarv,Heno Sarv,58
616812,Heno Sarv,Heno Sarv,58
616813,Heno Sarv,Heno Sarv,58
616814,Heno Sarv,Heno Sarv,58
616815,Heno Sarv,Heno Sarv,58
616816,Heno Sarv,Heno Sarv,58
616817,Heno Sarv,Heno Sarv,58
616818,Heno Sarv,Heno Sarv,58
616819,Heno Sarv,Heno Sarv,58
616820,Heno Sarv,Heno Sarv,58
616821,Heno Sarv,Heno Sarv,58
616822,Heno Sarv,Heno Sarv,58
616823,Heno Sarv,Heno Sarv,58
616824,Heno Sarv,Heno Sarv,58
616825,Heno Sarv,Heno Sarv,58
616826,Heno Sarv,Heno Sarv,58
616827,Heno Sarv,Heno Sarv,58
616828,Heno Sarv,Heno Sarv,58
616829,Heno Sarv,Heno Sarv,58
616830,Heno Sarv,Heno Sarv,58
616831,Heno Sarv,Heno Sarv,58
616832,Heno Sarv,Heno Sarv,58
616833,Heno Sarv,Heno Sarv,58
616834,Heno Sarv,Heno Sarv,58
616835,Heno Sarv,Heno Sarv,58
616836,Heno Sarv,Heno Sarv,58
616837,Heno Sarv,Heno Sarv,58
616838,Heno Sarv,Heno Sarv,58
616956,Aleksei Peterson,Aleksei Peterson,17
616956,Aado Lintrop,Aado Lintrop,7
616956,Aldo Luud,Aldo Luud,15
616956,Serafima Lebedeva,Serafima Lebedeva,143
616956,Olga Shirokova,Olga Shirokova,121
616957,Aleksei Peterson,Aleksei Peterson,17
616957,Aado Lintrop,Aado Lintrop,7
616957,Aldo Luud,Aldo Luud,15
616957,Serafima Lebedeva,Serafima Lebedeva,143
616957,Olga Shirokova,Olga Shirokova,121
616958,Aleksei Peterson,Aleksei Peterson,17
616958,Aado Lintrop,Aado Lintrop,7
616958,Aldo Luud,Aldo Luud,15
616958,Serafima Lebedeva,Serafima Lebedeva,143
616958,Olga Shirokova,Olga Shirokova,121
616959,Aleksei Peterson,Aleksei Peterson,17
616959,Aado Lintrop,Aado Lintrop,7
616959,Aldo Luud,Aldo Luud,15
616959,Serafima Lebedeva,Serafima Lebedeva,143
616959,Olga Shirokova,Olga Shirokova,121
616961,Aleksei Peterson,Aleksei Peterson,17
616961,Annes Enehielm,Annes Enehielm,19
616961,Aado Lintrop,Aado Lintrop,7
616961,Aldo Luud,Aldo Luud,15
616961,Serafima Lebedeva,Serafima Lebedeva,143
616961,Olga Shirokova,Olga Shirokova,121
616962,Aleksei Peterson,Aleksei Peterson,17
616962,Annes Enehielm,Annes Enehielm,19
616962,Aado Lintrop,Aado Lintrop,7
616962,Aldo Luud,Aldo Luud,15
616962,Serafima Lebedeva,Serafima Lebedeva,143
616962,Olga Shirokova,Olga Shirokova,121
616963,Aleksei Peterson,Aleksei Peterson,17
616963,Annes Enehielm,Annes Enehielm,19
616963,Aado Lintrop,Aado Lintrop,7
616963,Aldo Luud,Aldo Luud,15
616963,Serafima Lebedeva,Serafima Lebedeva,143
616963,Olga Shirokova,Olga Shirokova,121
616964,Aleksei Peterson,Aleksei Peterson,17
616964,Annes Enehielm,Annes Enehielm,19
616964,Aado Lintrop,Aado Lintrop,7
616964,Aldo Luud,Aldo Luud,15
616964,Serafima Lebedeva,Serafima Lebedeva,143
616964,Olga Shirokova,Olga Shirokova,121
616965,Aleksei Peterson,Aleksei Peterson,17
616965,Annes Enehielm,Annes Enehielm,19
616965,Aado Lintrop,Aado Lintrop,7
616965,Aldo Luud,Aldo Luud,15
616965,Serafima Lebedeva,Serafima Lebedeva,143
616965,Olga Shirokova,Olga Shirokova,121
616973,Aleksei Peterson,Aleksei Peterson,17
616975,Aleksei Peterson,Aleksei Peterson,17
616976,Aleksei Peterson,Aleksei Peterson,17
616977,Aleksei Peterson,Aleksei Peterson,17
616978,Aleksei Peterson,Aleksei Peterson,17
616979,Aleksei Peterson,Aleksei Peterson,17
616980,Aleksei Peterson,Aleksei Peterson,17
616981,Aleksei Peterson,Aleksei Peterson,17
616982,Aleksei Peterson,Aleksei Peterson,17
616983,Aleksei Peterson,Aleksei Peterson,17
616985,Aleksei Peterson,Aleksei Peterson,17
616986,Aleksei Peterson,Aleksei Peterson,17
616987,Aleksei Peterson,Aleksei Peterson,17
616988,Aleksei Peterson,Aleksei Peterson,17
616989,Aleksei Peterson,Aleksei Peterson,17
616990,Aleksei Peterson,Aleksei Peterson,17
616991,Aleksei Peterson,Aleksei Peterson,17
616992,Aleksei Peterson,Aleksei Peterson,17
616994,Aleksei Peterson,Aleksei Peterson,17
616997,Aleksei Peterson,Aleksei Peterson,17
616997,Lembit Lepp,Lembit Lepp,97
616997,Toivo Pedak,Toivo Pedak,156
616997,Lembit Võime,Lembit Võime,98
616998,Aleksei Peterson,Aleksei Peterson,17
616998,Lembit Lepp,Lembit Lepp,97
616998,Toivo Pedak,Toivo Pedak,156
616998,Lembit Võime,Lembit Võime,98
616999,Aleksei Peterson,Aleksei Peterson,17
616999,Lembit Lepp,Lembit Lepp,97
616999,Toivo Pedak,Toivo Pedak,156
616999,Lembit Võime,Lembit Võime,98
617000,Aleksei Peterson,Aleksei Peterson,17
617000,Lembit Lepp,Lembit Lepp,97
617000,Toivo Pedak,Toivo Pedak,156
617000,Lembit Võime,Lembit Võime,98
617001,Aleksei Peterson,Aleksei Peterson,17
617001,Lembit Lepp,Lembit Lepp,97
617001,Toivo Pedak,Toivo Pedak,156
617001,Lembit Võime,Lembit Võime,98
617002,Aleksei Peterson,Aleksei Peterson,17
617002,Lembit Lepp,Lembit Lepp,97
617002,Toivo Pedak,Toivo Pedak,156
617002,Lembit Võime,Lembit Võime,98
617003,Aleksei Peterson,Aleksei Peterson,17
617003,Lembit Lepp,Lembit Lepp,97
617003,Toivo Pedak,Toivo Pedak,156
617003,Lembit Võime,Lembit Võime,98
617004,Aleksei Peterson,Aleksei Peterson,17
617004,Lembit Lepp,Lembit Lepp,97
617004,Toivo Pedak,Toivo Pedak,156
617004,Lembit Võime,Lembit Võime,98
617005,Aleksei Peterson,Aleksei Peterson,17
617005,Lembit Lepp,Lembit Lepp,97
617005,Toivo Pedak,Toivo Pedak,156
617005,Lembit Võime,Lembit Võime,98
617006,Aleksei Peterson,Aleksei Peterson,17
617006,Lembit Lepp,Lembit Lepp,97
617006,Toivo Pedak,Toivo Pedak,156
617006,Lembit Võime,Lembit Võime,98
617007,Aleksei Peterson,Aleksei Peterson,17
617007,Lembit Lepp,Lembit Lepp,97
617007,Toivo Pedak,Toivo Pedak,156
617007,Lembit Võime,Lembit Võime,98
617008,Aleksei Peterson,Aleksei Peterson,17
617008,Lembit Lepp,Lembit Lepp,97
617008,Toivo Pedak,Toivo Pedak,156
617008,Lembit Võime,Lembit Võime,98
617009,Aleksei Peterson,Aleksei Peterson,17
617009,Lembit Lepp,Lembit Lepp,97
617009,Toivo Pedak,Toivo Pedak,156
617009,Lembit Võime,Lembit Võime,98
617010,Aleksei Peterson,Aleksei Peterson,17
617010,Lembit Lepp,Lembit Lepp,97
617010,Toivo Pedak,Toivo Pedak,156
617010,Lembit Võime,Lembit Võime,98
617011,Aleksei Peterson,Aleksei Peterson,17
617011,Lembit Lepp,Lembit Lepp,97
617011,Toivo Pedak,Toivo Pedak,156
617011,Lembit Võime,Lembit Võime,98
617012,Aleksei Peterson,Aleksei Peterson,17
617012,Toivo Pedak,Toivo Pedak,156
617012,Lembit Võime,Lembit Võime,98
617012,Lembit Lepp,Lembit Lepp,97
617013,Aleksei Peterson,Aleksei Peterson,17
617013,Toivo Pedak,Toivo Pedak,156
617013,Lembit Võime,Lembit Võime,98
617013,Lembit Lepp,Lembit Lepp,97
617014,Aleksei Peterson,Aleksei Peterson,17
617014,Lembit Lepp,Lembit Lepp,97
617014,Toivo Pedak,Toivo Pedak,156
617014,Lembit Võime,Lembit Võime,98
617015,Aleksei Peterson,Aleksei Peterson,17
617015,Lembit Lepp,Lembit Lepp,97
617015,Toivo Pedak,Toivo Pedak,156
617015,Lembit Võime,Lembit Võime,98
617016,Aleksei Peterson,Aleksei Peterson,17
617016,Lembit Lepp,Lembit Lepp,97
617016,Toivo Pedak,Toivo Pedak,156
617016,Lembit Võime,Lembit Võime,98
617017,Aleksei Peterson,Aleksei Peterson,17
617017,Toivo Pedak,Toivo Pedak,156
617017,Lembit Võime,Lembit Võime,98
617017,Lembit Lepp,Lembit Lepp,97
617018,Aleksei Peterson,Aleksei Peterson,17
617018,Toivo Pedak,Toivo Pedak,156
617018,Lembit Võime,Lembit Võime,98
617018,Lembit Lepp,Lembit Lepp,97
617019,Aleksei Peterson,Aleksei Peterson,17
617019,Lembit Lepp,Lembit Lepp,97
617019,Toivo Pedak,Toivo Pedak,156
617019,Lembit Võime,Lembit Võime,98
617020,Aleksei Peterson,Aleksei Peterson,17
617020,Toivo Pedak,Toivo Pedak,156
617020,Lembit Võime,Lembit Võime,98
617020,Lembit Lepp,Lembit Lepp,97
617021,Aleksei Peterson,Aleksei Peterson,17
617021,Toivo Pedak,Toivo Pedak,156
617021,Lembit Võime,Lembit Võime,98
617021,Lembit Lepp,Lembit Lepp,97
617022,Aleksei Peterson,Aleksei Peterson,17
617022,Toivo Pedak,Toivo Pedak,156
617022,Lembit Võime,Lembit Võime,98
617022,Lembit Lepp,Lembit Lepp,97
617023,Aleksei Peterson,Aleksei Peterson,17
617023,Toivo Pedak,Toivo Pedak,156
617023,Lembit Võime,Lembit Võime,98
617023,Lembit Lepp,Lembit Lepp,97
617024,Aleksei Peterson,Aleksei Peterson,17
617024,Toivo Pedak,Toivo Pedak,156
617024,Lembit Võime,Lembit Võime,98
617024,Lembit Lepp,Lembit Lepp,97
617025,Aleksei Peterson,Aleksei Peterson,17
617025,Toivo Pedak,Toivo Pedak,156
617025,Lembit Võime,Lembit Võime,98
617025,Lembit Lepp,Lembit Lepp,97
617026,Aleksei Peterson,Aleksei Peterson,17
617026,Toivo Pedak,Toivo Pedak,156
617026,Lembit Võime,Lembit Võime,98
617026,Lembit Lepp,Lembit Lepp,97
617027,Aleksei Peterson,Aleksei Peterson,17
617027,Toivo Pedak,Toivo Pedak,156
617027,Lembit Võime,Lembit Võime,98
617027,Lembit Lepp,Lembit Lepp,97
617028,Aleksei Peterson,Aleksei Peterson,17
617028,Toivo Pedak,Toivo Pedak,156
617028,Lembit Võime,Lembit Võime,98
617028,Lembit Lepp,Lembit Lepp,97
617029,Aleksei Peterson,Aleksei Peterson,17
617029,Toivo Pedak,Toivo Pedak,156
617029,Lembit Võime,Lembit Võime,98
617029,Lembit Lepp,Lembit Lepp,97
617030,Aleksei Peterson,Aleksei Peterson,17
617030,Toivo Pedak,Toivo Pedak,156
617030,Lembit Võime,Lembit Võime,98
617030,Lembit Lepp,Lembit Lepp,97
617031,Aleksei Peterson,Aleksei Peterson,17
617031,Toivo Pedak,Toivo Pedak,156
617031,Lembit Võime,Lembit Võime,98
617031,Lembit Lepp,Lembit Lepp,97
617032,Aleksei Peterson,Aleksei Peterson,17
617032,Toivo Pedak,Toivo Pedak,156
617032,Lembit Võime,Lembit Võime,98
617032,Lembit Lepp,Lembit Lepp,97
617033,Aleksei Peterson,Aleksei Peterson,17
617033,Toivo Pedak,Toivo Pedak,156
617033,Lembit Võime,Lembit Võime,98
617033,Lembit Lepp,Lembit Lepp,97
617034,Aleksei Peterson,Aleksei Peterson,17
617034,Toivo Pedak,Toivo Pedak,156
617034,Lembit Võime,Lembit Võime,98
617034,Lembit Lepp,Lembit Lepp,97
617035,Aleksei Peterson,Aleksei Peterson,17
617035,Toivo Pedak,Toivo Pedak,156
617035,Lembit Võime,Lembit Võime,98
617035,Lembit Lepp,Lembit Lepp,97
617036,Aleksei Peterson,Aleksei Peterson,17
617036,Toivo Pedak,Toivo Pedak,156
617036,Lembit Võime,Lembit Võime,98
617036,Lembit Lepp,Lembit Lepp,97
617037,Aleksei Peterson,Aleksei Peterson,17
617037,Toivo Pedak,Toivo Pedak,156
617037,Lembit Võime,Lembit Võime,98
617037,Lembit Lepp,Lembit Lepp,97
617038,Aleksei Peterson,Aleksei Peterson,17
617038,Toivo Pedak,Toivo Pedak,156
617038,Lembit Võime,Lembit Võime,98
617038,Lembit Lepp,Lembit Lepp,97
617039,Aleksei Peterson,Aleksei Peterson,17
617039,Toivo Pedak,Toivo Pedak,156
617039,Lembit Võime,Lembit Võime,98
617039,Lembit Lepp,Lembit Lepp,97
617040,Aleksei Peterson,Aleksei Peterson,17
617040,Toivo Pedak,Toivo Pedak,156
617040,Lembit Võime,Lembit Võime,98
617040,Lembit Lepp,Lembit Lepp,97
617041,Aleksei Peterson,Aleksei Peterson,17
617041,Toivo Pedak,Toivo Pedak,156
617041,Lembit Võime,Lembit Võime,98
617041,Lembit Lepp,Lembit Lepp,97
617042,Aleksei Peterson,Aleksei Peterson,17
617042,Toivo Pedak,Toivo Pedak,156
617042,Lembit Võime,Lembit Võime,98
617042,Lembit Lepp,Lembit Lepp,97
617043,Aleksei Peterson,Aleksei Peterson,17
617043,Toivo Pedak,Toivo Pedak,156
617043,Lembit Võime,Lembit Võime,98
617043,Lembit Lepp,Lembit Lepp,97
617044,Aleksei Peterson,Aleksei Peterson,17
617044,Toivo Pedak,Toivo Pedak,156
617044,Lembit Võime,Lembit Võime,98
617044,Lembit Lepp,Lembit Lepp,97
617045,Edgar Saar,Edgar Saar,33
617046,Edgar Saar,Edgar Saar,33
617047,Edgar Saar,Edgar Saar,33
617048,Edgar Saar,Edgar Saar,33
617049,Edgar Saar,Edgar Saar,33
617050,Edgar Saar,Edgar Saar,33
617051,Edgar Saar,Edgar Saar,33
617052,Edgar Saar,Edgar Saar,33
617053,Edgar Saar,Edgar Saar,33
617054,Edgar Saar,Edgar Saar,33
617055,Edgar Saar,Edgar Saar,33
617056,Edgar Saar,Edgar Saar,33
617057,Edgar Saar,Edgar Saar,33
617058,Edgar Saar,Edgar Saar,33
617059,Edgar Saar,Edgar Saar,33
617060,Edgar Saar,Edgar Saar,33
617061,Edgar Saar,Edgar Saar,33
617062,Edgar Saar,Edgar Saar,33
617063,Edgar Saar,Edgar Saar,33
617064,Edgar Saar,Edgar Saar,33
617065,Edgar Saar,Edgar Saar,33
617066,Edgar Saar,Edgar Saar,33
617067,Edgar Saar,Edgar Saar,33
617068,Edgar Saar,Edgar Saar,33
617069,Edgar Saar,Edgar Saar,33
617070,Edgar Saar,Edgar Saar,33
617071,Edgar Saar,Edgar Saar,33
617072,Edgar Saar,Edgar Saar,33
617073,Edgar Saar,Edgar Saar,33
617074,Eda Simmermann,Eda Simmermann,32
617075,Eda Simmermann,Eda Simmermann,32
617076,Eda Simmermann,Eda Simmermann,32
617077,Eda Simmermann,Eda Simmermann,32
617078,Eda Simmermann,Eda Simmermann,32
617079,Eda Simmermann,Eda Simmermann,32
617080,Eda Simmermann,Eda Simmermann,32
617081,Eda Simmermann,Eda Simmermann,32
617082,Eda Simmermann,Eda Simmermann,32
617083,Eda Simmermann,Eda Simmermann,32
617084,Eda Simmermann,Eda Simmermann,32
617085,Eda Simmermann,Eda Simmermann,32
617086,Eda Simmermann,Eda Simmermann,32
617087,Eda Simmermann,Eda Simmermann,32
617088,Eda Simmermann,Eda Simmermann,32
617089,Eda Simmermann,Eda Simmermann,32
617090,Eda Simmermann,Eda Simmermann,32
617091,Eda Simmermann,Eda Simmermann,32
617092,Eda Simmermann,Eda Simmermann,32
617093,Eda Simmermann,Eda Simmermann,32
617094,Eda Simmermann,Eda Simmermann,32
617095,Eda Simmermann,Eda Simmermann,32
617096,Eda Simmermann,Eda Simmermann,32
617099,Aleksei Peterson,Aleksei Peterson,17
617099,Vello Kutsar,Vello Kutsar,163
617101,Aleksei Peterson,Aleksei Peterson,17
617101,Vello Kutsar,Vello Kutsar,163
617102,Aleksei Peterson,Aleksei Peterson,17
617102,Vello Kutsar,Vello Kutsar,163
617103,Aleksei Peterson,Aleksei Peterson,17
617103,Vello Kutsar,Vello Kutsar,163
617104,Aleksei Peterson,Aleksei Peterson,17
617104,Vello Kutsar,Vello Kutsar,163
617105,Aleksei Peterson,Aleksei Peterson,17
617105,Vello Kutsar,Vello Kutsar,163
617107,Aleksei Peterson,Aleksei Peterson,17
617107,Vello Kutsar,Vello Kutsar,163
617108,Aleksei Peterson,Aleksei Peterson,17
617108,Vello Kutsar,Vello Kutsar,163
617109,Aleksei Peterson,Aleksei Peterson,17
617109,Vello Kutsar,Vello Kutsar,163
617110,Aleksei Peterson,Aleksei Peterson,17
617110,Vello Kutsar,Vello Kutsar,163
617111,Aleksei Peterson,Aleksei Peterson,17
617111,Vello Kutsar,Vello Kutsar,163
617112,Aleksei Peterson,Aleksei Peterson,17
617112,Vello Kutsar,Vello Kutsar,163
617113,Aleksei Peterson,Aleksei Peterson,17
617113,Vello Kutsar,Vello Kutsar,163
617115,Aleksei Peterson,Aleksei Peterson,17
617115,Vello Kutsar,Vello Kutsar,163
617116,Aleksei Peterson,Aleksei Peterson,17
617116,Vello Kutsar,Vello Kutsar,163
617117,Aleksei Peterson,Aleksei Peterson,17
617117,Vello Kutsar,Vello Kutsar,163
617118,Aleksei Peterson,Aleksei Peterson,17
617118,Vello Kutsar,Vello Kutsar,163
617120,Aleksei Peterson,Aleksei Peterson,17
617120,Vello Kutsar,Vello Kutsar,163
617121,Aleksei Peterson,Aleksei Peterson,17
617121,Vello Kutsar,Vello Kutsar,163
617122,Aleksei Peterson,Aleksei Peterson,17
617122,Vello Kutsar,Vello Kutsar,163
617123,Aleksei Peterson,Aleksei Peterson,17
617123,Vello Kutsar,Vello Kutsar,163
617124,Aleksei Peterson,Aleksei Peterson,17
617124,Vello Kutsar,Vello Kutsar,163
617125,Aleksei Peterson,Aleksei Peterson,17
617125,Vello Kutsar,Vello Kutsar,163
617126,Aleksei Peterson,Aleksei Peterson,17
617126,Vello Kutsar,Vello Kutsar,163
617127,Aleksei Peterson,Aleksei Peterson,17
617127,Vello Kutsar,Vello Kutsar,163
617128,Aleksei Peterson,Aleksei Peterson,17
617128,Vello Kutsar,Vello Kutsar,163
617129,Aleksei Peterson,Aleksei Peterson,17
617129,Vello Kutsar,Vello Kutsar,163
617130,Aleksei Peterson,Aleksei Peterson,17
617130,Vello Kutsar,Vello Kutsar,163
617131,Aleksei Peterson,Aleksei Peterson,17
617131,Vello Kutsar,Vello Kutsar,163
617132,Aleksei Peterson,Aleksei Peterson,17
617132,Vello Kutsar,Vello Kutsar,163
617133,Aleksei Peterson,Aleksei Peterson,17
617133,Vello Kutsar,Vello Kutsar,163
617134,Aleksei Peterson,Aleksei Peterson,17
617134,Vello Kutsar,Vello Kutsar,163
617135,Aleksei Peterson,Aleksei Peterson,17
617135,Vello Kutsar,Vello Kutsar,163
617136,Aleksei Peterson,Aleksei Peterson,17
617136,Vello Kutsar,Vello Kutsar,163
617137,Aleksei Peterson,Aleksei Peterson,17
617137,Vello Kutsar,Vello Kutsar,163
617138,Aleksei Peterson,Aleksei Peterson,17
617138,Vello Kutsar,Vello Kutsar,163
617139,Aleksei Peterson,Aleksei Peterson,17
617139,Vello Kutsar,Vello Kutsar,163
617140,Aleksei Peterson,Aleksei Peterson,17
617140,Lembit Lepp,Lembit Lepp,97
617140,Priit Härmas,Priit Härmas,138
617141,Aleksei Peterson,Aleksei Peterson,17
617141,Lembit Lepp,Lembit Lepp,97
617141,Priit Härmas,Priit Härmas,138
617142,Aleksei Peterson,Aleksei Peterson,17
617142,Lembit Lepp,Lembit Lepp,97
617142,Priit Härmas,Priit Härmas,138
617143,Aleksei Peterson,Aleksei Peterson,17
617143,Lembit Lepp,Lembit Lepp,97
617143,Priit Härmas,Priit Härmas,138
617144,Aleksei Peterson,Aleksei Peterson,17
617144,Lembit Lepp,Lembit Lepp,97
617144,Priit Härmas,Priit Härmas,138
617145,Aleksei Peterson,Aleksei Peterson,17
617145,Lembit Lepp,Lembit Lepp,97
617145,Priit Härmas,Priit Härmas,138
617146,Aleksei Peterson,Aleksei Peterson,17
617146,Lembit Lepp,Lembit Lepp,97
617146,Priit Härmas,Priit Härmas,138
617147,Aleksei Peterson,Aleksei Peterson,17
617147,Lembit Lepp,Lembit Lepp,97
617147,Priit Härmas,Priit Härmas,138
617148,Aleksei Peterson,Aleksei Peterson,17
617148,Lembit Lepp,Lembit Lepp,97
617148,Priit Härmas,Priit Härmas,138
617149,Aleksei Peterson,Aleksei Peterson,17
617149,Lembit Lepp,Lembit Lepp,97
617149,Priit Härmas,Priit Härmas,138
617150,Aleksei Peterson,Aleksei Peterson,17
617150,Lembit Lepp,Lembit Lepp,97
617150,Priit Härmas,Priit Härmas,138
617151,Aleksei Peterson,Aleksei Peterson,17
617151,Lembit Lepp,Lembit Lepp,97
617151,Priit Härmas,Priit Härmas,138
617152,Aleksei Peterson,Aleksei Peterson,17
617152,Lembit Lepp,Lembit Lepp,97
617152,Priit Härmas,Priit Härmas,138
617153,Aleksei Peterson,Aleksei Peterson,17
617153,Lembit Lepp,Lembit Lepp,97
617153,Priit Härmas,Priit Härmas,138
617154,Aleksei Peterson,Aleksei Peterson,17
617154,Lembit Lepp,Lembit Lepp,97
617154,Priit Härmas,Priit Härmas,138
617155,Aleksei Peterson,Aleksei Peterson,17
617155,Lembit Lepp,Lembit Lepp,97
617155,Priit Härmas,Priit Härmas,138
617156,Aleksei Peterson,Aleksei Peterson,17
617156,Lembit Lepp,Lembit Lepp,97
617156,Priit Härmas,Priit Härmas,138
617157,Aleksei Peterson,Aleksei Peterson,17
617157,Lembit Lepp,Lembit Lepp,97
617157,Priit Härmas,Priit Härmas,138
617158,Aleksei Peterson,Aleksei Peterson,17
617158,Lembit Lepp,Lembit Lepp,97
617158,Priit Härmas,Priit Härmas,138
617159,Aleksei Peterson,Aleksei Peterson,17
617159,Lembit Lepp,Lembit Lepp,97
617159,Priit Härmas,Priit Härmas,138
617160,Aleksei Peterson,Aleksei Peterson,17
617160,Lembit Lepp,Lembit Lepp,97
617160,Priit Härmas,Priit Härmas,138
617161,Aleksei Peterson,Aleksei Peterson,17
617161,Lembit Lepp,Lembit Lepp,97
617161,Priit Härmas,Priit Härmas,138
617162,Aleksei Peterson,Aleksei Peterson,17
617162,Lembit Lepp,Lembit Lepp,97
617162,Priit Härmas,Priit Härmas,138
617163,Aleksei Peterson,Aleksei Peterson,17
617163,Lembit Lepp,Lembit Lepp,97
617163,Priit Härmas,Priit Härmas,138
617164,Aleksei Peterson,Aleksei Peterson,17
617164,Lembit Lepp,Lembit Lepp,97
617164,Priit Härmas,Priit Härmas,138
617165,Aleksei Peterson,Aleksei Peterson,17
617165,Lembit Lepp,Lembit Lepp,97
617165,Priit Härmas,Priit Härmas,138
617166,Aleksei Peterson,Aleksei Peterson,17
617166,Lembit Lepp,Lembit Lepp,97
617166,Priit Härmas,Priit Härmas,138
617167,Aleksei Peterson,Aleksei Peterson,17
617167,Lembit Lepp,Lembit Lepp,97
617167,Priit Härmas,Priit Härmas,138
617168,Aleksei Peterson,Aleksei Peterson,17
617168,Lembit Lepp,Lembit Lepp,97
617168,Priit Härmas,Priit Härmas,138
617169,Aleksei Peterson,Aleksei Peterson,17
617169,Lembit Lepp,Lembit Lepp,97
617169,Priit Härmas,Priit Härmas,138
617170,Aleksei Peterson,Aleksei Peterson,17
617170,Lembit Lepp,Lembit Lepp,97
617170,Priit Härmas,Priit Härmas,138
617171,Aleksei Peterson,Aleksei Peterson,17
617171,Lembit Lepp,Lembit Lepp,97
617171,Priit Härmas,Priit Härmas,138
617172,Aleksei Peterson,Aleksei Peterson,17
617172,Lembit Lepp,Lembit Lepp,97
617172,Priit Härmas,Priit Härmas,138
617173,Aleksei Peterson,Aleksei Peterson,17
617173,Lembit Lepp,Lembit Lepp,97
617173,Priit Härmas,Priit Härmas,138
617174,Aleksei Peterson,Aleksei Peterson,17
617174,Lembit Lepp,Lembit Lepp,97
617174,Priit Härmas,Priit Härmas,138
617176,Aleksei Peterson,Aleksei Peterson,17
617176,Lembit Lepp,Lembit Lepp,97
617176,Priit Härmas,Priit Härmas,138
617177,Aleksei Peterson,Aleksei Peterson,17
617177,Lembit Lepp,Lembit Lepp,97
617177,Priit Härmas,Priit Härmas,138
617178,Aleksei Peterson,Aleksei Peterson,17
617178,Lembit Lepp,Lembit Lepp,97
617178,Priit Härmas,Priit Härmas,138
617179,Aleksei Peterson,Aleksei Peterson,17
617179,Lembit Lepp,Lembit Lepp,97
617179,Priit Härmas,Priit Härmas,138
617180,Aleksei Peterson,Aleksei Peterson,17
617180,Lembit Lepp,Lembit Lepp,97
617180,Priit Härmas,Priit Härmas,138
617182,Aleksei Peterson,Aleksei Peterson,17
617182,Lembit Lepp,Lembit Lepp,97
617182,Priit Härmas,Priit Härmas,138
617183,Aleksei Peterson,Aleksei Peterson,17
617183,Lembit Lepp,Lembit Lepp,97
617183,Priit Härmas,Priit Härmas,138
617184,Aleksei Peterson,Aleksei Peterson,17
617184,Lembit Lepp,Lembit Lepp,97
617184,Priit Härmas,Priit Härmas,138
617185,Aleksei Peterson,Aleksei Peterson,17
617185,Lembit Lepp,Lembit Lepp,97
617185,Priit Härmas,Priit Härmas,138
617186,Aleksei Peterson,Aleksei Peterson,17
617186,Lembit Lepp,Lembit Lepp,97
617186,Priit Härmas,Priit Härmas,138
617187,Aleksei Peterson,Aleksei Peterson,17
617187,Lembit Lepp,Lembit Lepp,97
617187,Priit Härmas,Priit Härmas,138
617188,Aleksei Peterson,Aleksei Peterson,17
617188,Lembit Lepp,Lembit Lepp,97
617188,Priit Härmas,Priit Härmas,138
617189,Aleksei Peterson,Aleksei Peterson,17
617189,Lembit Lepp,Lembit Lepp,97
617189,Priit Härmas,Priit Härmas,138
617190,Aleksei Peterson,Aleksei Peterson,17
617190,Lembit Lepp,Lembit Lepp,97
617190,Priit Härmas,Priit Härmas,138
617191,Aleksei Peterson,Aleksei Peterson,17
617191,Lembit Lepp,Lembit Lepp,97
617191,Priit Härmas,Priit Härmas,138
617192,Aleksei Peterson,Aleksei Peterson,17
617192,Lembit Lepp,Lembit Lepp,97
617192,Priit Härmas,Priit Härmas,138
617193,Aleksei Peterson,Aleksei Peterson,17
617193,Lembit Lepp,Lembit Lepp,97
617193,Priit Härmas,Priit Härmas,138
617195,Aleksei Peterson,Aleksei Peterson,17
617195,Lembit Lepp,Lembit Lepp,97
617195,Priit Härmas,Priit Härmas,138
617196,Aleksei Peterson,Aleksei Peterson,17
617196,Lembit Lepp,Lembit Lepp,97
617196,Priit Härmas,Priit Härmas,138
617197,Aleksei Peterson,Aleksei Peterson,17
617197,Lembit Lepp,Lembit Lepp,97
617197,Priit Härmas,Priit Härmas,138
617198,Aleksei Peterson,Aleksei Peterson,17
617198,Lembit Lepp,Lembit Lepp,97
617198,Priit Härmas,Priit Härmas,138
617199,Aleksei Peterson,Aleksei Peterson,17
617199,Lembit Lepp,Lembit Lepp,97
617199,Priit Härmas,Priit Härmas,138
617200,Aleksei Peterson,Aleksei Peterson,17
617200,Lembit Lepp,Lembit Lepp,97
617200,Priit Härmas,Priit Härmas,138
617201,Aleksei Peterson,Aleksei Peterson,17
617201,Lembit Lepp,Lembit Lepp,97
617201,Priit Härmas,Priit Härmas,138
617202,Aleksei Peterson,Aleksei Peterson,17
617202,Lembit Lepp,Lembit Lepp,97
617202,Priit Härmas,Priit Härmas,138
617203,Aleksei Peterson,Aleksei Peterson,17
617203,Lembit Lepp,Lembit Lepp,97
617203,Priit Härmas,Priit Härmas,138
617204,Aleksei Peterson,Aleksei Peterson,17
617204,Lembit Lepp,Lembit Lepp,97
617204,Priit Härmas,Priit Härmas,138
617205,Aleksei Peterson,Aleksei Peterson,17
617205,Lembit Lepp,Lembit Lepp,97
617205,Priit Härmas,Priit Härmas,138
617206,Aleksei Peterson,Aleksei Peterson,17
617206,Lembit Lepp,Lembit Lepp,97
617206,Priit Härmas,Priit Härmas,138
617207,Aleksei Peterson,Aleksei Peterson,17
617207,Lembit Lepp,Lembit Lepp,97
617207,Priit Härmas,Priit Härmas,138
617208,Aleksei Peterson,Aleksei Peterson,17
617208,Lembit Lepp,Lembit Lepp,97
617208,Priit Härmas,Priit Härmas,138
617210,Aleksei Peterson,Aleksei Peterson,17
617210,Lembit Lepp,Lembit Lepp,97
617210,Priit Härmas,Priit Härmas,138
617211,Aleksei Peterson,Aleksei Peterson,17
617211,Lembit Lepp,Lembit Lepp,97
617211,Priit Härmas,Priit Härmas,138
617212,Aleksei Peterson,Aleksei Peterson,17
617212,Lembit Lepp,Lembit Lepp,97
617212,Priit Härmas,Priit Härmas,138
617213,Aleksei Peterson,Aleksei Peterson,17
617213,Lembit Lepp,Lembit Lepp,97
617213,Priit Härmas,Priit Härmas,138
617214,Aleksei Peterson,Aleksei Peterson,17
617214,Lembit Lepp,Lembit Lepp,97
617214,Priit Härmas,Priit Härmas,138
617215,Aleksei Peterson,Aleksei Peterson,17
617215,Lembit Lepp,Lembit Lepp,97
617215,Priit Härmas,Priit Härmas,138
617216,Aleksei Peterson,Aleksei Peterson,17
617216,Lembit Lepp,Lembit Lepp,97
617216,Priit Härmas,Priit Härmas,138
617217,Aleksei Peterson,Aleksei Peterson,17
617217,Lembit Lepp,Lembit Lepp,97
617217,Priit Härmas,Priit Härmas,138
617218,Aleksei Peterson,Aleksei Peterson,17
617218,Lembit Lepp,Lembit Lepp,97
617218,Priit Härmas,Priit Härmas,138
617219,Aleksei Peterson,Aleksei Peterson,17
617219,Lembit Lepp,Lembit Lepp,97
617219,Priit Härmas,Priit Härmas,138
617221,Aleksei Peterson,Aleksei Peterson,17
617221,Lembit Lepp,Lembit Lepp,97
617221,Priit Härmas,Priit Härmas,138
617222,Aleksei Peterson,Aleksei Peterson,17
617222,Lembit Lepp,Lembit Lepp,97
617222,Priit Härmas,Priit Härmas,138
617223,Aleksei Peterson,Aleksei Peterson,17
617223,Lembit Lepp,Lembit Lepp,97
617223,Priit Härmas,Priit Härmas,138
617224,Aleksei Peterson,Aleksei Peterson,17
617224,Lembit Lepp,Lembit Lepp,97
617224,Priit Härmas,Priit Härmas,138
617225,Aleksei Peterson,Aleksei Peterson,17
617225,Lembit Lepp,Lembit Lepp,97
617225,Priit Härmas,Priit Härmas,138
617226,Aleksei Peterson,Aleksei Peterson,17
617226,Lembit Lepp,Lembit Lepp,97
617226,Priit Härmas,Priit Härmas,138
617227,Heno Sarv,Heno Sarv,58
617228,Heno Sarv,Heno Sarv,58
617229,Heno Sarv,Heno Sarv,58
617230,Heno Sarv,Heno Sarv,58
617231,Heno Sarv,Heno Sarv,58
617232,Heno Sarv,Heno Sarv,58
617233,Heno Sarv,Heno Sarv,58
617234,Heno Sarv,Heno Sarv,58
617235,Heno Sarv,Heno Sarv,58
617236,Heno Sarv,Heno Sarv,58
617237,Heno Sarv,Heno Sarv,58
617238,Heno Sarv,Heno Sarv,58
617239,Heno Sarv,Heno Sarv,58
617240,Heno Sarv,Heno Sarv,58
617241,Heno Sarv,Heno Sarv,58
617242,Heno Sarv,Heno Sarv,58
617243,Heno Sarv,Heno Sarv,58
617244,Heno Sarv,Heno Sarv,58
617245,Heno Sarv,Heno Sarv,58
617246,Heno Sarv,Heno Sarv,58
617247,Heno Sarv,Heno Sarv,58
617248,Heno Sarv,Heno Sarv,58
617249,Heno Sarv,Heno Sarv,58
617250,Heno Sarv,Heno Sarv,58
617251,Heno Sarv,Heno Sarv,58
617252,Heno Sarv,Heno Sarv,58
617253,Heno Sarv,Heno Sarv,58
617254,Heno Sarv,Heno Sarv,58
617257,Heno Sarv,Heno Sarv,58
617258,Heno Sarv,Heno Sarv,58
617259,Heno Sarv,Heno Sarv,58
617260,Heno Sarv,Heno Sarv,58
617261,Heno Sarv,Heno Sarv,58
617262,Heno Sarv,Heno Sarv,58
617263,Heno Sarv,Heno Sarv,58
617264,Heno Sarv,Heno Sarv,58
617265,Heno Sarv,Heno Sarv,58
617267,Heno Sarv,Heno Sarv,58
617268,Heno Sarv,Heno Sarv,58
617269,Heno Sarv,Heno Sarv,58
617270,Heno Sarv,Heno Sarv,58
617271,Heno Sarv,Heno Sarv,58
617272,Heno Sarv,Heno Sarv,58
617273,Heno Sarv,Heno Sarv,58
617274,Heno Sarv,Heno Sarv,58
617275,Heno Sarv,Heno Sarv,58
617276,Heno Sarv,Heno Sarv,58
617277,Aleksei Peterson,Aleksei Peterson,17
617278,Aleksei Peterson,Aleksei Peterson,17
617279,Aleksei Peterson,Aleksei Peterson,17
617280,Aleksei Peterson,Aleksei Peterson,17
617281,Aleksei Peterson,Aleksei Peterson,17
617282,Aleksei Peterson,Aleksei Peterson,17
617283,Aleksei Peterson,Aleksei Peterson,17
617284,Aleksei Peterson,Aleksei Peterson,17
617285,Aleksei Peterson,Aleksei Peterson,17
617286,Aleksei Peterson,Aleksei Peterson,17
617287,Aleksei Peterson,Aleksei Peterson,17
617288,Aleksei Peterson,Aleksei Peterson,17
617289,Aleksei Peterson,Aleksei Peterson,17
617290,Aleksei Peterson,Aleksei Peterson,17
617291,Aleksei Peterson,Aleksei Peterson,17
617292,Aleksei Peterson,Aleksei Peterson,17
617293,Aleksei Peterson,Aleksei Peterson,17
617294,Aleksei Peterson,Aleksei Peterson,17
617295,Aleksei Peterson,Aleksei Peterson,17
617296,Aleksei Peterson,Aleksei Peterson,17
617297,Aleksei Peterson,Aleksei Peterson,17
617298,Aleksei Peterson,Aleksei Peterson,17
617299,Aleksei Peterson,Aleksei Peterson,17
617300,Aleksei Peterson,Aleksei Peterson,17
617301,Aleksei Peterson,Aleksei Peterson,17
617302,Aleksei Peterson,Aleksei Peterson,17
617303,Aleksei Peterson,Aleksei Peterson,17
617304,Aleksei Peterson,Aleksei Peterson,17
617305,Aleksei Peterson,Aleksei Peterson,17
617306,Aleksei Peterson,Aleksei Peterson,17
617307,Aleksei Peterson,Aleksei Peterson,17
617308,Aleksei Peterson,Aleksei Peterson,17
617309,Aleksei Peterson,Aleksei Peterson,17
617310,Aleksei Peterson,Aleksei Peterson,17
617311,Aleksei Peterson,Aleksei Peterson,17
617312,Aleksei Peterson,Aleksei Peterson,17
617313,Aleksei Peterson,Aleksei Peterson,17
617314,Aleksei Peterson,Aleksei Peterson,17
617315,Aleksei Peterson,Aleksei Peterson,17
617316,Aleksei Peterson,Aleksei Peterson,17
617317,Aleksei Peterson,Aleksei Peterson,17
617318,Aleksei Peterson,Aleksei Peterson,17
617319,Aleksei Peterson,Aleksei Peterson,17
617320,Aleksei Peterson,Aleksei Peterson,17
617321,Aleksei Peterson,Aleksei Peterson,17
617322,Aleksei Peterson,Aleksei Peterson,17
617323,Aleksei Peterson,Aleksei Peterson,17
617324,Aleksei Peterson,Aleksei Peterson,17
617325,Aleksei Peterson,Aleksei Peterson,17
617326,Aleksei Peterson,Aleksei Peterson,17
617327,Aleksei Peterson,Aleksei Peterson,17
617328,Heno Sarv,Heno Sarv,58
617329,Heno Sarv,Heno Sarv,58
617330,Heno Sarv,Heno Sarv,58
617331,Heno Sarv,Heno Sarv,58
617332,Heno Sarv,Heno Sarv,58
617333,Heno Sarv,Heno Sarv,58
617334,Heno Sarv,Heno Sarv,58
617335,Heno Sarv,Heno Sarv,58
617336,Heno Sarv,Heno Sarv,58
617337,Heno Sarv,Heno Sarv,58
617338,Heno Sarv,Heno Sarv,58
617339,Heno Sarv,Heno Sarv,58
617340,Heno Sarv,Heno Sarv,58
617341,Heno Sarv,Heno Sarv,58
617342,Heno Sarv,Heno Sarv,58
617343,Heno Sarv,Heno Sarv,58
617344,Heno Sarv,Heno Sarv,58
617345,Heno Sarv,Heno Sarv,58
617346,Heno Sarv,Heno Sarv,58
617347,Heno Sarv,Heno Sarv,58
617348,Heno Sarv,Heno Sarv,58
617349,Heno Sarv,Heno Sarv,58
617350,Heno Sarv,Heno Sarv,58
617351,Heno Sarv,Heno Sarv,58
617352,Heno Sarv,Heno Sarv,58
617353,Heno Sarv,Heno Sarv,58
617354,Heno Sarv,Heno Sarv,58
617355,M. Joalaid,Marje Joalaid,101
617367,Heno Sarv,Heno Sarv,58
617368,Heno Sarv,Heno Sarv,58
617369,Heno Sarv,Heno Sarv,58
617370,Heno Sarv,Heno Sarv,58
617371,Heno Sarv,Heno Sarv,58
617372,Heno Sarv,Heno Sarv,58
617373,Heno Sarv,Heno Sarv,58
617374,Heno Sarv,Heno Sarv,58
617375,Heno Sarv,Heno Sarv,58
617376,Heno Sarv,Heno Sarv,58
617377,Heno Sarv,Heno Sarv,58
617378,Heno Sarv,Heno Sarv,58
617379,Heno Sarv,Heno Sarv,58
617380,Heno Sarv,Heno Sarv,58
617381,Heno Sarv,Heno Sarv,58
617382,Heno Sarv,Heno Sarv,58
617383,Heno Sarv,Heno Sarv,58
617384,Heno Sarv,Heno Sarv,58
617385,Heno Sarv,Heno Sarv,58
617386,Heno Sarv,Heno Sarv,58
617387,Heno Sarv,Heno Sarv,58
617388,Heno Sarv,Heno Sarv,58
617389,Heno Sarv,Heno Sarv,58
617390,Heno Sarv,Heno Sarv,58
617391,Heno Sarv,Heno Sarv,58
617392,Heno Sarv,Heno Sarv,58
617393,Heno Sarv,Heno Sarv,58
617394,Heno Sarv,Heno Sarv,58
617395,Heno Sarv,Heno Sarv,58
617396,Heno Sarv,Heno Sarv,58
617397,Heno Sarv,Heno Sarv,58
617398,Heno Sarv,Heno Sarv,58
617399,Heno Sarv,Heno Sarv,58
617400,Heno Sarv,Heno Sarv,58
617401,Heno Sarv,Heno Sarv,58
617402,Heno Sarv,Heno Sarv,58
617403,Heno Sarv,Heno Sarv,58
617404,Heno Sarv,Heno Sarv,58
617405,Heno Sarv,Heno Sarv,58
617406,Heno Sarv,Heno Sarv,58
617407,Heno Sarv,Heno Sarv,58
617408,Heno Sarv,Heno Sarv,58
617521,Heno Sarv,Heno Sarv,58
617522,Heno Sarv,Heno Sarv,58
617523,Heno Sarv,Heno Sarv,58
617524,Heno Sarv,Heno Sarv,58
617525,Heno Sarv,Heno Sarv,58
617526,Heno Sarv,Heno Sarv,58
617527,Heno Sarv,Heno Sarv,58
617528,Heno Sarv,Heno Sarv,58
617530,Heno Sarv,Heno Sarv,58
617531,Heno Sarv,Heno Sarv,58
617532,Heno Sarv,Heno Sarv,58
617533,Heno Sarv,Heno Sarv,58
617534,Heno Sarv,Heno Sarv,58
617535,Heno Sarv,Heno Sarv,58
617536,Heno Sarv,Heno Sarv,58
617537,Heno Sarv,Heno Sarv,58
617538,Heno Sarv,Heno Sarv,58
617539,Heno Sarv,Heno Sarv,58
617540,Heno Sarv,Heno Sarv,58
617541,Heno Sarv,Heno Sarv,58
617542,Heno Sarv,Heno Sarv,58
617543,Heno Sarv,Heno Sarv,58
617544,Heno Sarv,Heno Sarv,58
617545,Aleksei Peterson,Aleksei Peterson,17
617546,Aleksei Peterson,Aleksei Peterson,17
617547,Aleksei Peterson,Aleksei Peterson,17
617548,Aleksei Peterson,Aleksei Peterson,17
617549,Aleksei Peterson,Aleksei Peterson,17
617551,Aleksei Peterson,Aleksei Peterson,17
617552,Aleksei Peterson,Aleksei Peterson,17
617553,Aleksei Peterson,Aleksei Peterson,17
617554,Aleksei Peterson,Aleksei Peterson,17
617555,Aleksei Peterson,Aleksei Peterson,17
617557,Aleksei Peterson,Aleksei Peterson,17
617558,Aleksei Peterson,Aleksei Peterson,17
617560,Aleksei Peterson,Aleksei Peterson,17
617561,Aleksei Peterson,Aleksei Peterson,17
617562,Aleksei Peterson,Aleksei Peterson,17
617563,Aleksei Peterson,Aleksei Peterson,17
617564,Aleksei Peterson,Aleksei Peterson,17
617565,Aleksei Peterson,Aleksei Peterson,17
617566,Aleksei Peterson,Aleksei Peterson,17
617567,Aleksei Peterson,Aleksei Peterson,17
617569,Aleksei Peterson,Aleksei Peterson,17
617570,Aleksei Peterson,Aleksei Peterson,17
617571,Aleksei Peterson,Aleksei Peterson,17
617572,Aleksei Peterson,Aleksei Peterson,17
617573,Aleksei Peterson,Aleksei Peterson,17
617574,Aleksei Peterson,Aleksei Peterson,17
617575,Aleksei Peterson,Aleksei Peterson,17
617576,Aleksei Peterson,Aleksei Peterson,17
617577,Aleksei Peterson,Aleksei Peterson,17
617579,Aleksei Peterson,Aleksei Peterson,17
617580,Aleksei Peterson,Aleksei Peterson,17
617581,Aleksei Peterson,Aleksei Peterson,17
617582,Aleksei Peterson,Aleksei Peterson,17
617583,Aleksei Peterson,Aleksei Peterson,17
617584,Aleksei Peterson,Aleksei Peterson,17
617585,Aleksei Peterson,Aleksei Peterson,17
617587,Aleksei Peterson,Aleksei Peterson,17
617588,Aleksei Peterson,Aleksei Peterson,17
617589,Aleksei Peterson,Aleksei Peterson,17
617590,Aleksei Peterson,Aleksei Peterson,17
617590,Toivo Pedak,Toivo Pedak,156
617590,Lembit Võime,Lembit Võime,98
617590,Lembit Lepp,Lembit Lepp,97
617591,Aleksei Peterson,Aleksei Peterson,17
617591,Toivo Pedak,Toivo Pedak,156
617591,Lembit Võime,Lembit Võime,98
617591,Lembit Lepp,Lembit Lepp,97
617592,Aleksei Peterson,Aleksei Peterson,17
617592,Toivo Pedak,Toivo Pedak,156
617592,Lembit Võime,Lembit Võime,98
617592,Lembit Lepp,Lembit Lepp,97
617593,Aleksei Peterson,Aleksei Peterson,17
617593,Toivo Pedak,Toivo Pedak,156
617593,Lembit Võime,Lembit Võime,98
617593,Lembit Lepp,Lembit Lepp,97
617594,Viktor Danilov,Viktor Danilov,167
617595,Viktor Danilov,Viktor Danilov,167
617596,Viktor Danilov,Viktor Danilov,167
617597,Viktor Danilov,Viktor Danilov,167
617598,Viktor Danilov,Viktor Danilov,167
617599,Viktor Danilov,Viktor Danilov,167
617600,Viktor Danilov,Viktor Danilov,167
617601,Viktor Danilov,Viktor Danilov,167
617602,Marika Mikkor,Marika Mikkor,113
617602,Mare Piho,Mare Piho,109
617603,Viktor Danilov,Viktor Danilov,167
617604,Viktor Danilov,Viktor Danilov,167
617605,Viktor Danilov,Viktor Danilov,167
617606,Viktor Danilov,Viktor Danilov,167
617607,Viktor Danilov,Viktor Danilov,167
617608,Viktor Danilov,Viktor Danilov,167
617609,Viktor Danilov,Viktor Danilov,167
617610,Viktor Danilov,Viktor Danilov,167
617611,Viktor Danilov,Viktor Danilov,167
617612,Viktor Danilov,Viktor Danilov,167
617613,Viktor Danilov,Viktor Danilov,167
617614,Viktor Danilov,Viktor Danilov,167
617615,Viktor Danilov,Viktor Danilov,167
617616,Viktor Danilov,Viktor Danilov,167
617617,Ülev Aaloe,Ülev Aaloe,171
617618,Ülev Aaloe,Ülev Aaloe,171
617619,Ülev Aaloe,Ülev Aaloe,171
617620,Ülev Aaloe,Ülev Aaloe,171
617621,Ülev Aaloe,Ülev Aaloe,171
617622,Ülev Aaloe,Ülev Aaloe,171
617623,Ülev Aaloe,Ülev Aaloe,171
617624,Ülev Aaloe,Ülev Aaloe,171
617625,Ülev Aaloe,Ülev Aaloe,171
617626,Ülev Aaloe,Ülev Aaloe,171
617627,Ülev Aaloe,Ülev Aaloe,171
617628,Ülev Aaloe,Ülev Aaloe,171
617629,Ülev Aaloe,Ülev Aaloe,171
617630,Ülev Aaloe,Ülev Aaloe,171
617631,Ülev Aaloe,Ülev Aaloe,171
617632,Aleksei Peterson,Aleksei Peterson,17
617633,Aleksei Peterson,Aleksei Peterson,17
617634,Aleksei Peterson,Aleksei Peterson,17
617635,Aleksei Peterson,Aleksei Peterson,17
617636,Aleksei Peterson,Aleksei Peterson,17
617637,Aleksei Peterson,Aleksei Peterson,17
617638,Aleksei Peterson,Aleksei Peterson,17
617639,Aleksei Peterson,Aleksei Peterson,17
617640,Eda Simmermann,Eda Simmermann,32
617641,Eda Simmermann,Eda Simmermann,32
617642,Eda Simmermann,Eda Simmermann,32
617643,Paul Ariste,Paul Ariste,127
617644,Eda Simmermann,Eda Simmermann,32
617645,Paul Ariste,Paul Ariste,127
617646,Paul Ariste,Paul Ariste,127
617647,Aleksei Peterson,Aleksei Peterson,17
617647,Vello Ojanurm,Vello Ojanurm,164
617647,Marju Joalaid,Marje Joalaid,116
617648,Aleksei Peterson,Aleksei Peterson,17
617648,Vello Ojanurm,Vello Ojanurm,164
617648,Marju Joalaid,Marje Joalaid,116
617649,Aleksei Peterson,Aleksei Peterson,17
617649,Vello Ojanurm,Vello Ojanurm,164
617649,Marju Joalaid,Marje Joalaid,116
617650,Aleksei Peterson,Aleksei Peterson,17
617650,Vello Ojanurme,Vello Ojanurm,165
617650,Marju Joalaid,Marje Joalaid,116
617651,Aleksei Peterson,Aleksei Peterson,17
617651,Vello Ojanurm,Vello Ojanurm,164
617651,Marju Joalaid,Marje Joalaid,116
617652,Aleksei Peterson,Aleksei Peterson,17
617652,Vello Ojanurme,Vello Ojanurm,165
617652,Marju Joalaid,Marje Joalaid,116
617653,Aleksei Peterson,Aleksei Peterson,17
617653,Vello Ojanurme,Vello Ojanurm,165
617653,Marju Joalaid,Marje Joalaid,116
617654,Aleksei Peterson,Aleksei Peterson,17
617654,Vello Ojanurme,Vello Ojanurm,165
617654,Marju Joalaid,Marje Joalaid,116
617655,Aleksei Peterson,Aleksei Peterson,17
617655,Vello Ojanurm,Vello Ojanurm,164
617655,Marje Joalaid,Marje Joalaid,114
617656,Aleksei Peterson,Aleksei Peterson,17
617656,Vello Ojanurme,Vello Ojanurm,165
617656,Marju Joalaid,Marje Joalaid,116
617657,Aleksei Peterson,Aleksei Peterson,17
617657,Vello Ojanurme,Vello Ojanurm,165
617657,Marju Joalaid,Marje Joalaid,116
617658,Aleksei Peterson,Aleksei Peterson,17
617658,Vello Ojanurm,Vello Ojanurm,164
617658,Marje Joalaid,Marje Joalaid,114
617659,Aleksei Peterson,Aleksei Peterson,17
617659,Vello Ojanurm,Vello Ojanurm,164
617659,Marje Joalaid,Marje Joalaid,114
617660,Aleksei Peterson,Aleksei Peterson,17
617660,Vello Ojanurm,Vello Ojanurm,164
617660,Marje Joalaid,Marje Joalaid,114
617661,Aleksei Peterson,Aleksei Peterson,17
617661,Vello Ojanurm,Vello Ojanurm,164
617661,Marje Joalaid,Marje Joalaid,114
617662,Marje Joalaid,Marje Joalaid,114
617663,Aleksei Peterson,Aleksei Peterson,17
617663,Vello Ojanurm,Vello Ojanurm,164
617663,Marje Joalaid,Marje Joalaid,114
617664,Marje Joalaid,Marje Joalaid,114
617665,Aleksei Peterson,Aleksei Peterson,17
617665,Vello Ojanurm,Vello Ojanurm,164
617665,Marje Joalaid,Marje Joalaid,114
617666,Aleksei Peterson,Aleksei Peterson,17
617666,Vello Ojanurme,Vello Ojanurm,165
617666,Marju Joalaid,Marje Joalaid,116
617667,Marje Joalaid,Marje Joalaid,114
617668,Marje Joalaid,Marje Joalaid,114
617669,Marje Joalaid,Marje Joalaid,114
617670,Marje Joalaid,Marje Joalaid,114
617671,Marje Joalaid,Marje Joalaid,114
617672,Marje Joalaid,Marje Joalaid,114
617673,Marje Joalaid,Marje Joalaid,114
617674,Marje Joalaid,Marje Joalaid,114
617675,Marje Joalaid,Marje Joalaid,114
617676,Marje Joalaid,Marje Joalaid,114
617677,Marje Joalaid,Marje Joalaid,114
617678,Marje Joalaid,Marje Joalaid,114
617679,Marje Joalaid,Marje Joalaid,114
617680,Marje Joalaid,Marje Joalaid,114
617681,Marje Joalaid,Marje Joalaid,114
617682,Marje Joalaid,Marje Joalaid,114
617683,Marje Joalaid,Marje Joalaid,114
617684,Marje Joalaid,Marje Joalaid,114
617685,Marje Joalaid,Marje Joalaid,114
617686,Marje Joalaid,Marje Joalaid,114
617687,Edgar Saar,Edgar Saar,33
617688,Edgar Saar,Edgar Saar,33
617689,Edgar Saar,Edgar Saar,33
617690,Edgar Saar,Edgar Saar,33
617691,Kalju Konsin,Kalju Konsin,83
617692,Aleksei Peterson,Aleksei Peterson,17
617692,Vello Kutsar,Vello Kutsar,163
617693,Aleksei Peterson,Aleksei Peterson,17
617693,Vello Kutsar,Vello Kutsar,163
617694,Aleksei Peterson,Aleksei Peterson,17
617694,Vello Kutsar,Vello Kutsar,163
617695,Aleksei Peterson,Aleksei Peterson,17
617695,Vello Kutsar,Vello Kutsar,163
617696,Aleksei Peterson,Aleksei Peterson,17
617696,Vello Kutsar,Vello Kutsar,163
617697,Aleksei Peterson,Aleksei Peterson,17
617697,Vello Kutsar,Vello Kutsar,163
617698,Aleksei Peterson,Aleksei Peterson,17
617698,Vello Kutsar,Vello Kutsar,163
617699,Aleksei Peterson,Aleksei Peterson,17
617699,Vello Kutsar,Vello Kutsar,163
617700,Aleksei Peterson,Aleksei Peterson,17
617700,Vello Kutsar,Vello Kutsar,163
617701,Aleksei Peterson,Aleksei Peterson,17
617701,Vello Kutsar,Vello Kutsar,163
617702,Aleksei Peterson,Aleksei Peterson,17
617702,Vello Kutsar,Vello Kutsar,163
617703,Aleksei Peterson,Aleksei Peterson,17
617703,Vello Kutsar,Vello Kutsar,163
617704,Aleksei Peterson,Aleksei Peterson,17
617704,Vello Kutsar,Vello Kutsar,163
617709,Aleksei Peterson,Aleksei Peterson,17
617709,Vello Kutsar,Vello Kutsar,163
617710,Aleksei Peterson,Aleksei Peterson,17
617710,Vello Kutsar,Vello Kutsar,163
617711,Aleksei Peterson,Aleksei Peterson,17
617711,Vello Kutsar,Vello Kutsar,163
617712,Aleksei Peterson,Aleksei Peterson,17
617712,Vello Kutsar,Vello Kutsar,163
617713,Aleksei Peterson,Aleksei Peterson,17
617713,Vello Kutsar,Vello Kutsar,163
617714,Aleksei Peterson,Aleksei Peterson,17
617714,Vello Kutsar,Vello Kutsar,163
617715,Aleksei Peterson,Aleksei Peterson,17
617715,Vello Kutsar,Vello Kutsar,163
617716,Aleksei Peterson,Aleksei Peterson,17
617716,Vello Kutsar,Vello Kutsar,163
617717,Aleksei Peterson,Aleksei Peterson,17
617717,Vello Kutsar,Vello Kutsar,163
617718,Aleksei Peterson,Aleksei Peterson,17
617718,Vello Kutsar,Vello Kutsar,163
617719,Aleksei Peterson,Aleksei Peterson,17
617719,Vello Kutsar,Vello Kutsar,163
617720,Aleksei Peterson,Aleksei Peterson,17
617720,Vello Kutsar,Vello Kutsar,163
617721,Aleksei Peterson,Aleksei Peterson,17
617721,Vello Kutsar,Vello Kutsar,163
617722,Aleksei Peterson,Aleksei Peterson,17
617722,Vello Kutsar,Vello Kutsar,163
617723,Aleksei Peterson,Aleksei Peterson,17
617723,Vello Kutsar,Vello Kutsar,163
617724,Aleksei Peterson,Aleksei Peterson,17
617724,Vello Kutsar,Vello Kutsar,163
617725,Aleksei Peterson,Aleksei Peterson,17
617725,Vello Kutsar,Vello Kutsar,163
617726,Aleksei Peterson,Aleksei Peterson,17
617726,Vello Kutsar,Vello Kutsar,163
617727,Aleksei Peterson,Aleksei Peterson,17
617727,Vello Kutsar,Vello Kutsar,163
617728,Aleksei Peterson,Aleksei Peterson,17
617728,Vello Kutsar,Vello Kutsar,163
617729,Aleksei Peterson,Aleksei Peterson,17
617729,Vello Kutsar,Vello Kutsar,163
617730,Aleksei Peterson,Aleksei Peterson,17
617730,Vello Kutsar,Vello Kutsar,163
617731,Aleksei Peterson,Aleksei Peterson,17
617731,Vello Kutsar,Vello Kutsar,163
617732,Aleksei Peterson,Aleksei Peterson,17
617732,Vello Kutsar,Vello Kutsar,163
617733,Aleksei Peterson,Aleksei Peterson,17
617733,Vello Kutsar,Vello Kutsar,163
617734,Aleksei Peterson,Aleksei Peterson,17
617734,Vello Kutsar,Vello Kutsar,163
617735,Aleksei Peterson,Aleksei Peterson,17
617735,Vello Kutsar,Vello Kutsar,163
617754,Aleksei Peterson,Aleksei Peterson,17
617754,Lembit Lepp,Lembit Lepp,97
617754,Priit Härmas,Priit Härmas,138
617755,Aleksei Peterson,Aleksei Peterson,17
617755,Lembit Lepp,Lembit Lepp,97
617755,Priit Härmas,Priit Härmas,138
617756,Aleksei Peterson,Aleksei Peterson,17
617756,Lembit Lepp,Lembit Lepp,97
617756,Priit Härmas,Priit Härmas,138
617757,Aleksei Peterson,Aleksei Peterson,17
617757,Lembit Lepp,Lembit Lepp,97
617757,Priit Härmas,Priit Härmas,138
617758,Aleksei Peterson,Aleksei Peterson,17
617758,Lembit Lepp,Lembit Lepp,97
617758,Priit Härmas,Priit Härmas,138
617760,Aleksei Peterson,Aleksei Peterson,17
617760,Lembit Lepp,Lembit Lepp,97
617760,Priit Härmas,Priit Härmas,138
617761,A. Peterson,Aleksei Peterson,6
617761,L. Lepp,Lembit Lepp,90
617761,P. Härmas,Priit Härmas,125
617762,A. Peterson,Aleksei Peterson,6
617762,L. Lepp,Lembit Lepp,90
617762,P. Härmas,Priit Härmas,125
617763,Aleksei Peterson,Aleksei Peterson,17
617763,Lembit Lepp,Lembit Lepp,97
617763,Priit Härmas,Priit Härmas,138
617764,Aleksei Peterson,Aleksei Peterson,17
617764,Lembit Lepp,Lembit Lepp,97
617764,Priit Härmas,Priit Härmas,138
617765,Aleksei Peterson,Aleksei Peterson,17
617765,Lembit Lepp,Lembit Lepp,97
617765,Priit Härmas,Priit Härmas,138
617766,Aleksei Peterson,Aleksei Peterson,17
617766,Lembit Lepp,Lembit Lepp,97
617766,Priit Härmas,Priit Härmas,138
617767,Aleksei Peterson,Aleksei Peterson,17
617767,Lembit Lepp,Lembit Lepp,97
617767,Priit Härmas,Priit Härmas,138
617782,Edgar Saar,Edgar Saar,33
617783,Edgar Saar,Edgar Saar,33
617784,Edgar Saar,Edgar Saar,33
617785,Edgar Saar,Edgar Saar,33
617786,Edgar Saar,Edgar Saar,33
617787,Edgar Saar,Edgar Saar,33
617788,Edgar Saar,Edgar Saar,33
617789,Edgar Saar,Edgar Saar,33
617790,Edgar Saar,Edgar Saar,33
617791,Edgar Saar,Edgar Saar,33
617792,Edgar Saar,Edgar Saar,33
617793,Edgar Saar,Edgar Saar,33
617794,Edgar Saar,Edgar Saar,33
617795,Edgar Saare,Edgar Saar,34
617796,Aleksei Peterson,Aleksei Peterson,17
617796,Lembit Lepp,Lembit Lepp,97
617796,Heno Sarv,Heno Sarv,58
617796,Priit Härmas,Priit Härmas,138
617796,Aado Lintrop,Aado Lintrop,7
617797,Aleksei Peterson,Aleksei Peterson,17
617797,Lembit Lepp,Lembit Lepp,97
617797,Heno Sarv,Heno Sarv,58
617797,Priit Härmas,Priit Härmas,138
617797,Aado Lintrop,Aado Lintrop,7
617798,Aleksei Peterson,Aleksei Peterson,17
617798,Lembit Lepp,Lembit Lepp,97
617798,Heno Sarv,Heno Sarv,58
617798,Priit Härmas,Priit Härmas,138
617798,Aado Lintrop,Aado Lintrop,7
617799,Aleksei Peterson,Aleksei Peterson,17
617799,Lembit Lepp,Lembit Lepp,97
617799,Heno Sarv,Heno Sarv,58
617799,Priit Härmas,Priit Härmas,138
617799,Aado Lintrop,Aado Lintrop,7
617800,Aleksei Peterson,Aleksei Peterson,17
617800,Lembit Lepp,Lembit Lepp,97
617800,Heno Sarv,Heno Sarv,58
617800,Priit Härmas,Priit Härmas,138
617800,Aado Lintrop,Aado Lintrop,7
617801,Aleksei Peterson,Aleksei Peterson,17
617801,Lembit Lepp,Lembit Lepp,97
617801,Heno Sarv,Heno Sarv,58
617801,Priit Härmas,Priit Härmas,138
617801,Aado Lintrop,Aado Lintrop,7
617802,Aleksei Peterson,Aleksei Peterson,17
617802,Lembit Lepp,Lembit Lepp,97
617802,Heno Sarv,Heno Sarv,58
617802,Priit Härmas,Priit Härmas,138
617802,Aado Lintrop,Aado Lintrop,7
617803,Aleksei Peterson,Aleksei Peterson,17
617803,Lembit Lepp,Lembit Lepp,97
617803,Heno Sarv,Heno Sarv,58
617803,Priit Härmas,Priit Härmas,138
617803,Aado Lintrop,Aado Lintrop,7
617804,Aleksei Peterson,Aleksei Peterson,17
617804,Lembit Lepp,Lembit Lepp,97
617804,Heno Sarv,Heno Sarv,58
617804,Priit Härmas,Priit Härmas,138
617804,Aado Lintrop,Aado Lintrop,7
617805,Aleksei Peterson,Aleksei Peterson,17
617805,Lembit Lepp,Lembit Lepp,97
617805,Heno Sarv,Heno Sarv,58
617805,Priit Härmas,Priit Härmas,138
617805,Aado Lintrop,Aado Lintrop,7
617806,Aleksei Peterson,Aleksei Peterson,17
617806,Lembit Lepp,Lembit Lepp,97
617806,Heno Sarv,Heno Sarv,58
617806,Priit Härmas,Priit Härmas,138
617806,Aado Lintrop,Aado Lintrop,7
617807,Aleksei Peterson,Aleksei Peterson,17
617807,Lembit Lepp,Lembit Lepp,97
617807,Heno Sarv,Heno Sarv,58
617807,Priit Härmas,Priit Härmas,138
617807,Aado Lintrop,Aado Lintrop,7
617808,Aleksei Peterson,Aleksei Peterson,17
617808,Lembit Lepp,Lembit Lepp,97
617808,Heno Sarv,Heno Sarv,58
617808,Priit Härmas,Priit Härmas,138
617808,Aado Lintrop,Aado Lintrop,7
617809,Aleksei Peterson,Aleksei Peterson,17
617809,Lembit Lepp,Lembit Lepp,97
617809,Heno Sarv,Heno Sarv,58
617809,Priit Härmas,Priit Härmas,138
617809,Aado Lintrop,Aado Lintrop,7
617810,Aleksei Peterson,Aleksei Peterson,17
617810,Lembit Lepp,Lembit Lepp,97
617810,Heno Sarv,Heno Sarv,58
617810,Priit Härmas,Priit Härmas,138
617810,Aado Lintrop,Aado Lintrop,7
617811,Aleksei Peterson,Aleksei Peterson,17
617811,Lembit Lepp,Lembit Lepp,97
617811,Heno Sarv,Heno Sarv,58
617811,Priit Härmas,Priit Härmas,138
617811,Aado Lintrop,Aado Lintrop,7
617812,Aleksei Peterson,Aleksei Peterson,17
617812,Lembit Lepp,Lembit Lepp,97
617812,Heno Sarv,Heno Sarv,58
617812,Priit Härmas,Priit Härmas,138
617812,Aado Lintrop,Aado Lintrop,7
617813,Aleksei Peterson,Aleksei Peterson,17
617813,Lembit Lepp,Lembit Lepp,97
617813,Heno Sarv,Heno Sarv,58
617813,Priit Härmas,Priit Härmas,138
617813,Aado Lintrop,Aado Lintrop,7
617814,Aleksei Peterson,Aleksei Peterson,17
617814,Lembit Lepp,Lembit Lepp,97
617814,Heno Sarv,Heno Sarv,58
617814,Priit Härmas,Priit Härmas,138
617814,Aado Lintrop,Aado Lintrop,7
617815,Aleksei Peterson,Aleksei Peterson,17
617815,Lembit Lepp,Lembit Lepp,97
617815,Heno Sarv,Heno Sarv,58
617815,Priit Härmas,Priit Härmas,138
617815,Aado Lintrop,Aado Lintrop,7
617816,Aleksei Peterson,Aleksei Peterson,17
617816,Lembit Lepp,Lembit Lepp,97
617816,Heno Sarv,Heno Sarv,58
617816,Priit Härmas,Priit Härmas,138
617816,Aado Lintrop,Aado Lintrop,7
617817,Aleksei Peterson,Aleksei Peterson,17
617817,Lembit Lepp,Lembit Lepp,97
617817,Heno Sarv,Heno Sarv,58
617817,Priit Härmas,Priit Härmas,138
617817,Aado Lintrop,Aado Lintrop,7
617818,Aleksei Peterson,Aleksei Peterson,17
617818,Lembit Lepp,Lembit Lepp,97
617818,Heno Sarv,Heno Sarv,58
617818,Priit Härmas,Priit Härmas,138
617818,Aado Lintrop,Aado Lintrop,7
617819,Aleksei Peterson,Aleksei Peterson,17
617819,Lembit Lepp,Lembit Lepp,97
617819,Heno Sarv,Heno Sarv,58
617819,Priit Härmas,Priit Härmas,138
617819,Aado Lintrop,Aado Lintrop,7
617820,Aleksei Peterson,Aleksei Peterson,17
617820,Lembit Lepp,Lembit Lepp,97
617820,Heno Sarv,Heno Sarv,58
617820,Priit Härmas,Priit Härmas,138
617820,Aado Lintrop,Aado Lintrop,7
617821,Aleksei Peterson,Aleksei Peterson,17
617821,Lembit Lepp,Lembit Lepp,97
617821,Heno Sarv,Heno Sarv,58
617821,Priit Härmas,Priit Härmas,138
617821,Aado Lintrop,Aado Lintrop,7
617822,Aleksei Peterson,Aleksei Peterson,17
617822,Lembit Lepp,Lembit Lepp,97
617822,Heno Sarv,Heno Sarv,58
617822,Priit Härmas,Priit Härmas,138
617822,Aado Lintrop,Aado Lintrop,7
617823,Aleksei Peterson,Aleksei Peterson,17
617823,Lembit Lepp,Lembit Lepp,97
617823,Heno Sarv,Heno Sarv,58
617823,Priit Härmas,Priit Härmas,138
617823,Aado Lintrop,Aado Lintrop,7
617824,Aleksei Peterson,Aleksei Peterson,17
617824,Lembit Lepp,Lembit Lepp,97
617824,Heno Sarv,Heno Sarv,58
617824,Priit Härmas,Priit Härmas,138
617824,Aado Lintrop,Aado Lintrop,7
617825,Aleksei Peterson,Aleksei Peterson,17
617825,Lembit Lepp,Lembit Lepp,97
617825,Heno Sarv,Heno Sarv,58
617825,Priit Härmas,Priit Härmas,138
617825,Aado Lintrop,Aado Lintrop,7
617826,Aleksei Peterson,Aleksei Peterson,17
617826,Lembit Lepp,Lembit Lepp,97
617826,Heno Sarv,Heno Sarv,58
617826,Priit Härmas,Priit Härmas,138
617826,Aado Lintrop,Aado Lintrop,7
617827,Aleksei Peterson,Aleksei Peterson,17
617827,Lembit Lepp,Lembit Lepp,97
617827,Heno Sarv,Heno Sarv,58
617827,Priit Härmas,Priit Härmas,138
617827,Aado Lintrop,Aado Lintrop,7
617828,Aleksei Peterson,Aleksei Peterson,17
617828,Lembit Lepp,Lembit Lepp,97
617828,Heno Sarv,Heno Sarv,58
617828,Priit Härmas,Priit Härmas,138
617828,Aado Lintrop,Aado Lintrop,7
617829,Aleksei Peterson,Aleksei Peterson,17
617829,Lembit Lepp,Lembit Lepp,97
617829,Heno Sarv,Heno Sarv,58
617829,Priit Härmas,Priit Härmas,138
617829,Aado Lintrop,Aado Lintrop,7
617830,Aleksei Peterson,Aleksei Peterson,17
617830,Lembit Lepp,Lembit Lepp,97
617830,Heno Sarv,Heno Sarv,58
617830,Priit Härmas,Priit Härmas,138
617830,Aado Lintrop,Aado Lintrop,7
617831,Aleksei Peterson,Aleksei Peterson,17
617831,Lembit Lepp,Lembit Lepp,97
617831,Heno Sarv,Heno Sarv,58
617831,Priit Härmas,Priit Härmas,138
617831,Aado Lintrop,Aado Lintrop,7
617832,Aleksei Peterson,Aleksei Peterson,17
617832,Lembit Lepp,Lembit Lepp,97
617832,Heno Sarv,Heno Sarv,58
617832,Priit Härmas,Priit Härmas,138
617832,Aado Lintrop,Aado Lintrop,7
617833,Aleksei Peterson,Aleksei Peterson,17
617833,Lembit Lepp,Lembit Lepp,97
617833,Heno Sarv,Heno Sarv,58
617833,Priit Härmas,Priit Härmas,138
617833,Aado Lintrop,Aado Lintrop,7
617834,Aleksei Peterson,Aleksei Peterson,17
617834,Lembit Lepp,Lembit Lepp,97
617834,Heno Sarv,Heno Sarv,58
617834,Priit Härmas,Priit Härmas,138
617834,Aado Lintrop,Aado Lintrop,7
617835,Aleksei Peterson,Aleksei Peterson,17
617835,Lembit Lepp,Lembit Lepp,97
617835,Heno Sarv,Heno Sarv,58
617835,Priit Härmas,Priit Härmas,138
617835,Aado Lintrop,Aado Lintrop,7
617836,Aleksei Peterson,Aleksei Peterson,17
617836,Lembit Lepp,Lembit Lepp,97
617836,Heno Sarv,Heno Sarv,58
617836,Priit Härmas,Priit Härmas,138
617836,Aado Lintrop,Aado Lintrop,7
617837,Aleksei Peterson,Aleksei Peterson,17
617837,Lembit Lepp,Lembit Lepp,97
617837,Heno Sarv,Heno Sarv,58
617837,Priit Härmas,Priit Härmas,138
617837,Aado Lintrop,Aado Lintrop,7
617838,Aleksei Peterson,Aleksei Peterson,17
617838,Lembit Lepp,Lembit Lepp,97
617838,Heno Sarv,Heno Sarv,58
617838,Priit Härmas,Priit Härmas,138
617838,Aado Lintrop,Aado Lintrop,7
617839,Aleksei Peterson,Aleksei Peterson,17
617839,Lembit Lepp,Lembit Lepp,97
617839,Heno Sarv,Heno Sarv,58
617839,Priit Härmas,Priit Härmas,138
617839,Aado Lintrop,Aado Lintrop,7
617840,Aleksei Peterson,Aleksei Peterson,17
617840,Lembit Lepp,Lembit Lepp,97
617840,Heno Sarv,Heno Sarv,58
617840,Priit Härmas,Priit Härmas,138
617840,Aado Lintrop,Aado Lintrop,7
617841,Aleksei Peterson,Aleksei Peterson,17
617841,Lembit Lepp,Lembit Lepp,97
617841,Heno Sarv,Heno Sarv,58
617841,Priit Härmas,Priit Härmas,138
617841,Aado Lintrop,Aado Lintrop,7
617842,Aleksei Peterson,Aleksei Peterson,17
617842,Lembit Lepp,Lembit Lepp,97
617842,Heno Sarv,Heno Sarv,58
617842,Priit Härmas,Priit Härmas,138
617842,Aado Lintrop,Aado Lintrop,7
617843,Aleksei Peterson,Aleksei Peterson,17
617843,Lembit Lepp,Lembit Lepp,97
617843,Heno Sarv,Heno Sarv,58
617843,Priit Härmas,Priit Härmas,138
617843,Aado Lintrop,Aado Lintrop,7
617844,Aleksei Peterson,Aleksei Peterson,17
617844,Lembit Lepp,Lembit Lepp,97
617844,Heno Sarv,Heno Sarv,58
617844,Priit Härmas,Priit Härmas,138
617844,Aado Lintrop,Aado Lintrop,7
617845,Aleksei Peterson,Aleksei Peterson,17
617845,Lembit Lepp,Lembit Lepp,97
617845,Heno Sarv,Heno Sarv,58
617845,Priit Härmas,Priit Härmas,138
617845,Aado Lintrop,Aado Lintrop,7
617846,Aleksei Peterson,Aleksei Peterson,17
617847,Aleksei Peterson,Aleksei Peterson,17
617848,Aleksei Peterson,Aleksei Peterson,17
617849,Aleksei Peterson,Aleksei Peterson,17
617850,Aleksei Peterson,Aleksei Peterson,17
617851,Aleksei Peterson,Aleksei Peterson,17
617852,Aleksei Peterson,Aleksei Peterson,17
617853,Aleksei Peterson,Aleksei Peterson,17
617854,Aleksei Peterson,Aleksei Peterson,17
617855,Aleksei Peterson,Aleksei Peterson,17
617856,Aleksei Peterson,Aleksei Peterson,17
617857,Aleksei Peterson,Aleksei Peterson,17
617858,Aleksei Peterson,Aleksei Peterson,17
617859,Aleksei Peterson,Aleksei Peterson,17
617860,Aleksei Peterson,Aleksei Peterson,17
617861,Aleksei Peterson,Aleksei Peterson,17
617862,Aleksei Peterson,Aleksei Peterson,17
617863,Aleksei Peterson,Aleksei Peterson,17
617864,Aleksei Peterson,Aleksei Peterson,17
617865,Aleksei Peterson,Aleksei Peterson,17
617866,Aleksei Peterson,Aleksei Peterson,17
617867,Aleksei Peterson,Aleksei Peterson,17
617868,Aleksei Peterson,Aleksei Peterson,17
617869,Aleksei Peterson,Aleksei Peterson,17
617870,Aleksei Peterson,Aleksei Peterson,17
617871,Aleksei Peterson,Aleksei Peterson,17
617872,Aleksei Peterson,Aleksei Peterson,17
617873,Aleksei Peterson,Aleksei Peterson,17
617874,Aleksei Peterson,Aleksei Peterson,17
617875,Aleksei Peterson,Aleksei Peterson,17
617876,Aleksei Peterson,Aleksei Peterson,17
617877,Aleksei Peterson,Aleksei Peterson,17
617878,Aleksei Peterson,Aleksei Peterson,17
617879,Aleksei Peterson,Aleksei Peterson,17
617880,Aleksei Peterson,Aleksei Peterson,17
617881,Aleksei Peterson,Aleksei Peterson,17
617882,Aleksei Peterson,Aleksei Peterson,17
617883,Aleksei Peterson,Aleksei Peterson,17
617884,Aleksei Peterson,Aleksei Peterson,17
617885,Aleksei Peterson,Aleksei Peterson,17
617886,Aleksei Peterson,Aleksei Peterson,17
617887,Aleksei Peterson,Aleksei Peterson,17
617888,Aleksei Peterson,Aleksei Peterson,17
617889,Aleksei Peterson,Aleksei Peterson,17
617890,Aleksei Peterson,Aleksei Peterson,17
617891,Aleksei Peterson,Aleksei Peterson,17
617892,Aleksei Peterson,Aleksei Peterson,17
617893,Aleksei Peterson,Aleksei Peterson,17
617894,Aleksei Peterson,Aleksei Peterson,17
617895,Aleksei Peterson,Aleksei Peterson,17
617896,Aleksei Peterson,Aleksei Peterson,17
617897,Heno Sarv,Heno Sarv,58
617898,Heno Sarv,Heno Sarv,58
617899,Heno Sarv,Heno Sarv,58
617900,Heno Sarv,Heno Sarv,58
617901,Heno Sarv,Heno Sarv,58
617902,Heno Sarv,Heno Sarv,58
617903,Heno Sarv,Heno Sarv,58
617904,Heno Sarv,Heno Sarv,58
617905,Heno Sarv,Heno Sarv,58
617906,Heno Sarv,Heno Sarv,58
617907,Heno Sarv,Heno Sarv,58
617908,Heno Sarv,Heno Sarv,58
617909,Heno Sarv,Heno Sarv,58
617910,Heno Sarv,Heno Sarv,58
617911,Heno Sarv,Heno Sarv,58
617912,Heno Sarv,Heno Sarv,58
617913,Heno Sarv,Heno Sarv,58
617914,Heno Sarv,Heno Sarv,58
617915,Heno Sarv,Heno Sarv,58
617916,Heno Sarv,Heno Sarv,58
617917,Heno Sarv,Heno Sarv,58
617918,Heno Sarv,Heno Sarv,58
617919,Heno Sarv,Heno Sarv,58
617920,Heno Sarv,Heno Sarv,58
617921,Heno Sarv,Heno Sarv,58
617922,Heno Sarv,Heno Sarv,58
617923,Heno Sarv,Heno Sarv,58
617924,Heno Sarv,Heno Sarv,58
617925,Heno Sarv,Heno Sarv,58
617926,Heno Sarv,Heno Sarv,58
617927,Heno Sarv,Heno Sarv,58
617928,Heno Sarv,Heno Sarv,58
617929,Heno Sarv,Heno Sarv,58
617930,Heno Sarv,Heno Sarv,58
617931,Heno Sarv,Heno Sarv,58
617932,Heno Sarv,Heno Sarv,58
617933,Heno Sarv,Heno Sarv,58
617934,Heno Sarv,Heno Sarv,58
617935,Heno Sarv,Heno Sarv,58
617936,Heno Sarv,Heno Sarv,58
617937,Heno Sarv,Heno Sarv,58
617938,Heno Sarv,Heno Sarv,58
617939,Heno Sarv,Heno Sarv,58
617940,Heno Sarv,Heno Sarv,58
617941,Heno Sarv,Heno Sarv,58
617942,Heno Sarv,Heno Sarv,58
617943,Heno Sarv,Heno Sarv,58
617944,Heno Sarv,Heno Sarv,58
618063,Heno Sarv,Heno Sarv,58
618064,Heno Sarv,Heno Sarv,58
618065,Heno Sarv,Heno Sarv,58
618066,Heno Sarv,Heno Sarv,58
618067,Heno Sarv,Heno Sarv,58
618068,Heno Sarv,Heno Sarv,58
618069,Heno Sarv,Heno Sarv,58
618070,Heno Sarv,Heno Sarv,58
618071,Heno Sarv,Heno Sarv,58
618072,Heno Sarv,Heno Sarv,58
618073,Heno Sarv,Heno Sarv,58
618074,Heno Sarv,Heno Sarv,58
618075,Heno Sarv,Heno Sarv,58
618076,Heno Sarv,Heno Sarv,58
618077,Heno Sarv,Heno Sarv,58
618078,Heno Sarv,Heno Sarv,58
618080,Heno Sarv,Heno Sarv,58
618081,Heno Sarv,Heno Sarv,58
618082,Heno Sarv,Heno Sarv,58
618083,Heno Sarve,Heno Sarv,59
618084,Heno Sarv,Heno Sarv,58
618085,Heno Sarv,Heno Sarv,58
618086,Heno Sarv,Heno Sarv,58
618087,Heno Sarv,Heno Sarv,58
618088,Heno Sarv,Heno Sarv,58
618089,Heno Sarv,Heno Sarv,58
618090,Heno Sarv,Heno Sarv,58
618092,Heno Sarv,Heno Sarv,58
618093,Heno Sarv,Heno Sarv,58
618094,Heno Sarv,Heno Sarv,58
618095,Heno Sarv,Heno Sarv,58
618096,Heno Sarv,Heno Sarv,58
618097,Heno Sarv,Heno Sarv,58
618098,Heno Sarv,Heno Sarv,58
618099,Heno Sarv,Heno Sarv,58
618100,Heno Sarv,Heno Sarv,58
618101,Heno Sarv,Heno Sarv,58
618102,Heno Sarv,Heno Sarv,58
618104,Heno Sarv,Heno Sarv,58
618105,Heno Sarv,Heno Sarv,58
618106,Heno Sarv,Heno Sarv,58
618107,Heno Sarv,Heno Sarv,58
618108,Heno Sarv,Heno Sarv,58
618109,Heno Sarv,Heno Sarv,58
618110,Aleksei Peterson,Aleksei Peterson,17
618111,Aleksei Peterson,Aleksei Peterson,17
618112,Aleksei Peterson,Aleksei Peterson,17
618113,Aleksei Peterson,Aleksei Peterson,17
618114,Aleksei Peterson,Aleksei Peterson,17
618115,Aleksei Peterson,Aleksei Peterson,17
618116,Aleksei Peterson,Aleksei Peterson,17
618118,Aleksei Peterson,Aleksei Peterson,17
618119,A. Peterson,Aleksei Peterson,6
618123,A. Peterson,Aleksei Peterson,6
618125,A. Peterson,Aleksei Peterson,6
618126,A. Peterson,Aleksei Peterson,6
618127,A. Peterson,Aleksei Peterson,6
618129,A. Peterson,Aleksei Peterson,6
618130,A. Peterson,Aleksei Peterson,6
618131,A. Peterson,Aleksei Peterson,6
618132,A. Peterson,Aleksei Peterson,6
618133,A. Peterson,Aleksei Peterson,6
618134,A. Peterson,Aleksei Peterson,6
618135,Aleksei Peterson,Aleksei Peterson,17
618136,Aleksei Peterson,Aleksei Peterson,17
618137,Aleksei Peterson,Aleksei Peterson,17
618139,Aleksei Peterson,Aleksei Peterson,17
618140,Aleksei Peterson,Aleksei Peterson,17
618141,Aleksei Peterson,Aleksei Peterson,17
618142,Aleksei Peterson,Aleksei Peterson,17
618143,Aleksei Peterson,Aleksei Peterson,17
618144,Aleksei Peterson,Aleksei Peterson,17
618145,Aleksei Peterson,Aleksei Peterson,17
618146,Aleksei Peterson,Aleksei Peterson,17
618147,Aleksei Peterson,Aleksei Peterson,17
618148,Aleksei Peterson,Aleksei Peterson,17
618151,Aleksei Peterson,Aleksei Peterson,17
618152,Aleksei Peterson,Aleksei Peterson,17
618153,Aleksei Peterson,Aleksei Peterson,17
618154,Aleksei Peterson,Aleksei Peterson,17
618155,Aleksei Peterson,Aleksei Peterson,17
618156,Aleksei Peterson,Aleksei Peterson,17
618157,Aleksei Peterson,Aleksei Peterson,17
618158,Aleksei Peterson,Aleksei Peterson,17
618159,Aleksei Peterson,Aleksei Peterson,17
618160,Aleksei Peterson,Aleksei Peterson,17
618161,Aleksei Peterson,Aleksei Peterson,17
618162,Aleksei Peterson,Aleksei Peterson,17
618163,Aleksei Peterson,Aleksei Peterson,17
618164,Aleksei Peterson,Aleksei Peterson,17
618165,Aleksei Peterson,Aleksei Peterson,17
618166,Aleksei Peterson,Aleksei Peterson,17
618167,Aleksei Peterson,Aleksei Peterson,17
618168,Aleksei Peterson,Aleksei Peterson,17
618169,Aleksei Peterson,Aleksei Peterson,17
618170,Aleksei Peterson,Aleksei Peterson,17
618171,Aleksei Peterson,Aleksei Peterson,17
618172,Aleksei Peterson,Aleksei Peterson,17
618179,Ed. Leppik,Ed. Leppik,31
618181,Paul Ariste,Paul Ariste,127
618182,Paul Ariste,Paul Ariste,127
618184,Tõnu Seilental,Tõnu Seilental,159
618186,Tõnu Seilental,Tõnu Seilental,159
618187,Tõnu Seilental,Tõnu Seilental,159
618188,Tõnu Seilental,Tõnu Seilental,159
618189,Tõnu Seilental,Tõnu Seilental,159
618190,Tõnu Seilental,Tõnu Seilental,159
618191,Tõnu Seilental,Tõnu Seilental,159
618192,Tõnu Seilental,Tõnu Seilental,159
618193,Tõnu Seilental,Tõnu Seilental,159
618194,E. Väinsalu,E. Väinsalu,30
618194,A. Kärner,Aime Kärner,3
618194,Tõnu Seilental,Tõnu Seilental,159
618194,Marfa Sõskina,Marfa Sõskina,110
618195,Tõnu Seilental,Tõnu Seilental,159
618195,Marfa Sõskina,Marfa Sõskina,110
618195,E. Väinsalu,E. Väinsalu,30
618195,A. Kärner,Aime Kärner,3
618196,Marfa Sõskina,Marfa Sõskina,110
618197,Marfa Sõskina,Marfa Sõskina,110
618198,Marfa Sõskina,Marfa Sõskina,110
618200,Paul Ariste,Paul Ariste,127
618201,Paul Ariste,Paul Ariste,127
618202,Aleksei Peterson,Aleksei Peterson,17
618203,Kalju Konsin,Kalju Konsin,83
618204,Kalju Konsin,Kalju Konsin,83
618205,Kalju Konsin,Kalju Konsin,83
618206,Kalju Konsin,Kalju Konsin,83
618207,Kalju Konsin,Kalju Konsin,83
618208,Kalju Konsin,Kalju Konsin,83
618209,Kalju Konsin,Kalju Konsin,83
618210,Kalju Konsin,Kalju Konsin,83
618211,Kalju Konsin,Kalju Konsin,83
618212,Kalju Konsin,Kalju Konsin,83
618213,Kalju Konsin,Kalju Konsin,83
618214,Kalju Konsin,Kalju Konsin,83
618215,Kalju Konsin,Kalju Konsin,83
618216,Kalju Konsin,Kalju Konsin,83
618217,Kalju Konsin,Kalju Konsin,83
618218,Kalju Konsin,Kalju Konsin,83
618219,Kalju Konsin,Kalju Konsin,83
618220,Kalju Konsin,Kalju Konsin,83
618221,Kalju Konsin,Kalju Konsin,83
618222,Kalju Konsin,Kalju Konsin,83
618223,Kalju Konsin,Kalju Konsin,83
618224,Kalju Konsin,Kalju Konsin,83
618225,Kalju Konsin,Kalju Konsin,83
618226,Kalju Konsin,Kalju Konsin,83
618227,Kalju Konsin,Kalju Konsin,83
618228,Kalju Konsin,Kalju Konsin,83
618229,Kalju Konsin,Kalju Konsin,83
618230,Kalju Konsin,Kalju Konsin,83
618231,Kalju Konsin,Kalju Konsin,83
618232,Kalju Konsin,Kalju Konsin,83
618233,Kalju Konsin,Kalju Konsin,83
618234,Kalju Konsin,Kalju Konsin,83
618235,Kalju Konsin,Kalju Konsin,83
618236,Kalju Konsin,Kalju Konsin,83
618237,Kalju Konsin,Kalju Konsin,83
618238,Ülo Maaring,Ülo Maaring,172
618239,Ülo Maaring,Ülo Maaring,172
618240,Ülo Maaring,Ülo Maaring,172
618241,Ülo Maaring,Ülo Maaring,172
618242,Ülo Maaring,Ülo Maaring,172
618243,Ülo Maaring,Ülo Maaring,172
618244,Ülo Maaring,Ülo Maaring,172
618245,Ülo Maaring,Ülo Maaring,172
618246,Ülo Maaring,Ülo Maaring,172
618247,Ülo Maaring,Ülo Maaring,172
618248,Ülo Maaring,Ülo Maaring,172
618249,Ülo Maaring,Ülo Maaring,172
618250,Ülo Maaring,Ülo Maaring,172
618251,Ülo Maaring,Ülo Maaring,172
618252,Ülo Maaring,Ülo Maaring,172
618253,Aleksei Peterson,Aleksei Peterson,17
618253,Vello Kutsar,Vello Kutsar,163
618254,Aleksei Peterson,Aleksei Peterson,17
618254,Vello Kutsar,Vello Kutsar,163
618255,Aleksei Peterson,Aleksei Peterson,17
618255,Vello Kutsar,Vello Kutsar,163
618256,Aleksei Peterson,Aleksei Peterson,17
618256,Vello Kutsar,Vello Kutsar,163
618257,Aleksei Peterson,Aleksei Peterson,17
618257,Vello Kutsar,Vello Kutsar,163
618258,Aleksei Peterson,Aleksei Peterson,17
618258,Vello Kutsar,Vello Kutsar,163
618259,Aleksei Peterson,Aleksei Peterson,17
618259,Vello Kutsar,Vello Kutsar,163
618260,Aleksei Peterson,Aleksei Peterson,17
618260,Vello Kutsar,Vello Kutsar,163
618261,Aleksei Peterson,Aleksei Peterson,17
618261,Vello Kutsar,Vello Kutsar,163
618262,Aleksei Peterson,Aleksei Peterson,17
618262,Vello Kutsar,Vello Kutsar,163
618263,Aleksei Peterson,Aleksei Peterson,17
618263,Vello Kutsar,Vello Kutsar,163
618264,Aleksei Peterson,Aleksei Peterson,17
618264,Vello Kutsar,Vello Kutsar,163
618265,Aleksei Peterson,Aleksei Peterson,17
618265,Vello Kutsar,Vello Kutsar,163
618266,Aleksei Peterson,Aleksei Peterson,17
618266,Vello Kutsar,Vello Kutsar,163
618267,Aleksei Peterson,Aleksei Peterson,17
618267,Vello Kutsar,Vello Kutsar,163
618268,Aleksei Peterson,Aleksei Peterson,17
618268,Vello Kutsar,Vello Kutsar,163
618269,Aleksei Peterson,Aleksei Peterson,17
618269,Vello Kutsar,Vello Kutsar,163
618270,Aleksei Peterson,Aleksei Peterson,17
618270,Vello Kutsar,Vello Kutsar,163
618271,Aleksei Peterson,Aleksei Peterson,17
618271,Vello Kutsar,Vello Kutsar,163
618272,Aleksei Peterson,Aleksei Peterson,17
618272,Vello Kutsar,Vello Kutsar,163
618273,Aleksei Peterson,Aleksei Peterson,17
618273,Vello Kutsar,Vello Kutsar,163
618274,Aleksei Peterson,Aleksei Peterson,17
618274,Vello Kutsar,Vello Kutsar,163
618275,Aleksei Peterson,Aleksei Peterson,17
618275,Vello Kutsar,Vello Kutsar,163
618276,Aleksei Peterson,Aleksei Peterson,17
618276,Vello Kutsar,Vello Kutsar,163
618277,Aleksei Peterson,Aleksei Peterson,17
618278,Aleksei Peterson,Aleksei Peterson,17
618279,Aleksei Peterson,Aleksei Peterson,17
618280,Aleksei Peterson,Aleksei Peterson,17
618281,Aleksei Peterson,Aleksei Peterson,17
618282,Aleksei Peterson,Aleksei Peterson,17
618283,Aleksei Peterson,Aleksei Peterson,17
618284,Aleksei Peterson,Aleksei Peterson,17
618285,Aleksei Peterson,Aleksei Peterson,17
618286,Aleksei Peterson,Aleksei Peterson,17
618287,Aleksei Peterson,Aleksei Peterson,17
618288,Aleksei Peterson,Aleksei Peterson,17
618291,Aleksei Peterson,Aleksei Peterson,17
618292,Aleksei Peterson,Aleksei Peterson,17
618293,Aleksei Peterson,Aleksei Peterson,17
618294,Aleksei Peterson,Aleksei Peterson,17
618295,Aleksei Peterson,Aleksei Peterson,17
618296,Aleksei Peterson,Aleksei Peterson,17
618297,Aleksei Peterson,Aleksei Peterson,17
618298,Aleksei Peterson,Aleksei Peterson,17
618299,Aleksei Peterson,Aleksei Peterson,17
618300,Aleksei Peterson,Aleksei Peterson,17
618301,Aleksei Peterson,Aleksei Peterson,17
618302,Aleksei Peterson,Aleksei Peterson,17
618303,Aleksei Peterson,Aleksei Peterson,17
618325,Edgar Saare,Edgar Saar,34
618326,Edgar Saare,Edgar Saar,34
618327,Edgar Saar,Edgar Saar,33
618328,Edgar Saar,Edgar Saar,33
618329,Edgar Saar,Edgar Saar,33
618331,Edgar Saar,Edgar Saar,33
618332,Edgar Saar,Edgar Saar,33
618333,Edgar Saar,Edgar Saar,33
618334,Edgar Saare,Edgar Saar,34
618335,Edgar Saar,Edgar Saar,33
618336,Edgar Saare,Edgar Saar,34
618337,Edgar Saar,Edgar Saar,33
618338,Edgar Saar,Edgar Saar,33
618339,Edgar Saar,Edgar Saar,33
618340,Edgar Saar,Edgar Saar,33
618344,Edgar Saare,Edgar Saar,34
618348,Edgar Saar,Edgar Saar,33
618349,Edgar Saar,Edgar Saar,33
618350,Edgar Saar,Edgar Saar,33
618351,Edgar Saar,Edgar Saar,33
618352,Edgar Saar,Edgar Saar,33
618353,Edgar Saar,Edgar Saar,33
618354,Edgar Saare,Edgar Saar,34
618355,Tanel Linnus,Tanel Linnus,149
618355,Aare Kuus,Aare Kuus,9
618355,Aare Kurik,Aare Kurik,8
618356,Tanel Linnus,Tanel Linnus,149
618356,Aare Kuus,Aare Kuus,9
618356,Aare Kurik,Aare Kurik,8
618357,Tanel Linnus,Tanel Linnus,149
618357,Aare Kuus,Aare Kuus,9
618357,Aare Kurik,Aare Kurik,8
618358,Tanel Linnus,Tanel Linnus,149
618358,Aare Kuus,Aare Kuus,9
618358,Aare Kurik,Aare Kurik,8
618359,Tanel Linnus,Tanel Linnus,149
618359,Aare Kuus,Aare Kuus,9
618359,Aare Kurik,Aare Kurik,8
618360,Tanel Linnus,Tanel Linnus,149
618360,Aare Kuus,Aare Kuus,9
618360,Aare Kurik,Aare Kurik,8
618361,Tanel Linnus,Tanel Linnus,149
618361,Aare Kuus,Aare Kuus,9
618361,Aare Kurik,Aare Kurik,8
618362,Tanel Linnus,Tanel Linnus,149
618362,Aare Kuus,Aare Kuus,9
618362,Aare Kurik,Aare Kurik,8
618363,Tanel Linnus,Tanel Linnus,149
618363,Aare Kuus,Aare Kuus,9
618363,Aare Kurik,Aare Kurik,8
618364,Tanel Linnus,Tanel Linnus,149
618364,Aare Kuus,Aare Kuus,9
618364,Aare Kurik,Aare Kurik,8
618365,Tanel Linnus,Tanel Linnus,149
618365,Aare Kuus,Aare Kuus,9
618365,Aare Kurik,Aare Kurik,8
618366,Tanel Linnus,Tanel Linnus,149
618366,Aare Kuus,Aare Kuus,9
618366,Aare Kurik,Aare Kurik,8
618367,Tanel Linnus,Tanel Linnus,149
618367,Aare Kuus,Aare Kuus,9
618367,Aare Kurik,Aare Kurik,8
618368,Tanel Linnus,Tanel Linnus,149
618368,Aare Kuus,Aare Kuus,9
618368,Aare Kurik,Aare Kurik,8
618369,Tanel Linnus,Tanel Linnus,149
618369,Aare Kuus,Aare Kuus,9
618369,Aare Kurik,Aare Kurik,8
618370,Tanel Linnus,Tanel Linnus,149
618370,Aare Kuus,Aare Kuus,9
618370,Aare Kurik,Aare Kurik,8
618371,Tanel Linnus,Tanel Linnus,149
618371,Aare Kuus,Aare Kuus,9
618371,Aare Kurik,Aare Kurik,8
618372,Tanel Linnus,Tanel Linnus,149
618372,Aare Kuus,Aare Kuus,9
618372,Aare Kurik,Aare Kurik,8
618373,Tanel Linnus,Tanel Linnus,149
618373,Aare Kuus,Aare Kuus,9
618373,Aare Kurik,Aare Kurik,8
618374,Tanel Linnus,Tanel Linnus,149
618374,Aare Kuus,Aare Kuus,9
618374,Aare Kurik,Aare Kurik,8
618375,Aleksei Peterson,Aleksei Peterson,17
618375,Lembit Lepp,Lembit Lepp,97
618375,Heno Sarv,Heno Sarv,58
618375,Priit Härmas,Priit Härmas,138
618375,Aado Lintrop,Aado Lintrop,7
618376,Aleksei Peterson,Aleksei Peterson,17
618376,Lembit Lepp,Lembit Lepp,97
618376,Heno Sarv,Heno Sarv,58
618376,Priit Härmas,Priit Härmas,138
618376,Aado Lintrop,Aado Lintrop,7
618377,Aleksei Peterson,Aleksei Peterson,17
618377,Lembit Lepp,Lembit Lepp,97
618377,Heno Sarv,Heno Sarv,58
618377,Priit Härmas,Priit Härmas,138
618377,Aado Lintrop,Aado Lintrop,7
618378,Aleksei Peterson,Aleksei Peterson,17
618378,Lembit Lepp,Lembit Lepp,97
618378,Heno Sarv,Heno Sarv,58
618378,Priit Härmas,Priit Härmas,138
618378,Aado Lintrop,Aado Lintrop,7
618379,Aleksei Peterson,Aleksei Peterson,17
618379,Lembit Lepp,Lembit Lepp,97
618379,Heno Sarv,Heno Sarv,58
618379,Priit Härmas,Priit Härmas,138
618379,Aado Lintrop,Aado Lintrop,7
618380,Aleksei Peterson,Aleksei Peterson,17
618380,Lembit Lepp,Lembit Lepp,97
618380,Heno Sarv,Heno Sarv,58
618380,Priit Härmas,Priit Härmas,138
618380,Aado Lintrop,Aado Lintrop,7
618381,Aleksei Peterson,Aleksei Peterson,17
618381,Lembit Lepp,Lembit Lepp,97
618381,Heno Sarv,Heno Sarv,58
618381,Priit Härmas,Priit Härmas,138
618381,Aado Lintrop,Aado Lintrop,7
618382,Aleksei Peterson,Aleksei Peterson,17
618382,Lembit Lepp,Lembit Lepp,97
618382,Heno Sarv,Heno Sarv,58
618382,Priit Härmas,Priit Härmas,138
618382,Aado Lintrop,Aado Lintrop,7
618383,Aleksei Peterson,Aleksei Peterson,17
618383,Lembit Lepp,Lembit Lepp,97
618383,Heno Sarv,Heno Sarv,58
618383,Priit Härmas,Priit Härmas,138
618383,Aado Lintrop,Aado Lintrop,7
618384,Aleksei Peterson,Aleksei Peterson,17
618384,Lembit Lepp,Lembit Lepp,97
618384,Heno Sarv,Heno Sarv,58
618384,Priit Härmas,Priit Härmas,138
618384,Aado Lintrop,Aado Lintrop,7
618385,Aleksei Peterson,Aleksei Peterson,17
618385,Lembit Lepp,Lembit Lepp,97
618385,Heno Sarv,Heno Sarv,58
618385,Priit Härmas,Priit Härmas,138
618385,Aado Lintrop,Aado Lintrop,7
618386,Aleksei Peterson,Aleksei Peterson,17
618386,Lembit Lepp,Lembit Lepp,97
618386,Heno Sarv,Heno Sarv,58
618386,Priit Härmas,Priit Härmas,138
618386,Aado Lintrop,Aado Lintrop,7
618387,Aleksei Peterson,Aleksei Peterson,17
618387,Lembit Lepp,Lembit Lepp,97
618387,Heno Sarv,Heno Sarv,58
618387,Priit Härmas,Priit Härmas,138
618387,Aado Lintrop,Aado Lintrop,7
618388,Aleksei Peterson,Aleksei Peterson,17
618388,Lembit Lepp,Lembit Lepp,97
618388,Heno Sarv,Heno Sarv,58
618388,Priit Härmas,Priit Härmas,138
618388,Aado Lintrop,Aado Lintrop,7
618389,Aleksei Peterson,Aleksei Peterson,17
618389,Lembit Lepp,Lembit Lepp,97
618389,Heno Sarv,Heno Sarv,58
618389,Priit Härmas,Priit Härmas,138
618389,Aado Lintrop,Aado Lintrop,7
618390,Aleksei Peterson,Aleksei Peterson,17
618390,Lembit Lepp,Lembit Lepp,97
618390,Heno Sarv,Heno Sarv,58
618390,Priit Härmas,Priit Härmas,138
618390,Aado Lintrop,Aado Lintrop,7
618391,Aleksei Peterson,Aleksei Peterson,17
618391,Lembit Lepp,Lembit Lepp,97
618391,Heno Sarv,Heno Sarv,58
618391,Priit Härmas,Priit Härmas,138
618391,Aado Lintrop,Aado Lintrop,7
618392,Aleksei Peterson,Aleksei Peterson,17
618392,Lembit Lepp,Lembit Lepp,97
618392,Heno Sarv,Heno Sarv,58
618392,Priit Härmas,Priit Härmas,138
618392,Aado Lintrop,Aado Lintrop,7
618393,Aleksei Peterson,Aleksei Peterson,17
618393,Lembit Lepp,Lembit Lepp,97
618393,Heno Sarv,Heno Sarv,58
618393,Priit Härmas,Priit Härmas,138
618393,Aado Lintrop,Aado Lintrop,7
618394,Aleksei Peterson,Aleksei Peterson,17
618394,Lembit Lepp,Lembit Lepp,97
618394,Heno Sarv,Heno Sarv,58
618394,Priit Härmas,Priit Härmas,138
618394,Aado Lintrop,Aado Lintrop,7
618395,Aleksei Peterson,Aleksei Peterson,17
618395,Lembit Lepp,Lembit Lepp,97
618395,Heno Sarv,Heno Sarv,58
618395,Priit Härmas,Priit Härmas,138
618395,Aado Lintrop,Aado Lintrop,7
618396,Aleksei Peterson,Aleksei Peterson,17
618396,Lembit Lepp,Lembit Lepp,97
618396,Heno Sarv,Heno Sarv,58
618396,Priit Härmas,Priit Härmas,138
618396,Aado Lintrop,Aado Lintrop,7
618397,Aleksei Peterson,Aleksei Peterson,17
618397,Lembit Lepp,Lembit Lepp,97
618397,Heno Sarv,Heno Sarv,58
618397,Priit Härmas,Priit Härmas,138
618397,Aado Lintrop,Aado Lintrop,7
618398,Aleksei Peterson,Aleksei Peterson,17
618398,Lembit Lepp,Lembit Lepp,97
618398,Heno Sarv,Heno Sarv,58
618398,Priit Härmas,Priit Härmas,138
618398,Aado Lintrop,Aado Lintrop,7
618399,Aleksei Peterson,Aleksei Peterson,17
618399,Lembit Lepp,Lembit Lepp,97
618399,Heno Sarv,Heno Sarv,58
618399,Priit Härmas,Priit Härmas,138
618399,Aado Lintrop,Aado Lintrop,7
618400,Aleksei Peterson,Aleksei Peterson,17
618400,Lembit Lepp,Lembit Lepp,97
618400,Heno Sarv,Heno Sarv,58
618400,Priit Härmas,Priit Härmas,138
618400,Aado Lintrop,Aado Lintrop,7
618401,Aleksei Peterson,Aleksei Peterson,17
618401,Lembit Lepp,Lembit Lepp,97
618401,Heno Sarv,Heno Sarv,58
618401,Priit Härmas,Priit Härmas,138
618401,Aado Lintrop,Aado Lintrop,7
618402,Aleksei Peterson,Aleksei Peterson,17
618402,Lembit Lepp,Lembit Lepp,97
618402,Heno Sarv,Heno Sarv,58
618402,Priit Härmas,Priit Härmas,138
618402,Aado Lintrop,Aado Lintrop,7
618403,A. Peterson,Aleksei Peterson,6
618403,L. Lepp,Lembit Lepp,90
618403,H. Sarv,Heno Sarv,54
618403,P. Härmas,Priit Härmas,125
618403,A. Lintrop,Aado Lintrop,4
618404,Aado Lintrop,Aado Lintrop,7
618404,Heno Sarv,Heno Sarv,58
618404,Priit Härmas,Priit Härmas,138
618405,Aado Lintrop,Aado Lintrop,7
618405,Heno Sarv,Heno Sarv,58
618405,Priit Härmas,Priit Härmas,138
618406,Aado Lintrop,Aado Lintrop,7
618406,Heno Sarv,Heno Sarv,58
618406,Priit Härmas,Priit Härmas,138
618407,Aado Lintrop,Aado Lintrop,7
618407,Heno Sarv,Heno Sarv,58
618407,Priit Härmas,Priit Härmas,138
618409,Aado Lintrop,Aado Lintrop,7
618409,Heno Sarv,Heno Sarv,58
618409,Priit Härmas,Priit Härmas,138
618410,Aado Lintrop,Aado Lintrop,7
618410,Heno Sarv,Heno Sarv,58
618410,Priit Härmas,Priit Härmas,138
618411,Aado Lintrop,Aado Lintrop,7
618411,Heno Sarv,Heno Sarv,58
618411,Priit Härmas,Priit Härmas,138
618412,Aado Lintrop,Aado Lintrop,7
618412,Heno Sarv,Heno Sarv,58
618412,Priit Härmas,Priit Härmas,138
618413,Aado Lintrop,Aado Lintrop,7
618413,Heno Sarv,Heno Sarv,58
618413,Priit Härmas,Priit Härmas,138
618414,Aado Lintrop,Aado Lintrop,7
618414,Heno Sarv,Heno Sarv,58
618414,Priit Härmas,Priit Härmas,138
618415,Aado Lintrop,Aado Lintrop,7
618415,Heno Sarv,Heno Sarv,58
618415,Priit Härmas,Priit Härmas,138
618416,Aado Lintrop,Aado Lintrop,7
618416,Heno Sarv,Heno Sarv,58
618416,Priit Härmas,Priit Härmas,138
618417,Aado Lintrop,Aado Lintrop,7
618417,Heno Sarv,Heno Sarv,58
618417,Priit Härmas,Priit Härmas,138
618418,Aado Lintrop,Aado Lintrop,7
618418,Heno Sarv,Heno Sarv,58
618418,Priit Härmas,Priit Härmas,138
618419,Aado Lintrop,Aado Lintrop,7
618419,Heno Sarv,Heno Sarv,58
618419,Priit Härmas,Priit Härmas,138
618420,Aado Lintrop,Aado Lintrop,7
618420,Heno Sarv,Heno Sarv,58
618420,Priit Härmas,Priit Härmas,138
618421,Aado Lintrop,Aado Lintrop,7
618421,Heno Sarv,Heno Sarv,58
618421,Priit Härmas,Priit Härmas,138
618422,Aado Lintrop,Aado Lintrop,7
618422,Heno Sarv,Heno Sarv,58
618422,Priit Härmas,Priit Härmas,138
618423,Aado Lintrop,Aado Lintrop,7
618423,Heno Sarv,Heno Sarv,58
618423,Priit Härmas,Priit Härmas,138
618424,Aado Lintrop,Aado Lintrop,7
618424,Heno Sarv,Heno Sarv,58
618424,Priit Härmas,Priit Härmas,138
618425,Aleksei Peterson,Aleksei Peterson,17
618426,Aleksei Peterson,Aleksei Peterson,17
618427,Aleksei Peterson,Aleksei Peterson,17
618428,Aleksei Peterson,Aleksei Peterson,17
618429,Aleksei Peterson,Aleksei Peterson,17
618430,Aleksei Peterson,Aleksei Peterson,17
618431,Aleksei Peterson,Aleksei Peterson,17
618432,Aleksei Peterson,Aleksei Peterson,17
618433,Aleksei Peterson,Aleksei Peterson,17
618434,Aleksei Peterson,Aleksei Peterson,17
618435,Aleksei Peterson,Aleksei Peterson,17
618436,Aleksei Peterson,Aleksei Peterson,17
618437,Aleksei Peterson,Aleksei Peterson,17
618438,Aleksei Peterson,Aleksei Peterson,17
618439,Aleksei Peterson,Aleksei Peterson,17
618440,Aleksei Peterson,Aleksei Peterson,17
618441,Aleksei Peterson,Aleksei Peterson,17
618442,Aleksei Peterson,Aleksei Peterson,17
618443,Aleksei Peterson,Aleksei Peterson,17
618444,Aleksei Peterson,Aleksei Peterson,17
618445,Aleksei Peterson,Aleksei Peterson,17
618446,Aleksei Peterson,Aleksei Peterson,17
618447,Aleksei Peterson,Aleksei Peterson,17
618448,Aleksei Peterson,Aleksei Peterson,17
618449,Aleksei Peterson,Aleksei Peterson,17
618450,Aleksei Peterson,Aleksei Peterson,17
618451,Aleksei Peterson,Aleksei Peterson,17
618452,Aleksei Peterson,Aleksei Peterson,17
618453,Aleksei Peterson,Aleksei Peterson,17
618454,Aleksei Peterson,Aleksei Peterson,17
618455,Aleksei Peterson,Aleksei Peterson,17
618456,Aleksei Peterson,Aleksei Peterson,17
618457,Aleksei Peterson,Aleksei Peterson,17
618458,Aleksei Peterson,Aleksei Peterson,17
618459,Aleksei Peterson,Aleksei Peterson,17
618460,Aleksei Peterson,Aleksei Peterson,17
618461,Aleksei Peterson,Aleksei Peterson,17
618462,Aleksei Peterson,Aleksei Peterson,17
618463,Aleksei Peterson,Aleksei Peterson,17
618464,Aleksei Peterson,Aleksei Peterson,17
618465,Aleksei Peterson,Aleksei Peterson,17
618466,Aleksei Peterson,Aleksei Peterson,17
618467,Aleksei Peterson,Aleksei Peterson,17
618468,Aleksei Peterson,Aleksei Peterson,17
618469,Aleksei Peterson,Aleksei Peterson,17
618470,Aleksei Peterson,Aleksei Peterson,17
618471,Aleksei Peterson,Aleksei Peterson,17
618472,Aleksei Peterson,Aleksei Peterson,17
618473,Aleksei Peterson,Aleksei Peterson,17
618474,Aleksei Peterson,Aleksei Peterson,17
618475,Aleksei Peterson,Aleksei Peterson,17
618476,Heno Sarv,Heno Sarv,58
618477,Heno Sarv,Heno Sarv,58
618478,Heno Sarv,Heno Sarv,58
618479,Heno Sarv,Heno Sarv,58
618480,Heno Sarv,Heno Sarv,58
618481,Heno Sarv,Heno Sarv,58
618482,Heno Sarv,Heno Sarv,58
618483,Heno Sarv,Heno Sarv,58
618484,Heno Sarv,Heno Sarv,58
618485,Heno Sarv,Heno Sarv,58
618486,Heno Sarv,Heno Sarv,58
618487,Heno Sarv,Heno Sarv,58
618488,Heno Sarv,Heno Sarv,58
618489,Heno Sarv,Heno Sarv,58
618490,Heno Sarv,Heno Sarv,58
618491,Heno Sarv,Heno Sarv,58
618492,Heno Sarv,Heno Sarv,58
618493,Heno Sarv,Heno Sarv,58
618494,Heno Sarv,Heno Sarv,58
618495,Aleksei Peterson,Aleksei Peterson,17
618496,Aleksei Peterson,Aleksei Peterson,17
618497,Aleksei Peterson,Aleksei Peterson,17
618498,Aleksei Peterson,Aleksei Peterson,17
618499,Aleksei Peterson,Aleksei Peterson,17
618500,Aleksei Peterson,Aleksei Peterson,17
618501,Aleksei Peterson,Aleksei Peterson,17
618502,Aleksei Peterson,Aleksei Peterson,17
618503,Aleksei Peterson,Aleksei Peterson,17
618504,Aleksei Peterson,Aleksei Peterson,17
618505,Aleksei Peterson,Aleksei Peterson,17
618506,Aleksei Peterson,Aleksei Peterson,17
618507,Aleksei Peterson,Aleksei Peterson,17
618508,Aleksei Peterson,Aleksei Peterson,17
618509,Aleksei Peterson,Aleksei Peterson,17
618510,Aleksei Peterson,Aleksei Peterson,17
618511,Aleksei Peterson,Aleksei Peterson,17
618512,Aleksei Peterson,Aleksei Peterson,17
618513,Aleksei Peterson,Aleksei Peterson,17
618514,Aleksei Peterson,Aleksei Peterson,17
618515,Aleksei Peterson,Aleksei Peterson,17
618516,Aleksei Peterson,Aleksei Peterson,17
618517,Aleksei Peterson,Aleksei Peterson,17
618518,Aleksei Peterson,Aleksei Peterson,17
618519,Aleksei Peterson,Aleksei Peterson,17
618520,Aleksei Peterson,Aleksei Peterson,17
618521,Aleksei Peterson,Aleksei Peterson,17
618522,Aleksei Peterson,Aleksei Peterson,17
618523,Aleksei Peterson,Aleksei Peterson,17
618524,Aleksei Peterson,Aleksei Peterson,17
618525,Aleksei Peterson,Aleksei Peterson,17
618615,Heno Sarv,Heno Sarv,58
618616,Heno Sarv,Heno Sarv,58
618617,Heno Sarv,Heno Sarv,58
618618,Heno Sarv,Heno Sarv,58
618619,Heno Sarv,Heno Sarv,58
618620,Heno Sarv,Heno Sarv,58
618621,Heno Sarv,Heno Sarv,58
618622,Heno Sarv,Heno Sarv,58
618623,Heno Sarv,Heno Sarv,58
618624,Heno Sarv,Heno Sarv,58
618625,Heno Sarv,Heno Sarv,58
618626,Heno Sarv,Heno Sarv,58
618627,Heno Sarv,Heno Sarv,58
618628,Heno Sarv,Heno Sarv,58
618629,Heno Sarv,Heno Sarv,58
618630,Heno Sarv,Heno Sarv,58
618631,Heno Sarv,Heno Sarv,58
618632,Heno Sarv,Heno Sarv,58
618633,Heno Sarv,Heno Sarv,58
618634,Heno Sarv,Heno Sarv,58
618635,Heno Sarv,Heno Sarv,58
618636,Heno Sarv,Heno Sarv,58
618637,Heno Sarv,Heno Sarv,58
618638,Heno Sarv,Heno Sarv,58
618639,Heno Sarv,Heno Sarv,58
618640,Heno Sarv,Heno Sarv,58
618641,Heno Sarv,Heno Sarv,58
618642,Heno Sarv,Heno Sarv,58
618643,Heno Sarv,Heno Sarv,58
618644,Heno Sarv,Heno Sarv,58
618645,Heno Sarv,Heno Sarv,58
618646,Heno Sarv,Heno Sarv,58
618647,Heno Sarv,Heno Sarv,58
618648,Heno Sarv,Heno Sarv,58
618649,Heno Sarv,Heno Sarv,58
618650,Heno Sarv,Heno Sarv,58
618651,Heno Sarv,Heno Sarv,58
618652,Heno Sarv,Heno Sarv,58
618653,Heno Sarv,Heno Sarv,58
618654,Heno Sarv,Heno Sarv,58
618656,Heno Sarv,Heno Sarv,58
618685,Aleksei Peterson,Aleksei Peterson,17
618686,Aleksei Peterson,Aleksei Peterson,17
618687,Aleksei Peterson,Aleksei Peterson,17
618688,Aleksei Peterson,Aleksei Peterson,17
618689,Aleksei Peterson,Aleksei Peterson,17
618690,Aleksei Peterson,Aleksei Peterson,17
618697,Aleksei Peterson,Aleksei Peterson,17
618698,Aleksei Peterson,Aleksei Peterson,17
618700,Aleksei Peterson,Aleksei Peterson,17
618701,Aleksei Peterson,Aleksei Peterson,17
618702,Aleksei Peterson,Aleksei Peterson,17
618703,Aleksei Peterson,Aleksei Peterson,17
618705,Aleksei Peterson,Aleksei Peterson,17
618706,Aleksei Peterson,Aleksei Peterson,17
618708,Aleksei Peterson,Aleksei Peterson,17
618709,Aleksei Peterson,Aleksei Peterson,17
618710,Aleksei Peterson,Aleksei Peterson,17
618711,Aleksei Peterson,Aleksei Peterson,17
618712,Aleksei Peterson,Aleksei Peterson,17
618713,Aleksei Peterson,Aleksei Peterson,17
618714,Aleksei Peterson,Aleksei Peterson,17
618715,Aleksei Peterson,Aleksei Peterson,17
618716,Aleksei Peterson,Aleksei Peterson,17
618718,Aleksei Peterson,Aleksei Peterson,17
618719,Aleksei Peterson,Aleksei Peterson,17
618720,Aleksei Peterson,Aleksei Peterson,17
618722,Aleksei Peterson,Aleksei Peterson,17
618723,Aleksei Peterson,Aleksei Peterson,17
618726,Kalju Konsin,Kalju Konsin,83
618728,Kalju Konsin,Kalju Konsin,83
618729,Kalju Konsin,Kalju Konsin,83
618730,Kalju Konsin,Kalju Konsin,83
618731,Kalju Konsin,Kalju Konsin,83
618732,Kalju Konsin,Kalju Konsin,83
618733,Kalju Konsin,Kalju Konsin,83
618734,Kalju Konsin,Kalju Konsin,83
618735,Kalju Konsin,Kalju Konsin,83
618736,Kalju Konsin,Kalju Konsin,83
618738,Kalju Konsin,Kalju Konsin,83
618739,Kalju Konsin,Kalju Konsin,83
618740,Kalju Konsin,Kalju Konsin,83
618741,Kalju Konsin,Kalju Konsin,83
618742,Kalju Konsin,Kalju Konsin,83
618743,Kalju Konsin,Kalju Konsin,83
618744,Kalju Konsin,Kalju Konsin,83
618745,Aleksei Peterson,Aleksei Peterson,17
618746,Aleksei Peterson,Aleksei Peterson,17
618747,Aleksei Peterson,Aleksei Peterson,17
618748,Aleksei Peterson,Aleksei Peterson,17
618750,Aleksei Peterson,Aleksei Peterson,17
618751,Aleksei Peterson,Aleksei Peterson,17
618752,Aleksei Peterson,Aleksei Peterson,17
618753,Aleksei Peterson,Aleksei Peterson,17
618754,Aleksei Peterson,Aleksei Peterson,17
618755,Aleksei Peterson,Aleksei Peterson,17
618756,Aleksei Peterson,Aleksei Peterson,17
618757,Aleksei Peterson,Aleksei Peterson,17
618758,Aleksei Peterson,Aleksei Peterson,17
618759,Aleksei Peterson,Aleksei Peterson,17
618760,Aleksei Peterson,Aleksei Peterson,17
618761,Aleksei Peterson,Aleksei Peterson,17
618762,Aleksei Peterson,Aleksei Peterson,17
618763,Aleksei Peterson,Aleksei Peterson,17
618764,Aleksei Peterson,Aleksei Peterson,17
618765,Aleksei Peterson,Aleksei Peterson,17
618766,Aleksei Peterson,Aleksei Peterson,17
618767,Aleksei Peterson,Aleksei Peterson,17
618768,Aleksei Peterson,Aleksei Peterson,17
618769,Aleksei Peterson,Aleksei Peterson,17
618770,Aleksei Peterson,Aleksei Peterson,17
618771,Aleksei Peterson,Aleksei Peterson,17
618772,Aleksei Peterson,Aleksei Peterson,17
618773,Aleksei Peterson,Aleksei Peterson,17
618774,Ülo Maaring,Ülo Maaring,172
618775,Ülo Maaring,Ülo Maaring,172
618776,Ülo Maaring,Ülo Maaring,172
618777,Ülo Maaring,Ülo Maaring,172
618778,Ülo Maaring,Ülo Maaring,172
618779,Ülo Maaring,Ülo Maaring,172
618780,Ülo Maaring,Ülo Maaring,172
618781,Ülo Maaring,Ülo Maaring,172
618782,Ülo Maaring,Ülo Maaring,172
618783,Ülo Maaring,Ülo Maaring,172
618784,Ülo Maaring,Ülo Maaring,172
618785,Ülo Maaring,Ülo Maaring,172
618786,Ülo Maaring,Ülo Maaring,172
618787,Ülo Maaring,Ülo Maaring,172
618788,Ülo Maaring,Ülo Maaring,172
618789,Ülo Maaring,Ülo Maaring,172
618790,Ülo Maaring,Ülo Maaring,172
618791,Ülo Maaring,Ülo Maaring,172
618792,Ülo Maaring,Ülo Maaring,172
618793,Ülo Maaring,Ülo Maaring,172
618794,Ülo Maaring,Ülo Maaring,172
618795,Ülo Maaring,Ülo Maaring,172
618796,Ülo Maaring,Ülo Maaring,172
618797,Ülo Maaring,Ülo Maaring,172
618798,Ülo Maaring,Ülo Maaring,172
618799,Ülo Maaring,Ülo Maaring,172
618800,Ülo Maaring,Ülo Maaring,172
618801,Ülo Maaring,Ülo Maaring,172
618802,Ülo Maaring,Ülo Maaring,172
618803,Ülo Maaring,Ülo Maaring,172
618804,Ülo Maaring,Ülo Maaring,172
618805,Ülo Maaring,Ülo Maaring,172
618806,Ülo Maaring,Ülo Maaring,172
618807,Ülo Maaring,Ülo Maaring,172
618808,Ülo Maaring,Ülo Maaring,172
618809,Ülo Maaring,Ülo Maaring,172
618810,Ülo Maaring,Ülo Maaring,172
618811,Ülo Maaring,Ülo Maaring,172
618812,Ülo Maaring,Ülo Maaring,172
618813,Ülo Maaring,Ülo Maaring,172
618814,Ülo Maaring,Ülo Maaring,172
618815,Ülo Maaring,Ülo Maaring,172
618816,Ülo Maaring,Ülo Maaring,172
618817,Ülo Maaring,Ülo Maaring,172
618818,Ülo Maaring,Ülo Maaring,172
618819,Ülo Maaring,Ülo Maaring,172
618820,Ülo Maaring,Ülo Maaring,172
618821,Ülo Maaring,Ülo Maaring,172
618822,Ülo Maaring,Ülo Maaring,172
618823,Ülo Maaring,Ülo Maaring,172
618824,Ülo Maaring,Ülo Maaring,172
618825,Aleksei Peterson,Aleksei Peterson,17
618825,Vello Kutsar,Vello Kutsar,163
618826,Aleksei Peterson,Aleksei Peterson,17
618826,Vello Kutsar,Vello Kutsar,163
618827,Aleksei Peterson,Aleksei Peterson,17
618827,Vello Kutsar,Vello Kutsar,163
618828,Aleksei Peterson,Aleksei Peterson,17
618828,Vello Kutsar,Vello Kutsar,163
618829,Aleksei Peterson,Aleksei Peterson,17
618829,Vello Kutsar,Vello Kutsar,163
618830,Aleksei Peterson,Aleksei Peterson,17
618830,Vello Kutsar,Vello Kutsar,163
618831,Aleksei Peterson,Aleksei Peterson,17
618831,Vello Kutsar,Vello Kutsar,163
618832,Aleksei Peterson,Aleksei Peterson,17
618832,Vello Kutsar,Vello Kutsar,163
618833,Aleksei Peterson,Aleksei Peterson,17
618833,Vello Kutsar,Vello Kutsar,163
618834,Aleksei Peterson,Aleksei Peterson,17
618834,Vello Kutsar,Vello Kutsar,163
618835,Aleksei Peterson,Aleksei Peterson,17
618835,Vello Kutsar,Vello Kutsar,163
618836,Aleksei Peterson,Aleksei Peterson,17
618836,Vello Kutsar,Vello Kutsar,163
618837,Aleksei Peterson,Aleksei Peterson,17
618837,Vello Kutsar,Vello Kutsar,163
618838,Aleksei Peterson,Aleksei Peterson,17
618838,Vello Kutsar,Vello Kutsar,163
618839,Aleksei Peterson,Aleksei Peterson,17
618839,Vello Kutsar,Vello Kutsar,163
618840,Aleksei Peterson,Aleksei Peterson,17
618840,Vello Kutsar,Vello Kutsar,163
618841,Aleksei Peterson,Aleksei Peterson,17
618841,Vello Kutsar,Vello Kutsar,163
618842,Aleksei Peterson,Aleksei Peterson,17
618842,Vello Kutsar,Vello Kutsar,163
618843,Aleksei Peterson,Aleksei Peterson,17
618843,Vello Kutsar,Vello Kutsar,163
618844,Aleksei Peterson,Aleksei Peterson,17
618844,Vello Kutsar,Vello Kutsar,163
618845,Aleksei Peterson,Aleksei Peterson,17
618845,Vello Kutsar,Vello Kutsar,163
618846,Aleksei Peterson,Aleksei Peterson,17
618846,Vello Kutsar,Vello Kutsar,163
618847,Aleksei Peterson,Aleksei Peterson,17
618847,Vello Kutsar,Vello Kutsar,163
618848,Aleksei Peterson,Aleksei Peterson,17
618848,Vello Kutsar,Vello Kutsar,163
618849,Aleksei Peterson,Aleksei Peterson,17
618849,Vello Kutsar,Vello Kutsar,163
618850,Aleksei Peterson,Aleksei Peterson,17
618850,Vello Kutsar,Vello Kutsar,163
618851,Aleksei Peterson,Aleksei Peterson,17
618851,Vello Kutsar,Vello Kutsar,163
618852,Aleksei Peterson,Aleksei Peterson,17
618852,Vello Kutsar,Vello Kutsar,163
618853,Aleksei Peterson,Aleksei Peterson,17
618853,Vello Kutsar,Vello Kutsar,163
618855,Aleksei Peterson,Aleksei Peterson,17
618855,Vello Kutsar,Vello Kutsar,163
618856,Aleksei Peterson,Aleksei Peterson,17
618856,Vello Kutsar,Vello Kutsar,163
618857,Aleksei Peterson,Aleksei Peterson,17
618857,Vello Kutsar,Vello Kutsar,163
618858,Aleksei Peterson,Aleksei Peterson,17
618858,Vello Kutsar,Vello Kutsar,163
618859,Aleksei Peterson,Aleksei Peterson,17
618859,Vello Kutsar,Vello Kutsar,163
618860,Aleksei Peterson,Aleksei Peterson,17
618860,Vello Kutsar,Vello Kutsar,163
618861,Aleksei Peterson,Aleksei Peterson,17
618861,Vello Kutsar,Vello Kutsar,163
618862,Aleksei Peterson,Aleksei Peterson,17
618862,Vello Kutsar,Vello Kutsar,163
618863,Aleksei Peterson,Aleksei Peterson,17
618863,Vello Kutsar,Vello Kutsar,163
618864,Aleksei Peterson,Aleksei Peterson,17
618864,Vello Kutsar,Vello Kutsar,163
618865,Aleksei Peterson,Aleksei Peterson,17
618865,Vello Kutsar,Vello Kutsar,163
618866,Aleksei Peterson,Aleksei Peterson,17
618866,Vello Kutsar,Vello Kutsar,163
618867,Aleksei Peterson,Aleksei Peterson,17
618867,Vello Kutsar,Vello Kutsar,163
618868,Aleksei Peterson,Aleksei Peterson,17
618868,Vello Kutsar,Vello Kutsar,163
618869,Aleksei Peterson,Aleksei Peterson,17
618869,Vello Kutsar,Vello Kutsar,163
618870,Aleksei Peterson,Aleksei Peterson,17
618870,Vello Kutsar,Vello Kutsar,163
618871,Aleksei Peterson,Aleksei Peterson,17
618871,Vello Kutsar,Vello Kutsar,163
618872,Aleksei Peterson,Aleksei Peterson,17
618872,Vello Kutsar,Vello Kutsar,163
618873,Aleksei Peterson,Aleksei Peterson,17
618873,Vello Kutsar,Vello Kutsar,163
618896,Tanel Linnus,Tanel Linnus,149
618896,Aare Linnus,Aare Linnus,10
618896,Aare kurik,Aare Kurik,11
618897,Tanel Linnus,Tanel Linnus,149
618897,Aare Linnus,Aare Linnus,10
618897,Aare kurik,Aare Kurik,11
618898,Tanel Linnus,Tanel Linnus,149
618898,Aare Linnus,Aare Linnus,10
618898,Aare kurik,Aare Kurik,11
618899,Tanel Linnus,Tanel Linnus,149
618899,Aare Linnus,Aare Linnus,10
618899,Aare kurik,Aare Kurik,11
618900,Tanel Linnus,Tanel Linnus,149
618900,Aare Linnus,Aare Linnus,10
618900,Aare kurik,Aare Kurik,11
618901,Tanel Linnus,Tanel Linnus,149
618901,Aare Linnus,Aare Linnus,10
618901,Aare kurik,Aare Kurik,11
618903,Tanel Linnus,Tanel Linnus,149
618903,Aare Linnus,Aare Linnus,10
618903,Aare kurik,Aare Kurik,11
618904,Tanel Linnus,Tanel Linnus,149
618904,Aare Linnus,Aare Linnus,10
618904,Aare kurik,Aare Kurik,11
618905,Tanel Linnus,Tanel Linnus,149
618905,Aare Linnus,Aare Linnus,10
618905,Aare kurik,Aare Kurik,11
618906,Tanel Linnus,Tanel Linnus,149
618906,Aare Linnus,Aare Linnus,10
618906,Aare kurik,Aare Kurik,11
618907,Tanel Linnus,Tanel Linnus,149
618907,Aare Linnus,Aare Linnus,10
618907,Aare kurik,Aare Kurik,11
618908,Tanel Linnus,Tanel Linnus,149
618908,Aare Linnus,Aare Linnus,10
618908,Aare kurik,Aare Kurik,11
618909,Tanel Linnus,Tanel Linnus,149
618909,Aare Linnus,Aare Linnus,10
618909,Aare kurik,Aare Kurik,11
618910,Tanel Linnus,Tanel Linnus,149
618910,Aare Linnus,Aare Linnus,10
618910,Aare kurik,Aare Kurik,11
618911,Tanel Linnus,Tanel Linnus,149
618911,Aare Linnus,Aare Linnus,10
618911,Aare kurik,Aare Kurik,11
618912,Tanel Linnus,Tanel Linnus,149
618912,Aare Linnus,Aare Linnus,10
618912,Aare kurik,Aare Kurik,11
618913,Tanel Linnus,Tanel Linnus,149
618913,Aare Linnus,Aare Linnus,10
618913,Aare kurik,Aare Kurik,11
618914,Tanel Linnus,Tanel Linnus,149
618914,Aare Linnus,Aare Linnus,10
618914,Aare kurik,Aare Kurik,11
618915,Tanel Linnus,Tanel Linnus,149
618915,Aare Linnus,Aare Linnus,10
618915,Aare kurik,Aare Kurik,11
618916,Tanel Linnus,Tanel Linnus,149
618916,Aare Linnus,Aare Linnus,10
618916,Aare kurik,Aare Kurik,11
618917,Tanel Linnus,Tanel Linnus,149
618917,Aare Linnus,Aare Linnus,10
618917,Aare kurik,Aare Kurik,11
618918,Tanel Linnus,Tanel Linnus,149
618918,Aare Linnus,Aare Linnus,10
618918,Aare kurik,Aare Kurik,11
618919,Tanel Linnus,Tanel Linnus,149
618919,Aare Linnus,Aare Linnus,10
618919,Aare kurik,Aare Kurik,11
618920,Tanel Linnus,Tanel Linnus,149
618920,Aare Linnus,Aare Linnus,10
618920,Aare kurik,Aare Kurik,11
618921,Tanel Linnus,Tanel Linnus,149
618921,Aare Linnus,Aare Linnus,10
618921,Aare kurik,Aare Kurik,11
618922,Tanel Linnus,Tanel Linnus,149
618922,Aare Linnus,Aare Linnus,10
618922,Aare kurik,Aare Kurik,11
618923,Tanel Linnus,Tanel Linnus,149
618923,Aare Linnus,Aare Linnus,10
618923,Aare kurik,Aare Kurik,11
618924,Tanel Linnus,Tanel Linnus,149
618924,Aare Linnus,Aare Linnus,10
618924,Aare kurik,Aare Kurik,11
618925,Tanel Linnus,Tanel Linnus,149
618925,Aare Linnus,Aare Linnus,10
618925,Aare kurik,Aare Kurik,11
618926,Tanel Linnus,Tanel Linnus,149
618926,Aare Linnus,Aare Linnus,10
618926,Aare kurik,Aare Kurik,11
618927,Tanel Linnus,Tanel Linnus,149
618927,Aare Linnus,Aare Linnus,10
618927,Aare kurik,Aare Kurik,11
618928,Tanel Linnus,Tanel Linnus,149
618928,Aare Linnus,Aare Linnus,10
618928,Aare kurik,Aare Kurik,11
618929,Tanel Linnus,Tanel Linnus,149
618929,Aare Linnus,Aare Linnus,10
618929,Aare kurik,Aare Kurik,11
618930,Tanel Linnus,Tanel Linnus,149
618930,Aare Linnus,Aare Linnus,10
618930,Aare kurik,Aare Kurik,11
618931,Tanel Linnus,Tanel Linnus,149
618931,Aare Linnus,Aare Linnus,10
618931,Aare kurik,Aare Kurik,11
618932,Tanel Linnus,Tanel Linnus,149
618932,Aare Linnus,Aare Linnus,10
618932,Aare kurik,Aare Kurik,11
618933,Tanel Linnus,Tanel Linnus,149
618933,Aare Linnus,Aare Linnus,10
618933,Aare kurik,Aare Kurik,11
618934,Heiki Pärdi,Heiki Pärdi,56
618935,Heiki Pärdi,Heiki Pärdi,56
618936,Heiki Pärdi,Heiki Pärdi,56
618937,Heiki Pärdi,Heiki Pärdi,56
618938,Heiki Pärdi,Heiki Pärdi,56
618939,Heiki Pärdi,Heiki Pärdi,56
618940,Heiki Pärdi,Heiki Pärdi,56
618941,Heiki Pärdi,Heiki Pärdi,56
618942,Heiki Pärdi,Heiki Pärdi,56
618943,Heiki Pärdi,Heiki Pärdi,56
618944,Heiki Pärdi,Heiki Pärdi,56
618945,Heiki Pärdi,Heiki Pärdi,56
618946,Aleksei Peterson,Aleksei Peterson,17
618947,Ado Lintrop,Aado Lintrop,12
618947,Aleksei Peterson,Aleksei Peterson,17
618947,Priit Härmas,Priit Härmas,138
618947,Lembit Lepp,Lembit Lepp,97
618948,Ado Lintrop,Aado Lintrop,12
618948,Aleksei Peterson,Aleksei Peterson,17
618948,Priit Härmas,Priit Härmas,138
618948,Lembit Lepp,Lembit Lepp,97
618949,Ado Lintrop,Aado Lintrop,12
618949,Aleksei Peterson,Aleksei Peterson,17
618949,Priit Härmas,Priit Härmas,138
618949,Lembit Lepp,Lembit Lepp,97
618950,Ado Lintrop,Aado Lintrop,12
618950,Aleksei Peterson,Aleksei Peterson,17
618950,Priit Härmas,Priit Härmas,138
618950,Lembit Lepp,Lembit Lepp,97
618951,Ado Lintrop,Aado Lintrop,12
618951,Aleksei Peterson,Aleksei Peterson,17
618951,Priit Härmas,Priit Härmas,138
618951,Lembit Lepp,Lembit Lepp,97
618952,Juta Reio,Juta Reio,70
618952,Kalju Kütt,Kalju Kütt,84
618953,Juta Reio,Juta Reio,70
618953,Kalju Kütt,Kalju Kütt,84
618954,Juta Reio,Juta Reio,70
618954,Kalju Kütt,Kalju Kütt,84
618955,Juta Reio,Juta Reio,70
618955,Kalju Kütt,Kalju Kütt,84
618956,Juta Reio,Juta Reio,70
618956,Kalju Kütt,Kalju Kütt,84
618957,Juta Reio,Juta Reio,70
618957,Kalju Kütt,Kalju Kütt,84
618958,Juta Reio,Juta Reio,70
618958,Kalju Kütt,Kalju Kütt,84
618959,Juta Reio,Juta Reio,70
618959,Kalju Kütt,Kalju Kütt,84
618960,Juta Reio,Juta Reio,70
618960,Kalju Kütt,Kalju Kütt,84
618961,Juta Reio,Juta Reio,70
618961,Kalju Kütt,Kalju Kütt,84
618962,Juta Reio,Juta Reio,70
618962,Kalju Kütt,Kalju Kütt,84
618963,Juta Reio,Juta Reio,70
618963,Kalju Kütt,Kalju Kütt,84
618964,Juta Reio,Juta Reio,70
618964,Kalju Kütt,Kalju Kütt,84
618965,Juta Reio,Juta Reio,70
618965,Kalju Kütt,Kalju Kütt,84
618966,Juta Reio,Juta Reio,70
618966,Kalju Kütt,Kalju Kütt,84
618967,Juta Reio,Juta Reio,70
618967,Kalju Kütt,Kalju Kütt,84
618968,Juta Reio,Juta Reio,70
618968,Kalju Kütt,Kalju Kütt,84
618969,Juta Reio,Juta Reio,70
618969,Kalju Kütt,Kalju Kütt,84
618970,Juta Reio,Juta Reio,70
618970,Kalju Kütt,Kalju Kütt,84
618971,Juta Reio,Juta Reio,70
618971,Kalju Kütt,Kalju Kütt,84
618972,Kalju Kütt,Kalju Kütt,84
618972,Juta Reio,Juta Reio,70
618973,Kalju Kütt,Kalju Kütt,84
618973,Juta Reio,Juta Reio,70
618974,Kalju Kütt,Kalju Kütt,84
618974,Juta Reio,Juta Reio,70
618975,Jüri Viikberg,Jüri Viikberg,74
618976,Jüri Viikberg,Jüri Viikberg,74
618977,Kaljo Põllu,Kaljo Põllu,82
618978,Kaljo Põllu,Kaljo Põllu,82
618980,Jüri Viikberg,Jüri Viikberg,74
618982,Jüri Viikberg,Jüri Viikberg,74
618983,Jüri Viikberg,Jüri Viikberg,74
618984,Jüri Viikberg,Jüri Viikberg,74
618985,Jüri Viikberg,Jüri Viikberg,74
618986,Jüri Viikberg,Jüri Viikberg,74
618987,Jüri Viikberg,Jüri Viikberg,74
618988,Jüri Viikberg,Jüri Viikberg,74
618989,Jüri Viikberg,Jüri Viikberg,74
618990,Jüri Viikberg,Jüri Viikberg,74
618991,Vaike Reemann,Vaike Reemann,162
618992,Vaike Reemann,Vaike Reemann,162
618993,Vaike Reemann,Vaike Reemann,162
618994,Vaike Reemann,Vaike Reemann,162
618995,Vaike Reemann,Vaike Reemann,162
618996,Vaike Reemann,Vaike Reemann,162
618997,Aleksei Peterson,Aleksei Peterson,17
618998,Aleksei Peterson,Aleksei Peterson,17
618999,Aleksei Peterson,Aleksei Peterson,17
619000,Aleksei Peterson,Aleksei Peterson,17
619001,Aleksei Peterson,Aleksei Peterson,17
619002,Aleksei Peterson,Aleksei Peterson,17
619003,Aleksei Peterson,Aleksei Peterson,17
619004,Aleksei Peterson,Aleksei Peterson,17
619005,Aleksei Peterson,Aleksei Peterson,17
619006,Aleksei Peterson,Aleksei Peterson,17
619007,Aleksei Peterson,Aleksei Peterson,17
619008,Aleksei Peterson,Aleksei Peterson,17
619009,Aleksei Peterson,Aleksei Peterson,17
619010,Aleksei Peterson,Aleksei Peterson,17
619011,Aleksei Peterson,Aleksei Peterson,17
619012,Aleksei Peterson,Aleksei Peterson,17
619013,Aleksei Peterson,Aleksei Peterson,17
619014,Aleksei Peterson,Aleksei Peterson,17
619015,Aleksei Peterson,Aleksei Peterson,17
619016,Aleksei Peterson,Aleksei Peterson,17
619017,Aleksei Peterson,Aleksei Peterson,17
619018,Aleksei Peterson,Aleksei Peterson,17
619019,Aleksei Peterson,Aleksei Peterson,17
619020,Aleksei Peterson,Aleksei Peterson,17
619021,Aleksei Peterson,Aleksei Peterson,17
619022,Aleksei Peterson,Aleksei Peterson,17
619023,Aleksei Peterson,Aleksei Peterson,17
619024,Aleksei Peterson,Aleksei Peterson,17
619025,Aleksei Peterson,Aleksei Peterson,17
619026,Aleksei Peterson,Aleksei Peterson,17
619027,Aleksei Peterson,Aleksei Peterson,17
619028,Aleksei Peterson,Aleksei Peterson,17
619029,Aleksei Peterson,Aleksei Peterson,17
619030,Aleksei Peterson,Aleksei Peterson,17
619031,Aleksei Peterson,Aleksei Peterson,17
619032,Aleksei Peterson,Aleksei Peterson,17
619033,Aleksei Peterson,Aleksei Peterson,17
619034,Aleksei Peterson,Aleksei Peterson,17
619035,Aleksei Peterson,Aleksei Peterson,17
619036,Aleksei Peterson,Aleksei Peterson,17
619037,Aleksei Peterson,Aleksei Peterson,17
619038,Aleksei Peterson,Aleksei Peterson,17
619039,Aleksei Peterson,Aleksei Peterson,17
619040,Aleksei Peterson,Aleksei Peterson,17
619041,Aleksei Peterson,Aleksei Peterson,17
619042,Aleksei Peterson,Aleksei Peterson,17
619043,Aleksei Peterson,Aleksei Peterson,17
619044,Aleksei Peterson,Aleksei Peterson,17
619045,Aleksei Peterson,Aleksei Peterson,17
619046,Aleksei Peterson,Aleksei Peterson,17
619047,Aleksei Peterson,Aleksei Peterson,17
619048,Aleksei Peterson,Aleksei Peterson,17
619049,Aleksei Peterson,Aleksei Peterson,17
619050,Aleksei Peterson,Aleksei Peterson,17
619051,Aleksei Peterson,Aleksei Peterson,17
619052,Aleksei Peterson,Aleksei Peterson,17
619053,Aleksei Peterson,Aleksei Peterson,17
619054,Aleksei Peterson,Aleksei Peterson,17
619055,Aleksei Peterson,Aleksei Peterson,17
619056,Aleksei Peterson,Aleksei Peterson,17
619057,Aleksei Peterson,Aleksei Peterson,17
619058,Aleksei Peterson,Aleksei Peterson,17
619059,Aleksei Peterson,Aleksei Peterson,17
619060,Aleksei Peterson,Aleksei Peterson,17
619061,Aleksei Peterson,Aleksei Peterson,17
619062,Aleksei Peterson,Aleksei Peterson,17
619063,Aleksei Peterson,Aleksei Peterson,17
619064,Aleksei Peterson,Aleksei Peterson,17
619065,Aleksei Peterson,Aleksei Peterson,17
619066,Aleksei Peterson,Aleksei Peterson,17
619067,Aleksei Peterson,Aleksei Peterson,17
619068,Aleksei Peterson,Aleksei Peterson,17
619069,Aleksei Peterson,Aleksei Peterson,17
619070,Aleksei Peterson,Aleksei Peterson,17
619071,Aleksei Peterson,Aleksei Peterson,17
619072,Aleksei Peterson,Aleksei Peterson,17
619073,Aleksei Peterson,Aleksei Peterson,17
619074,Aleksei Peterson,Aleksei Peterson,17
619075,Aleksei Peterson,Aleksei Peterson,17
619076,Aleksei Peterson,Aleksei Peterson,17
619077,Aleksei Peterson,Aleksei Peterson,17
619078,Aleksei Peterson,Aleksei Peterson,17
619079,Aleksei Peterson,Aleksei Peterson,17
619080,Aleksei Peterson,Aleksei Peterson,17
619081,Aleksei Peterson,Aleksei Peterson,17
619082,Aleksei Peterson,Aleksei Peterson,17
619083,Aleksei Peterson,Aleksei Peterson,17
619084,Aleksei Peterson,Aleksei Peterson,17
619085,Aleksei Peterson,Aleksei Peterson,17
619086,Aleksei Peterson,Aleksei Peterson,17
619087,Aleksei Peterson,Aleksei Peterson,17
619088,Aleksei Peterson,Aleksei Peterson,17
619089,Aleksei Peterson,Aleksei Peterson,17
619090,Aleksei Peterson,Aleksei Peterson,17
619091,Aleksei Peterson,Aleksei Peterson,17
619092,Aleksei Peterson,Aleksei Peterson,17
619093,Aleksei Peterson,Aleksei Peterson,17
619094,Aleksei Peterson,Aleksei Peterson,17
619095,Aleksei Peterson,Aleksei Peterson,17
619096,Aleksei Peterson,Aleksei Peterson,17
619171,Heno Sarv,Heno Sarv,58
619172,Heno Sarv,Heno Sarv,58
619173,Heno Sarv,Heno Sarv,58
619174,Heno Sarv,Heno Sarv,58
619175,Heno Sarv,Heno Sarv,58
619176,Edgar Saar,Edgar Saar,33
619177,Edgar Saar,Edgar Saar,33
619178,Edgar Saar,Edgar Saar,33
619179,Edgar Saar,Edgar Saar,33
619180,Edgar Saar,Edgar Saar,33
619181,Edgar Saar,Edgar Saar,33
619182,Edgar Saar,Edgar Saar,33
619183,Edgar Saar,Edgar Saar,33
619184,Edgar Saar,Edgar Saar,33
619185,Edgar Saar,Edgar Saar,33
619186,Edgar Saar,Edgar Saar,33
619187,Edgar Saar,Edgar Saar,33
619188,Edgar Saar,Edgar Saar,33
619189,Edgar Saar,Edgar Saar,33
619190,Edgar Saar,Edgar Saar,33
619191,Edgar Saar,Edgar Saar,33
619192,Edgar Saar,Edgar Saar,33
619193,Edgar Saar,Edgar Saar,33
619194,Edgar Saar,Edgar Saar,33
619195,Edgar Saar,Edgar Saar,33
619196,Edgar Saar,Edgar Saar,33
619197,Edgar Saar,Edgar Saar,33
619198,Edgar Saar,Edgar Saar,33
619202,Edgar Saar,Edgar Saar,33
619204,Edgar Saar,Edgar Saar,33
619205,Edgar Saar,Edgar Saar,33
619206,Edgar Saar,Edgar Saar,33
619208,Edgar Saar,Edgar Saar,33
619209,Edgar Saar,Edgar Saar,33
619210,Edgar Saar,Edgar Saar,33
619211,Edgar Saar,Edgar Saar,33
619212,Edgar Saar,Edgar Saar,33
619213,Edgar Saar,Edgar Saar,33
619214,Heno Sarv,Heno Sarv,58
619224,Heno Sarv,Heno Sarv,58
619225,Heno Sarv,Heno Sarv,58
619226,Heno Sarv,Heno Sarv,58
619227,Heno Sarv,Heno Sarv,58
619228,Heno Sarv,Heno Sarv,58
619229,Heno Sarv,Heno Sarv,58
619230,Heno Sarv,Heno Sarv,58
619231,Heno Sarv,Heno Sarv,58
619239,Mare Mikkor,Marika Mikkor,108
619239,Mare Piho,Mare Piho,109
619240,Mare Mikkor,Marika Mikkor,108
619240,Mare Piho,Mare Piho,109
619241,Mare Mikkor,Marika Mikkor,108
619241,Mare Piho,Mare Piho,109
619243,Mare Mikkor,Marika Mikkor,108
619243,Mare Piho,Mare Piho,109
619244,Mare Mikkor,Marika Mikkor,108
619244,Mare Piho,Mare Piho,109
619245,Aleksei Peterson,Aleksei Peterson,17
619246,Aleksei Peterson,Aleksei Peterson,17
619247,Aleksei Peterson,Aleksei Peterson,17
619248,Aleksei Peterson,Aleksei Peterson,17
619249,Aleksei Peterson,Aleksei Peterson,17
619251,Aleksei Peterson,Aleksei Peterson,17
619252,Aleksei Peterson,Aleksei Peterson,17
619253,Aleksei Peterson,Aleksei Peterson,17
619254,Aleksei Peterson,Aleksei Peterson,17
619255,Aleksei Peterson,Aleksei Peterson,17
619256,Aleksei Peterson,Aleksei Peterson,17
619257,Aleksei Peterson,Aleksei Peterson,17
619258,Aleksei Peterson,Aleksei Peterson,17
619260,Aleksei Peterson,Aleksei Peterson,17
619261,Aleksei Peterson,Aleksei Peterson,17
619262,Aleksei Peterson,Aleksei Peterson,17
619263,Aleksei Peterson,Aleksei Peterson,17
619264,Aleksei Peterson,Aleksei Peterson,17
619265,Aleksei Peterson,Aleksei Peterson,17
619266,Aleksei Peterson,Aleksei Peterson,17
619268,Aleksei Peterson,Aleksei Peterson,17
619269,Aleksei Peterson,Aleksei Peterson,17
619270,Aleksei Peterson,Aleksei Peterson,17
619271,Aleksei Peterson,Aleksei Peterson,17
619272,Aleksei Peterson,Aleksei Peterson,17
619273,Aleksei Peterson,Aleksei Peterson,17
619274,Aleksei Peterson,Aleksei Peterson,17
619275,Aleksei Peterson,Aleksei Peterson,17
619276,Aleksei Peterson,Aleksei Peterson,17
619278,Aleksei Peterson,Aleksei Peterson,17
619279,Aleksei Peterson,Aleksei Peterson,17
619281,Aleksei Peterson,Aleksei Peterson,17
619287,Aleksei Peterson,Aleksei Peterson,17
619288,Aleksei Peterson,Aleksei Peterson,17
619289,Aleksei Peterson,Aleksei Peterson,17
619290,Aleksei Peterson,Aleksei Peterson,17
619291,Aleksei Peterson,Aleksei Peterson,17
619292,Aleksei Peterson,Aleksei Peterson,17
619293,Aleksei Peterson,Aleksei Peterson,17
619294,Aleksei Peterson,Aleksei Peterson,17
619295,Aleksei Peterson,Aleksei Peterson,17
619296,Aleksei Peterson,Aleksei Peterson,17
619297,Aleksei Peterson,Aleksei Peterson,17
619298,Aleksei Peterson,Aleksei Peterson,17
619300,Aleksei Peterson,Aleksei Peterson,17
619301,Aleksei Peterson,Aleksei Peterson,17
619302,Aleksei Peterson,Aleksei Peterson,17
619304,Aleksei Peterson,Aleksei Peterson,17
619305,Aleksei Peterson,Aleksei Peterson,17
619306,Aleksei Peterson,Aleksei Peterson,17
619307,Aleksei Peterson,Aleksei Peterson,17
619308,Aleksei Peterson,Aleksei Peterson,17
619309,Aleksei Peterson,Aleksei Peterson,17
619310,Aleksei Peterson,Aleksei Peterson,17
619311,Aleksei Peterson,Aleksei Peterson,17
619312,Aleksei Peterson,Aleksei Peterson,17
619313,Aleksei Peterson,Aleksei Peterson,17
619314,Aleksei Peterson,Aleksei Peterson,17
619315,Aleksei Peterson,Aleksei Peterson,17
619316,Aleksei Peterson,Aleksei Peterson,17
619317,Aleksei Peterson,Aleksei Peterson,17
619318,Aleksei Peterson,Aleksei Peterson,17
619319,Aleksei Peterson,Aleksei Peterson,17
619320,Aleksei Peterson,Aleksei Peterson,17
619321,Aleksei Peterson,Aleksei Peterson,17
619322,Aleksei Peterson,Aleksei Peterson,17
619323,Aleksei Peterson,Aleksei Peterson,17
619324,Aleksei Peterson,Aleksei Peterson,17
619325,Aleksei Peterson,Aleksei Peterson,17
619326,Aleksei Peterson,Aleksei Peterson,17
619327,Aleksei Peterson,Aleksei Peterson,17
619328,Aleksei Peterson,Aleksei Peterson,17
619329,Aleksei Peterson,Aleksei Peterson,17
619330,Aleksei Peterson,Aleksei Peterson,17
619331,Aleksei Peterson,Aleksei Peterson,17
619332,Aleksei Peterson,Aleksei Peterson,17
619333,Aleksei Peterson,Aleksei Peterson,17
619334,Aleksei Peterson,Aleksei Peterson,17
619335,A. Peterson,Aleksei Peterson,6
619336,Aleksei Peterson,Aleksei Peterson,17
619337,Aleksei Peterson,Aleksei Peterson,17
619338,Ülo Maaring,Ülo Maaring,172
619339,Ülo Maaring,Ülo Maaring,172
619343,Ülo Maaring,Ülo Maaring,172
619344,Ülo Maaring,Ülo Maaring,172
619345,Ülo Maaring,Ülo Maaring,172
619346,Ülo Maaring,Ülo Maaring,172
619347,Ülo Maaring,Ülo Maaring,172
619348,Ülo Maaring,Ülo Maaring,172
619349,Ülo Maaring,Ülo Maaring,172
619350,Ülo Maaring,Ülo Maaring,172
619351,Ülo Maaring,Ülo Maaring,172
619352,Ülo Maaring,Ülo Maaring,172
619353,Ülo Maaring,Ülo Maaring,172
619354,Ülo Maaring,Ülo Maaring,172
619355,Ülo Maaring,Ülo Maaring,172
619356,Ülo Maaring,Ülo Maaring,172
619357,Ülo Maaring,Ülo Maaring,172
619358,Ülo Maaring,Ülo Maaring,172
619359,Ülo Maaring,Ülo Maaring,172
619360,Ülo Maaring,Ülo Maaring,172
619361,Ülo Maaring,Ülo Maaring,172
619362,Ülo Maaring,Ülo Maaring,172
619363,Ülo Maaring,Ülo Maaring,172
619364,Ülo Maaring,Ülo Maaring,172
619365,Ülo Maaring,Ülo Maaring,172
619366,Ülo Maaring,Ülo Maaring,172
619367,Ülo Maaring,Ülo Maaring,172
619368,Ülo Maaring,Ülo Maaring,172
619369,Ülo Maaring,Ülo Maaring,172
619370,Ülo Maaring,Ülo Maaring,172
619371,Ülo Maaring,Ülo Maaring,172
619372,Ülo Maaring,Ülo Maaring,172
619373,Ülo Maaring,Ülo Maaring,172
619374,Ülo Maaring,Ülo Maaring,172
619375,Ülo Maaring,Ülo Maaring,172
619376,Ülo Maaring,Ülo Maaring,172
619377,Ülo Maaring,Ülo Maaring,172
619378,Ülo Maaring,Ülo Maaring,172
619379,Ülo Maaring,Ülo Maaring,172
619380,Ülo Maaring,Ülo Maaring,172
619381,Ülo Maaring,Ülo Maaring,172
619382,Ülo Maaring,Ülo Maaring,172
619383,Ülo Maaring,Ülo Maaring,172
619384,Ülo Maaring,Ülo Maaring,172
619385,Ülo Maaring,Ülo Maaring,172
619386,Ülo Maaring,Ülo Maaring,172
619387,Ülo Maaring,Ülo Maaring,172
619388,Aleksei Peterson,Aleksei Peterson,17
619389,Aleksei Peterson,Aleksei Peterson,17
619390,Aleksei Peterson,Aleksei Peterson,17
619391,Aleksei Peterson,Aleksei Peterson,17
619392,Aleksei Peterson,Aleksei Peterson,17
619393,Aleksei Peterson,Aleksei Peterson,17
619394,Tamara Habicht,Tamara Habicht,148
619394,Endla Jaagosild,Endla Jaagosild,43
619394,Heiki Pärdi,Heiki Pärdi,56
619394,Rein Olli,Rein Olli,141
619394,Annes Hermann,Annes Hermann,20
619395,Tamara Habicht,Tamara Habicht,148
619395,Endla Jaagosild,Endla Jaagosild,43
619395,Heiki Pärdi,Heiki Pärdi,56
619395,Rein Olli,Rein Olli,141
619395,Annes Hermann,Annes Hermann,20
619396,Tamara Habicht,Tamara Habicht,148
619396,Endla Jaagosild,Endla Jaagosild,43
619396,Heiki Pärdi,Heiki Pärdi,56
619396,Rein Olli,Rein Olli,141
619396,Annes Hermann,Annes Hermann,20
619397,Tamara Habicht,Tamara Habicht,148
619397,Endla Jaagosild,Endla Jaagosild,43
619397,Heiki Pärdi,Heiki Pärdi,56
619397,Rein Olli,Rein Olli,141
619397,Annes Hermann,Annes Hermann,20
619398,Tamara Habicht,Tamara Habicht,148
619398,Endla Jaagosild,Endla Jaagosild,43
619398,Heiki Pärdi,Heiki Pärdi,56
619398,Rein Olli,Rein Olli,141
619398,Annes Hermann,Annes Hermann,20
619399,Tamara Habicht,Tamara Habicht,148
619399,Endla Jaagosild,Endla Jaagosild,43
619399,Heiki Pärdi,Heiki Pärdi,56
619399,Rein Olli,Rein Olli,141
619399,Annes Hermann,Annes Hermann,20
619400,Tamara Habicht,Tamara Habicht,148
619400,Endla Jaagosild,Endla Jaagosild,43
619400,Heiki Pärdi,Heiki Pärdi,56
619400,Rein Olli,Rein Olli,141
619400,Annes Hermann,Annes Hermann,20
619401,Tamara Habicht,Tamara Habicht,148
619401,Endla Jaagosild,Endla Jaagosild,43
619401,Heiki Pärdi,Heiki Pärdi,56
619401,Rein Olli,Rein Olli,141
619401,Annes Hermann,Annes Hermann,20
619402,Tamara Habicht,Tamara Habicht,148
619402,Endla Jaagosild,Endla Jaagosild,43
619402,Heiki Pärdi,Heiki Pärdi,56
619402,Rein Olli,Rein Olli,141
619402,Annes Hermann,Annes Hermann,20
619403,Tamara Habicht,Tamara Habicht,148
619403,Endla Jaagosild,Endla Jaagosild,43
619403,Heiki Pärdi,Heiki Pärdi,56
619403,Rein Olli,Rein Olli,141
619403,Annes Hermann,Annes Hermann,20
619404,Tamara Habicht,Tamara Habicht,148
619404,Endla Jaagosild,Endla Jaagosild,43
619404,Heiki Pärdi,Heiki Pärdi,56
619404,Rein Olli,Rein Olli,141
619404,Annes Hermann,Annes Hermann,20
619405,Tamara Habicht,Tamara Habicht,148
619405,Endla Jaagosild,Endla Jaagosild,43
619405,Heiki Pärdi,Heiki Pärdi,56
619405,Rein Olli,Rein Olli,141
619405,Annes Hermann,Annes Hermann,20
619406,Tamara Habicht,Tamara Habicht,148
619406,Endla Jaagosild,Endla Jaagosild,43
619406,Heiki Pärdi,Heiki Pärdi,56
619406,Rein Olli,Rein Olli,141
619406,Annes Hermann,Annes Hermann,20
619407,Tamara Habicht,Tamara Habicht,148
619407,Endla Jaagosild,Endla Jaagosild,43
619407,Heiki Pärdi,Heiki Pärdi,56
619407,Rein Olli,Rein Olli,141
619407,Annes Hermann,Annes Hermann,20
619408,Tamara Habicht,Tamara Habicht,148
619408,Endla Jaagosild,Endla Jaagosild,43
619408,Heiki Pärdi,Heiki Pärdi,56
619408,Rein Olli,Rein Olli,141
619408,Annes Hermann,Annes Hermann,20
619409,Tamara Habicht,Tamara Habicht,148
619409,Endla Jaagosild,Endla Jaagosild,43
619409,Heiki Pärdi,Heiki Pärdi,56
619409,Rein Olli,Rein Olli,141
619409,Annes Hermann,Annes Hermann,20
619410,Edgar Saar,Edgar Saar,33
619411,Edgar Saar,Edgar Saar,33
619412,Edgar Saar,Edgar Saar,33
619413,Edgar Saar,Edgar Saar,33
619415,Edgar Saar,Edgar Saar,33
619416,Edgar Saar,Edgar Saar,33
619417,Edgar Saar,Edgar Saar,33
619418,Edgar Saar,Edgar Saar,33
619419,Edgar Saar,Edgar Saar,33
619420,Edgar Saar,Edgar Saar,33
619421,Edgar Saar,Edgar Saar,33
619423,Edgar Saar,Edgar Saar,33
619424,Edgar Saar,Edgar Saar,33
619425,Edgar Saar,Edgar Saar,33
619426,Edgar Saar,Edgar Saar,33
619427,Edgar Saar,Edgar Saar,33
619428,Edgar Saar,Edgar Saar,33
619429,Edgar Saar,Edgar Saar,33
619430,Edgar Saar,Edgar Saar,33
619431,Edgar Saar,Edgar Saar,33
619432,Edgar Saar,Edgar Saar,33
619433,Edgar Saar,Edgar Saar,33
619434,Edgar Saar,Edgar Saar,33
619435,Edgar Saar,Edgar Saar,33
619436,Edgar Saar,Edgar Saar,33
619437,Edgar Saar,Edgar Saar,33
619438,Edgar Saar,Edgar Saar,33
619460,Aleksei Peterson,Aleksei Peterson,17
619460,Ester Suurpere,Ester Suurpere,46
619461,Aleksei Peterson,Aleksei Peterson,17
619461,Ester Suurpere,Ester Suurpere,46
619462,Aleksei Peterson,Aleksei Peterson,17
619462,Ester Suurpere,Ester Suurpere,46
619463,Aleksei Peterson,Aleksei Peterson,17
619463,Ester Suurpere,Ester Suurpere,46
619464,Aleksei Peterson,Aleksei Peterson,17
619464,Ester Suurpere,Ester Suurpere,46
619465,Aleksei Peterson,Aleksei Peterson,17
619465,Ester Suurpere,Ester Suurpere,46
619466,Aleksei Peterson,Aleksei Peterson,17
619466,Ester Suurpere,Ester Suurpere,46
619467,Aleksei Peterson,Aleksei Peterson,17
619467,Ester Suurpere,Ester Suurpere,46
619468,Aleksei Peterson,Aleksei Peterson,17
619468,Ester Suurpere,Ester Suurpere,46
619469,Aleksei Peterson,Aleksei Peterson,17
619469,Ester Suurpere,Ester Suurpere,46
619470,Aleksei Peterson,Aleksei Peterson,17
619470,Ester Suurpere,Ester Suurpere,46
619471,Aleksei Peterson,Aleksei Peterson,17
619471,Ester Suurpere,Ester Suurpere,46
619472,Aleksei Peterson,Aleksei Peterson,17
619472,Ester Suurpere,Ester Suurpere,46
619473,Aleksei Peterson,Aleksei Peterson,17
619473,Ester Suurpere,Ester Suurpere,46
619474,Aleksei Peterson,Aleksei Peterson,17
619474,Ester Suurpere,Ester Suurpere,46
619475,Aleksei Peterson,Aleksei Peterson,17
619475,Ester Suurpere,Ester Suurpere,46
619476,Aleksei Peterson,Aleksei Peterson,17
619476,Ester Suurpere,Ester Suurpere,46
619477,Aleksei Peterson,Aleksei Peterson,17
619477,Ester Suurpere,Ester Suurpere,46
619478,Aleksei Peterson,Aleksei Peterson,17
619478,Ester Suurpere,Ester Suurpere,46
619479,Aleksei Peterson,Aleksei Peterson,17
619479,Ester Suurpere,Ester Suurpere,46
619480,Aleksei Peterson,Aleksei Peterson,17
619480,Ester Suurpere,Ester Suurpere,46
619481,Aleksei Peterson,Aleksei Peterson,17
619481,Ester Suurpere,Ester Suurpere,46
619482,Aleksei Peterson,Aleksei Peterson,17
619482,Ester Suurpere,Ester Suurpere,46
619483,Aleksei Peterson,Aleksei Peterson,17
619483,Ester Suurpere,Ester Suurpere,46
619484,Aleksei Peterson,Aleksei Peterson,17
619484,Ester Suurpere,Ester Suurpere,46
619485,Aleksei Peterson,Aleksei Peterson,17
619485,Ester Suurpere,Ester Suurpere,46
619486,Aleksei Peterson,Aleksei Peterson,17
619486,Ester Suurpere,Ester Suurpere,46
619487,Aleksei Peterson,Aleksei Peterson,17
619487,Ester Suurpere,Ester Suurpere,46
619488,Aleksei Peterson,Aleksei Peterson,17
619488,Ester Suurpere,Ester Suurpere,46
619489,Aleksei Peterson,Aleksei Peterson,17
619489,Ester Suurpere,Ester Suurpere,46
619490,Aleksei Peterson,Aleksei Peterson,17
619490,Ester Suurpere,Ester Suurpere,46
619491,Aleksei Peterson,Aleksei Peterson,17
619491,Ester Suurpere,Ester Suurpere,46
619492,Aleksei Peterson,Aleksei Peterson,17
619492,Ester Suurpere,Ester Suurpere,46
619493,Aleksei Peterson,Aleksei Peterson,17
619493,Ester Suurpere,Ester Suurpere,46
619494,Aleksei Peterson,Aleksei Peterson,17
619494,Ester Suurpere,Ester Suurpere,46
619495,Aleksei Peterson,Aleksei Peterson,17
619495,Ester Suurpere,Ester Suurpere,46
619496,Aleksei Peterson,Aleksei Peterson,17
619496,Ester Suurpere,Ester Suurpere,46
619497,Aleksei Peterson,Aleksei Peterson,17
619497,Ester Suurpere,Ester Suurpere,46
619498,Aleksei Peterson,Aleksei Peterson,17
619498,Ester Suurpere,Ester Suurpere,46
619499,Aleksei Peterson,Aleksei Peterson,17
619499,Ester Suurpere,Ester Suurpere,46
619500,Aleksei Peterson,Aleksei Peterson,17
619500,Ester Suurpere,Ester Suurpere,46
619501,Aleksei Peterson,Aleksei Peterson,17
619501,Ester Suurpere,Ester Suurpere,46
619502,Aleksei Peterson,Aleksei Peterson,17
619502,Ester Suurpere,Ester Suurpere,46
619503,Aleksei Peterson,Aleksei Peterson,17
619503,Ester Suurpere,Ester Suurpere,46
619504,Aleksei Peterson,Aleksei Peterson,17
619504,Ester Suurpere,Ester Suurpere,46
619505,Aleksei Peterson,Aleksei Peterson,17
619505,Ester Suurpere,Ester Suurpere,46
619506,Aleksei Peterson,Aleksei Peterson,17
619506,Ester Suurpere,Ester Suurpere,46
619507,Aleksei Peterson,Aleksei Peterson,17
619507,Ester Suurpere,Ester Suurpere,46
619508,Aleksei Peterson,Aleksei Peterson,17
619508,Ester Suurpere,Ester Suurpere,46
619509,Aleksei Peterson,Aleksei Peterson,17
619509,Ester Suurpere,Ester Suurpere,46
619510,Vaike Reemann,Vaike Reemann,162
619511,Vaike Reemann,Vaike Reemann,162
619512,Vaike Reemann,Vaike Reemann,162
619513,Vaike Reemann,Vaike Reemann,162
619514,Vaike Reemann,Vaike Reemann,162
619515,Marje Joalaid,Marje Joalaid,114
619515,Hans Voolmaa,Hans Voolmaa,55
619516,Marje Joalaid,Marje Joalaid,114
619516,Hans Voolmaa,Hans Voolmaa,55
619517,Marje Joalaid,Marje Joalaid,114
619517,Hans Voolmaa,Hans Voolmaa,55
619518,Marje Joalaid,Marje Joalaid,114
619518,Hans Voolmaa,Hans Voolmaa,55
619519,Marje Joalaid,Marje Joalaid,114
619519,Hans Voolmaa,Hans Voolmaa,55
619520,Marje Joalaid,Marje Joalaid,114
619520,Hans Voolmaa,Hans Voolmaa,55
619521,Marje Joalaid,Marje Joalaid,114
619521,Hans Voolmaa,Hans Voolmaa,55
619522,Marje Joalaid,Marje Joalaid,114
619522,Hans Voolmaa,Hans Voolmaa,55
619523,Marje Joalaid,Marje Joalaid,114
619523,Hans Voolmaa,Hans Voolmaa,55
619524,Marje Joalaid,Marje Joalaid,114
619524,Hans Voolmaa,Hans Voolmaa,55
619525,Marje Joalaid,Marje Joalaid,114
619525,Hans Voolmaa,Hans Voolmaa,55
619526,Marje Joalaid,Marje Joalaid,114
619526,Hans Voolmaa,Hans Voolmaa,55
619527,Marje Joalaid,Marje Joalaid,114
619527,Hans Voolmaa,Hans Voolmaa,55
619528,Marje Joalaid,Marje Joalaid,114
619528,Hans Voolmaa,Hans Voolmaa,55
619529,Marje Joalaid,Marje Joalaid,114
619529,Hans Voolmaa,Hans Voolmaa,55
619530,Marje Joalaid,Marje Joalaid,114
619530,Hans Voolmaa,Hans Voolmaa,55
619531,Marje Joalaid,Marje Joalaid,114
619531,Hans Voolmaa,Hans Voolmaa,55
619532,Marje Joalaid,Marje Joalaid,114
619532,Hans Voolmaa,Hans Voolmaa,55
619544,Aleksei Peterson,Aleksei Peterson,17
619544,Aado Lintrop,Aado Lintrop,7
619544,Jüri Karm,Jüri Karm,71
619544,Lembit Lepp,Lembit Lepp,97
619544,Kaido Kama,Kaido Kama,80
619544,Heiki Pärdi,Heiki Pärdi,56
619545,Aleksei Peterson,Aleksei Peterson,17
619545,Aado Lintrop,Aado Lintrop,7
619545,Jüri Karm,Jüri Karm,71
619545,Lembit Lepp,Lembit Lepp,97
619545,Kaido Kama,Kaido Kama,80
619545,Heiki Pärdi,Heiki Pärdi,56
619546,Aleksei Peterson,Aleksei Peterson,17
619546,Aado Lintrop,Aado Lintrop,7
619546,Jüri Karm,Jüri Karm,71
619546,Lembit Lepp,Lembit Lepp,97
619546,Kaido Kama,Kaido Kama,80
619546,Heiki Pärdi,Heiki Pärdi,56
619547,Aleksei Peterson,Aleksei Peterson,17
619547,Aado Lintrop,Aado Lintrop,7
619547,Jüri Karm,Jüri Karm,71
619547,Lembit Lepp,Lembit Lepp,97
619547,Kaido Kama,Kaido Kama,80
619547,Heiki Pärdi,Heiki Pärdi,56
619548,Aleksei Peterson,Aleksei Peterson,17
619548,Aado Lintrop,Aado Lintrop,7
619548,Jüri Karm,Jüri Karm,71
619548,Lembit Lepp,Lembit Lepp,97
619548,Kaido Kama,Kaido Kama,80
619548,Heiki Pärdi,Heiki Pärdi,56
619549,Aleksei Peterson,Aleksei Peterson,17
619549,Aado Lintrop,Aado Lintrop,7
619549,Jüri Karm,Jüri Karm,71
619549,Lembit Lepp,Lembit Lepp,97
619549,Kaido Kama,Kaido Kama,80
619549,Heiki Pärdi,Heiki Pärdi,56
619550,Aleksei Peterson,Aleksei Peterson,17
619550,Aado Lintrop,Aado Lintrop,7
619550,Jüri Karm,Jüri Karm,71
619550,Lembit Lepp,Lembit Lepp,97
619550,Kaido Kama,Kaido Kama,80
619550,Heiki Pärdi,Heiki Pärdi,56
619551,Aleksei Peterson,Aleksei Peterson,17
619551,Aado Lintrop,Aado Lintrop,7
619551,Jüri Karm,Jüri Karm,71
619551,Lembit Lepp,Lembit Lepp,97
619551,Kaido Kama,Kaido Kama,80
619551,Heiki Pärdi,Heiki Pärdi,56
619552,A. Peterson,Aleksei Peterson,6
619553,A. Peterson,Aleksei Peterson,6
619554,A. Peterson,Aleksei Peterson,6
619555,A. Peterson,Aleksei Peterson,6
619556,A. Peterson,Aleksei Peterson,6
619557,Aleksei Peterson,Aleksei Peterson,17
619558,Aleksei Peterson,Aleksei Peterson,17
619559,A. Peterson,Aleksei Peterson,6
619560,A. Peterson,Aleksei Peterson,6
619561,A. Peterson,Aleksei Peterson,6
619562,A. Peterson,Aleksei Peterson,6
619563,A. Peterson,Aleksei Peterson,6
619564,A. Peterson,Aleksei Peterson,6
619565,A. Peterson,Aleksei Peterson,6
619566,A. Peterson,Aleksei Peterson,6
619567,A. Peterson,Aleksei Peterson,6
619568,A. Peterson,Aleksei Peterson,6
619569,A. Peterson,Aleksei Peterson,6
619570,Aleksei Peterson,Aleksei Peterson,17
619571,Aleksei Peterson,Aleksei Peterson,17
619572,Aleksei Peterson,Aleksei Peterson,17
619573,Aleksei Peterson,Aleksei Peterson,17
619574,Aleksei Peterson,Aleksei Peterson,17
619575,Aleksei Peterson,Aleksei Peterson,17
619576,Aleksei Peterson,Aleksei Peterson,17
619577,Aleksei Peterson,Aleksei Peterson,17
619578,Aleksei Peterson,Aleksei Peterson,17
619579,Aleksei Peterson,Aleksei Peterson,17
619580,Aleksei Peterson,Aleksei Peterson,17
619581,Aleksei Peterson,Aleksei Peterson,17
619582,Aleksei Peterson,Aleksei Peterson,17
619583,Aleksei Peterson,Aleksei Peterson,17
619584,Aleksei Peterson,Aleksei Peterson,17
619585,Aleksei Peterson,Aleksei Peterson,17
619586,Aleksei Peterson,Aleksei Peterson,17
619587,Aleksei Peterson,Aleksei Peterson,17
619588,Aleksei Peterson,Aleksei Peterson,17
619589,Aleksei Peterson,Aleksei Peterson,17
619590,Aleksei Peterson,Aleksei Peterson,17
619591,Aleksei Peterson,Aleksei Peterson,17
619592,Aleksei Peterson,Aleksei Peterson,17
619593,Aleksei Peterson,Aleksei Peterson,17
619594,Aleksei Peterson,Aleksei Peterson,17
619595,Aleksei Peterson,Aleksei Peterson,17
619596,Aleksei Peterson,Aleksei Peterson,17
619597,Aleksei Peterson,Aleksei Peterson,17
619598,Aleksei Peterson,Aleksei Peterson,17
619599,Aleksei Peterson,Aleksei Peterson,17
619600,Aleksei Peterson,Aleksei Peterson,17
619601,Aleksei Peterson,Aleksei Peterson,17
619602,Aleksei Peterson,Aleksei Peterson,17
619603,Aleksei Peterson,Aleksei Peterson,17
619604,Aleksei Peterson,Aleksei Peterson,17
619605,Aleksei Peterson,Aleksei Peterson,17
619606,Aleksei Peterson,Aleksei Peterson,17
619607,Aleksei Peterson,Aleksei Peterson,17
619608,Aleksei Peterson,Aleksei Peterson,17
619609,Aleksei Peterson,Aleksei Peterson,17
619610,Aleksei Peterson,Aleksei Peterson,17
619611,Aleksei Peterson,Aleksei Peterson,17
619612,Aleksei Peterson,Aleksei Peterson,17
619613,Aleksei Peterson,Aleksei Peterson,17
619614,Aleksei Peterson,Aleksei Peterson,17
619615,Aleksei Peterson,Aleksei Peterson,17
619616,Aleksei Peterson,Aleksei Peterson,17
619617,Aleksei Peterson,Aleksei Peterson,17
619618,Aleksei Peterson,Aleksei Peterson,17
619619,Aleksei Peterson,Aleksei Peterson,17
619620,Aleksei Peterson,Aleksei Peterson,17
619621,Aleksei Peterson,Aleksei Peterson,17
619622,Aleksei Peterson,Aleksei Peterson,17
619623,Aleksei Peterson,Aleksei Peterson,17
619624,Aleksei Peterson,Aleksei Peterson,17
619625,Aleksei Peterson,Aleksei Peterson,17
619626,Aleksei Peterson,Aleksei Peterson,17
619627,Aleksei Peterson,Aleksei Peterson,17
619628,Aleksei Peterson,Aleksei Peterson,17
619629,Aleksei Peterson,Aleksei Peterson,17
619630,Juta Reio,Juta Reio,70
619630,Uuno Ojala,Uuno Ojala,161
619631,Juta Reio,Juta Reio,70
619631,Uuno Ojala,Uuno Ojala,161
619632,Juta Reio,Juta Reio,70
619632,Uuno Ojala,Uuno Ojala,161
619633,Juta Reio,Juta Reio,70
619633,Uuno Ojala,Uuno Ojala,161
619634,Juta Reio,Juta Reio,70
619634,Uuno Ojala,Uuno Ojala,161
619635,Juta Reio,Juta Reio,70
619635,Uuno Ojala,Uuno Ojala,161
619636,Juta Reio,Juta Reio,70
619636,Uuno Ojala,Uuno Ojala,161
619637,Juta Reio,Juta Reio,70
619637,Uuno Ojala,Uuno Ojala,161
619638,Juta Reio,Juta Reio,70
619638,Uuno Ojala,Uuno Ojala,161
619639,Juta Reio,Juta Reio,70
619639,Uuno Ojala,Uuno Ojala,161
619640,Juta Reio,Juta Reio,70
619640,Uuno Ojala,Uuno Ojala,161
619641,Juta Reio,Juta Reio,70
619641,Uuno Ojala,Uuno Ojala,161
619642,Juta Reio,Juta Reio,70
619642,Uuno Ojala,Uuno Ojala,161
619643,Juta Reio,Juta Reio,70
619643,Uuno Ojala,Uuno Ojala,161
619644,Juta Reio,Juta Reio,70
619644,Uuno Ojala,Uuno Ojala,161
619645,Juta Reio,Juta Reio,70
619645,Uuno Ojala,Uuno Ojala,161
619646,Juta Reio,Juta Reio,70
619646,Uuno Ojala,Uuno Ojala,161
619647,Juta Reio,Juta Reio,70
619647,Uuno Ojala,Uuno Ojala,161
619648,Juta Reio,Juta Reio,70
619648,Uuno Ojala,Uuno Ojala,161
619649,Juta Reio,Juta Reio,70
619649,Uuno Ojala,Uuno Ojala,161
619650,Juta Reio,Juta Reio,70
619650,Uuno Ojala,Uuno Ojala,161
619651,Juta Reio,Juta Reio,70
619651,Uuno Ojala,Uuno Ojala,161
619652,Juta Reio,Juta Reio,70
619652,Uuno Ojala,Uuno Ojala,161
619762,Liidia Kitkajeva,Liidia Kitkajeva,99
619764,Liidia Kitkajeva,Liidia Kitkajeva,99
619765,Liidia Kitkajeva,Liidia Kitkajeva,99
619767,Liidia Kitkajeva,Liidia Kitkajeva,99
619769,Liidia Kitkajeva,Liidia Kitkajeva,99
619770,Liidia Kitkajeva,Liidia Kitkajeva,99
619771,Liidia Kitkajeva,Liidia Kitkajeva,99
619773,Liidia Kitkajeva,Liidia Kitkajeva,99
619774,Liidia Kitkajeva,Liidia Kitkajeva,99
619775,Liidia Kitkajeva,Liidia Kitkajeva,99
619776,Liidia Kitkajeva,Liidia Kitkajeva,99
619777,Mare Piho,Mare Piho,109
619777,Marika Mikkor,Marika Mikkor,113
619778,Mare Piho,Mare Piho,109
619778,Marika Mikkor,Marika Mikkor,113
619779,Mare Piho,Mare Piho,109
619779,Marika Mikkor,Marika Mikkor,113
619780,Mare Piho,Mare Piho,109
619780,Marika Mikkor,Marika Mikkor,113
619782,Mare Piho,Mare Piho,109
619782,Marika Mikkor,Marika Mikkor,113
619783,Mare Piho,Mare Piho,109
619783,Marika Mikkor,Marika Mikkor,113
619784,Mare Piho,Mare Piho,109
619784,Marika Mikkor,Marika Mikkor,113
619785,Mare Piho,Mare Piho,109
619785,Marika Mikkor,Marika Mikkor,113
619786,Mare Piho,Mare Piho,109
619786,Marika Mikkor,Marika Mikkor,113
619787,Mare Piho,Mare Piho,109
619787,Marika Mikkor,Marika Mikkor,113
619788,Mare Piho,Mare Piho,109
619788,Marika Mikkor,Marika Mikkor,113
619790,Mare Piho,Mare Piho,109
619790,Marika Mikkor,Marika Mikkor,113
619791,Mare Piho,Mare Piho,109
619791,Marika Mikkor,Marika Mikkor,113
619793,Mare Piho,Mare Piho,109
619793,Marika Mikkor,Marika Mikkor,113
619794,Mare Piho,Mare Piho,109
619794,Marika Mikkor,Marika Mikkor,113
619796,Mare Piho,Mare Piho,109
619796,Marika Mikkor,Marika Mikkor,113
619797,Mare Piho,Mare Piho,109
619797,Marika Mikkor,Marika Mikkor,113
619798,Mare Piho,Mare Piho,109
619798,Marika Mikkor,Marika Mikkor,113
619799,Mare Piho,Mare Piho,109
619799,Marika Mikkor,Marika Mikkor,113
619800,Mare Piho,Mare Piho,109
619800,Marika Mikkor,Marika Mikkor,113
619802,Mare Piho,Mare Piho,109
619802,Marika Mikkor,Marika Mikkor,113
619803,Mare Piho,Mare Piho,109
619803,Marika Mikkor,Marika Mikkor,113
619804,Mare Piho,Mare Piho,109
619804,Marika Mikkor,Marika Mikkor,113
619805,Mare Piho,Mare Piho,109
619805,Marika Mikkor,Marika Mikkor,113
619806,Mare Piho,Mare Piho,109
619806,Marika Mikkor,Marika Mikkor,113
619807,Mare Piho,Mare Piho,109
619807,Marika Mikkor,Marika Mikkor,113
619808,Mare Piho,Mare Piho,109
619808,Marika Mikkor,Marika Mikkor,113
619810,Mare Piho,Mare Piho,109
619810,Marika Mikkor,Marika Mikkor,113
619811,Mare Piho,Mare Piho,109
619811,Marika Mikkor,Marika Mikkor,113
619812,Mare Piho,Mare Piho,109
619812,Marika Mikkor,Marika Mikkor,113
619813,Mare Piho,Mare Piho,109
619813,Marika Mikkor,Marika Mikkor,113
619814,Mare Piho,Mare Piho,109
619814,Marika Mikkor,Marika Mikkor,113
619815,Mare Piho,Mare Piho,109
619815,Marika Mikkor,Marika Mikkor,113
619816,Mare Piho,Mare Piho,109
619816,Marika Mikkor,Marika Mikkor,113
619817,Mare Piho,Mare Piho,109
619817,Marika Mikkor,Marika Mikkor,113
619818,Mare Piho,Mare Piho,109
619818,Marika Mikkor,Marika Mikkor,113
619819,Mare Piho,Mare Piho,109
619819,Marika Mikkor,Marika Mikkor,113
619822,Mare Piho,Mare Piho,109
619822,Marika Mikkor,Marika Mikkor,113
619827,Tiia Peedumäe,Tiia (Peedumäe) Litorell,152
619829,Tiia Peedumäe,Tiia (Peedumäe) Litorell,152
619830,Tiia Peedumäe,Tiia (Peedumäe) Litorell,152
619831,Tiia Peedumäe,Tiia (Peedumäe) Litorell,152
619832,Tiia Peedumäe,Tiia (Peedumäe) Litorell,152
619834,Tiia Peedumäe,Tiia (Peedumäe) Litorell,152
619835,Tiia Peedumäe,Tiia (Peedumäe) Litorell,152
619836,Tiia Peedumäe,Tiia (Peedumäe) Litorell,152
619837,Tiia Peedumäe,Tiia (Peedumäe) Litorell,152
619838,Tiia Peedumäe,Tiia (Peedumäe) Litorell,152
619839,Tiia Peedumäe,Tiia (Peedumäe) Litorell,152
619840,Tiia Peedumäe,Tiia (Peedumäe) Litorell,152
619841,Tiia Peedumäe,Tiia (Peedumäe) Litorell,152
619842,Tiia Peedumäe,Tiia (Peedumäe) Litorell,152
619844,Tiia Peedumäe,Tiia (Peedumäe) Litorell,152
619845,Tiia Peedumäe,Tiia (Peedumäe) Litorell,152
619846,Tiia Peedumäe,Tiia (Peedumäe) Litorell,152
619848,Tiia Peedumäe,Tiia (Peedumäe) Litorell,152
619849,Tiia Peedumäe,Tiia (Peedumäe) Litorell,152
619850,Tiia Peedumäe,Tiia (Peedumäe) Litorell,152
619851,Tiia Peedumäe,Tiia (Peedumäe) Litorell,152
619852,Tiia Peedumäe,Tiia (Peedumäe) Litorell,152
619853,Tiia Peedumäe,Tiia (Peedumäe) Litorell,152
619855,Tiia Peedumäe,Tiia (Peedumäe) Litorell,152
619856,Tiia Peedumäe,Tiia (Peedumäe) Litorell,152
619857,Tiia Peedumäe,Tiia (Peedumäe) Litorell,152
619858,Tiia Peedumäe,Tiia (Peedumäe) Litorell,152
619859,Tiia Litorell,Tiia (Peedumäe) Litorell,152
619860,Tiia Litorell,Tiia (Peedumäe) Litorell,152
619861,Tiia Litorell,Tiia (Peedumäe) Litorell,152
619862,Tiia Litorell,Tiia (Peedumäe) Litorell,152
619864,Tiia Peedumäe,Tiia (Peedumäe) Litorell,152
619865,Jüri Linnus,Jüri Linnus,73
619865,Mati Ruljand,Mati Ruljand,118
619866,Jüri Linnus,Jüri Linnus,73
619866,Mati Ruljand,Mati Ruljand,118
619867,Jüri Linnus,Jüri Linnus,73
619867,Mati Ruljand,Mati Ruljand,118
619868,Jüri Linnus,Jüri Linnus,73
619868,Mati Ruljand,Mati Ruljand,118
619869,Jüri Linnus,Jüri Linnus,73
619869,Mati Ruljand,Mati Ruljand,118
619870,Jüri Linnus,Jüri Linnus,73
619870,Mati Ruljand,Mati Ruljand,118
619871,Jüri Linnus,Jüri Linnus,73
619871,Mati Ruljand,Mati Ruljand,118
619872,Jüri Linnus,Jüri Linnus,73
619872,Mati Ruljand,Mati Ruljand,118
619873,Jüri Linnus,Jüri Linnus,73
619873,Mati Ruljand,Mati Ruljand,118
619874,Jüri Linnus,Jüri Linnus,73
619874,Mati Ruljand,Mati Ruljand,118
619875,Jüri Linnus,Jüri Linnus,73
619875,Mati Ruljand,Mati Ruljand,118
619876,Jüri Linnus,Jüri Linnus,73
619876,Mati Ruljand,Mati Ruljand,118
619877,Jüri Linnus,Jüri Linnus,73
619877,Mati Ruljand,Mati Ruljand,118
619878,Jüri Linnus,Jüri Linnus,73
619878,Mati Ruljand,Mati Ruljand,118
619879,Jüri Linnus,Jüri Linnus,73
619879,Mati Ruljand,Mati Ruljand,118
619880,Jüri Linnus,Jüri Linnus,73
619880,Mati Ruljand,Mati Ruljand,118
619881,Jüri Linnus,Jüri Linnus,73
619881,Mati Ruljand,Mati Ruljand,118
619882,Jüri Linnus,Jüri Linnus,73
619882,Mati Ruljand,Mati Ruljand,118
619883,Jüri Linnus,Jüri Linnus,73
619883,Mati Ruljand,Mati Ruljand,118
619884,Jüri Linnus,Jüri Linnus,73
619884,Mati Ruljand,Mati Ruljand,118
619885,Jüri Linnus,Jüri Linnus,73
619885,Mati Ruljand,Mati Ruljand,118
619886,Jüri Linnus,Jüri Linnus,73
619886,Mati Ruljand,Mati Ruljand,118
619887,Jüri Linnus,Jüri Linnus,73
619887,Mati Ruljand,Mati Ruljand,118
619888,Jüri Linnus,Jüri Linnus,73
619888,Mati Ruljand,Mati Ruljand,118
619889,Jüri Linnus,Jüri Linnus,73
619889,Mati Ruljand,Mati Ruljand,118
619890,Jüri Linnus,Jüri Linnus,73
619890,Mati Ruljand,Mati Ruljand,118
619891,Jüri Linnus,Jüri Linnus,73
619891,Mati Ruljand,Mati Ruljand,118
619892,Jüri Linnus,Jüri Linnus,73
619892,Mati Ruljand,Mati Ruljand,118
619893,Jüri Linnus,Jüri Linnus,73
619893,Mati Ruljand,Mati Ruljand,118
619894,Jüri Linnus,Jüri Linnus,73
619894,Mati Ruljand,Mati Ruljand,118
619895,Jüri Linnus,Jüri Linnus,73
619895,Mati Ruljand,Mati Ruljand,118
619896,Jüri Linnus,Jüri Linnus,73
619896,Mati Ruljand,Mati Ruljand,118
619897,Jüri Linnus,Jüri Linnus,73
619897,Mati Ruljand,Mati Ruljand,118
619898,Jüri Linnus,Jüri Linnus,73
619898,Mati Ruljand,Mati Ruljand,118
619899,Jüri Linnus,Jüri Linnus,73
619899,Mati Ruljand,Mati Ruljand,118
619900,Jüri Linnus,Jüri Linnus,73
619900,Mati Ruljand,Mati Ruljand,118
619901,Jüri Linnus,Jüri Linnus,73
619901,Mati Ruljand,Mati Ruljand,118
619902,Jüri Linnus,Jüri Linnus,73
619902,Mati Ruljand,Mati Ruljand,118
619903,Jüri Linnus,Jüri Linnus,73
619903,Mati Ruljand,Mati Ruljand,118
619904,Jüri Linnus,Jüri Linnus,73
619904,Mati Ruljand,Mati Ruljand,118
619905,Jüri Linnus,Jüri Linnus,73
619905,Mati Ruljand,Mati Ruljand,118
619906,Jüri Linnus,Jüri Linnus,73
619906,Mati Ruljand,Mati Ruljand,118
619907,Jüri Linnus,Jüri Linnus,73
619907,Mati Ruljand,Mati Ruljand,118
619908,Jüri Linnus,Jüri Linnus,73
619908,Mati Ruljand,Mati Ruljand,118
619909,Jüri Linnus,Jüri Linnus,73
619909,Mati Ruljand,Mati Ruljand,118
619910,Jüri Linnus,Jüri Linnus,73
619910,Mati Ruljand,Mati Ruljand,118
619911,Jüri Linnus,Jüri Linnus,73
619911,Mati Ruljand,Mati Ruljand,118
619912,Jüri Linnus,Jüri Linnus,73
619912,Mati Ruljand,Mati Ruljand,118
619913,Jüri Linnus,Jüri Linnus,73
619913,Mati Ruljand,Mati Ruljand,118
619914,Jüri Linnus,Jüri Linnus,73
619914,Mati Ruljand,Mati Ruljand,118
619915,Jüri Linnus,Jüri Linnus,73
619915,Mati Ruljand,Mati Ruljand,118
619916,Jüri Linnus,Jüri Linnus,73
619916,Mati Ruljand,Mati Ruljand,118
619917,Ülo Maaring,Ülo Maaring,172
619918,Ülo Maaring,Ülo Maaring,172
619919,Ülo Maaring,Ülo Maaring,172
619920,Ülo Maaring,Ülo Maaring,172
619921,Ülo Maaring,Ülo Maaring,172
619922,Ülo Maaring,Ülo Maaring,172
619923,Ülo Maaring,Ülo Maaring,172
619924,Ülo Maaring,Ülo Maaring,172
619925,Ülo Maaring,Ülo Maaring,172
619926,Ülo Maaring,Ülo Maaring,172
619927,Ülo Maaring,Ülo Maaring,172
619937,Edgar Saar,Edgar Saar,33
619938,Edgar Saar,Edgar Saar,33
619939,Edgar Saar,Edgar Saar,33
619940,Edgar Saar,Edgar Saar,33
619941,Edgar Saar,Edgar Saar,33
619942,Edgar Saar,Edgar Saar,33
619942,Heno Sarv,Heno Sarv,58
619943,Edgar Saar,Edgar Saar,33
619944,Edgar Saar,Edgar Saar,33
619945,Edgar Saar,Edgar Saar,33
619946,Edgar Saar,Edgar Saar,33
619947,Edgar Saar,Edgar Saar,33
619950,Edgar Saar,Edgar Saar,33
619951,Edgar Saar,Edgar Saar,33
619951,Heno Sarv,Heno Sarv,58
619952,Edgar Saar,Edgar Saar,33
619952,Heno Sarv,Heno Sarv,58
619953,Edgar Saar,Edgar Saar,33
619953,Heno Sarv,Heno Sarv,58
619954,Edgar Saar,Edgar Saar,33
619955,Edgar Saar,Edgar Saar,33
619956,Edgar Saar,Edgar Saar,33
619957,Edgar Saar,Edgar Saar,33
619958,Edgar Saar,Edgar Saar,33
619959,Edgar Saar,Edgar Saar,33
619960,Edgar Saar,Edgar Saar,33
619961,Edgar Saar,Edgar Saar,33
619962,Edgar Saar,Edgar Saar,33
619963,Edgar Saar,Edgar Saar,33
619964,Edgar Saar,Edgar Saar,33
619965,Edgar Saar,Edgar Saar,33
619966,Edgar Saar,Edgar Saar,33
619967,Edgar Saar,Edgar Saar,33
619968,Edgar Saar,Edgar Saar,33
619969,Edgar Saar,Edgar Saar,33
619970,Edgar Saar,Edgar Saar,33
619971,Edgar Saar,Edgar Saar,33
619972,Edgar Saar,Edgar Saar,33
619973,Edgar Saar,Edgar Saar,33
619974,Edgar Saar,Edgar Saar,33
619975,Edgar Saar,Edgar Saar,33
619976,Edgar Saar,Edgar Saar,33
619977,Edgar Saar,Edgar Saar,33
619978,Edgar Saar,Edgar Saar,33
619979,Ülo Maaring,Ülo Maaring,172
619980,Ülo Maaring,Ülo Maaring,172
619981,Ülo Maaring,Ülo Maaring,172
619982,Ülo Maaring,Ülo Maaring,172
619983,Ülo Maaring,Ülo Maaring,172
619984,Ülo Maaring,Ülo Maaring,172
619985,Ülo Maaring,Ülo Maaring,172
619986,Ülo Maaring,Ülo Maaring,172
619987,Ülo Maaring,Ülo Maaring,172
619988,Ülo Maaring,Ülo Maaring,172
619989,Ülo Maaring,Ülo Maaring,172
619990,Ülo Maaring,Ülo Maaring,172
619991,Ülo Maaring,Ülo Maaring,172
619992,Ülo Maaring,Ülo Maaring,172
619993,Ülo Maaring,Ülo Maaring,172
619994,Ülo Maaring,Ülo Maaring,172
619995,Ülo Maaring,Ülo Maaring,172
619996,Ülo Maaring,Ülo Maaring,172
619997,Ülo Maaring,Ülo Maaring,172
619998,Ülo Maaring,Ülo Maaring,172
619999,Ülo Maaring,Ülo Maaring,172
620000,Ülo Maaring,Ülo Maaring,172
620001,Ülo Maaring,Ülo Maaring,172
620002,Ülo Maaring,Ülo Maaring,172
620003,Ülo Maaring,Ülo Maaring,172
620004,Ülo Maaring,Ülo Maaring,172
620005,Ülo Maaring,Ülo Maaring,172
620006,Ülo Maaring,Ülo Maaring,172
620007,Ülo Maaring,Ülo Maaring,172
620008,Ülo Maaring,Ülo Maaring,172
620010,Jüri Linnus,Jüri Linnus,73
620010,Tanel Linnus,Tanel Linnus,149
620010,Lembit Lepp,Lembit Lepp,97
620011,Jüri Linnus,Jüri Linnus,73
620011,Tanel Linnus,Tanel Linnus,149
620011,Lembit Lepp,Lembit Lepp,97
620012,Jüri Linnus,Jüri Linnus,73
620012,Tanel Linnus,Tanel Linnus,149
620012,Lembit Lepp,Lembit Lepp,97
620013,Jüri Linnus,Jüri Linnus,73
620013,Tanel Linnus,Tanel Linnus,149
620013,Lembit Lepp,Lembit Lepp,97
620014,Jüri Linnus,Jüri Linnus,73
620014,Tanel Linnus,Tanel Linnus,149
620014,Lembit Lepp,Lembit Lepp,97
620015,Jüri Linnus,Jüri Linnus,73
620015,Tanel Linnus,Tanel Linnus,149
620016,Jüri Linnus,Jüri Linnus,73
620016,Tanel Linnus,Tanel Linnus,149
620039,Aleksei Peterson,Aleksei Peterson,17
620039,Ester Suurpere,Ester Suurpere,46
620040,Aleksei Peterson,Aleksei Peterson,17
620040,Ester Suurpere,Ester Suurpere,46
620041,Aleksei Peterson,Aleksei Peterson,17
620041,Ester Suurpere,Ester Suurpere,46
620042,Aleksei Peterson,Aleksei Peterson,17
620042,Ester Suurpere,Ester Suurpere,46
620043,Aleksei Peterson,Aleksei Peterson,17
620043,Ester Suurpere,Ester Suurpere,46
620044,Aleksei Peterson,Aleksei Peterson,17
620044,Ester Suurpere,Ester Suurpere,46
620045,Aleksei Peterson,Aleksei Peterson,17
620045,Ester Suurpere,Ester Suurpere,46
620046,Aleksei Peterson,Aleksei Peterson,17
620046,Ester Suurpere,Ester Suurpere,46
620047,Aleksei Peterson,Aleksei Peterson,17
620047,Ester Suurpere,Ester Suurpere,46
620048,Aleksei Peterson,Aleksei Peterson,17
620048,Ester Suurpere,Ester Suurpere,46
620049,Aleksei Peterson,Aleksei Peterson,17
620049,Ester Suurpere,Ester Suurpere,46
620050,Aleksei Peterson,Aleksei Peterson,17
620050,Ester Suurpere,Ester Suurpere,46
620051,Aleksei Peterson,Aleksei Peterson,17
620051,Ester Suurpere,Ester Suurpere,46
620052,Aleksei Peterson,Aleksei Peterson,17
620052,Ester Suurpere,Ester Suurpere,46
620053,Aleksei Peterson,Aleksei Peterson,17
620053,Ester Suurpere,Ester Suurpere,46
620054,Aleksei Peterson,Aleksei Peterson,17
620054,Ester Suurpere,Ester Suurpere,46
620055,Aleksei Peterson,Aleksei Peterson,17
620055,Ester Suurpere,Ester Suurpere,46
620056,Aleksei Peterson,Aleksei Peterson,17
620056,Ester Suurpere,Ester Suurpere,46
620057,Aleksei Peterson,Aleksei Peterson,17
620057,Ester Suurpere,Ester Suurpere,46
620058,Aleksei Peterson,Aleksei Peterson,17
620058,Ester Suurpere,Ester Suurpere,46
620059,Aleksei Peterson,Aleksei Peterson,17
620059,Ester Suurpere,Ester Suurpere,46
620060,Aleksei Peterson,Aleksei Peterson,17
620060,Ester Suurpere,Ester Suurpere,46
620061,Aleksei Peterson,Aleksei Peterson,17
620061,Ester Suurpere,Ester Suurpere,46
620062,Aleksei Peterson,Aleksei Peterson,17
620063,A. Peterson,Aleksei Peterson,6
620064,A. Peterson,Aleksei Peterson,6
620065,A. Peterson,Aleksei Peterson,6
620066,A. Peterson,Aleksei Peterson,6
620067,Aleksei Peterson,Aleksei Peterson,17
620068,A. Peterson,Aleksei Peterson,6
620069,Aleksei Peterson,Aleksei Peterson,17
620070,Aleksei Peterson,Aleksei Peterson,17
620071,A. Peterson,Aleksei Peterson,6
620072,A. Peterson,Aleksei Peterson,6
620073,A. Peterson,Aleksei Peterson,6
620074,A. Peterson,Aleksei Peterson,6
620075,A. Peterson,Aleksei Peterson,6
620076,A. Peterson,Aleksei Peterson,6
620077,A. Peterson,Aleksei Peterson,6
620083,Vaike Reemann,Vaike Reemann,162
620084,Vaike Reemann,Vaike Reemann,162
620085,Vaike Reemann,Vaike Reemann,162
620086,Vaike Reemann,Vaike Reemann,162
620087,Vaike Reemann,Vaike Reemann,162
620088,Vaike Reemann,Vaike Reemann,162
620089,Vaike Reemann,Vaike Reemann,162
620090,Aleksei Peterson,Aleksei Peterson,17
620090,Aado Lintrop,Aado Lintrop,7
620090,Jüri Karm,Jüri Karm,71
620090,Lembit Lepp,Lembit Lepp,97
620090,Kaido Kama,Kaido Kama,80
620090,Heiki Pärdi,Heiki Pärdi,56
620091,Aleksei Peterson,Aleksei Peterson,17
620091,Aado Lintrop,Aado Lintrop,7
620091,Jüri Karm,Jüri Karm,71
620091,Lembit Lepp,Lembit Lepp,97
620091,Kaido Kama,Kaido Kama,80
620091,Heiki Pärdi,Heiki Pärdi,56
620092,Aleksei Peterson,Aleksei Peterson,17
620092,Aado Lintrop,Aado Lintrop,7
620092,Jüri Karm,Jüri Karm,71
620092,Lembit Lepp,Lembit Lepp,97
620092,Kaido Kama,Kaido Kama,80
620092,Heiki Pärdi,Heiki Pärdi,56
620093,Aleksei Peterson,Aleksei Peterson,17
620093,Aado Lintrop,Aado Lintrop,7
620093,Jüri Karm,Jüri Karm,71
620093,Lembit Lepp,Lembit Lepp,97
620093,Kaido Kama,Kaido Kama,80
620093,Heiki Pärdi,Heiki Pärdi,56
620094,Aleksei Peterson,Aleksei Peterson,17
620094,Aado Lintrop,Aado Lintrop,7
620094,Jüri Karm,Jüri Karm,71
620094,Lembit Lepp,Lembit Lepp,97
620094,Kaido Kama,Kaido Kama,80
620094,Heiki Pärdi,Heiki Pärdi,56
620095,Aleksei Peterson,Aleksei Peterson,17
620095,Aado Lintrop,Aado Lintrop,7
620095,Jüri Karm,Jüri Karm,71
620095,Lembit Lepp,Lembit Lepp,97
620095,Kaido Kama,Kaido Kama,80
620095,Heiki Pärdi,Heiki Pärdi,56
620096,Aleksei Peterson,Aleksei Peterson,17
620096,Aado Lintrop,Aado Lintrop,7
620096,Jüri Karm,Jüri Karm,71
620096,Lembit Lepp,Lembit Lepp,97
620096,Kaido Kama,Kaido Kama,80
620096,Heiki Pärdi,Heiki Pärdi,56
620097,Aleksei Peterson,Aleksei Peterson,17
620097,Aado Lintrop,Aado Lintrop,7
620097,Jüri Karm,Jüri Karm,71
620097,Lembit Lepp,Lembit Lepp,97
620097,Kaido Kama,Kaido Kama,80
620097,Heiki Pärdi,Heiki Pärdi,56
620098,Aleksei Peterson,Aleksei Peterson,17
620098,Aado Lintrop,Aado Lintrop,7
620098,Jüri Karm,Jüri Karm,71
620098,Lembit Lepp,Lembit Lepp,97
620098,Kaido Kama,Kaido Kama,80
620098,Heiki Pärdi,Heiki Pärdi,56
620099,Aleksei Peterson,Aleksei Peterson,17
620099,Aado Lintrop,Aado Lintrop,7
620099,Jüri Karm,Jüri Karm,71
620099,Lembit Lepp,Lembit Lepp,97
620099,Kaido Kama,Kaido Kama,80
620099,Heiki Pärdi,Heiki Pärdi,56
620100,Aleksei Peterson,Aleksei Peterson,17
620100,Aado Lintrop,Aado Lintrop,7
620100,Jüri Karm,Jüri Karm,71
620100,Lembit Lepp,Lembit Lepp,97
620100,Kaido Kama,Kaido Kama,80
620100,Heiki Pärdi,Heiki Pärdi,56
620101,Aleksei Peterson,Aleksei Peterson,17
620101,Aado Lintrop,Aado Lintrop,7
620101,Jüri Karm,Jüri Karm,71
620101,Lembit Lepp,Lembit Lepp,97
620101,Kaido Kama,Kaido Kama,80
620101,Heiki Pärdi,Heiki Pärdi,56
620102,Aleksei Peterson,Aleksei Peterson,17
620102,Aado Lintrop,Aado Lintrop,7
620102,Jüri Karm,Jüri Karm,71
620102,Lembit Lepp,Lembit Lepp,97
620102,Kaido Kama,Kaido Kama,80
620102,Heiki Pärdi,Heiki Pärdi,56
620103,Aleksei Peterson,Aleksei Peterson,17
620103,Aado Lintrop,Aado Lintrop,7
620103,Jüri Karm,Jüri Karm,71
620103,Lembit Lepp,Lembit Lepp,97
620103,Kaido Kama,Kaido Kama,80
620103,Heiki Pärdi,Heiki Pärdi,56
620104,Aleksei Peterson,Aleksei Peterson,17
620104,Aado Lintrop,Aado Lintrop,7
620104,Jüri Karm,Jüri Karm,71
620104,Lembit Lepp,Lembit Lepp,97
620104,Kaido Kama,Kaido Kama,80
620104,Heiki Pärdi,Heiki Pärdi,56
620105,A. Peterson,Aleksei Peterson,6
620105,A. Lintrop,Aado Lintrop,4
620105,J. Karm,Jüri Karm,66
620105,L. Lepp,Lembit Lepp,90
620105,K. Kama,Kaido Kama,75
620105,H. Pärdi,Heiki Pärdi,53
620105,P. Õunapuu,Piret Õunapuu,126
620106,A. Peterson,Aleksei Peterson,6
620106,A. Lintrop,Aado Lintrop,4
620106,J. Karm,Jüri Karm,66
620106,L. Lepp,Lembit Lepp,90
620106,K. Kama,Kaido Kama,75
620106,H. Pärdi,Heiki Pärdi,53
620106,P. Õunapuu,Piret Õunapuu,126
620107,Aleksei Peterson,Aleksei Peterson,17
620107,Aado Lintrop,Aado Lintrop,7
620107,Jüri Karm,Jüri Karm,71
620107,Lembit Lepp,Lembit Lepp,97
620107,Kaido Kama,Kaido Kama,80
620107,Heiki Pärdi,Heiki Pärdi,56
620108,Aleksei Peterson,Aleksei Peterson,17
620108,Aado Lintrop,Aado Lintrop,7
620108,Jüri Karm,Jüri Karm,71
620108,Lembit Lepp,Lembit Lepp,97
620108,Kaido Kama,Kaido Kama,80
620108,Heiki Pärdi,Heiki Pärdi,56
620109,Aleksei Peterson,Aleksei Peterson,17
620109,Aado Lintrop,Aado Lintrop,7
620109,Jüri Karm,Jüri Karm,71
620109,Lembit Lepp,Lembit Lepp,97
620109,Kaido Kama,Kaido Kama,80
620109,Heiki Pärdi,Heiki Pärdi,56
620110,Aleksei Peterson,Aleksei Peterson,17
620110,Aado Lintrop,Aado Lintrop,7
620110,Jüri Karm,Jüri Karm,71
620110,Lembit Lepp,Lembit Lepp,97
620110,Kaido Kama,Kaido Kama,80
620110,Heiki Pärdi,Heiki Pärdi,56
620111,Aleksei Peterson,Aleksei Peterson,17
620111,Aado Lintrop,Aado Lintrop,7
620111,Jüri Karm,Jüri Karm,71
620111,Lembit Lepp,Lembit Lepp,97
620111,Kaido Kama,Kaido Kama,80
620111,Heiki Pärdi,Heiki Pärdi,56
620112,Aleksei Peterson,Aleksei Peterson,17
620112,Aado Lintrop,Aado Lintrop,7
620112,Jüri Karm,Jüri Karm,71
620112,Lembit Lepp,Lembit Lepp,97
620112,Kaido Kama,Kaido Kama,80
620112,Heiki Pärdi,Heiki Pärdi,56
620113,Aleksei Peterson,Aleksei Peterson,17
620113,Aado Lintrop,Aado Lintrop,7
620113,Jüri Karm,Jüri Karm,71
620113,Lembit Lepp,Lembit Lepp,97
620113,Kaido Kama,Kaido Kama,80
620113,Heiki Pärdi,Heiki Pärdi,56
620114,Aleksei Peterson,Aleksei Peterson,17
620114,Aado Lintrop,Aado Lintrop,7
620114,Jüri Karm,Jüri Karm,71
620114,Lembit Lepp,Lembit Lepp,97
620114,Kaido Kama,Kaido Kama,80
620114,Heiki Pärdi,Heiki Pärdi,56
620115,Aleksei Peterson,Aleksei Peterson,17
620115,Aado Lintrop,Aado Lintrop,7
620115,Jüri Karm,Jüri Karm,71
620115,Lembit Lepp,Lembit Lepp,97
620115,Kaido Kama,Kaido Kama,80
620115,Heiki Pärdi,Heiki Pärdi,56
620116,Aleksei Peterson,Aleksei Peterson,17
620116,Aado Lintrop,Aado Lintrop,7
620116,Jüri Karm,Jüri Karm,71
620116,Lembit Lepp,Lembit Lepp,97
620116,Kaido Kama,Kaido Kama,80
620116,Heiki Pärdi,Heiki Pärdi,56
620117,Aleksei Peterson,Aleksei Peterson,17
620117,Aado Lintrop,Aado Lintrop,7
620117,Jüri Karm,Jüri Karm,71
620117,Lembit Lepp,Lembit Lepp,97
620117,Kaido Kama,Kaido Kama,80
620117,Heiki Pärdi,Heiki Pärdi,56
620118,Aleksei Peterson,Aleksei Peterson,17
620118,Aado Lintrop,Aado Lintrop,7
620118,Jüri Karm,Jüri Karm,71
620118,Lembit Lepp,Lembit Lepp,97
620118,Kaido Kama,Kaido Kama,80
620118,Heiki Pärdi,Heiki Pärdi,56
620119,Aleksei Peterson,Aleksei Peterson,17
620119,Aado Lintrop,Aado Lintrop,7
620119,Jüri Karm,Jüri Karm,71
620119,Lembit Lepp,Lembit Lepp,97
620119,Kaido Kama,Kaido Kama,80
620119,Heiki Pärdi,Heiki Pärdi,56
620120,Aleksei Peterson,Aleksei Peterson,17
620120,Aado Lintrop,Aado Lintrop,7
620120,Jüri Karm,Jüri Karm,71
620120,Lembit Lepp,Lembit Lepp,97
620120,Kaido Kama,Kaido Kama,80
620120,Heiki Pärdi,Heiki Pärdi,56
620121,Aleksei Peterson,Aleksei Peterson,17
620121,Aado Lintrop,Aado Lintrop,7
620121,Jüri Karm,Jüri Karm,71
620121,Lembit Lepp,Lembit Lepp,97
620121,Kaido Kama,Kaido Kama,80
620121,Heiki Pärdi,Heiki Pärdi,56
620122,Aleksei Peterson,Aleksei Peterson,17
620122,Aado Lintrop,Aado Lintrop,7
620122,Jüri Karm,Jüri Karm,71
620122,Lembit Lepp,Lembit Lepp,97
620122,Kaido Kama,Kaido Kama,80
620122,Heiki Pärdi,Heiki Pärdi,56
620123,Aleksei Peterson,Aleksei Peterson,17
620123,Aado Lintrop,Aado Lintrop,7
620123,Jüri Karm,Jüri Karm,71
620123,Lembit Lepp,Lembit Lepp,97
620123,Kaido Kama,Kaido Kama,80
620123,Heiki Pärdi,Heiki Pärdi,56
620124,Aleksei Peterson,Aleksei Peterson,17
620124,Aado Lintrop,Aado Lintrop,7
620124,Jüri Karm,Jüri Karm,71
620124,Lembit Lepp,Lembit Lepp,97
620124,Kaido Kama,Kaido Kama,80
620124,Heiki Pärdi,Heiki Pärdi,56
620125,Aleksei Peterson,Aleksei Peterson,17
620125,Aado Lintrop,Aado Lintrop,7
620125,Jüri Karm,Jüri Karm,71
620125,Lembit Lepp,Lembit Lepp,97
620125,Kaido Kama,Kaido Kama,80
620125,Heiki Pärdi,Heiki Pärdi,56
620126,Aleksei Peterson,Aleksei Peterson,17
620126,Aado Lintrop,Aado Lintrop,7
620126,Jüri Karm,Jüri Karm,71
620126,Lembit Lepp,Lembit Lepp,97
620126,Kaido Kama,Kaido Kama,80
620126,Heiki Pärdi,Heiki Pärdi,56
620127,Aleksei Peterson,Aleksei Peterson,17
620127,Aado Lintrop,Aado Lintrop,7
620127,Jüri Karm,Jüri Karm,71
620127,Lembit Lepp,Lembit Lepp,97
620127,Kaido Kama,Kaido Kama,80
620127,Heiki Pärdi,Heiki Pärdi,56
620128,Aleksei Peterson,Aleksei Peterson,17
620128,Aado Lintrop,Aado Lintrop,7
620128,Jüri Karm,Jüri Karm,71
620128,Lembit Lepp,Lembit Lepp,97
620128,Kaido Kama,Kaido Kama,80
620128,Heiki Pärdi,Heiki Pärdi,56
620129,Aleksei Peterson,Aleksei Peterson,17
620129,Aado Lintrop,Aado Lintrop,7
620129,Jüri Karm,Jüri Karm,71
620129,Lembit Lepp,Lembit Lepp,97
620129,Kaido Kama,Kaido Kama,80
620129,Heiki Pärdi,Heiki Pärdi,56
620130,Aleksei Peterson,Aleksei Peterson,17
620130,Aado Lintrop,Aado Lintrop,7
620130,Jüri Karm,Jüri Karm,71
620130,Lembit Lepp,Lembit Lepp,97
620130,Kaido Kama,Kaido Kama,80
620130,Heiki Pärdi,Heiki Pärdi,56
620131,Aleksei Peterson,Aleksei Peterson,17
620131,Aado Lintrop,Aado Lintrop,7
620131,Jüri Karm,Jüri Karm,71
620131,Lembit Lepp,Lembit Lepp,97
620131,Kaido Kama,Kaido Kama,80
620131,Heiki Pärdi,Heiki Pärdi,56
620132,Aleksei Peterson,Aleksei Peterson,17
620132,Aado Lintrop,Aado Lintrop,7
620132,Jüri Karm,Jüri Karm,71
620132,Lembit Lepp,Lembit Lepp,97
620132,Kaido Kama,Kaido Kama,80
620132,Heiki Pärdi,Heiki Pärdi,56
620133,Aleksei Peterson,Aleksei Peterson,17
620133,Aado Lintrop,Aado Lintrop,7
620133,Jüri Karm,Jüri Karm,71
620133,Lembit Lepp,Lembit Lepp,97
620133,Kaido Kama,Kaido Kama,80
620133,Heiki Pärdi,Heiki Pärdi,56
620134,Aleksei Peterson,Aleksei Peterson,17
620134,Aado Lintrop,Aado Lintrop,7
620134,Jüri Karm,Jüri Karm,71
620134,Lembit Lepp,Lembit Lepp,97
620134,Kaido Kama,Kaido Kama,80
620134,Heiki Pärdi,Heiki Pärdi,56
620135,Aleksei Peterson,Aleksei Peterson,17
620135,Aado Lintrop,Aado Lintrop,7
620135,Jüri Karm,Jüri Karm,71
620135,Lembit Lepp,Lembit Lepp,97
620135,Kaido Kama,Kaido Kama,80
620135,Heiki Pärdi,Heiki Pärdi,56
620136,Aleksei Peterson,Aleksei Peterson,17
620136,Aado Lintrop,Aado Lintrop,7
620136,Jüri Karm,Jüri Karm,71
620136,Lembit Lepp,Lembit Lepp,97
620136,Kaido Kama,Kaido Kama,80
620136,Heiki Pärdi,Heiki Pärdi,56
620137,Aleksei Peterson,Aleksei Peterson,17
620137,Aado Lintrop,Aado Lintrop,7
620137,Jüri Karm,Jüri Karm,71
620137,Lembit Lepp,Lembit Lepp,97
620137,Kaido Kama,Kaido Kama,80
620137,Heiki Pärdi,Heiki Pärdi,56
620138,Aleksei Peterson,Aleksei Peterson,17
620138,Aado Lintrop,Aado Lintrop,7
620138,Jüri Karm,Jüri Karm,71
620138,Lembit Lepp,Lembit Lepp,97
620138,Kaido Kama,Kaido Kama,80
620138,Heiki Pärdi,Heiki Pärdi,56
620139,Aleksei Peterson,Aleksei Peterson,17
620139,Aado Lintrop,Aado Lintrop,7
620139,Jüri Karm,Jüri Karm,71
620139,Lembit Lepp,Lembit Lepp,97
620139,Kaido Kama,Kaido Kama,80
620139,Heiki Pärdi,Heiki Pärdi,56
620140,Aleksei Peterson,Aleksei Peterson,17
620141,Aleksei Peterson,Aleksei Peterson,17
620142,Aleksei Peterson,Aleksei Peterson,17
620143,Aleksei Peterson,Aleksei Peterson,17
620144,Aleksei Peterson,Aleksei Peterson,17
620145,Aleksei Peterson,Aleksei Peterson,17
620146,Aleksei Peterson,Aleksei Peterson,17
620147,Aleksei Peterson,Aleksei Peterson,17
620148,Aleksei Peterson,Aleksei Peterson,17
620149,Aleksei Peterson,Aleksei Peterson,17
620150,Aleksei Peterson,Aleksei Peterson,17
620151,Aleksei Peterson,Aleksei Peterson,17
620152,Aleksei Peterson,Aleksei Peterson,17
620153,Aleksei Peterson,Aleksei Peterson,17
620154,Heno Sarv,Heno Sarv,58
620155,Heno Sarv,Heno Sarv,58
620156,Heno Sarv,Heno Sarv,58
620157,Heno Sarv,Heno Sarv,58
620158,Heno Sarv,Heno Sarv,58
620159,Heno Sarv,Heno Sarv,58
620160,Heno Sarv,Heno Sarv,58
620161,Heno Sarv,Heno Sarv,58
620162,Heno Sarv,Heno Sarv,58
620163,Heno Sarv,Heno Sarv,58
620164,Heno Sarv,Heno Sarv,58
620165,Heno Sarv,Heno Sarv,58
620166,Heno Sarv,Heno Sarv,58
620167,Heno Sarv,Heno Sarv,58
620168,Heno Sarv,Heno Sarv,58
620169,Heno Sarv,Heno Sarv,58
620170,Heno Sarv,Heno Sarv,58
620171,Heno Sarv,Heno Sarv,58
620172,Heno Sarv,Heno Sarv,58
620173,Heno Sarv,Heno Sarv,58
620174,Heno Sarv,Heno Sarv,58
620175,Heno Sarv,Heno Sarv,58
620176,Heno Sarv,Heno Sarv,58
620177,Heno Sarv,Heno Sarv,58
620178,Heno Sarv,Heno Sarv,58
620179,Heno Sarv,Heno Sarv,58
620180,Heno Sarv,Heno Sarv,58
620181,Heno Sarv,Heno Sarv,58
620182,Heno Sarv,Heno Sarv,58
620183,Heno Sarv,Heno Sarv,58
620184,Heno Sarv,Heno Sarv,58
620185,Heno Sarv,Heno Sarv,58
620186,Heno Sarv,Heno Sarv,58
620187,Heno Sarv,Heno Sarv,58
620188,Heno Sarv,Heno Sarv,58
620189,Juta Reio,Juta Reio,70
620189,Uuno Ojala,Uuno Ojala,161
620190,Juta Reio,Juta Reio,70
620190,Uuno Ojala,Uuno Ojala,161
620191,Juta Reio,Juta Reio,70
620191,Uuno Ojala,Uuno Ojala,161
620192,Juta Reio,Juta Reio,70
620192,Uuno Ojala,Uuno Ojala,161
620193,Juta Reio,Juta Reio,70
620193,Uuno Ojala,Uuno Ojala,161
620194,Juta Reio,Juta Reio,70
620194,Uuno Ojala,Uuno Ojala,161
620195,Juta Reio,Juta Reio,70
620195,Uuno Ojala,Uuno Ojala,161
620196,Juta Reio,Juta Reio,70
620196,Uuno Ojala,Uuno Ojala,161
620197,Juta Reio,Juta Reio,70
620197,Uuno Ojala,Uuno Ojala,161
620198,Juta Reio,Juta Reio,70
620198,Uuno Ojala,Uuno Ojala,161
620199,Juta Reio,Juta Reio,70
620199,Uuno Ojala,Uuno Ojala,161
620200,Juta Reio,Juta Reio,70
620200,Uuno Ojala,Uuno Ojala,161
620201,Juta Reio,Juta Reio,70
620201,Uuno Ojala,Uuno Ojala,161
620202,Juta Reio,Juta Reio,70
620202,Uuno Ojala,Uuno Ojala,161
620203,Juta Reio,Juta Reio,70
620203,Uuno Ojala,Uuno Ojala,161
620204,Juta Reio,Juta Reio,70
620204,Uuno Ojala,Uuno Ojala,161
620205,Juta Reio,Juta Reio,70
620205,Uuno Ojala,Uuno Ojala,161
620206,Juta Reio,Juta Reio,70
620206,Uuno Ojala,Uuno Ojala,161
620207,Juta Reio,Juta Reio,70
620207,Uuno Ojala,Uuno Ojala,161
620208,Juta Reio,Juta Reio,70
620208,Uuno Ojala,Uuno Ojala,161
620209,Juta Reio,Juta Reio,70
620209,Uuno Ojala,Uuno Ojala,161
620210,Juta Reio,Juta Reio,70
620210,Uuno Ojala,Uuno Ojala,161
620211,Juta Reio,Juta Reio,70
620211,Uuno Ojala,Uuno Ojala,161
620212,Juta Reio,Juta Reio,70
620212,Uuno Ojala,Uuno Ojala,161
620213,Juta Reio,Juta Reio,70
620213,Uuno Ojala,Uuno Ojala,161
620214,Juta Reio,Juta Reio,70
620214,Uuno Ojala,Uuno Ojala,161
620215,Viktor Danilov,Viktor Danilov,167
620216,Viktor Danilov,Viktor Danilov,167
620217,Viktor Danilov,Viktor Danilov,167
620218,Viktor Danilov,Viktor Danilov,167
620219,Viktor Danilov,Viktor Danilov,167
620220,Viktor Danilov,Viktor Danilov,167
620221,Viktor Danilov,Viktor Danilov,167
620222,Viktor Danilov,Viktor Danilov,167
620223,Viktor Danilov,Viktor Danilov,167
620224,Viktor Danilov,Viktor Danilov,167
620225,Viktor Danilov,Viktor Danilov,167
620226,Viktor Danilov,Viktor Danilov,167
620227,Viktor Danilov,Viktor Danilov,167
620228,Viktor Danilov,Viktor Danilov,167
620229,Viktor Danilov,Viktor Danilov,167
620230,Viktor Danilov,Viktor Danilov,167
620231,Viktor Danilov,Viktor Danilov,167
620232,Viktor Danilov,Viktor Danilov,167
620233,Viktor Danilov,Viktor Danilov,167
620234,Viktor Danilov,Viktor Danilov,167
620235,Viktor Danilov,Viktor Danilov,167
620236,Viktor Danilov,Viktor Danilov,167
620237,Viktor Danilov,Viktor Danilov,167
620238,Viktor Danilov,Viktor Danilov,167
620326,Liidia Kitkajeva,Liidia Kitkajeva,99
620327,Liidia Kitkajeva,Liidia Kitkajeva,99
620328,Liidia Kitkajeva,Liidia Kitkajeva,99
620329,Liidia Kitkajeva,Liidia Kitkajeva,99
620330,Liidia Kitkajeva,Liidia Kitkajeva,99
620332,Liidia Kitkajeva,Liidia Kitkajeva,99
620333,Liidia Kitkajeva,Liidia Kitkajeva,99
620334,Liidia Kitkajeva,Liidia Kitkajeva,99
620335,Liidia Kitkajeva,Liidia Kitkajeva,99
620337,Liidia Kitkajeva,Liidia Kitkajeva,99
620338,Liidia Kitkajeva,Liidia Kitkajeva,99
620339,Liidia Kitkajeva,Liidia Kitkajeva,99
620340,Liidia Kitkajeva,Liidia Kitkajeva,99
620341,Liidia Kitkajeva,Liidia Kitkajeva,99
620342,Liidia Kitkajeva,Liidia Kitkajeva,99
620343,Liidia Kitkajeva,Liidia Kitkajeva,99
620344,Liidia Kitkajeva,Liidia Kitkajeva,99
620345,Liidia Kitkajeva,Liidia Kitkajeva,99
620346,Liidia Kitkajeva,Liidia Kitkajeva,99
620347,Liidia Kitkajeva,Liidia Kitkajeva,99
620348,Liidia Kitkajeva,Liidia Kitkajeva,99
620355,Aleksei Peterson,Aleksei Peterson,17
620357,Aleksei Peterson,Aleksei Peterson,17
620358,Aleksei Peterson,Aleksei Peterson,17
620359,Aleksei Peterson,Aleksei Peterson,17
620360,Aleksei Peterson,Aleksei Peterson,17
620361,Aleksei Peterson,Aleksei Peterson,17
620362,Aleksei Peterson,Aleksei Peterson,17
620363,Aleksei Peterson,Aleksei Peterson,17
620365,Aleksei Peterson,Aleksei Peterson,17
620366,Aleksei Peterson,Aleksei Peterson,17
620367,Aleksei Peterson,Aleksei Peterson,17
620368,Marika Mikkor,Marika Mikkor,113
620368,Mare Piho,Mare Piho,109
620369,Marika Mikkor,Marika Mikkor,113
620369,Mare Piho,Mare Piho,109
620370,Marika Mikkor,Marika Mikkor,113
620370,Mare Piho,Mare Piho,109
620371,Marika Mikkor,Marika Mikkor,113
620371,Mare Piho,Mare Piho,109
620372,Marika Mikkor,Marika Mikkor,113
620372,Mare Piho,Mare Piho,109
620373,Marika Mikkor,Marika Mikkor,113
620373,Mare Piho,Mare Piho,109
620374,Marika Mikkor,Marika Mikkor,113
620374,Mare Piho,Mare Piho,109
620375,Marika Mikkor,Marika Mikkor,113
620375,Mare Piho,Mare Piho,109
620376,Marika Mikkor,Marika Mikkor,113
620376,Mare Piho,Mare Piho,109
620377,Marika Mikkor,Marika Mikkor,113
620377,Mare Piho,Mare Piho,109
620378,Marika Mikkor,Marika Mikkor,113
620378,Mare Piho,Mare Piho,109
620379,Marika Mikkor,Marika Mikkor,113
620379,Mare Piho,Mare Piho,109
620380,Marika Mikkor,Marika Mikkor,113
620380,Mare Piho,Mare Piho,109
620381,Marika Mikkor,Marika Mikkor,113
620381,Mare Piho,Mare Piho,109
620382,Marika Mikkor,Marika Mikkor,113
620382,Mare Piho,Mare Piho,109
620383,Marika Mikkor,Marika Mikkor,113
620383,Mare Piho,Mare Piho,109
620384,Marika Mikkor,Marika Mikkor,113
620384,Mare Piho,Mare Piho,109
620385,Marika Mikkor,Marika Mikkor,113
620385,Mare Piho,Mare Piho,109
620386,Marika Mikkor,Marika Mikkor,113
620386,Mare Piho,Mare Piho,109
620387,Marika Mikkor,Marika Mikkor,113
620387,Mare Piho,Mare Piho,109
620388,Marika Mikkor,Marika Mikkor,113
620388,Mare Piho,Mare Piho,109
620389,Marika Mikkor,Marika Mikkor,113
620389,Mare Piho,Mare Piho,109
620390,Marika Mikkor,Marika Mikkor,113
620390,Mare Piho,Mare Piho,109
620391,Marika Mikkor,Marika Mikkor,113
620391,Mare Piho,Mare Piho,109
620392,Marika Mikkor,Marika Mikkor,113
620392,Mare Piho,Mare Piho,109
620393,Marika Mikkor,Marika Mikkor,113
620393,Mare Piho,Mare Piho,109
620394,Marika Mikkor,Marika Mikkor,113
620394,Mare Piho,Mare Piho,109
620401,Marika Mikkor,Marika Mikkor,113
620401,Mare Piho,Mare Piho,109
620402,Marika Mikkor,Marika Mikkor,113
620402,Mare Piho,Mare Piho,109
620403,Marika Mikkor,Marika Mikkor,113
620403,Mare Piho,Mare Piho,109
620404,Marika Mikkor,Marika Mikkor,113
620404,Mare Piho,Mare Piho,109
620406,Marika Mikkor,Marika Mikkor,113
620406,Mare Piho,Mare Piho,109
620412,Marika Mikkor,Marika Mikkor,113
620412,Mare Piho,Mare Piho,109
620413,Tiia Peedumäe,Tiia (Peedumäe) Litorell,152
620415,Tiia Peedumäe,Tiia (Peedumäe) Litorell,152
620416,Tiia Peedumäe,Tiia (Peedumäe) Litorell,152
620418,Tiia Peedumäe,Tiia (Peedumäe) Litorell,152
620419,Tiia Peedumäe,Tiia (Peedumäe) Litorell,152
620420,Tiia Peedumäe,Tiia (Peedumäe) Litorell,152
620421,Tiia Peedumäe,Tiia (Peedumäe) Litorell,152
620422,Tiia Peedumäe,Tiia (Peedumäe) Litorell,152
620423,Tiia Peedumäe,Tiia (Peedumäe) Litorell,152
620424,Tiia Peedumäe,Tiia (Peedumäe) Litorell,152
620425,Tiia Peedumäe,Tiia (Peedumäe) Litorell,152
620427,Tiia Peedumäe,Tiia (Peedumäe) Litorell,152
620428,Tiia Peedumäe,Tiia (Peedumäe) Litorell,152
620429,Tiia Peedumäe,Tiia (Peedumäe) Litorell,152
620430,Tiia Peedumäe,Tiia (Peedumäe) Litorell,152
620431,Tiia Peedumäe,Tiia (Peedumäe) Litorell,152
620432,Tiia Peedumäe,Tiia (Peedumäe) Litorell,152
620434,Tiia Peedumäe,Tiia (Peedumäe) Litorell,152
620435,Tiia Peedumäe,Tiia (Peedumäe) Litorell,152
620437,Tiia Peedumäe,Tiia (Peedumäe) Litorell,152
620439,Tiia Peedumäe,Tiia (Peedumäe) Litorell,152
620440,Tiia Peedumäe,Tiia (Peedumäe) Litorell,152
620441,Tiia Peedumäe,Tiia (Peedumäe) Litorell,152
620442,Tiia Peedumäe,Tiia (Peedumäe) Litorell,152
620451,Jüri Linnus,Jüri Linnus,73
620451,Matti Ruljand,Mati Ruljand,119
620452,Jüri Linnus,Jüri Linnus,73
620452,Matti Ruljand,Mati Ruljand,119
620453,Jüri Linnus,Jüri Linnus,73
620453,Matti Ruljand,Mati Ruljand,119
620454,Jüri Linnus,Jüri Linnus,73
620454,Matti Ruljand,Mati Ruljand,119
620455,Jüri Linnus,Jüri Linnus,73
620455,Matti Ruljand,Mati Ruljand,119
620456,Jüri Linnus,Jüri Linnus,73
620456,Matti Ruljand,Mati Ruljand,119
620457,Jüri Linnus,Jüri Linnus,73
620457,Matti Ruljand,Mati Ruljand,119
620458,Jüri Linnus,Jüri Linnus,73
620458,Matti Ruljand,Mati Ruljand,119
620459,Jüri Linnus,Jüri Linnus,73
620459,Mati Ruljand,Mati Ruljand,118
620460,Jüri Linnus,Jüri Linnus,73
620460,Mati Ruljand,Mati Ruljand,118
620461,Jüri Linnus,Jüri Linnus,73
620461,Mati Ruljand,Mati Ruljand,118
620462,Jüri Linnus,Jüri Linnus,73
620462,Mati Ruljand,Mati Ruljand,118
620463,Jüri Linnus,Jüri Linnus,73
620463,Mati Ruljand,Mati Ruljand,118
620464,Jüri Linnus,Jüri Linnus,73
620464,Mati Ruljand,Mati Ruljand,118
620465,Jüri Linnus,Jüri Linnus,73
620465,Mati Ruljand,Mati Ruljand,118
620466,Jüri Linnus,Jüri Linnus,73
620466,Mati Ruljand,Mati Ruljand,118
620467,Jüri Linnus,Jüri Linnus,73
620467,Mati Ruljand,Mati Ruljand,118
620468,Jüri Linnus,Jüri Linnus,73
620468,Mati Ruljand,Mati Ruljand,118
620469,Jüri Linnus,Jüri Linnus,73
620469,Mati Ruljand,Mati Ruljand,118
620470,Jüri Linnus,Jüri Linnus,73
620470,Mati Ruljand,Mati Ruljand,118
620471,Jüri Linnus,Jüri Linnus,73
620471,Mati Ruljand,Mati Ruljand,118
620472,Jüri Linnus,Jüri Linnus,73
620472,Mati Ruljand,Mati Ruljand,118
620473,Jüri Linnus,Jüri Linnus,73
620473,Mati Ruljand,Mati Ruljand,118
620474,Jüri Linnus,Jüri Linnus,73
620474,Mati Ruljand,Mati Ruljand,118
620475,Jüri Linnus,Jüri Linnus,73
620475,Mati Ruljand,Mati Ruljand,118
620476,Jüri Linnus,Jüri Linnus,73
620476,Mati Ruljand,Mati Ruljand,118
620477,Jüri Linnus,Jüri Linnus,73
620477,Mati Ruljand,Mati Ruljand,118
620478,Jüri Linnus,Jüri Linnus,73
620478,Mati Ruljand,Mati Ruljand,118
620479,Jüri Linnus,Jüri Linnus,73
620479,Mati Ruljand,Mati Ruljand,118
620480,Jüri Linnus,Jüri Linnus,73
620480,Mati Ruljand,Mati Ruljand,118
620481,Jüri Linnus,Jüri Linnus,73
620481,Mati Ruljand,Mati Ruljand,118
620482,Jüri Linnus,Jüri Linnus,73
620482,Mati Ruljand,Mati Ruljand,118
620483,Jüri Linnus,Jüri Linnus,73
620483,Mati Ruljand,Mati Ruljand,118
620484,Jüri Linnus,Jüri Linnus,73
620484,Mati Ruljand,Mati Ruljand,118
620485,Jüri Linnus,Jüri Linnus,73
620485,Mati Ruljand,Mati Ruljand,118
620486,Jüri Linnus,Jüri Linnus,73
620486,Mati Ruljand,Mati Ruljand,118
620487,Jüri Linnus,Jüri Linnus,73
620487,Mati Ruljand,Mati Ruljand,118
620488,Jüri Linnus,Jüri Linnus,73
620488,Mati Ruljand,Mati Ruljand,118
620489,Jüri Linnus,Jüri Linnus,73
620489,Mati Ruljand,Mati Ruljand,118
620490,Jüri Linnus,Jüri Linnus,73
620490,Mati Ruljand,Mati Ruljand,118
620491,Jüri Linnus,Jüri Linnus,73
620491,Mati Ruljand,Mati Ruljand,118
620492,Jüri Linnus,Jüri Linnus,73
620492,Mati Ruljand,Mati Ruljand,118
620493,Jüri Linnus,Jüri Linnus,73
620493,Mati Ruljand,Mati Ruljand,118
620494,Jüri Linnus,Jüri Linnus,73
620494,Mati Ruljand,Mati Ruljand,118
620495,Jüri Linnus,Jüri Linnus,73
620495,Mati Ruljand,Mati Ruljand,118
620496,Jüri Linnus,Jüri Linnus,73
620496,Mati Ruljand,Mati Ruljand,118
620497,Jüri Linnus,Jüri Linnus,73
620497,Mati Ruljand,Mati Ruljand,118
620498,Jüri Linnus,Jüri Linnus,73
620498,Mati Ruljand,Mati Ruljand,118
620499,Jüri Linnus,Jüri Linnus,73
620499,Mati Ruljand,Mati Ruljand,118
620500,Jüri Linnus,Jüri Linnus,73
620500,Mati Ruljand,Mati Ruljand,118
620501,Jüri Linnus,Jüri Linnus,73
620501,Mati Ruljand,Mati Ruljand,118
620502,Jüri Linnus,Jüri Linnus,73
620502,Matti Ruljand,Mati Ruljand,119
620503,Edgar Saar,Edgar Saar,33
620504,Edgar Saar,Edgar Saar,33
620505,Edgar Saar,Edgar Saar,33
620506,Edgar Saar,Edgar Saar,33
620507,Edgar Saar,Edgar Saar,33
620508,Edgar Saar,Edgar Saar,33
620509,Edgar Saar,Edgar Saar,33
620510,Edgar Saar,Edgar Saar,33
620511,Edgar Saar,Edgar Saar,33
620512,Edgar Saar,Edgar Saar,33
620513,Edgar Saar,Edgar Saar,33
620514,Edgar Saar,Edgar Saar,33
620515,Edgar Saar,Edgar Saar,33
620516,Edgar Saar,Edgar Saar,33
620517,Edgar Saar,Edgar Saar,33
620518,Edgar Saar,Edgar Saar,33
620519,Edgar Saar,Edgar Saar,33
620520,Edgar Saar,Edgar Saar,33
620521,Edgar Saar,Edgar Saar,33
620522,Edgar Saar,Edgar Saar,33
620523,Edgar Saar,Edgar Saar,33
620524,Edgar Saar,Edgar Saar,33
620525,Edgar Saar,Edgar Saar,33
620526,Edgar Saar,Edgar Saar,33
620527,Edgar Saar,Edgar Saar,33
620528,Edgar Saar,Edgar Saar,33
620529,Edgar Saar,Edgar Saar,33
620530,Edgar Saar,Edgar Saar,33
620531,Edgar Saar,Edgar Saar,33
620532,Edgar Saar,Edgar Saar,33
620533,Edgar Saar,Edgar Saar,33
620534,Edgar Saar,Edgar Saar,33
620535,Edgar Saar,Edgar Saar,33
620536,Edgar Saar,Edgar Saar,33
620537,Edgar Saar,Edgar Saar,33
620538,Edgar Saar,Edgar Saar,33
620539,Edgar Saar,Edgar Saar,33
620540,Edgar Saar,Edgar Saar,33
620541,Edgar Saar,Edgar Saar,33
620542,Edgar Saar,Edgar Saar,33
620543,Edgar Saar,Edgar Saar,33
620544,Edgar Saar,Edgar Saar,33
620545,Edgar Saar,Edgar Saar,33
620546,Edgar Saar,Edgar Saar,33
620547,Edgar Saar,Edgar Saar,33
620548,Edgar Saar,Edgar Saar,33
620549,Edgar Saar,Edgar Saar,33
620550,Edgar Saar,Edgar Saar,33
620551,Edgar Saar,Edgar Saar,33
620552,Edgar Saar,Edgar Saar,33
620553,Edgar Saar,Edgar Saar,33
620554,Edgar Saar,Edgar Saar,33
620555,Edgar Saar,Edgar Saar,33
620556,Jüri Linnus,Jüri Linnus,73
620556,Lembit Lepp,Lembit Lepp,97
620556,Tanel Linnus,Tanel Linnus,149
620557,Jüri Linnus,Jüri Linnus,73
620557,Lembit Lepp,Lembit Lepp,97
620557,Tanel Linnus,Tanel Linnus,149
620558,Jüri Linnus,Jüri Linnus,73
620558,Lembit Lepp,Lembit Lepp,97
620558,Tanel Linnus,Tanel Linnus,149
620559,Jüri Linnus,Jüri Linnus,73
620559,Lembit Lepp,Lembit Lepp,97
620559,Tanel Linnus,Tanel Linnus,149
620560,Jüri Linnus,Jüri Linnus,73
620560,Lembit Lepp,Lembit Lepp,97
620560,Tanel Linnus,Tanel Linnus,149
620561,Jüri Linnus,Jüri Linnus,73
620561,Lembit Lepp,Lembit Lepp,97
620561,Tanel Linnus,Tanel Linnus,149
620562,Jüri Linnus,Jüri Linnus,73
620562,Lembit Lepp,Lembit Lepp,97
620562,Tanel Linnus,Tanel Linnus,149
620563,Jüri Linnus,Jüri Linnus,73
620563,Lembit Lepp,Lembit Lepp,97
620563,Tanel Linnus,Tanel Linnus,149
620564,Jüri Linnus,Jüri Linnus,73
620564,Lembit Lepp,Lembit Lepp,97
620564,Tanel Linnus,Tanel Linnus,149
620565,Jüri Linnus,Jüri Linnus,73
620565,Lembit Lepp,Lembit Lepp,97
620565,Tanel Linnus,Tanel Linnus,149
620566,Jüri Linnus,Jüri Linnus,73
620566,Lembit Lepp,Lembit Lepp,97
620566,Tanel Linnus,Tanel Linnus,149
620567,Jüri Linnus,Jüri Linnus,73
620567,Lembit Lepp,Lembit Lepp,97
620567,Tanel Linnus,Tanel Linnus,149
620568,Jüri Linnus,Jüri Linnus,73
620568,Lembit Lepp,Lembit Lepp,97
620568,Tanel Linnus,Tanel Linnus,149
620569,Jüri Linnus,Jüri Linnus,73
620569,Lembit Lepp,Lembit Lepp,97
620569,Tanel Linnus,Tanel Linnus,149
620570,Jüri Linnus,Jüri Linnus,73
620570,Lembit Lepp,Lembit Lepp,97
620570,Tanel Linnus,Tanel Linnus,149
620571,Jüri Linnus,Jüri Linnus,73
620571,Lembit Lepp,Lembit Lepp,97
620571,Tanel Linnus,Tanel Linnus,149
620572,Jüri Linnus,Jüri Linnus,73
620572,Lembit Lepp,Lembit Lepp,97
620572,Tanel Linnus,Tanel Linnus,149
620573,Jüri Linnus,Jüri Linnus,73
620573,Lembit Lepp,Lembit Lepp,97
620573,Tanel Linnus,Tanel Linnus,149
620574,Jüri Linnus,Jüri Linnus,73
620574,Lembit Lepp,Lembit Lepp,97
620574,Tanel Linnus,Tanel Linnus,149
620575,Jüri Linnus,Jüri Linnus,73
620575,Lembit Lepp,Lembit Lepp,97
620575,Tanel Linnus,Tanel Linnus,149
620576,Jüri Linnus,Jüri Linnus,73
620576,Lembit Lepp,Lembit Lepp,97
620576,Tanel Linnus,Tanel Linnus,149
620577,Jüri Linnus,Jüri Linnus,73
620577,Lembit Lepp,Lembit Lepp,97
620577,Tanel Linnus,Tanel Linnus,149
620579,Jüri Linnus,Jüri Linnus,73
620579,Lembit Lepp,Lembit Lepp,97
620579,Tanel Linnus,Tanel Linnus,149
620580,Jüri Linnus,Jüri Linnus,73
620580,Lembit Lepp,Lembit Lepp,97
620580,Tanel Linnus,Tanel Linnus,149
620581,Jüri Linnus,Jüri Linnus,73
620581,Lembit Lepp,Lembit Lepp,97
620581,Tanel Linnus,Tanel Linnus,149
620582,Jüri Linnus,Jüri Linnus,73
620582,Lembit Lepp,Lembit Lepp,97
620582,Tanel Linnus,Tanel Linnus,149
620583,Jüri Linnus,Jüri Linnus,73
620583,Lembit Lepp,Lembit Lepp,97
620583,Tanel Linnus,Tanel Linnus,149
620584,Jüri Linnus,Jüri Linnus,73
620584,Lembit Lepp,Lembit Lepp,97
620584,Tanel Linnus,Tanel Linnus,149
620585,Jüri Linnus,Jüri Linnus,73
620585,Lembit Lepp,Lembit Lepp,97
620585,Tanel Linnus,Tanel Linnus,149
620586,Jüri Linnus,Jüri Linnus,73
620586,Lembit Lepp,Lembit Lepp,97
620586,Tanel Linnus,Tanel Linnus,149
620587,Jüri Linnus,Jüri Linnus,73
620587,Lembit Lepp,Lembit Lepp,97
620587,Tanel Linnus,Tanel Linnus,149
620588,Jüri Linnus,Jüri Linnus,73
620588,Lembit Lepp,Lembit Lepp,97
620588,Tanel Linnus,Tanel Linnus,149
620589,Jüri Linnus,Jüri Linnus,73
620589,Lembit Lepp,Lembit Lepp,97
620589,Tanel Linnus,Tanel Linnus,149
620592,Jüri Linnus,Jüri Linnus,73
620592,Lembit Lepp,Lembit Lepp,97
620592,Tanel Linnus,Tanel Linnus,149
620626,Vaike Reemann,Vaike Reemann,162
620627,Vaike Reemann,Vaike Reemann,162
620628,Vaike Reemann,Vaike Reemann,162
620629,Vaike Reemann,Vaike Reemann,162
620630,Vaike Reemann,Vaike Reemann,162
620631,Vaike Reemann,Vaike Reemann,162
620632,Vaike Reemann,Vaike Reemann,162
620633,Vaike Reemann,Vaike Reemann,162
620634,Vaike Reemann,Vaike Reemann,162
620635,Vaike Reemann,Vaike Reemann,162
620636,Aleksei Peterson,Aleksei Peterson,17
620637,Aleksei Peterson,Aleksei Peterson,17
620638,Aleksei Peterson,Aleksei Peterson,17
620639,Aleksei Peterson,Aleksei Peterson,17
620640,Aleksei Peterson,Aleksei Peterson,17
620641,Aleksei Peterson,Aleksei Peterson,17
620642,Aleksei Peterson,Aleksei Peterson,17
620643,Aleksei Peterson,Aleksei Peterson,17
620644,Aleksei Peterson,Aleksei Peterson,17
620645,Aleksei Peterson,Aleksei Peterson,17
620646,Aleksei Peterson,Aleksei Peterson,17
620649,Aleksei Peterson,Aleksei Peterson,17
620650,Aleksei Peterson,Aleksei Peterson,17
620651,Aleksei Peterson,Aleksei Peterson,17
620652,Aleksei Peterson,Aleksei Peterson,17
620653,Aleksei Peterson,Aleksei Peterson,17
620654,Aleksei Peterson,Aleksei Peterson,17
620655,Aleksei Peterson,Aleksei Peterson,17
620656,Aleksei Peterson,Aleksei Peterson,17
620657,Aleksei Peterson,Aleksei Peterson,17
620658,Aleksei Peterson,Aleksei Peterson,17
620659,Aleksei Peterson,Aleksei Peterson,17
620660,Aleksei Peterson,Aleksei Peterson,17
620661,Aleksei Peterson,Aleksei Peterson,17
620662,Aleksei Peterson,Aleksei Peterson,17
620663,Aleksei Peterson,Aleksei Peterson,17
620664,Aleksei Peterson,Aleksei Peterson,17
620665,Aleksei Peterson,Aleksei Peterson,17
620666,Aleksei Peterson,Aleksei Peterson,17
620667,Aleksei Peterson,Aleksei Peterson,17
620668,Aleksei Peterson,Aleksei Peterson,17
620670,Aleksei Peterson,Aleksei Peterson,17
620671,Aleksei Peterson,Aleksei Peterson,17
620672,Aleksei Peterson,Aleksei Peterson,17
620673,Aleksei Peterson,Aleksei Peterson,17
620674,Aleksei Peterson,Aleksei Peterson,17
620675,Aleksei Peterson,Aleksei Peterson,17
620675,Aado Lintrop,Aado Lintrop,7
620675,Jüri Karm,Jüri Karm,71
620675,Lembit Lepp,Lembit Lepp,97
620675,Kaido Kama,Kaido Kama,80
620676,Aleksei Peterson,Aleksei Peterson,17
620676,Aado Lintrop,Aado Lintrop,7
620676,Jüri Karm,Jüri Karm,71
620676,Lembit Lepp,Lembit Lepp,97
620676,Kaido Kama,Kaido Kama,80
620677,Aleksei Peterson,Aleksei Peterson,17
620677,Aado Lintrop,Aado Lintrop,7
620677,Jüri Karm,Jüri Karm,71
620677,Lembit Lepp,Lembit Lepp,97
620677,Kaido Kama,Kaido Kama,80
620678,Aleksei Peterson,Aleksei Peterson,17
620678,Aado Lintrop,Aado Lintrop,7
620678,Jüri Karm,Jüri Karm,71
620678,Lembit Lepp,Lembit Lepp,97
620678,Kaido Kama,Kaido Kama,80
620679,Aleksei Peterson,Aleksei Peterson,17
620679,Aado Lintrop,Aado Lintrop,7
620679,Jüri Karm,Jüri Karm,71
620679,Lembit Lepp,Lembit Lepp,97
620679,Kaido Kama,Kaido Kama,80
620680,Aleksei Peterson,Aleksei Peterson,17
620680,Aado Lintrop,Aado Lintrop,7
620680,Jüri Karm,Jüri Karm,71
620680,Lembit Lepp,Lembit Lepp,97
620680,Kaido Kama,Kaido Kama,80
620681,Aleksei Peterson,Aleksei Peterson,17
620681,Aado Lintrop,Aado Lintrop,7
620681,Jüri Karm,Jüri Karm,71
620681,Lembit Lepp,Lembit Lepp,97
620681,Kaido Kama,Kaido Kama,80
620682,Aleksei Peterson,Aleksei Peterson,17
620682,Aado Lintrop,Aado Lintrop,7
620682,Jüri Karm,Jüri Karm,71
620682,Lembit Lepp,Lembit Lepp,97
620682,Kaido Kama,Kaido Kama,80
620683,Aleksei Peterson,Aleksei Peterson,17
620683,Aado Lintrop,Aado Lintrop,7
620683,Jüri Karm,Jüri Karm,71
620683,Lembit Lepp,Lembit Lepp,97
620683,Kaido Kama,Kaido Kama,80
620684,Aleksei Peterson,Aleksei Peterson,17
620684,Aado Lintrop,Aado Lintrop,7
620684,Jüri Karm,Jüri Karm,71
620684,Lembit Lepp,Lembit Lepp,97
620684,Kaido Kama,Kaido Kama,80
620685,Aleksei Peterson,Aleksei Peterson,17
620685,Aado Lintrop,Aado Lintrop,7
620685,Jüri Karm,Jüri Karm,71
620685,Lembit Lepp,Lembit Lepp,97
620685,Kaido Kama,Kaido Kama,80
620686,Aleksei Peterson,Aleksei Peterson,17
620686,Aado Lintrop,Aado Lintrop,7
620686,Jüri Karm,Jüri Karm,71
620686,Lembit Lepp,Lembit Lepp,97
620686,Kaido Kama,Kaido Kama,80
620687,Aleksei Peterson,Aleksei Peterson,17
620687,Aado Lintrop,Aado Lintrop,7
620687,Jüri Karm,Jüri Karm,71
620687,Lembit Lepp,Lembit Lepp,97
620687,Kaido Kama,Kaido Kama,80
620688,Aleksei Peterson,Aleksei Peterson,17
620688,Aado Lintrop,Aado Lintrop,7
620688,Jüri Karm,Jüri Karm,71
620688,Lembit Lepp,Lembit Lepp,97
620688,Kaido Kama,Kaido Kama,80
620689,Aleksei Peterson,Aleksei Peterson,17
620689,Aado Lintrop,Aado Lintrop,7
620689,Jüri Karm,Jüri Karm,71
620689,Lembit Lepp,Lembit Lepp,97
620689,Kaido Kama,Kaido Kama,80
620690,Aleksei Peterson,Aleksei Peterson,17
620690,Aado Lintrop,Aado Lintrop,7
620690,Jüri Karm,Jüri Karm,71
620690,Lembit Lepp,Lembit Lepp,97
620690,Kaido Kama,Kaido Kama,80
620691,Aleksei Peterson,Aleksei Peterson,17
620691,Aado Lintrop,Aado Lintrop,7
620691,Jüri Karm,Jüri Karm,71
620691,Lembit Lepp,Lembit Lepp,97
620691,Kaido Kama,Kaido Kama,80
620692,Aleksei Peterson,Aleksei Peterson,17
620692,Aado Lintrop,Aado Lintrop,7
620692,Jüri Karm,Jüri Karm,71
620692,Lembit Lepp,Lembit Lepp,97
620692,Kaido Kama,Kaido Kama,80
620693,Aleksei Peterson,Aleksei Peterson,17
620693,Aado Lintrop,Aado Lintrop,7
620693,Jüri Karm,Jüri Karm,71
620693,Lembit Lepp,Lembit Lepp,97
620693,Kaido Kama,Kaido Kama,80
620694,Aleksei Peterson,Aleksei Peterson,17
620694,Aado Lintrop,Aado Lintrop,7
620694,Jüri Karm,Jüri Karm,71
620694,Lembit Lepp,Lembit Lepp,97
620694,Kaido Kama,Kaido Kama,80
620695,Aleksei Peterson,Aleksei Peterson,17
620695,Aado Lintrop,Aado Lintrop,7
620695,Jüri Karm,Jüri Karm,71
620695,Lembit Lepp,Lembit Lepp,97
620695,Kaido Kama,Kaido Kama,80
620696,Aleksei Peterson,Aleksei Peterson,17
620696,Aado Lintrop,Aado Lintrop,7
620696,Jüri Karm,Jüri Karm,71
620696,Lembit Lepp,Lembit Lepp,97
620696,Kaido Kama,Kaido Kama,80
620698,Aleksei Peterson,Aleksei Peterson,17
620698,Aado Lintrop,Aado Lintrop,7
620698,Jüri Karm,Jüri Karm,71
620698,Lembit Lepp,Lembit Lepp,97
620698,Kaido Kama,Kaido Kama,80
620699,Aleksei Peterson,Aleksei Peterson,17
620699,Aado Lintrop,Aado Lintrop,7
620699,Jüri Karm,Jüri Karm,71
620699,Lembit Lepp,Lembit Lepp,97
620699,Kaido Kama,Kaido Kama,80
620700,Aleksei Peterson,Aleksei Peterson,17
620700,Aado Lintrop,Aado Lintrop,7
620700,Jüri Karm,Jüri Karm,71
620700,Lembit Lepp,Lembit Lepp,97
620700,Kaido Kama,Kaido Kama,80
620701,Aleksei Peterson,Aleksei Peterson,17
620701,Aado Lintrop,Aado Lintrop,7
620701,Jüri Karm,Jüri Karm,71
620701,Lembit Lepp,Lembit Lepp,97
620701,Kaido Kama,Kaido Kama,80
620702,Aleksei Peterson,Aleksei Peterson,17
620702,Aado Lintrop,Aado Lintrop,7
620702,Jüri Karm,Jüri Karm,71
620702,Lembit Lepp,Lembit Lepp,97
620702,Kaido Kama,Kaido Kama,80
620703,Aleksei Peterson,Aleksei Peterson,17
620703,Aado Lintrop,Aado Lintrop,7
620703,Jüri Karm,Jüri Karm,71
620703,Lembit Lepp,Lembit Lepp,97
620703,Kaido Kama,Kaido Kama,80
620704,Aleksei Peterson,Aleksei Peterson,17
620704,Aado Lintrop,Aado Lintrop,7
620704,Jüri Karm,Jüri Karm,71
620704,Lembit Lepp,Lembit Lepp,97
620704,Kaido Kama,Kaido Kama,80
620705,Aleksei Peterson,Aleksei Peterson,17
620705,Aado Lintrop,Aado Lintrop,7
620705,Jüri Karm,Jüri Karm,71
620705,Lembit Lepp,Lembit Lepp,97
620705,Kaido Kama,Kaido Kama,80
620706,Aleksei Peterson,Aleksei Peterson,17
620706,Aado Lintrop,Aado Lintrop,7
620706,Jüri Karm,Jüri Karm,71
620706,Lembit Lepp,Lembit Lepp,97
620706,Kaido Kama,Kaido Kama,80
620707,Aleksei Peterson,Aleksei Peterson,17
620707,Aado Lintrop,Aado Lintrop,7
620707,Jüri Karm,Jüri Karm,71
620707,Lembit Lepp,Lembit Lepp,97
620707,Kaido Kama,Kaido Kama,80
620708,Aleksei Peterson,Aleksei Peterson,17
620708,Aado Lintrop,Aado Lintrop,7
620708,Jüri Karm,Jüri Karm,71
620708,Lembit Lepp,Lembit Lepp,97
620708,Kaido Kama,Kaido Kama,80
620709,Aleksei Peterson,Aleksei Peterson,17
620709,Aado Lintrop,Aado Lintrop,7
620709,Jüri Karm,Jüri Karm,71
620709,Lembit Lepp,Lembit Lepp,97
620709,Kaido Kama,Kaido Kama,80
620710,Aleksei Peterson,Aleksei Peterson,17
620710,Aado Lintrop,Aado Lintrop,7
620710,Jüri Karm,Jüri Karm,71
620710,Lembit Lepp,Lembit Lepp,97
620710,Kaido Kama,Kaido Kama,80
620711,Aleksei Peterson,Aleksei Peterson,17
620711,Aado Lintrop,Aado Lintrop,7
620711,Jüri Karm,Jüri Karm,71
620711,Lembit Lepp,Lembit Lepp,97
620711,Kaido Kama,Kaido Kama,80
620712,Aleksei Peterson,Aleksei Peterson,17
620712,Aado Lintrop,Aado Lintrop,7
620712,Jüri Karm,Jüri Karm,71
620712,Lembit Lepp,Lembit Lepp,97
620712,Kaido Kama,Kaido Kama,80
620713,Aleksei Peterson,Aleksei Peterson,17
620713,Aado Lintrop,Aado Lintrop,7
620713,Jüri Karm,Jüri Karm,71
620713,Lembit Lepp,Lembit Lepp,97
620713,Kaido Kama,Kaido Kama,80
620714,Aleksei Peterson,Aleksei Peterson,17
620714,Aado Lintrop,Aado Lintrop,7
620714,Jüri Karm,Jüri Karm,71
620714,Lembit Lepp,Lembit Lepp,97
620714,Kaido Kama,Kaido Kama,80
620715,Aleksei Peterson,Aleksei Peterson,17
620715,Aado Lintrop,Aado Lintrop,7
620715,Jüri Karm,Jüri Karm,71
620715,Lembit Lepp,Lembit Lepp,97
620715,Kaido Kama,Kaido Kama,80
620716,Aleksei Peterson,Aleksei Peterson,17
620716,Aado Lintrop,Aado Lintrop,7
620716,Jüri Karm,Jüri Karm,71
620716,Lembit Lepp,Lembit Lepp,97
620716,Kaido Kama,Kaido Kama,80
620717,Aleksei Peterson,Aleksei Peterson,17
620717,Aado Lintrop,Aado Lintrop,7
620717,Jüri Karm,Jüri Karm,71
620717,Lembit Lepp,Lembit Lepp,97
620717,Kaido Kama,Kaido Kama,80
620718,Aleksei Peterson,Aleksei Peterson,17
620718,Aado Lintrop,Aado Lintrop,7
620718,Jüri Karm,Jüri Karm,71
620718,Lembit Lepp,Lembit Lepp,97
620718,Kaido Kama,Kaido Kama,80
620719,Aleksei Peterson,Aleksei Peterson,17
620719,Aado Lintrop,Aado Lintrop,7
620719,Jüri Karm,Jüri Karm,71
620719,Lembit Lepp,Lembit Lepp,97
620719,Kaido Kama,Kaido Kama,80
620720,Aleksei Peterson,Aleksei Peterson,17
620720,Aado Lintrop,Aado Lintrop,7
620720,Jüri Karm,Jüri Karm,71
620720,Lembit Lepp,Lembit Lepp,97
620720,Kaido Kama,Kaido Kama,80
620721,Aleksei Peterson,Aleksei Peterson,17
620721,Aado Lintrop,Aado Lintrop,7
620721,Jüri Karm,Jüri Karm,71
620721,Lembit Lepp,Lembit Lepp,97
620721,Kaido Kama,Kaido Kama,80
620722,Aleksei Peterson,Aleksei Peterson,17
620722,Aado Lintrop,Aado Lintrop,7
620722,Jüri Karm,Jüri Karm,71
620722,Lembit Lepp,Lembit Lepp,97
620722,Kaido Kama,Kaido Kama,80
620723,Aleksei Peterson,Aleksei Peterson,17
620723,Aado Lintrop,Aado Lintrop,7
620723,Jüri Karm,Jüri Karm,71
620723,Lembit Lepp,Lembit Lepp,97
620723,Kaido Kama,Kaido Kama,80
620724,Aleksei Peterson,Aleksei Peterson,17
620724,Aado Lintrop,Aado Lintrop,7
620724,Jüri Karm,Jüri Karm,71
620724,Lembit Lepp,Lembit Lepp,97
620724,Kaido Kama,Kaido Kama,80
620725,Heno Sarv,Heno Sarv,58
620726,Heno Sarv,Heno Sarv,58
620727,Heno Sarv,Heno Sarv,58
620728,Heno Sarv,Heno Sarv,58
620729,Heno Sarv,Heno Sarv,58
620730,Heno Sarv,Heno Sarv,58
620731,Heno Sarv,Heno Sarv,58
620732,Heno Sarv,Heno Sarv,58
620733,Heno Sarv,Heno Sarv,58
620734,Heno Sarv,Heno Sarv,58
620735,Heno Sarv,Heno Sarv,58
620736,Heno Sarv,Heno Sarv,58
620737,Heno Sarv,Heno Sarv,58
620738,Heno Sarv,Heno Sarv,58
620739,Heno Sarv,Heno Sarv,58
620740,Heno Sarv,Heno Sarv,58
620741,Heno Sarv,Heno Sarv,58
620742,Heno Sarv,Heno Sarv,58
620743,Heno Sarv,Heno Sarv,58
620744,Heno Sarv,Heno Sarv,58
620745,Heno Sarv,Heno Sarv,58
620746,Heno Sarv,Heno Sarv,58
620747,Heno Sarv,Heno Sarv,58
620748,Heno Sarv,Heno Sarv,58
620749,Heno Sarv,Heno Sarv,58
620750,Heno Sarv,Heno Sarv,58
620751,Heno Sarv,Heno Sarv,58
620752,Heno Sarv,Heno Sarv,58
620753,Heno Sarv,Heno Sarv,58
620754,Heno Sarv,Heno Sarv,58
620755,Heno Sarv,Heno Sarv,58
620756,Heno Sarv,Heno Sarv,58
620757,Heno Sarv,Heno Sarv,58
620758,Heno Sarv,Heno Sarv,58
620759,Heno Sarv,Heno Sarv,58
620760,Heno Sarv,Heno Sarv,58
620761,Heno Sarv,Heno Sarv,58
620762,Heno Sarv,Heno Sarv,58
620763,Heno Sarv,Heno Sarv,58
620764,Heno Sarv,Heno Sarv,58
620765,Heno Sarv,Heno Sarv,58
620766,Heno Sarv,Heno Sarv,58
620767,Heno Sarv,Heno Sarv,58
620768,Heno Sarv,Heno Sarv,58
620769,Heno Sarv,Heno Sarv,58
620770,Heno Sarv,Heno Sarv,58
620771,Heno Sarv,Heno Sarv,58
620772,Heno Sarv,Heno Sarv,58
620773,Heno Sarv,Heno Sarv,58
620774,Heno Sarv,Heno Sarv,58
620775,Viktor Danilov,Viktor Danilov,167
620776,Viktor Danilov,Viktor Danilov,167
620777,Viktor Danilov,Viktor Danilov,167
620778,Viktor Danilov,Viktor Danilov,167
620779,Viktor Danilov,Viktor Danilov,167
620780,Viktor Danilov,Viktor Danilov,167
620781,Viktor Danilov,Viktor Danilov,167
620782,Edgar Saar,Edgar Saar,33
620783,Edgar Saar,Edgar Saar,33
620784,Edgar Saar,Edgar Saar,33
620785,Edgar Saar,Edgar Saar,33
620786,Edgar Saar,Edgar Saar,33
620787,Edgar Saar,Edgar Saar,33
620788,Edgar Saar,Edgar Saar,33
620789,Edgar Saar,Edgar Saar,33
620790,Edgar Saar,Edgar Saar,33
620791,Edgar Saar,Edgar Saar,33
620792,Edgar Saar,Edgar Saar,33
620793,Edgar Saar,Edgar Saar,33
620794,Edgar Saar,Edgar Saar,33
620795,Edgar Saar,Edgar Saar,33
620796,Edgar Saar,Edgar Saar,33
620797,Edgar Saar,Edgar Saar,33
620798,Edgar Saar,Edgar Saar,33
620800,A. Ambos,A. Ambos,1
620801,A. Ambos,A. Ambos,1
620802,A. Ambos,A. Ambos,1
620803,A. Ambos,A. Ambos,1
620804,A. Ambos,A. Ambos,1
620805,A. Ambos,A. Ambos,1
620808,Anneli Säre,Anneli Säre,18
620809,Marje Joalaid,Marje Joalaid,114
620810,Marje Joalaid,Marje Joalaid,114
620811,Marje Joalaid,Marje Joalaid,114
620812,Marje Joalaid,Marje Joalaid,114
620813,Marje Joalaid,Marje Joalaid,114
620815,Marje Joalaid,Marje Joalaid,114
620816,Marje Joalaid,Marje Joalaid,114
620817,Marje Joalaid,Marje Joalaid,114
620819,Marje Joalaid,Marje Joalaid,114
620820,Marje Joalaid,Marje Joalaid,114
620821,Marje Joalaid,Marje Joalaid,114
620822,Marje Joalaid,Marje Joalaid,114
620902,Aleksei Peterson,Aleksei Peterson,17
620903,Aleksei Peterson,Aleksei Peterson,17
620904,Aleksei Peterson,Aleksei Peterson,17
620905,Aleksei Peterson,Aleksei Peterson,17
620907,Aleksei Peterson,Aleksei Peterson,17
620908,Aleksei Peterson,Aleksei Peterson,17
620909,Aleksei Peterson,Aleksei Peterson,17
620910,Aleksei Peterson,Aleksei Peterson,17
620911,Aleksei Peterson,Aleksei Peterson,17
620912,Aleksei Peterson,Aleksei Peterson,17
620913,Aleksei Peterson,Aleksei Peterson,17
620913,Siim Holvandus,Siim Holvandus,144
620913,Marika Mikkor,Marika Mikkor,113
620914,Aleksei Peterson,Aleksei Peterson,17
620915,Aleksei Peterson,Aleksei Peterson,17
620916,Aleksei Peterson,Aleksei Peterson,17
620917,Aleksei Peterson,Aleksei Peterson,17
620918,Aleksei Peterson,Aleksei Peterson,17
620920,Aleksei Peterson,Aleksei Peterson,17
620921,Aleksei Peterson,Aleksei Peterson,17
620922,Aleksei Peterson,Aleksei Peterson,17
620923,Aleksei Peterson,Aleksei Peterson,17
620924,Aleksei Peterson,Aleksei Peterson,17
620925,Aleksei Peterson,Aleksei Peterson,17
620926,Aleksei Peterson,Aleksei Peterson,17
620927,Aleksei Peterson,Aleksei Peterson,17
620928,Aleksei Peterson,Aleksei Peterson,17
620929,Aleksei Peterson,Aleksei Peterson,17
620930,Aleksei Peterson,Aleksei Peterson,17
620931,Aleksei Peterson,Aleksei Peterson,17
620932,Aleksei Peterson,Aleksei Peterson,17
620933,Aleksei Peterson,Aleksei Peterson,17
620934,Aleksei Peterson,Aleksei Peterson,17
620935,Aleksei Peterson,Aleksei Peterson,17
620936,Aleksei Peterson,Aleksei Peterson,17
620937,Aleksei Peterson,Aleksei Peterson,17
620938,Aleksei Peterson,Aleksei Peterson,17
620939,Aleksei Peterson,Aleksei Peterson,17
620940,Aleksei Peterson,Aleksei Peterson,17
620941,Aleksei Peterson,Aleksei Peterson,17
620942,Aleksei Peterson,Aleksei Peterson,17
620943,Aleksei Peterson,Aleksei Peterson,17
620944,Aleksei Peterson,Aleksei Peterson,17
620945,Aleksei Peterson,Aleksei Peterson,17
620946,Aleksei Peterson,Aleksei Peterson,17
620947,Aleksei Peterson,Aleksei Peterson,17
620949,Marika Mikkor,Marika Mikkor,113
620949,Mare Piho,Mare Piho,109
620950,Marika Mikkor,Marika Mikkor,113
620950,Mare Piho,Mare Piho,109
620951,Marika Mikkor,Marika Mikkor,113
620951,Mare Piho,Mare Piho,109
620952,Marika Mikkor,Marika Mikkor,113
620952,Mare Piho,Mare Piho,109
620954,Marika Mikkor,Marika Mikkor,113
620954,Mare Piho,Mare Piho,109
620955,Marika Mikkor,Marika Mikkor,113
620955,Mare Piho,Mare Piho,109
620956,Marika Mikkor,Marika Mikkor,113
620956,Mare Piho,Mare Piho,109
620957,Marika Mikkor,Marika Mikkor,113
620957,Mare Piho,Mare Piho,109
620958,Marika Mikkor,Marika Mikkor,113
620958,Mare Piho,Mare Piho,109
620959,Marika Mikkor,Marika Mikkor,113
620959,Mare Piho,Mare Piho,109
620961,Marika Mikkor,Marika Mikkor,113
620961,Mare Piho,Mare Piho,109
620962,Marika Mikkor,Marika Mikkor,113
620962,Mare Piho,Mare Piho,109
620963,Marika Mikkor,Marika Mikkor,113
620963,Mare Piho,Mare Piho,109
620965,Marika Mikkor,Marika Mikkor,113
620965,Mare Piho,Mare Piho,109
620966,Marika Mikkor,Marika Mikkor,113
620966,Mare Piho,Mare Piho,109
620967,Marika Mikkor,Marika Mikkor,113
620967,Mare Piho,Mare Piho,109
620969,Marika Mikkor,Marika Mikkor,113
620969,Mare Piho,Mare Piho,109
620970,Marika Mikkor,Marika Mikkor,113
620970,Mare Piho,Mare Piho,109
620971,Marika Mikkor,Marika Mikkor,113
620971,Mare Piho,Mare Piho,109
620972,Marika Mikkor,Marika Mikkor,113
620972,Mare Piho,Mare Piho,109
620973,Marika Mikkor,Marika Mikkor,113
620973,Mare Piho,Mare Piho,109
620974,Marika Mikkor,Marika Mikkor,113
620974,Mare Piho,Mare Piho,109
620975,Marika Mikkor,Marika Mikkor,113
620975,Mare Piho,Mare Piho,109
620977,Marika Mikkor,Marika Mikkor,113
620977,Mare Piho,Mare Piho,109
620978,Marika Mikkor,Marika Mikkor,113
620978,Mare Piho,Mare Piho,109
620979,Marika Mikkor,Marika Mikkor,113
620979,Mare Piho,Mare Piho,109
620980,Marika Mikkor,Marika Mikkor,113
620980,Mare Piho,Mare Piho,109
620981,Marika Mikkor,Marika Mikkor,113
620981,Mare Piho,Mare Piho,109
620982,Marika Mikkor,Marika Mikkor,113
620982,Mare Piho,Mare Piho,109
620983,Marika Mikkor,Marika Mikkor,113
620983,Mare Piho,Mare Piho,109
620984,Marika Mikkor,Marika Mikkor,113
620984,Mare Piho,Mare Piho,109
620985,Marika Mikkor,Marika Mikkor,113
620985,Mare Piho,Mare Piho,109
620986,Marika Mikkor,Marika Mikkor,113
620986,Mare Piho,Mare Piho,109
620987,Marika Mikkor,Marika Mikkor,113
620987,Mare Piho,Mare Piho,109
620988,Marika Mikkor,Marika Mikkor,113
620988,Mare Piho,Mare Piho,109
620989,Marika Mikkor,Marika Mikkor,113
620989,Mare Piho,Mare Piho,109
620990,Marika Mikkor,Marika Mikkor,113
620990,Mare Piho,Mare Piho,109
620991,Marika Mikkor,Marika Mikkor,113
620991,Mare Piho,Mare Piho,109
620992,Marika Mikkor,Marika Mikkor,113
620992,Mare Piho,Mare Piho,109
620993,Marika Mikkor,Marika Mikkor,113
620993,Mare Piho,Mare Piho,109
620994,Marika Mikkor,Marika Mikkor,113
620994,Mare Piho,Mare Piho,109
620995,Marika Mikkor,Marika Mikkor,113
620995,Mare Piho,Mare Piho,109
621023,Jüri Linnus,Jüri Linnus,73
621023,Mari Ruljand,Mati Ruljand,112
621024,Jüri Linnus,Jüri Linnus,73
621024,Mari Ruljand,Mati Ruljand,112
621025,Jüri Linnus,Jüri Linnus,73
621025,Mari Ruljand,Mati Ruljand,112
621026,Jüri Linnus,Jüri Linnus,73
621026,Mari Ruljand,Mati Ruljand,112
621027,Jüri Linnus,Jüri Linnus,73
621027,Mari Ruljand,Mati Ruljand,112
621028,Jüri Linnus,Jüri Linnus,73
621028,Mari Ruljand,Mati Ruljand,112
621029,Jüri Linnus,Jüri Linnus,73
621029,Mari Ruljand,Mati Ruljand,112
621030,Jüri Linnus,Jüri Linnus,73
621030,Mari Ruljand,Mati Ruljand,112
621031,Jüri Linnus,Jüri Linnus,73
621031,Mari Ruljand,Mati Ruljand,112
621032,Jüri Linnus,Jüri Linnus,73
621032,Mari Ruljand,Mati Ruljand,112
621033,Jüri Linnus,Jüri Linnus,73
621033,Mari Ruljand,Mati Ruljand,112
621034,Jüri Linnus,Jüri Linnus,73
621034,Mari Ruljand,Mati Ruljand,112
621035,Jüri Linnus,Jüri Linnus,73
621035,Mari Ruljand,Mati Ruljand,112
621036,Jüri Linnus,Jüri Linnus,73
621036,Mari Ruljand,Mati Ruljand,112
621037,Jüri Linnus,Jüri Linnus,73
621037,Mari Ruljand,Mati Ruljand,112
621038,Jüri Linnus,Jüri Linnus,73
621038,Mari Ruljand,Mati Ruljand,112
621039,Jüri Linnus,Jüri Linnus,73
621039,Mari Ruljand,Mati Ruljand,112
621040,Jüri Linnus,Jüri Linnus,73
621040,Mari Ruljand,Mati Ruljand,112
621041,Jüri Linnus,Jüri Linnus,73
621041,Mari Ruljand,Mati Ruljand,112
621042,Jüri Linnus,Jüri Linnus,73
621042,Mari Ruljand,Mati Ruljand,112
621043,Jüri Linnus,Jüri Linnus,73
621043,Mari Ruljand,Mati Ruljand,112
621044,Jüri Linnus,Jüri Linnus,73
621044,Mari Ruljand,Mati Ruljand,112
621045,Jüri Linnus,Jüri Linnus,73
621045,Mari Ruljand,Mati Ruljand,112
621046,Jüri Linnus,Jüri Linnus,73
621046,Mari Ruljand,Mati Ruljand,112
621047,Jüri Linnus,Jüri Linnus,73
621047,Mari Ruljand,Mati Ruljand,112
621048,Jüri Linnus,Jüri Linnus,73
621048,Mari Ruljand,Mati Ruljand,112
621049,Jüri Linnus,Jüri Linnus,73
621049,Mari Ruljand,Mati Ruljand,112
621050,Jüri Linnus,Jüri Linnus,73
621050,Mari Ruljand,Mati Ruljand,112
621051,Jüri Linnus,Jüri Linnus,73
621051,Mari Ruljand,Mati Ruljand,112
621052,Jüri Linnus,Jüri Linnus,73
621052,Mari Ruljand,Mati Ruljand,112
621053,Jüri Linnus,Jüri Linnus,73
621053,Mari Ruljand,Mati Ruljand,112
621054,Jüri Linnus,Jüri Linnus,73
621054,Mari Ruljand,Mati Ruljand,112
621055,Jüri Linnus,Jüri Linnus,73
621055,Mari Ruljand,Mati Ruljand,112
621056,Jüri Linnus,Jüri Linnus,73
621056,Mati Ruljand,Mati Ruljand,118
621057,Jüri Linnus,Jüri Linnus,73
621057,Mari Ruljand,Mati Ruljand,112
621058,Jüri Linnus,Jüri Linnus,73
621058,Mari Ruljand,Mati Ruljand,112
621059,Jüri Linnus,Jüri Linnus,73
621059,Mari Ruljand,Mati Ruljand,112
621060,Jüri Linnus,Jüri Linnus,73
621060,Mari Ruljand,Mati Ruljand,112
621061,Jüri Linnus,Jüri Linnus,73
621061,Mari Ruljand,Mati Ruljand,112
621062,Jüri Linnus,Jüri Linnus,73
621062,Mari Ruljand,Mati Ruljand,112
621063,Jüri Linnus,Jüri Linnus,73
621063,Mari Ruljand,Mati Ruljand,112
621064,Jüri Linnus,Jüri Linnus,73
621064,Mari Ruljand,Mati Ruljand,112
621065,Jüri Linnus,Jüri Linnus,73
621065,Mari Ruljand,Mati Ruljand,112
621066,Jüri Linnus,Jüri Linnus,73
621066,Mari Ruljand,Mati Ruljand,112
621067,Jüri Linnus,Jüri Linnus,73
621067,Mari Ruljand,Mati Ruljand,112
621068,Jüri Linnus,Jüri Linnus,73
621068,Mari Ruljand,Mati Ruljand,112
621069,Jüri Linnus,Jüri Linnus,73
621069,Mari Ruljand,Mati Ruljand,112
621070,Jüri Linnus,Jüri Linnus,73
621070,Mari Ruljand,Mati Ruljand,112
621071,Jüri Linnus,Jüri Linnus,73
621071,Mari Ruljand,Mati Ruljand,112
621072,Jüri Linnus,Jüri Linnus,73
621072,Mari Ruljand,Mati Ruljand,112
621073,Jüri Linnus,Jüri Linnus,73
621073,Mari Ruljand,Mati Ruljand,112
621074,Edgar Saar,Edgar Saar,33
621075,Edgar Saar,Edgar Saar,33
621076,Edgar Saar,Edgar Saar,33
621077,Edgar Saar,Edgar Saar,33
621078,Edgar Saar,Edgar Saar,33
621079,Edgar Saar,Edgar Saar,33
621081,Heno Sarv,Heno Sarv,58
621082,Heno Sarv,Heno Sarv,58
621083,Heno Sarv,Heno Sarv,58
621084,Heno Sarv,Heno Sarv,58
621088,Heno Sarv,Heno Sarv,58
621092,Heno Sarv,Heno Sarv,58
621093,Heno Sarv,Heno Sarv,58
621094,Heno Sarv,Heno Sarv,58
621095,Heno Sarv,Heno Sarv,58
621096,Heno Sarv,Heno Sarv,58
621098,Heno Sarv,Heno Sarv,58
621100,Heno Sarv,Heno Sarv,58
621102,Heno Sarv,Heno Sarv,58
621103,Heno Sarv,Heno Sarv,58
621104,Heno Sarv,Heno Sarv,58
621105,Heno Sarv,Heno Sarv,58
621106,Heno Sarv,Heno Sarv,58
621107,Heno Sarv,Heno Sarv,58
621108,Heno Sarv,Heno Sarv,58
621109,Heno Sarv,Heno Sarv,58
621110,Heno Sarv,Heno Sarv,58
621111,Heno Sarv,Heno Sarv,58
621112,Heno Sarv,Heno Sarv,58
621113,Heno Sarv,Heno Sarv,58
621114,Heno Sarv,Heno Sarv,58
621115,Heno Sarv,Heno Sarv,58
621116,Heno Sarv,Heno Sarv,58
621117,Edgar Saar,Edgar Saar,33
621118,Edgar Saar,Edgar Saar,33
621119,Edgar Saar,Edgar Saar,33
621120,Edgar Saar,Edgar Saar,33
621121,Edgar Saar,Edgar Saar,33
621122,Edgar Saar,Edgar Saar,33
621136,Marju Joalaid,Marje Joalaid,116
621137,Marje Joalaid,Marje Joalaid,114
621138,Marje Joalaid,Marje Joalaid,114
621139,Paula Palmeos,Paula Palmeos,128
621141,Marje Joalaid,Marje Joalaid,114
621142,Marje Joalaid,Marje Joalaid,114
621143,Marje Joalaid,Marje Joalaid,114
621144,Edgar Saar,Edgar Saar,33
621145,Edgar Saar,Edgar Saar,33
621146,Edgar Saar,Edgar Saar,33
621147,Edgar Saar,Edgar Saar,33
621148,Edgar Saar,Edgar Saar,33
621149,Edgar Saar,Edgar Saar,33
621151,Edgar Saar,Edgar Saar,33
621152,Edgar Saar,Edgar Saar,33
621153,Edgar Saar,Edgar Saar,33
621154,Edgar Saar,Edgar Saar,33
621158,Ülo Maaring,Ülo Maaring,172
621159,Ülo Maaring,Ülo Maaring,172
621160,Ülo Maaring,Ülo Maaring,172
621162,Ülo Maaring,Ülo Maaring,172
621163,Ülo Maaring,Ülo Maaring,172
621164,Ülo Maaring,Ülo Maaring,172
621165,Ülo Maaring,Ülo Maaring,172
621166,Ülo Maaring,Ülo Maaring,172
621167,Ülo Maaring,Ülo Maaring,172
621169,Ülo Maaring,Ülo Maaring,172
621193,Aleksei Peterson,Aleksei Peterson,17
621194,Aleksei Peterson,Aleksei Peterson,17
621195,Aleksei Peterson,Aleksei Peterson,17
621196,Aleksei Peterson,Aleksei Peterson,17
621197,Aleksei Peterson,Aleksei Peterson,17
621198,Aleksei Peterson,Aleksei Peterson,17
621199,Aleksei Peterson,Aleksei Peterson,17
621200,Aleksei Peterson,Aleksei Peterson,17
621201,Aleksei Peterson,Aleksei Peterson,17
621202,Aleksei Peterson,Aleksei Peterson,17
621203,Aleksei Peterson,Aleksei Peterson,17
621204,Aleksei Peterson,Aleksei Peterson,17
621206,Aleksei Peterson,Aleksei Peterson,17
621207,Aleksei Peterson,Aleksei Peterson,17
621208,Aleksei Peterson,Aleksei Peterson,17
621209,Aleksei Peterson,Aleksei Peterson,17
621210,Aleksei Peterson,Aleksei Peterson,17
621211,Aleksei Peterson,Aleksei Peterson,17
621212,Aleksei Peterson,Aleksei Peterson,17
621213,Aleksei Peterson,Aleksei Peterson,17
621214,Aleksei Peterson,Aleksei Peterson,17
621215,Aleksei Peterson,Aleksei Peterson,17
621216,Aleksei Peterson,Aleksei Peterson,17
621217,Aleksei Peterson,Aleksei Peterson,17
621219,Aleksei Peterson,Aleksei Peterson,17
621220,Aleksei Peterson,Aleksei Peterson,17
621221,Aleksei Peterson,Aleksei Peterson,17
621222,Aleksei Peterson,Aleksei Peterson,17
621223,Aleksei Peterson,Aleksei Peterson,17
621224,Aleksei Peterson,Aleksei Peterson,17
621225,Aleksei Peterson,Aleksei Peterson,17
621226,Aleksei Peterson,Aleksei Peterson,17
621227,Aleksei Peterson,Aleksei Peterson,17
621228,Aleksei Peterson,Aleksei Peterson,17
621229,Aleksei Peterson,Aleksei Peterson,17
621230,Aleksei Peterson,Aleksei Peterson,17
621231,Aleksei Peterson,Aleksei Peterson,17
621232,Aleksei Peterson,Aleksei Peterson,17
621233,Aleksei Peterson,Aleksei Peterson,17
621234,Aleksei Peterson,Aleksei Peterson,17
621235,Aleksei Peterson,Aleksei Peterson,17
621236,Aleksei Peterson,Aleksei Peterson,17
621237,Aleksei Peterson,Aleksei Peterson,17
621238,Aleksei Peterson,Aleksei Peterson,17
621239,Aleksei Peterson,Aleksei Peterson,17
621239,Aado Lintrop,Aado Lintrop,7
621239,Jüri Karm,Jüri Karm,71
621239,Lembit Lepp,Lembit Lepp,97
621239,Kaido Kama,Kaido Kama,80
621240,Aleksei Peterson,Aleksei Peterson,17
621240,Aado Lintrop,Aado Lintrop,7
621240,Jüri Karm,Jüri Karm,71
621240,Lembit Lepp,Lembit Lepp,97
621240,Kaido Kama,Kaido Kama,80
621241,Aleksei Peterson,Aleksei Peterson,17
621241,Aado Lintrop,Aado Lintrop,7
621241,Jüri Karm,Jüri Karm,71
621241,Lembit Lepp,Lembit Lepp,97
621241,Kaido Kama,Kaido Kama,80
621242,Aleksei Peterson,Aleksei Peterson,17
621242,Aado Lintrop,Aado Lintrop,7
621242,Jüri Karm,Jüri Karm,71
621242,Lembit Lepp,Lembit Lepp,97
621242,Kaido Kama,Kaido Kama,80
621243,Aleksei Peterson,Aleksei Peterson,17
621243,Aado Lintrop,Aado Lintrop,7
621243,Jüri Karm,Jüri Karm,71
621243,Lembit Lepp,Lembit Lepp,97
621243,Kaido Kama,Kaido Kama,80
621244,Aleksei Peterson,Aleksei Peterson,17
621244,Aado Lintrop,Aado Lintrop,7
621244,Jüri Karm,Jüri Karm,71
621244,Lembit Lepp,Lembit Lepp,97
621244,Kaido Kama,Kaido Kama,80
621245,Aleksei Peterson,Aleksei Peterson,17
621245,Aado Lintrop,Aado Lintrop,7
621245,Jüri Karm,Jüri Karm,71
621245,Lembit Lepp,Lembit Lepp,97
621245,Kaido Kama,Kaido Kama,80
621246,Aleksei Peterson,Aleksei Peterson,17
621246,Aado Lintrop,Aado Lintrop,7
621246,Jüri Karm,Jüri Karm,71
621246,Lembit Lepp,Lembit Lepp,97
621246,Kaido Kama,Kaido Kama,80
621247,Aleksei Peterson,Aleksei Peterson,17
621247,Aado Lintrop,Aado Lintrop,7
621247,Jüri Karm,Jüri Karm,71
621247,Lembit Lepp,Lembit Lepp,97
621247,Kaido Kama,Kaido Kama,80
621248,Aleksei Peterson,Aleksei Peterson,17
621248,Aado Lintrop,Aado Lintrop,7
621248,Jüri Karm,Jüri Karm,71
621248,Lembit Lepp,Lembit Lepp,97
621248,Kaido Kama,Kaido Kama,80
621249,Aleksei Peterson,Aleksei Peterson,17
621249,Aado Lintrop,Aado Lintrop,7
621249,Jüri Karm,Jüri Karm,71
621249,Lembit Lepp,Lembit Lepp,97
621249,Kaido Kama,Kaido Kama,80
621250,Aleksei Peterson,Aleksei Peterson,17
621250,Aado Lintrop,Aado Lintrop,7
621250,Jüri Karm,Jüri Karm,71
621250,Lembit Lepp,Lembit Lepp,97
621250,Kaido Kama,Kaido Kama,80
621251,Aleksei Peterson,Aleksei Peterson,17
621251,Aado Lintrop,Aado Lintrop,7
621251,Jüri Karm,Jüri Karm,71
621251,Lembit Lepp,Lembit Lepp,97
621251,Kaido Kama,Kaido Kama,80
621252,Aleksei Peterson,Aleksei Peterson,17
621252,Aado Lintrop,Aado Lintrop,7
621252,Jüri Karm,Jüri Karm,71
621252,Lembit Lepp,Lembit Lepp,97
621252,Kaido Kama,Kaido Kama,80
621253,Aleksei Peterson,Aleksei Peterson,17
621253,Aado Lintrop,Aado Lintrop,7
621253,Jüri Karm,Jüri Karm,71
621253,Lembit Lepp,Lembit Lepp,97
621253,Kaido Kama,Kaido Kama,80
621254,Aleksei Peterson,Aleksei Peterson,17
621254,Aado Lintrop,Aado Lintrop,7
621254,Jüri Karm,Jüri Karm,71
621254,Lembit Lepp,Lembit Lepp,97
621254,Kaido Kama,Kaido Kama,80
621255,Aleksei Peterson,Aleksei Peterson,17
621255,Aado Lintrop,Aado Lintrop,7
621255,Jüri Karm,Jüri Karm,71
621255,Lembit Lepp,Lembit Lepp,97
621255,Kaido Kama,Kaido Kama,80
621256,Aleksei Peterson,Aleksei Peterson,17
621256,Aado Lintrop,Aado Lintrop,7
621256,Jüri Karm,Jüri Karm,71
621256,Lembit Lepp,Lembit Lepp,97
621256,Kaido Kama,Kaido Kama,80
621257,Aleksei Peterson,Aleksei Peterson,17
621257,Aado Lintrop,Aado Lintrop,7
621257,Jüri Karm,Jüri Karm,71
621257,Lembit Lepp,Lembit Lepp,97
621257,Kaido Kama,Kaido Kama,80
621258,Edith Salu,Edith Salu,36
621258,Annes Enehielm,Annes Enehielm,19
621258,Aado Lintrop,Aado Lintrop,7
621258,Heiki Pärdi,Heiki Pärdi,56
621259,Edith Salu,Edith Salu,36
621259,Annes Enehielm,Annes Enehielm,19
621259,Aado Lintrop,Aado Lintrop,7
621259,Heiki Pärdi,Heiki Pärdi,56
621260,Edith Salu,Edith Salu,36
621260,Annes Enehielm,Annes Enehielm,19
621260,Aado Lintrop,Aado Lintrop,7
621260,Heiki Pärdi,Heiki Pärdi,56
621261,Edith Salu,Edith Salu,36
621261,Annes Enehielm,Annes Enehielm,19
621261,Aado Lintrop,Aado Lintrop,7
621261,Heiki Pärdi,Heiki Pärdi,56
621262,Edith Salu,Edith Salu,36
621262,Annes Enehielm,Annes Enehielm,19
621262,Aado Lintrop,Aado Lintrop,7
621262,Heiki Pärdi,Heiki Pärdi,56
621263,E. Salu,Edith Salu,29
621263,A. Enehielm,Annes Enehielm,2
621263,A. Lintrop,Aado Lintrop,4
621263,H. Pärdi,Heiki Pärdi,53
621264,E. Salu,Edith Salu,29
621264,A. Enehielm,Annes Enehielm,2
621264,A. Lintrop,Aado Lintrop,4
621264,H. Pärdi,Heiki Pärdi,53
621265,E. Salu,Edith Salu,29
621265,A. Enehielm,Annes Enehielm,2
621265,A. Lintrop,Aado Lintrop,4
621265,H. Pärdi,Heiki Pärdi,53
621266,Edith Salu,Edith Salu,36
621266,Annes Enehielm,Annes Enehielm,19
621266,Aado Lintrop,Aado Lintrop,7
621266,Heiki Pärdi,Heiki Pärdi,56
621267,Edith Salu,Edith Salu,36
621267,Annes Enehielm,Annes Enehielm,19
621267,Aado Lintrop,Aado Lintrop,7
621267,Heiki Pärdi,Heiki Pärdi,56
621268,Edith Salu,Edith Salu,36
621268,Annes Enehielm,Annes Enehielm,19
621268,Aado Lintrop,Aado Lintrop,7
621268,Heiki Pärdi,Heiki Pärdi,56
621269,Edith Salu,Edith Salu,36
621269,Annes Enehielm,Annes Enehielm,19
621269,Aado Lintrop,Aado Lintrop,7
621269,Heiki Pärdi,Heiki Pärdi,56
621270,Edgar Saar,Edgar Saar,33
621271,Edgar Saar,Edgar Saar,33
621272,Edgar Saar,Edgar Saar,33
621273,Edgar Saar,Edgar Saar,33
621274,Edgar Saar,Edgar Saar,33
621275,Edgar Saar,Edgar Saar,33
621276,Edgar Saar,Edgar Saar,33
621277,Edgar Saar,Edgar Saar,33
621278,Edgar Saar,Edgar Saar,33
621279,Edgar Saar,Edgar Saar,33
621280,Edgar Saar,Edgar Saar,33
621281,Edgar Saar,Edgar Saar,33
621282,Edgar Saar,Edgar Saar,33
621283,Edgar Saar,Edgar Saar,33
621284,Edgar Saar,Edgar Saar,33
621285,Edgar Saar,Edgar Saar,33
621286,Edgar Saar,Edgar Saar,33
621287,Edgar Saar,Edgar Saar,33
621288,Edgar Saar,Edgar Saar,33
621289,E. Saare,Edgar Saar,28
621290,Heno Sarv,Heno Sarv,58
621291,Heno Sarv,Heno Sarv,58
621292,Heno Sarv,Heno Sarv,58
621293,Heno Sarv,Heno Sarv,58
621294,Heno Sarv,Heno Sarv,58
621295,Heno Sarv,Heno Sarv,58
621296,Heno Sarv,Heno Sarv,58
621297,Heno Sarv,Heno Sarv,58
621298,Heno Sarv,Heno Sarv,58
621299,Heno Sarv,Heno Sarv,58
621300,Juta Reio,Juta Reio,70
621300,Uuno Ojala,Uuno Ojala,161
621301,Juta Reio,Juta Reio,70
621301,Uuno Ojala,Uuno Ojala,161
621302,Juta Reio,Juta Reio,70
621302,Uuno Ojala,Uuno Ojala,161
621303,Juta Reio,Juta Reio,70
621303,Uuno Ojala,Uuno Ojala,161
621304,Juta Reio,Juta Reio,70
621304,Uuno Ojala,Uuno Ojala,161
621305,Juta Reio,Juta Reio,70
621305,Uuno Ojala,Uuno Ojala,161
621306,Juta Reio,Juta Reio,70
621306,Uuno Ojala,Uuno Ojala,161
621307,Juta Reio,Juta Reio,70
621307,Uuno Ojala,Uuno Ojala,161
621308,Juta Reio,Juta Reio,70
621308,Uuno Ojala,Uuno Ojala,161
621309,Juta Reio,Juta Reio,70
621309,Uuno Ojala,Uuno Ojala,161
621310,Juta Reio,Juta Reio,70
621310,Uuno Ojala,Uuno Ojala,161
621311,Juta Reio,Juta Reio,70
621311,Uuno Ojala,Uuno Ojala,161
621312,Juta Reio,Juta Reio,70
621312,Uuno Ojala,Uuno Ojala,161
621313,Juta Reio,Juta Reio,70
621313,Uuno Ojala,Uuno Ojala,161
621314,Juta Reio,Juta Reio,70
621314,Uuno Ojala,Uuno Ojala,161
621315,Juta Reio,Juta Reio,70
621315,Uuno Ojala,Uuno Ojala,161
621316,Juta Reio,Juta Reio,70
621316,Uuno Ojala,Uuno Ojala,161
621317,Juta Reio,Juta Reio,70
621317,Uuno Ojala,Uuno Ojala,161
621318,Juta Reio,Juta Reio,70
621318,Uuno Ojala,Uuno Ojala,161
621319,Juta Reio,Juta Reio,70
621319,Uuno Ojala,Uuno Ojala,161
621320,Juta Reio,Juta Reio,70
621320,Uuno Ojala,Uuno Ojala,161
621321,Juta Reio,Juta Reio,70
621321,Uuno Ojala,Uuno Ojala,161
621322,Juta Reio,Juta Reio,70
621322,Uuno Ojala,Uuno Ojala,161
621323,Juta Reio,Juta Reio,70
621323,Uuno Ojala,Uuno Ojala,161
621324,Juta Reio,Juta Reio,70
621324,Uuno Ojala,Uuno Ojala,161
621325,Juta Reio,Juta Reio,70
621325,Uuno Ojala,Uuno Ojala,161
621326,Juta Reio,Juta Reio,70
621326,Uuno Ojala,Uuno Ojala,161
621327,Juta Reio,Juta Reio,70
621327,Uuno Ojala,Uuno Ojala,161
621328,Juta Reio,Juta Reio,70
621328,Uuno Ojala,Uuno Ojala,161
621329,Ado Luud,Aldo Luud,13
621329,Maaja Värva,Maaja Värva,106
621330,Ado Luud,Aldo Luud,13
621330,Maaja Värva,Maaja Värva,106
621331,Ado Luud,Aldo Luud,13
621331,Maaja Värva,Maaja Värva,106
621332,Ado Luud,Aldo Luud,13
621332,Maaja Värva,Maaja Värva,106
621333,Ado Luud,Aldo Luud,13
621333,Maaja Värva,Maaja Värva,106
621334,Ado Luud,Aldo Luud,13
621334,Maaja Värva,Maaja Värva,106
621335,Ado Luud,Aldo Luud,13
621335,Maaja Värva,Maaja Värva,106
621336,Ado Luud,Aldo Luud,13
621336,Maaja Värva,Maaja Värva,106
621337,Ado Luud,Aldo Luud,13
621337,Maaja Värva,Maaja Värva,106
621338,Ado Luud,Aldo Luud,13
621338,Maaja Värva,Maaja Värva,106
621339,Ado Luud,Aldo Luud,13
621339,Maaja Värva,Maaja Värva,106
621340,Ado Luud,Aldo Luud,13
621340,Maaja Värva,Maaja Värva,106
621341,Marje Joalaid,Marje Joalaid,114
621342,Marje Joalaid,Marje Joalaid,114
621343,Juta Reio,Juta Reio,70
621344,Juta Reio,Juta Reio,70
621345,Juta Reio,Juta Reio,70
621346,Juta Reio,Juta Reio,70
621347,Juta Reio,Juta Reio,70
621348,Juta Reio,Juta Reio,70
621349,Juta Reio,Juta Reio,70
621350,Juta Reio,Juta Reio,70
621351,Juta Reio,Juta Reio,70
621352,Juta Reio,Juta Reio,70
621355,Aleksei Peterson,Aleksei Peterson,17
621356,Aleksei Peterson,Aleksei Peterson,17
621357,Aleksei Peterson,Aleksei Peterson,17
621358,Aleksei Peterson,Aleksei Peterson,17
621359,Aleksei Peterson,Aleksei Peterson,17
621360,Aleksei Peterson,Aleksei Peterson,17
621361,Aleksei Peterson,Aleksei Peterson,17
621362,Aleksei Peterson,Aleksei Peterson,17
621364,Aleksei Peterson,Aleksei Peterson,17
621365,Aleksei Peterson,Aleksei Peterson,17
621366,Aleksei Peterson,Aleksei Peterson,17
621367,Aleksei Peterson,Aleksei Peterson,17
621368,Aleksei Peterson,Aleksei Peterson,17
621369,Aleksei Peterson,Aleksei Peterson,17
621370,Aleksei Peterson,Aleksei Peterson,17
621371,Aleksei Peterson,Aleksei Peterson,17
621372,Aleksei Peterson,Aleksei Peterson,17
621373,Aleksei Peterson,Aleksei Peterson,17
621375,Aleksei Peterson,Aleksei Peterson,17
621376,Aleksei Peterson,Aleksei Peterson,17
621377,Aleksei Peterson,Aleksei Peterson,17
621378,Aleksei Peterson,Aleksei Peterson,17
621379,Aleksei Peterson,Aleksei Peterson,17
621380,Aleksei Peterson,Aleksei Peterson,17
621381,Aleksei Peterson,Aleksei Peterson,17
621382,Aleksei Peterson,Aleksei Peterson,17
621383,Aleksei Peterson,Aleksei Peterson,17
621384,Aleksei Peterson,Aleksei Peterson,17
621385,Aleksei Peterson,Aleksei Peterson,17
621386,Aleksei Peterson,Aleksei Peterson,17
621387,Aleksei Peterson,Aleksei Peterson,17
621388,Aleksei Peterson,Aleksei Peterson,17
621389,Aleksei Peterson,Aleksei Peterson,17
621478,Aleksei Peterson,Aleksei Peterson,17
621480,Aleksei Peterson,Aleksei Peterson,17
621484,Aleksei Peterson,Aleksei Peterson,17
621485,Aleksei Peterson,Aleksei Peterson,17
621487,Aleksei Peterson,Aleksei Peterson,17
621492,Juta Reio,Juta Reio,70
621493,Juta Reio,Juta Reio,70
621494,Juta Reio,Juta Reio,70
621495,Juta Reio,Juta Reio,70
621496,Juta Reio,Juta Reio,70
621497,Juta Reio,Juta Reio,70
621501,Vaike Reemann,Vaike Reemann,162
621502,Vaike Reemann,Vaike Reemann,162
621503,Vaike Reemann,Vaike Reemann,162
621504,Vaike Reemann,Vaike Reemann,162
621506,Vaike Reemann,Vaike Reemann,162
621507,Vaike Reemann,Vaike Reemann,162
621508,Vaike Reemann,Vaike Reemann,162
621509,Vaike Reemann,Vaike Reemann,162
621510,Vaike Reemann,Vaike Reemann,162
621511,Vaike Reemann,Vaike Reemann,162
621512,Vaike Reemann,Vaike Reemann,162
621514,Vaike Reemann,Vaike Reemann,162
621515,Vaike Reemann,Vaike Reemann,162
621516,Vaike Reemann,Vaike Reemann,162
621517,Vaike Reemann,Vaike Reemann,162
621518,Vaike Reemann,Vaike Reemann,162
621526,Mare Piho,Mare Piho,109
621526,Marika Mikkor,Marika Mikkor,113
621527,Mare Piho,Mare Piho,109
621527,Marika Mikkor,Marika Mikkor,113
621529,Mare Piho,Mare Piho,109
621529,Marika Mikkor,Marika Mikkor,113
621530,Mare Piho,Mare Piho,109
621530,Marika Mikkor,Marika Mikkor,113
621531,Mare Piho,Mare Piho,109
621531,Marika Mikkor,Marika Mikkor,113
621532,Mare Piho,Mare Piho,109
621532,Marika Mikkor,Marika Mikkor,113
621533,Mare Piho,Mare Piho,109
621533,Marika Mikkor,Marika Mikkor,113
621534,Mare Piho,Mare Piho,109
621534,Marika Mikkor,Marika Mikkor,113
621535,Mare Piho,Mare Piho,109
621535,Marika Mikkor,Marika Mikkor,113
621536,Mare Piho,Mare Piho,109
621536,Marika Mikkor,Marika Mikkor,113
621538,Mare Piho,Mare Piho,109
621538,Marika Mikkor,Marika Mikkor,113
621540,Mare Piho,Mare Piho,109
621540,Marika Mikkor,Marika Mikkor,113
621541,Mare Piho,Mare Piho,109
621541,Marika Mikkor,Marika Mikkor,113
621542,Mare Piho,Mare Piho,109
621542,Marika Mikkor,Marika Mikkor,113
621543,Mare Piho,Mare Piho,109
621543,Marika Mikkor,Marika Mikkor,113
621544,Mare Piho,Mare Piho,109
621544,Marika Mikkor,Marika Mikkor,113
621545,Mare Piho,Mare Piho,109
621545,Marika Mikkor,Marika Mikkor,113
621546,Mare Piho,Mare Piho,109
621546,Marika Mikkor,Marika Mikkor,113
621547,Mare Piho,Mare Piho,109
621547,Marika Mikkor,Marika Mikkor,113
621548,Mare Piho,Mare Piho,109
621548,Marika Mikkor,Marika Mikkor,113
621550,Mare Piho,Mare Piho,109
621550,Marika Mikkor,Marika Mikkor,113
621552,Mare Piho,Mare Piho,109
621552,Marika Mikkor,Marika Mikkor,113
621553,Mare Piho,Mare Piho,109
621553,Marika Mikkor,Marika Mikkor,113
621555,Mare Piho,Mare Piho,109
621555,Marika Mikkor,Marika Mikkor,113
621556,Mare Piho,Mare Piho,109
621556,Marika Mikkor,Marika Mikkor,113
621557,Mare Piho,Mare Piho,109
621557,Marika Mikkor,Marika Mikkor,113
621558,Mare Piho,Mare Piho,109
621558,Marika Mikkor,Marika Mikkor,113
621559,Mare Piho,Mare Piho,109
621559,Marika Mikkor,Marika Mikkor,113
621647,Heiki Pärdi,Heiki Pärdi,56
621647,Terje Alop,Terje Alop,150
621647,Aldo Luud,Aldo Luud,15
621647,Anneli Säre,Anneli Säre,18
621647,Eve Randoja,Eve Randoja,49
621648,Heiki Pärdi,Heiki Pärdi,56
621648,Terje Alop,Terje Alop,150
621648,Aldo Luud,Aldo Luud,15
621648,Anneli Säre,Anneli Säre,18
621648,Eve Randoja,Eve Randoja,49
621649,Heiki Pärdi,Heiki Pärdi,56
621649,Terje Alop,Terje Alop,150
621649,Aldo Luud,Aldo Luud,15
621649,Anneli Säre,Anneli Säre,18
621649,Eve Randoja,Eve Randoja,49
621650,Heiki Pärdi,Heiki Pärdi,56
621650,Terje Alop,Terje Alop,150
621650,Aldo Luud,Aldo Luud,15
621650,Anneli Säre,Anneli Säre,18
621650,Eve Randoja,Eve Randoja,49
621651,Heiki Pärdi,Heiki Pärdi,56
621651,Terje Alop,Terje Alop,150
621651,Aldo Luud,Aldo Luud,15
621651,Anneli Säre,Anneli Säre,18
621651,Eve Randoja,Eve Randoja,49
621652,Heiki Pärdi,Heiki Pärdi,56
621652,Terje Alop,Terje Alop,150
621652,Aldo Luud,Aldo Luud,15
621652,Anneli Säre,Anneli Säre,18
621652,Eve Randoja,Eve Randoja,49
621653,Heiki Pärdi,Heiki Pärdi,56
621653,Terje Alop,Terje Alop,150
621653,Aldo Luud,Aldo Luud,15
621653,Anneli Säre,Anneli Säre,18
621653,Eve Randoja,Eve Randoja,49
621654,Heiki Pärdi,Heiki Pärdi,56
621654,Terje Anepaio,Terje Anepaio,151
621654,Aldo Luud,Aldo Luud,15
621654,Anneli Säre,Anneli Säre,18
621654,Eve Randoja,Eve Randoja,49
621655,Heiki Pärdi,Heiki Pärdi,56
621655,Terje Anepaio,Terje Anepaio,151
621655,Aldo Luud,Aldo Luud,15
621655,Anneli Säre,Anneli Säre,18
621655,Eve Randoja,Eve Randoja,49
621656,Heiki Pärdi,Heiki Pärdi,56
621656,Terje Anepaio,Terje Anepaio,151
621656,Aldo Luud,Aldo Luud,15
621656,Anneli Säre,Anneli Säre,18
621656,Eve Randoja,Eve Randoja,49
621657,Heiki Pärdi,Heiki Pärdi,56
621657,Terje Anepaio,Terje Anepaio,151
621657,Aldo Luud,Aldo Luud,15
621657,Anneli Säre,Anneli Säre,18
621657,Eve Randoja,Eve Randoja,49
621658,Heiki Pärdi,Heiki Pärdi,56
621658,Terje Anepaio,Terje Anepaio,151
621658,Aldo Luud,Aldo Luud,15
621658,Anneli Säre,Anneli Säre,18
621658,Eve Randoja,Eve Randoja,49
621659,Heiki Pärdi,Heiki Pärdi,56
621659,Terje Anepaio,Terje Anepaio,151
621659,Aldo Luud,Aldo Luud,15
621659,Anneli Säre,Anneli Säre,18
621659,Eve Randoja,Eve Randoja,49
621660,Heiki Pärdi,Heiki Pärdi,56
621660,Terje Anepaio,Terje Anepaio,151
621660,Aldo Luud,Aldo Luud,15
621660,Anneli Säre,Anneli Säre,18
621660,Eve Randoja,Eve Randoja,49
621661,Heiki Pärdi,Heiki Pärdi,56
621661,Terje Anepaio,Terje Anepaio,151
621661,Aldo Luud,Aldo Luud,15
621661,Anneli Säre,Anneli Säre,18
621661,Eve Randoja,Eve Randoja,49
621662,Heiki Pärdi,Heiki Pärdi,56
621662,Terje Anepaio,Terje Anepaio,151
621662,Aldo Luud,Aldo Luud,15
621662,Anneli Säre,Anneli Säre,18
621662,Eve Randoja,Eve Randoja,49
621663,Heiki Pärdi,Heiki Pärdi,56
621663,Terje Anepaio,Terje Anepaio,151
621663,Aldo Luud,Aldo Luud,15
621663,Anneli Säre,Anneli Säre,18
621663,Eve Randoja,Eve Randoja,49
621664,Heiki Pärdi,Heiki Pärdi,56
621664,Terje Anepaio,Terje Anepaio,151
621664,Aldo Luud,Aldo Luud,15
621664,Anneli Säre,Anneli Säre,18
621664,Eve Randoja,Eve Randoja,49
621665,Heiki Pärdi,Heiki Pärdi,56
621665,Terje Alop,Terje Alop,150
621665,Aldo Luud,Aldo Luud,15
621665,Anneli Säre,Anneli Säre,18
621665,Eve Randoja,Eve Randoja,49
621666,Heiki Pärdi,Heiki Pärdi,56
621666,Terje Alop,Terje Alop,150
621666,Aldo Luud,Aldo Luud,15
621666,Anneli Säre,Anneli Säre,18
621666,Eve Randoja,Eve Randoja,49
621667,Heiki Pärdi,Heiki Pärdi,56
621667,Terje Alop,Terje Alop,150
621667,Aldo Luud,Aldo Luud,15
621667,Anneli Säre,Anneli Säre,18
621667,Eve Randoja,Eve Randoja,49
621668,Heiki Pärdi,Heiki Pärdi,56
621668,Terje Alop,Terje Alop,150
621668,Aldo Luud,Aldo Luud,15
621668,Anneli Säre,Anneli Säre,18
621668,Eve Randoja,Eve Randoja,49
621669,Mare Piho,Mare Piho,109
621670,Mare Piho,Mare Piho,109
621671,Mare Piho,Mare Piho,109
621672,Mare Piho,Mare Piho,109
621673,Mare Piho,Mare Piho,109
621674,Mare Piho,Mare Piho,109
621675,Mare Piho,Mare Piho,109
621676,Mare Piho,Mare Piho,109
621677,Mare Piho,Mare Piho,109
621678,Mare Piho,Mare Piho,109
621679,Mare Piho,Mare Piho,109
621680,Mare Piho,Mare Piho,109
621681,Mare Piho,Mare Piho,109
621682,Mare Piho,Mare Piho,109
621683,Mare Piho,Mare Piho,109
621684,Mare Piho,Mare Piho,109
621685,Mare Piho,Mare Piho,109
621686,Mare Piho,Mare Piho,109
621687,Mare Piho,Mare Piho,109
621688,Mare Piho,Mare Piho,109
621689,Mare Piho,Mare Piho,109
621690,Mare Piho,Mare Piho,109
621691,Mare Piho,Mare Piho,109
621692,Mare Piho,Mare Piho,109
621693,Mare Piho,Mare Piho,109
621694,Mare Piho,Mare Piho,109
621695,Mare Piho,Mare Piho,109
621706,Mare Piho,Mare Piho,109
621707,Mare Piho,Mare Piho,109
621708,Mare Piho,Mare Piho,109
621709,Mare Piho,Mare Piho,109
621710,Mare Piho,Mare Piho,109
621711,Mare Piho,Mare Piho,109
622174,Mare Piho,Mare Piho,109
622175,Mare Piho,Mare Piho,109
622176,Mare Piho,Mare Piho,109
622177,Mare Piho,Mare Piho,109
622178,Mare Piho,Mare Piho,109
622179,Mare Piho,Mare Piho,109
622180,Mare Piho,Mare Piho,109
622181,Mare Piho,Mare Piho,109
622182,Mare Piho,Mare Piho,109
622183,Mare Piho,Mare Piho,109
622184,Mare Piho,Mare Piho,109
622185,Mare Piho,Mare Piho,109
622186,Edgar Saar,Edgar Saar,33
622187,Edgar Saar,Edgar Saar,33
622188,Edgar Saar,Edgar Saar,33
622189,Edgar Saar,Edgar Saar,33
622190,Edgar Saar,Edgar Saar,33
622191,Edgar Saar,Edgar Saar,33
622192,Mare Piho,Mare Piho,109
622193,Mare Piho,Mare Piho,109
622194,Mare Piho,Mare Piho,109
622195,Mare Piho,Mare Piho,109
622196,Mare Piho,Mare Piho,109
622197,Mare Piho,Mare Piho,109
622198,Mare Piho,Mare Piho,109
622199,Mare Piho,Mare Piho,109
622200,Mare Piho,Mare Piho,109
622636,Edgar Saar,Edgar Saar,33
622637,Edgar Saar,Edgar Saar,33
622638,Edgar Saar,Edgar Saar,33
622639,Edgar Saar,Edgar Saar,33
622640,Edgar Saar,Edgar Saar,33
622641,Edgar Saar,Edgar Saar,33
622642,Edgar Saar,Edgar Saar,33
622643,Edgar Saar,Edgar Saar,33
622644,Edgar Saar,Edgar Saar,33
622645,Edgar Saar,Edgar Saar,33
622646,Edgar Saar,Edgar Saar,33
622647,Edgar Saar,Edgar Saar,33
622648,Edgar Saar,Edgar Saar,33
622649,Edgar Saar,Edgar Saar,33
622666,Liidia Kitkajeva,Liidia Kitkajeva,99
622667,Liidia Kitkajeva,Liidia Kitkajeva,99
622668,Liidia Kitkajeva,Liidia Kitkajeva,99
622669,Liidia Kitkajeva,Liidia Kitkajeva,99
622670,Liidia Kitkajeva,Liidia Kitkajeva,99
622671,Liidia Kitkajeva,Liidia Kitkajeva,99
622672,Liidia Kitkajeva,Liidia Kitkajeva,99
622673,Liidia Kitkajeva,Liidia Kitkajeva,99
622674,Liidia Kitkajeva,Liidia Kitkajeva,99
622675,Liidia Kitkajeva,Liidia Kitkajeva,99
622676,Liidia Kitkajeva,Liidia Kitkajeva,99
622677,Liidia Kitkajeva,Liidia Kitkajeva,99
622678,Liidia Kitkajeva,Liidia Kitkajeva,99
622679,Liidia Kitkajeva,Liidia Kitkajeva,99
622680,Liidia Kitkajeva,Liidia Kitkajeva,99
622681,Liidia Kitkajeva,Liidia Kitkajeva,99
622682,Liidia Kitkajeva,Liidia Kitkajeva,99
622683,Liidia Kitkajeva,Liidia Kitkajeva,99
622684,Liidia Kitkajeva,Liidia Kitkajeva,99
623096,Terje Anepaio,Terje Anepaio,151
623096,Mare Piho,Mare Piho,109
623096,Marika Mikkor,Marika Mikkor,113
623097,Terje Anepaio,Terje Anepaio,151
623097,Mare Piho,Mare Piho,109
623097,Marika Mikkor,Marika Mikkor,113
623098,Terje Anepaio,Terje Anepaio,151
623098,Mare Piho,Mare Piho,109
623098,Marika Mikkor,Marika Mikkor,113
623099,Terje Anepaio,Terje Anepaio,151
623099,Mare Piho,Mare Piho,109
623099,Marika Mikkor,Marika Mikkor,113
623100,Terje Anepaio,Terje Anepaio,151
623100,Mare Piho,Mare Piho,109
623100,Marika Mikkor,Marika Mikkor,113
623102,Terje Anepaio,Terje Anepaio,151
623102,Mare Piho,Mare Piho,109
623102,Marika Mikkor,Marika Mikkor,113
623103,Terje Anepaio,Terje Anepaio,151
623103,Mare Piho,Mare Piho,109
623103,Marika Mikkor,Marika Mikkor,113
623104,Terje Anepaio,Terje Anepaio,151
623104,Mare Piho,Mare Piho,109
623104,Marika Mikkor,Marika Mikkor,113
623105,Terje Anepaio,Terje Anepaio,151
623105,Mare Piho,Mare Piho,109
623105,Marika Mikkor,Marika Mikkor,113
623106,Terje Anepaio,Terje Anepaio,151
623106,Mare Piho,Mare Piho,109
623106,Marika Mikkor,Marika Mikkor,113
623107,Terje Anepaio,Terje Anepaio,151
623107,Mare Piho,Mare Piho,109
623107,Marika Mikkor,Marika Mikkor,113
623111,Terje Anepaio,Terje Anepaio,151
623111,Mare Piho,Mare Piho,109
623111,Marika Mikkor,Marika Mikkor,113
623112,Terje Anepaio,Terje Anepaio,151
623112,Mare Piho,Mare Piho,109
623112,Marika Mikkor,Marika Mikkor,113
623113,Terje Anepaio,Terje Anepaio,151
623113,Mare Piho,Mare Piho,109
623113,Marika Mikkor,Marika Mikkor,113
623114,Terje Anepaio,Terje Anepaio,151
623114,Mare Piho,Mare Piho,109
623114,Marika Mikkor,Marika Mikkor,113
623117,Terje Anepaio,Terje Anepaio,151
623117,Mare Piho,Mare Piho,109
623117,Marika Mikkor,Marika Mikkor,113
623124,Terje Anepaio,Terje Anepaio,151
623124,Mare Piho,Mare Piho,109
623124,Marika Mikkor,Marika Mikkor,113
623125,Terje Anepaio,Terje Anepaio,151
623125,Mare Piho,Mare Piho,109
623125,Marika Mikkor,Marika Mikkor,113
623126,Terje Anepaio,Terje Anepaio,151
623126,Mare Piho,Mare Piho,109
623126,Marika Mikkor,Marika Mikkor,113
623127,Terje Anepaio,Terje Anepaio,151
623127,Mare Piho,Mare Piho,109
623127,Marika Mikkor,Marika Mikkor,113
623128,Terje Anepaio,Terje Anepaio,151
623128,Mare Piho,Mare Piho,109
623128,Marika Mikkor,Marika Mikkor,113
623129,Terje Anepaio,Terje Anepaio,151
623129,Mare Piho,Mare Piho,109
623129,Marika Mikkor,Marika Mikkor,113
623130,Terje Anepaio,Terje Anepaio,151
623130,Mare Piho,Mare Piho,109
623130,Marika Mikkor,Marika Mikkor,113
623131,Terje Anepaio,Terje Anepaio,151
623131,Mare Piho,Mare Piho,109
623131,Marika Mikkor,Marika Mikkor,113
623132,Terje Anepaio,Terje Anepaio,151
623132,Mare Piho,Mare Piho,109
623132,Marika Mikkor,Marika Mikkor,113
623133,Terje Anepaio,Terje Anepaio,151
623133,Mare Piho,Mare Piho,109
623133,Marika Mikkor,Marika Mikkor,113
623135,Terje Anepaio,Terje Anepaio,151
623135,Mare Piho,Mare Piho,109
623135,Marika Mikkor,Marika Mikkor,113
623136,Terje Anepaio,Terje Anepaio,151
623136,Mare Piho,Mare Piho,109
623136,Marika Mikkor,Marika Mikkor,113
623137,Terje Anepaio,Terje Anepaio,151
623137,Mare Piho,Mare Piho,109
623137,Marika Mikkor,Marika Mikkor,113
623138,Terje Anepaio,Terje Anepaio,151
623138,Mare Piho,Mare Piho,109
623138,Marika Mikkor,Marika Mikkor,113
623167,Liidia Kitkajeva,Liidia Kitkajeva,99
623168,Liidia Kitkajeva,Liidia Kitkajeva,99
623169,Liidia Kitkajeva,Liidia Kitkajeva,99
623170,Liidia Kitkajeva,Liidia Kitkajeva,99
623171,Liidia Kitkajeva,Liidia Kitkajeva,99
623172,Liidia Kitkajeva,Liidia Kitkajeva,99
623173,Liidia Kitkajeva,Liidia Kitkajeva,99
623174,Liidia Kitkajeva,Liidia Kitkajeva,99
623175,Liidia Kitkajeva,Liidia Kitkajeva,99
623176,Liidia Kitkajeva,Liidia Kitkajeva,99
623177,Liidia Kitkajeva,Liidia Kitkajeva,99
623178,Mare Piho,Mare Piho,109
623179,Mare Piho,Mare Piho,109
623180,Mare Piho,Mare Piho,109
623181,Mare Piho,Mare Piho,109
623182,Mare Piho,Mare Piho,109
623183,Mare Piho,Mare Piho,109
623184,Mare Piho,Mare Piho,109
623185,Mare Piho,Mare Piho,109
623186,Mare Piho,Mare Piho,109
623187,Mare Piho,Mare Piho,109
623188,Mare Piho,Mare Piho,109
623189,Mare Piho,Mare Piho,109
623190,Mare Piho,Mare Piho,109
623191,Mare Piho,Mare Piho,109
623192,Mare Piho,Mare Piho,109
623193,Mare Piho,Mare Piho,109
623195,Mare Piho,Mare Piho,109
623196,Mare Piho,Mare Piho,109
623197,Mare Piho,Mare Piho,109
623198,Mare Piho,Mare Piho,109
623199,Mare Piho,Mare Piho,109
623200,Mare Piho,Mare Piho,109
623201,Mare Piho,Mare Piho,109
623202,Mare Piho,Mare Piho,109
623203,Mare Piho,Mare Piho,109
623204,Mare Piho,Mare Piho,109
623205,Mare Piho,Mare Piho,109
623206,Mare Piho,Mare Piho,109
623207,Mare Piho,Mare Piho,109
623208,Mare Piho,Mare Piho,109
623209,Mare Piho,Mare Piho,109
623210,Mare Piho,Mare Piho,109
623211,Mare Piho,Mare Piho,109
623212,Mare Piho,Mare Piho,109
623213,Mare Piho,Mare Piho,109
623214,Mare Piho,Mare Piho,109
623215,Mare Piho,Mare Piho,109
623216,Mare Piho,Mare Piho,109
623217,Mare Piho,Mare Piho,109
623677,Mare Piho,Mare Piho,109
623677,Maarika Mikkor,Marika Mikkor,107
623677,Terje Anepaio,Terje Anepaio,151
623678,Mare Piho,Mare Piho,109
623678,Maarika Mikkor,Marika Mikkor,107
623678,Terje Anepaio,Terje Anepaio,151
623679,Mare Piho,Mare Piho,109
623679,Maarika Mikkor,Marika Mikkor,107
623679,Terje Anepaio,Terje Anepaio,151
623680,Mare Piho,Mare Piho,109
623680,Maarika Mikkor,Marika Mikkor,107
623680,Terje Anepaio,Terje Anepaio,151
623681,Mare Piho,Mare Piho,109
623681,Maarika Mikkor,Marika Mikkor,107
623681,Terje Anepaio,Terje Anepaio,151
623682,Mare Piho,Mare Piho,109
623682,Maarika Mikkor,Marika Mikkor,107
623682,Terje Anepaio,Terje Anepaio,151
623684,Mare Piho,Mare Piho,109
623684,Maarika Mikkor,Marika Mikkor,107
623684,Terje Anepaio,Terje Anepaio,151
623685,Mare Piho,Mare Piho,109
623685,Maarika Mikkor,Marika Mikkor,107
623685,Terje Anepaio,Terje Anepaio,151
623686,Mare Piho,Mare Piho,109
623686,Maarika Mikkor,Marika Mikkor,107
623686,Terje Anepaio,Terje Anepaio,151
623687,Mare Piho,Mare Piho,109
623687,Maarika Mikkor,Marika Mikkor,107
623687,Terje Anepaio,Terje Anepaio,151
623688,Mare Piho,Mare Piho,109
623688,Maarika Mikkor,Marika Mikkor,107
623688,Terje Anepaio,Terje Anepaio,151
623690,Mare Piho,Mare Piho,109
623690,Maarika Mikkor,Marika Mikkor,107
623690,Terje Anepaio,Terje Anepaio,151
623691,Mare Piho,Mare Piho,109
623691,Maarika Mikkor,Marika Mikkor,107
623691,Terje Anepaio,Terje Anepaio,151
623692,Mare Piho,Mare Piho,109
623692,Maarika Mikkor,Marika Mikkor,107
623692,Terje Anepaio,Terje Anepaio,151
623693,Mare Piho,Mare Piho,109
623693,Maarika Mikkor,Marika Mikkor,107
623693,Terje Anepaio,Terje Anepaio,151
623694,Mare Piho,Mare Piho,109
623694,Maarika Mikkor,Marika Mikkor,107
623694,Terje Anepaio,Terje Anepaio,151
623695,Mare Piho,Mare Piho,109
623695,Maarika Mikkor,Marika Mikkor,107
623695,Terje Anepaio,Terje Anepaio,151
623696,Mare Piho,Mare Piho,109
623696,Maarika Mikkor,Marika Mikkor,107
623696,Terje Anepaio,Terje Anepaio,151
623697,Mare Piho,Mare Piho,109
623697,Maarika Mikkor,Marika Mikkor,107
623697,Terje Anepaio,Terje Anepaio,151
623699,Mare Piho,Mare Piho,109
623699,Maarika Mikkor,Marika Mikkor,107
623699,Terje Anepaio,Terje Anepaio,151
623700,Mare Piho,Mare Piho,109
623700,Maarika Mikkor,Marika Mikkor,107
623700,Terje Anepaio,Terje Anepaio,151
623701,Mare Piho,Mare Piho,109
623701,Maarika Mikkor,Marika Mikkor,107
623701,Terje Anepaio,Terje Anepaio,151
623702,Mare Piho,Mare Piho,109
623702,Maarika Mikkor,Marika Mikkor,107
623702,Terje Anepaio,Terje Anepaio,151
623703,Mare Piho,Mare Piho,109
623703,Maarika Mikkor,Marika Mikkor,107
623703,Terje Anepaio,Terje Anepaio,151
623704,Mare Piho,Mare Piho,109
623704,Maarika Mikkor,Marika Mikkor,107
623704,Terje Anepaio,Terje Anepaio,151
623709,Mare Piho,Mare Piho,109
623709,Maarika Mikkor,Marika Mikkor,107
623709,Terje Anepaio,Terje Anepaio,151
623710,Mare Piho,Mare Piho,109
623710,Maarika Mikkor,Marika Mikkor,107
623710,Terje Anepaio,Terje Anepaio,151
623711,Mare Piho,Mare Piho,109
623711,Maarika Mikkor,Marika Mikkor,107
623711,Terje Anepaio,Terje Anepaio,151
623712,Mare Piho,Mare Piho,109
623712,Maarika Mikkor,Marika Mikkor,107
623712,Terje Anepaio,Terje Anepaio,151
623713,Marika Mikkor,Marika Mikkor,113
623713,Mare Piho,Mare Piho,109
623713,Terje Anepaio,Terje Anepaio,151
623714,Marika Mikkor,Marika Mikkor,113
623714,Mare Piho,Mare Piho,109
623714,Terje Anepaio,Terje Anepaio,151
623715,Marika Mikkor,Marika Mikkor,113
623715,Mare Piho,Mare Piho,109
623715,Terje Anepaio,Terje Anepaio,151
623717,Marika Mikkor,Marika Mikkor,113
623717,Mare Piho,Mare Piho,109
623717,Terje Anepaio,Terje Anepaio,151
623718,Mare Piho,Mare Piho,109
623718,Maarika Mikkor,Marika Mikkor,107
623718,Terje Anepaio,Terje Anepaio,151
623747,Mare Piho,Mare Piho,109
623748,Mare Piho,Mare Piho,109
623749,Mare Piho,Mare Piho,109
623750,Mare Piho,Mare Piho,109
623751,Mare Piho,Mare Piho,109
623752,Mare Piho,Mare Piho,109
623753,Mare Piho,Mare Piho,109
623754,Mare Piho,Mare Piho,109
623755,Mare Piho,Mare Piho,109
623756,Mare Piho,Mare Piho,109
623757,Mare Piho,Mare Piho,109
623758,Mare Piho,Mare Piho,109
623759,Mare Piho,Mare Piho,109
623760,Mare Piho,Mare Piho,109
623761,Mare Piho,Mare Piho,109
623762,Mare Piho,Mare Piho,109
623763,Mare Piho,Mare Piho,109
623764,Mare Piho,Mare Piho,109
623765,Mare Piho,Mare Piho,109
623766,Mare Piho,Mare Piho,109
623767,Mare Piho,Mare Piho,109
623768,Mare Piho,Mare Piho,109
623769,Mare Piho,Mare Piho,109
623770,Mare Piho,Mare Piho,109
623771,Mare Piho,Mare Piho,109
623772,Mare Piho,Mare Piho,109
623773,Mare Piho,Mare Piho,109
623774,Mare Piho,Mare Piho,109
623775,Mare Piho,Mare Piho,109
623776,Mare Piho,Mare Piho,109
623777,Mare Piho,Mare Piho,109
623778,Mare Piho,Mare Piho,109
623779,Mare Piho,Mare Piho,109
623780,Mare Piho,Mare Piho,109
623781,Mare Piho,Mare Piho,109
623782,Mare Piho,Mare Piho,109
623783,Mare Piho,Mare Piho,109
623784,Mare Piho,Mare Piho,109
623785,Mare Piho,Mare Piho,109
623786,Mare Piho,Mare Piho,109
623787,Mare Piho,Mare Piho,109
623788,Mare Piho,Mare Piho,109
623789,Mare Piho,Mare Piho,109
623790,Mare Piho,Mare Piho,109
623791,Mare Piho,Mare Piho,109
623792,Mare Piho,Mare Piho,109
623793,Mare Piho,Mare Piho,109
623794,Mare Piho,Mare Piho,109
623795,Mare Piho,Mare Piho,109
624237,Mare Piho,Mare Piho,109
624237,Maarika Mikkor,Marika Mikkor,107
624237,Terje Anepaio,Terje Anepaio,151
624238,Mare Piho,Mare Piho,109
624238,Maarika Mikkor,Marika Mikkor,107
624238,Terje Anepaio,Terje Anepaio,151
624239,Mare Piho,Mare Piho,109
624239,Maarika Mikkor,Marika Mikkor,107
624239,Terje Anepaio,Terje Anepaio,151
624240,Mare Piho,Mare Piho,109
624240,Maarika Mikkor,Marika Mikkor,107
624240,Terje Anepaio,Terje Anepaio,151
624241,Mare Piho,Mare Piho,109
624241,Maarika Mikkor,Marika Mikkor,107
624241,Terje Anepaio,Terje Anepaio,151
624242,Mare Piho,Mare Piho,109
624242,Maarika Mikkor,Marika Mikkor,107
624242,Terje Anepaio,Terje Anepaio,151
624243,Mare Piho,Mare Piho,109
624243,Maarika Mikkor,Marika Mikkor,107
624243,Terje Anepaio,Terje Anepaio,151
624244,Mare Piho,Mare Piho,109
624244,Maarika Mikkor,Marika Mikkor,107
624244,Terje Anepaio,Terje Anepaio,151
624246,Mare Piho,Mare Piho,109
624246,Maarika Mikkor,Marika Mikkor,107
624246,Terje Anepaio,Terje Anepaio,151
624247,Mare Piho,Mare Piho,109
624247,Maarika Mikkor,Marika Mikkor,107
624247,Terje Anepaio,Terje Anepaio,151
624249,Mare Piho,Mare Piho,109
624249,Maarika Mikkor,Marika Mikkor,107
624249,Terje Anepaio,Terje Anepaio,151
624250,Mare Piho,Mare Piho,109
624250,Marika Mikkor,Marika Mikkor,113
624250,Terje Anepaio,Terje Anepaio,151
624251,Mare Piho,Mare Piho,109
624251,Marika Mikkor,Marika Mikkor,113
624251,Terje Anepaio,Terje Anepaio,151
624252,Mare Piho,Mare Piho,109
624252,Marika Mikkor,Marika Mikkor,113
624252,Terje Anepaio,Terje Anepaio,151
624253,Mare Piho,Mare Piho,109
624253,Marika Mikkor,Marika Mikkor,113
624253,Terje Anepaio,Terje Anepaio,151
624254,Mare Piho,Mare Piho,109
624254,Marika Mikkor,Marika Mikkor,113
624254,Terje Anepaio,Terje Anepaio,151
624255,Mare Piho,Mare Piho,109
624255,Marika Mikkor,Marika Mikkor,113
624255,Terje Anepaio,Terje Anepaio,151
624256,Mare Piho,Mare Piho,109
624256,Marika Mikkor,Marika Mikkor,113
624256,Terje Anepaio,Terje Anepaio,151
624258,Mare Piho,Mare Piho,109
624258,Marika Mikkor,Marika Mikkor,113
624258,Terje Anepaio,Terje Anepaio,151
624259,Mare Piho,Mare Piho,109
624259,Marika Mikkor,Marika Mikkor,113
624259,Terje Anepaio,Terje Anepaio,151
624260,Mare Piho,Mare Piho,109
624260,Marika Mikkor,Marika Mikkor,113
624260,Terje Anepaio,Terje Anepaio,151
624261,Mare Piho,Mare Piho,109
624261,Marika Mikkor,Marika Mikkor,113
624261,Terje Anepaio,Terje Anepaio,151
624262,Mare Piho,Mare Piho,109
624262,Marika Mikkor,Marika Mikkor,113
624262,Terje Anepaio,Terje Anepaio,151
624264,Mare Piho,Mare Piho,109
624264,Marika Mikkor,Marika Mikkor,113
624264,Terje Anepaio,Terje Anepaio,151
624265,Mare Piho,Mare Piho,109
624265,Marika Mikkor,Marika Mikkor,113
624265,Terje Anepaio,Terje Anepaio,151
624266,Mare Piho,Mare Piho,109
624266,Marika Mikkor,Marika Mikkor,113
624266,Terje Anepaio,Terje Anepaio,151
624268,Mare Piho,Mare Piho,109
624268,Marika Mikkor,Marika Mikkor,113
624268,Terje Anepaio,Terje Anepaio,151
624269,Mare Piho,Mare Piho,109
624269,Marika Mikkor,Marika Mikkor,113
624269,Terje Anepaio,Terje Anepaio,151
624270,Mare Piho,Mare Piho,109
624270,Marika Mikkor,Marika Mikkor,113
624270,Terje Anepaio,Terje Anepaio,151
624271,Mare Piho,Mare Piho,109
624271,Marika Mikkor,Marika Mikkor,113
624271,Terje Anepaio,Terje Anepaio,151
624272,Mare Piho,Mare Piho,109
624272,Marika Mikkor,Marika Mikkor,113
624272,Terje Anepaio,Terje Anepaio,151
624273,Mare Piho,Mare Piho,109
624273,Marika Mikkor,Marika Mikkor,113
624273,Terje Anepaio,Terje Anepaio,151
624274,Mare Piho,Mare Piho,109
624274,Marika Mikkor,Marika Mikkor,113
624274,Terje Anepaio,Terje Anepaio,151
624275,Mare Piho,Mare Piho,109
624275,Marika Mikkor,Marika Mikkor,113
624275,Terje Anepaio,Terje Anepaio,151
624276,Mare Piho,Mare Piho,109
624276,Marika Mikkor,Marika Mikkor,113
624276,Terje Anepaio,Terje Anepaio,151
624277,Mare Piho,Mare Piho,109
624277,Marika Mikkor,Marika Mikkor,113
624277,Terje Anepaio,Terje Anepaio,151
624279,Mare Piho,Mare Piho,109
624279,Marika Mikkor,Marika Mikkor,113
624279,Terje Anepaio,Terje Anepaio,151
624280,Mare Piho,Mare Piho,109
624280,Marika Mikkor,Marika Mikkor,113
624280,Terje Anepaio,Terje Anepaio,151
624311,Mare Piho,Mare Piho,109
624312,Mare Piho,Mare Piho,109
624313,Mare Piho,Mare Piho,109
624314,Mare Piho,Mare Piho,109
624315,Mare Piho,Mare Piho,109
624316,Mare Piho,Mare Piho,109
624317,Mare Piho,Mare Piho,109
624318,Mare Piho,Mare Piho,109
624319,Mare Piho,Mare Piho,109
624320,Mare Piho,Mare Piho,109
624321,Mare Piho,Mare Piho,109
624322,Mare Piho,Mare Piho,109
624323,Mare Piho,Mare Piho,109
624324,Mare Piho,Mare Piho,109
624325,Mare Piho,Mare Piho,109
624326,Mare Piho,Mare Piho,109
624327,Mare Piho,Mare Piho,109
624328,Mare Piho,Mare Piho,109
624329,Mare Piho,Mare Piho,109
624330,Mare Piho,Mare Piho,109
624331,Mare Piho,Mare Piho,109
624332,Mare Piho,Mare Piho,109
624333,Mare Piho,Mare Piho,109
624334,Mare Piho,Mare Piho,109
624335,Mare Piho,Mare Piho,109
624336,Mare Piho,Mare Piho,109
624337,Mare Piho,Mare Piho,109
624338,Mare Piho,Mare Piho,109
624339,Mare Piho,Mare Piho,109
624340,Mare Piho,Mare Piho,109
624341,Mare Piho,Mare Piho,109
624342,Mare Piho,Mare Piho,109
624343,Mare Piho,Mare Piho,109
624344,Mare Piho,Mare Piho,109
624345,Mare Piho,Mare Piho,109
624346,Mare Piho,Mare Piho,109
624347,Mare Piho,Mare Piho,109
624348,Mare Piho,Mare Piho,109
624349,Mare Piho,Mare Piho,109
624350,Mare Piho,Mare Piho,109
624351,Mare Piho,Mare Piho,109
624352,Mare Piho,Mare Piho,109
624353,Mare Piho,Mare Piho,109
624354,Mare Piho,Mare Piho,109
624355,Mare Piho,Mare Piho,109
624356,Mare Piho,Mare Piho,109
624357,Mare Piho,Mare Piho,109
624358,Mare Piho,Mare Piho,109
624833,Marika Mikkor,Marika Mikkor,113
624833,Mare Piho,Mare Piho,109
624833,Terje Anepaio,Terje Anepaio,151
624834,Marika Mikkor,Marika Mikkor,113
624834,Mare Piho,Mare Piho,109
624834,Terje Anepaio,Terje Anepaio,151
624835,Marika Mikkor,Marika Mikkor,113
624835,Mare Piho,Mare Piho,109
624835,Terje Anepaio,Terje Anepaio,151
624836,Marika Mikkor,Marika Mikkor,113
624836,Mare Piho,Mare Piho,109
624836,Terje Anepaio,Terje Anepaio,151
624841,Marika Mikkor,Marika Mikkor,113
624841,Mare Piho,Mare Piho,109
624841,Terje Anepaio,Terje Anepaio,151
624842,Marika Mikkor,Marika Mikkor,113
624842,Mare Piho,Mare Piho,109
624842,Terje Anepaio,Terje Anepaio,151
624843,Marika Mikkor,Marika Mikkor,113
624843,Mare Piho,Mare Piho,109
624843,Terje Anepaio,Terje Anepaio,151
624845,Marika Mikkor,Marika Mikkor,113
624845,Mare Piho,Mare Piho,109
624845,Terje Anepaio,Terje Anepaio,151
624846,Marika Mikkor,Marika Mikkor,113
624846,Mare Piho,Mare Piho,109
624846,Terje Anepaio,Terje Anepaio,151
624847,Mare Piho,Mare Piho,109
624847,Marika Mikkor,Marika Mikkor,113
624847,Terje Alop,Terje Alop,150
624850,Mare Piho,Mare Piho,109
624850,Marika Mikkor,Marika Mikkor,113
624850,Terje Alop,Terje Alop,150
624852,Mare Piho,Mare Piho,109
624852,Marika Mikkor,Marika Mikkor,113
624852,Terje Alop,Terje Alop,150
624853,Mare Piho,Mare Piho,109
624853,Marika Mikkor,Marika Mikkor,113
624853,Terje Alop,Terje Alop,150
624854,Mare Piho,Mare Piho,109
624854,Maarika Mikkor,Marika Mikkor,107
624854,Terje Anepaio,Terje Anepaio,151
624855,Mare Piho,Mare Piho,109
624855,Maarika Mikkor,Marika Mikkor,107
624855,Terje Anepaio,Terje Anepaio,151
624856,Mare Piho,Mare Piho,109
624856,Maarika Mikkor,Marika Mikkor,107
624856,Terje Alop,Terje Alop,150
624857,Mare Piho,Mare Piho,109
624857,Maarika Mikkor,Marika Mikkor,107
624857,Terje Anepaio,Terje Anepaio,151
624858,Mare Piho,Mare Piho,109
624858,Maarika Mikkor,Marika Mikkor,107
624858,Terje Anepaio,Terje Anepaio,151
624859,Mare Piho,Mare Piho,109
624859,Maarika Mikkor,Marika Mikkor,107
624859,Terje Anepaio,Terje Anepaio,151
624861,Mare Piho,Mare Piho,109
624861,Maarika Mikkor,Marika Mikkor,107
624861,Terje Anepaio,Terje Anepaio,151
624862,Mare Piho,Mare Piho,109
624862,Maarika Mikkor,Marika Mikkor,107
624862,Terje Anepaio,Terje Anepaio,151
624864,Mare Piho,Mare Piho,109
624864,Maarika Mikkor,Marika Mikkor,107
624864,Terje Anepaio,Terje Anepaio,151
624865,Mare Piho,Mare Piho,109
624865,Maarika Mikkor,Marika Mikkor,107
624865,Terje Anepaio,Terje Anepaio,151
624867,Mare Piho,Mare Piho,109
624867,Maarika Mikkor,Marika Mikkor,107
624867,Terje Anepaio,Terje Anepaio,151
624868,Mare Piho,Mare Piho,109
624868,Maarika Mikkor,Marika Mikkor,107
624868,Terje Anepaio,Terje Anepaio,151
624869,Mare Piho,Mare Piho,109
624869,Maarika Mikkor,Marika Mikkor,107
624869,Terje Anepaio,Terje Anepaio,151
624870,Mare Piho,Mare Piho,109
624870,Maarika Mikkor,Marika Mikkor,107
624870,Terje Anepaio,Terje Anepaio,151
624871,Mare Piho,Mare Piho,109
624871,Maarika Mikkor,Marika Mikkor,107
624871,Terje Anepaio,Terje Anepaio,151
624872,Mare Piho,Mare Piho,109
624872,Maarika Mikkor,Marika Mikkor,107
624872,Terje Anepaio,Terje Anepaio,151
624873,Mare Piho,Mare Piho,109
624873,Maarika Mikkor,Marika Mikkor,107
624873,Terje Anepaio,Terje Anepaio,151
624878,Liidia Kitkajeva,Liidia Kitkajeva,99
624879,Liidia Kitkajeva,Liidia Kitkajeva,99
624880,Liidia Kitkajeva,Liidia Kitkajeva,99
624881,Liidia Kitkajeva,Liidia Kitkajeva,99
624882,Liidia Kitkajeva,Liidia Kitkajeva,99
624883,Liidia Kitkajeva,Liidia Kitkajeva,99
624884,Liidia Kitkajeva,Liidia Kitkajeva,99
624885,Liidia Kitkajeva,Liidia Kitkajeva,99
624886,Liidia Kitkajeva,Liidia Kitkajeva,99
624887,Liidia Kitkajeva,Liidia Kitkajeva,99
624888,Liidia Kitkajeva,Liidia Kitkajeva,99
624889,Liidia Kitkajeva,Liidia Kitkajeva,99
624890,Liidia Kitkajeva,Liidia Kitkajeva,99
624891,Liidia Kitkajeva,Liidia Kitkajeva,99
624892,Liidia Kitkajeva,Liidia Kitkajeva,99
624893,Liidia Kitkajeva,Liidia Kitkajeva,99
624894,Liidia Kitkajeva,Liidia Kitkajeva,99
624895,Liidia Kitkajeva,Liidia Kitkajeva,99
624896,Liidia Kitkajeva,Liidia Kitkajeva,99
624897,Liidia Kitkajeva,Liidia Kitkajeva,99
624898,Liidia Kitkajeva,Liidia Kitkajeva,99
624899,Liidia Kitkajeva,Liidia Kitkajeva,99
624900,Liidia Kitkajeva,Liidia Kitkajeva,99
624901,Liidia Kitkajeva,Liidia Kitkajeva,99
624902,Liidia Kitkajeva,Liidia Kitkajeva,99
624903,Liidia Kitkajeva,Liidia Kitkajeva,99
624904,Liidia Kitkajeva,Liidia Kitkajeva,99
624905,Liidia Kitkajeva,Liidia Kitkajeva,99
624906,Liidia Kitkajeva,Liidia Kitkajeva,99
624907,Liidia Kitkajeva,Liidia Kitkajeva,99
624908,Liidia Kitkajeva,Liidia Kitkajeva,99
624909,Liidia Kitkajeva,Liidia Kitkajeva,99
624910,Liidia Kitkajeva,Liidia Kitkajeva,99
624911,Liidia Kitkajeva,Liidia Kitkajeva,99
624912,Liidia Kitkajeva,Liidia Kitkajeva,99
624913,Liidia Kitkajeva,Liidia Kitkajeva,99
624914,Liidia Kitkajeva,Liidia Kitkajeva,99
624915,Liidia Kitkajeva,Liidia Kitkajeva,99
624916,Aleksei Peterson,Aleksei Peterson,17
624917,Aleksei Peterson,Aleksei Peterson,17
624918,Aleksei Peterson,Aleksei Peterson,17
624919,Aleksei Peterson,Aleksei Peterson,17
624920,Aleksei Peterson,Aleksei Peterson,17
624921,Aleksei Peterson,Aleksei Peterson,17
624940,Aleksei Peterson,Aleksei Peterson,17
624941,Aleksei Peterson,Aleksei Peterson,17
624942,Aleksei Peterson,Aleksei Peterson,17
624943,Aleksei Peterson,Aleksei Peterson,17
624944,Aleksei Peterson,Aleksei Peterson,17
624945,Aleksei Peterson,Aleksei Peterson,17
624945,Tiia Peedumäe,Tiia (Peedumäe) Litorell,152
624946,Aleksei Peterson,Aleksei Peterson,17
624947,Aleksei Peterson,Aleksei Peterson,17
624948,Aleksei Peterson,Aleksei Peterson,17
625440,Marika Mikkor,Marika Mikkor,113
625440,Mare Piho,Mare Piho,109
625440,Terje Anepaio,Terje Anepaio,151
625441,Marika Mikkor,Marika Mikkor,113
625441,Mare Piho,Mare Piho,109
625441,Terje Anepaio,Terje Anepaio,151
625442,Marika Mikkor,Marika Mikkor,113
625442,Mare Piho,Mare Piho,109
625442,Terje Anepaio,Terje Anepaio,151
625444,Marika Mikkor,Marika Mikkor,113
625444,Mare Piho,Mare Piho,109
625444,Terje Anepaio,Terje Anepaio,151
625445,Marika Mikkor,Marika Mikkor,113
625445,Mare Piho,Mare Piho,109
625445,Terje Anepaio,Terje Anepaio,151
625446,Marika Mikkor,Marika Mikkor,113
625446,Mare Piho,Mare Piho,109
625446,Terje Anepaio,Terje Anepaio,151
625447,Marika Mikkor,Marika Mikkor,113
625447,Mare Piho,Mare Piho,109
625447,Terje Anepaio,Terje Anepaio,151
625449,Marika Mikkor,Marika Mikkor,113
625449,Mare Piho,Mare Piho,109
625449,Terje Anepaio,Terje Anepaio,151
625450,Marika Mikkor,Marika Mikkor,113
625450,Mare Piho,Mare Piho,109
625450,Terje Anepaio,Terje Anepaio,151
625451,Marika Mikkor,Marika Mikkor,113
625451,Mare Piho,Mare Piho,109
625451,Terje Anepaio,Terje Anepaio,151
625452,Marika Mikkor,Marika Mikkor,113
625452,Mare Piho,Mare Piho,109
625452,Terje Anepaio,Terje Anepaio,151
625453,Marika Mikkor,Marika Mikkor,113
625453,Mare Piho,Mare Piho,109
625453,Terje Anepaio,Terje Anepaio,151
625456,Marika Mikkor,Marika Mikkor,113
625456,Mare Piho,Mare Piho,109
625456,Terje Anepaio,Terje Anepaio,151
625457,Marika Mikkor,Marika Mikkor,113
625457,Mare Piho,Mare Piho,109
625457,Terje Anepaio,Terje Anepaio,151
625458,Marika Mikkor,Marika Mikkor,113
625458,Mare Piho,Mare Piho,109
625458,Terje Anepaio,Terje Anepaio,151
625459,Marika Mikkor,Marika Mikkor,113
625459,Mare Piho,Mare Piho,109
625459,Terje Anepaio,Terje Anepaio,151
625460,Marika Mikkor,Marika Mikkor,113
625460,Mare Piho,Mare Piho,109
625460,Terje Anepaio,Terje Anepaio,151
625461,Marika Mikkor,Marika Mikkor,113
625461,Mare Piho,Mare Piho,109
625461,Terje Anepaio,Terje Anepaio,151
625462,Marika Mikkor,Marika Mikkor,113
625462,Mare Piho,Mare Piho,109
625462,Terje Anepaio,Terje Anepaio,151
625463,Marika Mikkor,Marika Mikkor,113
625463,Mare Piho,Mare Piho,109
625463,Terje Anepaio,Terje Anepaio,151
625464,Marika Mikkor,Marika Mikkor,113
625464,Mare Piho,Mare Piho,109
625464,Terje Anepaio,Terje Anepaio,151
625465,Marika Mikkor,Marika Mikkor,113
625465,Mare Piho,Mare Piho,109
625465,Terje Anepaio,Terje Anepaio,151
625466,Marika Mikkor,Marika Mikkor,113
625466,Mare Piho,Mare Piho,109
625466,Terje Anepaio,Terje Anepaio,151
625468,Marika Mikkor,Marika Mikkor,113
625468,Mare Piho,Mare Piho,109
625468,Terje Anepaio,Terje Anepaio,151
625470,Marika Mikkor,Marika Mikkor,113
625470,Mare Piho,Mare Piho,109
625470,Terje Anepaio,Terje Anepaio,151
625471,Marika Mikkor,Marika Mikkor,113
625471,Mare Piho,Mare Piho,109
625471,Terje Anepaio,Terje Anepaio,151
625472,Marika Mikkor,Marika Mikkor,113
625472,Mare Piho,Mare Piho,109
625472,Terje Anepaio,Terje Anepaio,151
625473,Marika Mikkor,Marika Mikkor,113
625473,Mare Piho,Mare Piho,109
625473,Terje Anepaio,Terje Anepaio,151
625477,Marika Mikkor,Marika Mikkor,113
625477,Mare Piho,Mare Piho,109
625477,Terje Anepaio,Terje Anepaio,151
625479,Marika Mikkor,Marika Mikkor,113
625479,Mare Piho,Mare Piho,109
625479,Terje Anepaio,Terje Anepaio,151
625481,Marika Mikkor,Marika Mikkor,113
625481,Mare Piho,Mare Piho,109
625481,Terje Anepaio,Terje Anepaio,151
625482,Marika Mikkor,Marika Mikkor,113
625482,Mare Piho,Mare Piho,109
625482,Terje Anepaio,Terje Anepaio,151
625483,Aleksei Peterson,Aleksei Peterson,17
625484,Aleksei Peterson,Aleksei Peterson,17
625485,Aleksei Peterson,Aleksei Peterson,17
625486,Aleksei Peterson,Aleksei Peterson,17
625487,Aleksei Peterson,Aleksei Peterson,17
625488,Aleksei Peterson,Aleksei Peterson,17
625489,Marika Mikkor,Marika Mikkor,113
625489,Riin Alatalu,Riin Alatalu,142
625490,Marika Mikkor,Marika Mikkor,113
625490,Riin Alatalu,Riin Alatalu,142
625491,Marika Mikkor,Marika Mikkor,113
625491,Riin Alatalu,Riin Alatalu,142
625492,Marika Mikkor,Marika Mikkor,113
625492,Riin Alatalu,Riin Alatalu,142
625493,Marika Mikkor,Marika Mikkor,113
625493,Riin Alatalu,Riin Alatalu,142
625494,Marika Mikkor,Marika Mikkor,113
625494,Riin Alatalu,Riin Alatalu,142
625495,Marika Mikkor,Marika Mikkor,113
625495,Riin Alatalu,Riin Alatalu,142
625496,Marika Mikkor,Marika Mikkor,113
625496,Riin Alatalu,Riin Alatalu,142
625497,Marika Mikkor,Marika Mikkor,113
625497,Riin Alatalu,Riin Alatalu,142
625498,Marika Mikkor,Marika Mikkor,113
625498,Riin Alatalu,Riin Alatalu,142
625499,Marika Mikkor,Marika Mikkor,113
625499,Riin Alatalu,Riin Alatalu,142
625500,Marika Mikkor,Marika Mikkor,113
625500,Riin Alatalu,Riin Alatalu,142
625501,Marika Mikkor,Marika Mikkor,113
625501,Riin Alatalu,Riin Alatalu,142
625502,Marika Mikkor,Marika Mikkor,113
625502,Riin Alatalu,Riin Alatalu,142
625503,Marika Mikkor,Marika Mikkor,113
625503,Riin Alatalu,Riin Alatalu,142
625504,Marika Mikkor,Marika Mikkor,113
625504,Riin Alatalu,Riin Alatalu,142
625505,Marika Mikkor,Marika Mikkor,113
625505,Riin Alatalu,Riin Alatalu,142
625506,Marika Mikkor,Marika Mikkor,113
625506,Riin Alatalu,Riin Alatalu,142
625507,Marika Mikkor,Marika Mikkor,113
625507,Riin Alatalu,Riin Alatalu,142
625508,Marika Mikkor,Marika Mikkor,113
625508,Riin Alatalu,Riin Alatalu,142
625509,Marika Mikkor,Marika Mikkor,113
625509,Riin Alatalu,Riin Alatalu,142
625510,Marika Mikkor,Marika Mikkor,113
625510,Riin Alatalu,Riin Alatalu,142
625511,Marika Mikkor,Marika Mikkor,113
625511,Riin Alatalu,Riin Alatalu,142
625512,Marika Mikkor,Marika Mikkor,113
625512,Riin Alatalu,Riin Alatalu,142
625513,Marika Mikkor,Marika Mikkor,113
625513,Riin Alatalu,Riin Alatalu,142
625514,Marika Mikkor,Marika Mikkor,113
625514,Riin Alatalu,Riin Alatalu,142
625515,Marika Mikkor,Marika Mikkor,113
625515,Riin Alatalu,Riin Alatalu,142
625516,Marika Mikkor,Marika Mikkor,113
625516,Riin Alatalu,Riin Alatalu,142
625517,Marika Mikkor,Marika Mikkor,113
625517,Riin Alatalu,Riin Alatalu,142
625518,Marika Mikkor,Marika Mikkor,113
625518,Riin Alatalu,Riin Alatalu,142
625519,Marika Mikkor,Marika Mikkor,113
625519,Riin Alatalu,Riin Alatalu,142
625520,Marika Mikkor,Marika Mikkor,113
625520,Riin Alatalu,Riin Alatalu,142
625521,Marika Mikkor,Marika Mikkor,113
625521,Riin Alatalu,Riin Alatalu,142
625522,Marika Mikkor,Marika Mikkor,113
625522,Riin Alatalu,Riin Alatalu,142
625523,Marika Mikkor,Marika Mikkor,113
625523,Riin Alatalu,Riin Alatalu,142
625524,Marika Mikkor,Marika Mikkor,113
625524,Riin Alatalu,Riin Alatalu,142
625525,Marika Mikkor,Marika Mikkor,113
625525,Riin Alatalu,Riin Alatalu,142
625526,Marika Mikkor,Marika Mikkor,113
625526,Riin Alatalu,Riin Alatalu,142
625527,Marika Mikkor,Marika Mikkor,113
625527,Riin Alatalu,Riin Alatalu,142
625528,Marika Mikkor,Marika Mikkor,113
625528,Riin Alatalu,Riin Alatalu,142
625529,Marika Mikkor,Marika Mikkor,113
625529,Riin Alatalu,Riin Alatalu,142
625530,Marika Mikkor,Marika Mikkor,113
625530,Riin Alatalu,Riin Alatalu,142
625531,Aleksei Peterson,Aleksei Peterson,17
625536,Aleksei Peterson,Aleksei Peterson,17
625537,Aleksei Peterson,Aleksei Peterson,17
625538,Aleksei Peterson,Aleksei Peterson,17
625539,Aleksei Peterson,Aleksei Peterson,17
625539,Tiia Peedumäe,Tiia (Peedumäe) Litorell,152
625540,Aleksei Peterson,Aleksei Peterson,17
625540,Tiia Litorell,Tiia (Peedumäe) Litorell,152
625541,Aleksei Peterson,Aleksei Peterson,17
625541,Tiia Litorell,Tiia (Peedumäe) Litorell,152
625542,Aleksei Peterson,Aleksei Peterson,17
625542,Tiia Litorell,Tiia (Peedumäe) Litorell,152
625543,Aleksei Peterson,Aleksei Peterson,17
625543,Tiia Litorell,Tiia (Peedumäe) Litorell,152
625544,Aleksei Peterson,Aleksei Peterson,17
625544,Tiia Litorell,Tiia (Peedumäe) Litorell,152
625545,Aleksei Peterson,Aleksei Peterson,17
625545,Tiia Litorell,Tiia (Peedumäe) Litorell,152
625546,Aleksei Peterson,Aleksei Peterson,17
625546,Tiia Litorell,Tiia (Peedumäe) Litorell,152
625547,Aleksei Peterson,Aleksei Peterson,17
625547,Tiia Litorell,Tiia (Peedumäe) Litorell,152
625548,Aleksei Peterson,Aleksei Peterson,17
625548,Tiia Litorell,Tiia (Peedumäe) Litorell,152
625549,Aleksei Peterson,Aleksei Peterson,17
625549,Tiia Litorell,Tiia (Peedumäe) Litorell,152
625550,Aleksei Peterson,Aleksei Peterson,17
625550,Tiia Litorell,Tiia (Peedumäe) Litorell,152
625551,Aleksei Peterson,Aleksei Peterson,17
625551,Tiia Litorell,Tiia (Peedumäe) Litorell,152
625552,Aleksei Peterson,Aleksei Peterson,17
625552,Tiia Litorell,Tiia (Peedumäe) Litorell,152
625553,Aleksei Peterson,Aleksei Peterson,17
625553,Tiia Litorell,Tiia (Peedumäe) Litorell,152
625554,Aleksei Peterson,Aleksei Peterson,17
625554,Tiia Litorell,Tiia (Peedumäe) Litorell,152
625555,Aleksei Peterson,Aleksei Peterson,17
625555,Tiia Litorell,Tiia (Peedumäe) Litorell,152
625556,Aleksei Peterson,Aleksei Peterson,17
625556,Tiia Litorell,Tiia (Peedumäe) Litorell,152
625557,Aleksei Peterson,Aleksei Peterson,17
625557,Tiia Peedumäe,Tiia (Peedumäe) Litorell,152
625558,Aleksei Peterson,Aleksei Peterson,17
625558,Tiia Peedumäe,Tiia (Peedumäe) Litorell,152
625559,Aleksei Peterson,Aleksei Peterson,17
625559,Tiia Litorell,Tiia (Peedumäe) Litorell,152
625560,Aleksei Peterson,Aleksei Peterson,17
625560,Tiia Litorell,Tiia (Peedumäe) Litorell,152
625561,Aleksei Peterson,Aleksei Peterson,17
625561,Tiia Litorell,Tiia (Peedumäe) Litorell,152
625562,Aleksei Peterson,Aleksei Peterson,17
625562,Tiia Litorell,Tiia (Peedumäe) Litorell,152
625563,Aleksei Peterson,Aleksei Peterson,17
625563,Tiia Litorell,Tiia (Peedumäe) Litorell,152
625564,Aleksei Peterson,Aleksei Peterson,17
625564,Tiia Litorell,Tiia (Peedumäe) Litorell,152
625565,Aleksei Peterson,Aleksei Peterson,17
625565,Tiia Litorell,Tiia (Peedumäe) Litorell,152
625566,Aleksei Peterson,Aleksei Peterson,17
625566,Tiia Litorell,Tiia (Peedumäe) Litorell,152
625567,Aleksei Peterson,Aleksei Peterson,17
625567,Tiia Litorell,Tiia (Peedumäe) Litorell,152
625568,Aleksei Peterson,Aleksei Peterson,17
625568,Tiia Litorell,Tiia (Peedumäe) Litorell,152
625569,Aleksei Peterson,Aleksei Peterson,17
625569,Tiia Litorell,Tiia (Peedumäe) Litorell,152
625570,Aleksei Peterson,Aleksei Peterson,17
625570,Tiia Litorell,Tiia (Peedumäe) Litorell,152
625571,Aleksei Peterson,Aleksei Peterson,17
625571,Tiia Litorell,Tiia (Peedumäe) Litorell,152
625572,Aleksei Peterson,Aleksei Peterson,17
625572,Tiia Litorell,Tiia (Peedumäe) Litorell,152
625573,Aleksei Peterson,Aleksei Peterson,17
625573,Tiia Litorell,Tiia (Peedumäe) Litorell,152
625574,Aleksei Peterson,Aleksei Peterson,17
625574,Tiia Litorell,Tiia (Peedumäe) Litorell,152
625575,Aleksei Peterson,Aleksei Peterson,17
625575,Tiia Litorell,Tiia (Peedumäe) Litorell,152
626055,Marika Mikkor,Marika Mikkor,113
626055,Terje Anepaio,Terje Anepaio,151
626055,Mare Piho,Mare Piho,109
626056,Marika Mikkor,Marika Mikkor,113
626056,Terje Anepaio,Terje Anepaio,151
626056,Mare Piho,Mare Piho,109
626058,Marika Mikkor,Marika Mikkor,113
626058,Terje Anepaio,Terje Anepaio,151
626058,Mare Piho,Mare Piho,109
626060,Marika Mikkor,Marika Mikkor,113
626060,Terje Anepaio,Terje Anepaio,151
626060,Mare Piho,Mare Piho,109
626061,Marika Mikkor,Marika Mikkor,113
626061,Terje Anepaio,Terje Anepaio,151
626061,Mare Piho,Mare Piho,109
626062,Marika Mikkor,Marika Mikkor,113
626062,Terje Anepaio,Terje Anepaio,151
626062,Mare Piho,Mare Piho,109
626063,Marika Mikkor,Marika Mikkor,113
626063,Terje Anepaio,Terje Anepaio,151
626063,Mare Piho,Mare Piho,109
626064,Marika Mikkor,Marika Mikkor,113
626064,Terje Anepaio,Terje Anepaio,151
626064,Mare Piho,Mare Piho,109
626066,Marika Mikkor,Marika Mikkor,113
626066,Terje Anepaio,Terje Anepaio,151
626066,Mare Piho,Mare Piho,109
626067,Marika Mikkor,Marika Mikkor,113
626067,Terje Anepaio,Terje Anepaio,151
626067,Mare Piho,Mare Piho,109
626068,Marika Mikkor,Marika Mikkor,113
626068,Terje Anepaio,Terje Anepaio,151
626068,Mare Piho,Mare Piho,109
626069,Marika Mikkor,Marika Mikkor,113
626069,Terje Anepaio,Terje Anepaio,151
626069,Mare Piho,Mare Piho,109
626072,Marika Mikkor,Marika Mikkor,113
626072,Terje Anepaio,Terje Anepaio,151
626072,Mare Piho,Mare Piho,109
626073,Marika Mikkor,Marika Mikkor,113
626073,Terje Anepaio,Terje Anepaio,151
626073,Mare Piho,Mare Piho,109
626074,Marika Mikkor,Marika Mikkor,113
626074,Terje Anepaio,Terje Anepaio,151
626074,Mare Piho,Mare Piho,109
626082,Juta Reio,Juta Reio,70
626084,Juta Reio,Juta Reio,70
626085,Juta Reio,Juta Reio,70
626086,Juta Reio,Juta Reio,70
626087,Juta Reio,Juta Reio,70
626088,Juta Reio,Juta Reio,70
626089,Juta Reio,Juta Reio,70
626090,Juta Reio,Juta Reio,70
626091,Juta Reio,Juta Reio,70
626092,Juta Reio,Juta Reio,70
626095,Marika Mikkor,Marika Mikkor,113
626095,Riin Alatalu,Riin Alatalu,142
626096,Marika Mikkor,Marika Mikkor,113
626096,Riin Alatalu,Riin Alatalu,142
626097,Marika Mikkor,Marika Mikkor,113
626097,Riin Alatalu,Riin Alatalu,142
626098,Marika Mikkor,Marika Mikkor,113
626098,Riin Alatalu,Riin Alatalu,142
626099,Marika Mikkor,Marika Mikkor,113
626099,Riin Alatalu,Riin Alatalu,142
626100,Marika Mikkor,Marika Mikkor,113
626100,Riin Alatalu,Riin Alatalu,142
626101,Marika Mikkor,Marika Mikkor,113
626101,Riin Alatalu,Riin Alatalu,142
626102,Marika Mikkor,Marika Mikkor,113
626102,Riin Alatalu,Riin Alatalu,142
626103,Marika Mikkor,Marika Mikkor,113
626103,Riin Alatalu,Riin Alatalu,142
626104,Marika Mikkor,Marika Mikkor,113
626104,Riin Alatalu,Riin Alatalu,142
626105,Marika Mikkor,Marika Mikkor,113
626105,Riin Alatalu,Riin Alatalu,142
626106,Marika Mikkor,Marika Mikkor,113
626106,Riin Alatalu,Riin Alatalu,142
626108,Marika Mikkor,Marika Mikkor,113
626108,Riin Alatalu,Riin Alatalu,142
626109,Marika Mikkor,Marika Mikkor,113
626109,Riin Alatalu,Riin Alatalu,142
626110,Marika Mikkor,Marika Mikkor,113
626110,Riin Alatalu,Riin Alatalu,142
626111,Marika Mikkor,Marika Mikkor,113
626111,Riin Alatalu,Riin Alatalu,142
626112,Marika Mikkor,Marika Mikkor,113
626112,Riin Alatalu,Riin Alatalu,142
626113,Marika Mikkor,Marika Mikkor,113
626113,Riin Alatalu,Riin Alatalu,142
626115,Marika Mikkor,Marika Mikkor,113
626115,Riin Alatalu,Riin Alatalu,142
626116,Marika Mikkor,Marika Mikkor,113
626116,Riin Alatalu,Riin Alatalu,142
626117,Marika Mikkor,Marika Mikkor,113
626117,Riin Alatalu,Riin Alatalu,142
626118,Marika Mikkor,Marika Mikkor,113
626118,Riin Alatalu,Riin Alatalu,142
626119,Marika Mikkor,Marika Mikkor,113
626119,Riin Alatalu,Riin Alatalu,142
626120,Marika Mikkor,Marika Mikkor,113
626120,Riin Alatalu,Riin Alatalu,142
626121,Marika Mikkor,Marika Mikkor,113
626121,Riin Alatalu,Riin Alatalu,142
626122,Marika Mikkor,Marika Mikkor,113
626122,Riin Alatalu,Riin Alatalu,142
626123,Marika Mikkor,Marika Mikkor,113
626123,Riin Alatalu,Riin Alatalu,142
626124,Marika Mikkor,Marika Mikkor,113
626124,Riin Alatalu,Riin Alatalu,142
626125,Marika Mikkor,Marika Mikkor,113
626125,Riin Alatalu,Riin Alatalu,142
626126,Marika Mikkor,Marika Mikkor,113
626126,Riin Alatalu,Riin Alatalu,142
626127,Marika Mikkor,Marika Mikkor,113
626127,Riin Alatalu,Riin Alatalu,142
626128,Marika Mikkor,Marika Mikkor,113
626128,Riin Alatalu,Riin Alatalu,142
626129,Marika Mikkor,Marika Mikkor,113
626129,Riin Alatalu,Riin Alatalu,142
626130,Marika Mikkor,Marika Mikkor,113
626130,Riin Alatalu,Riin Alatalu,142
626131,Marika Mikkor,Marika Mikkor,113
626131,Riin Alatalu,Riin Alatalu,142
626132,Marika Mikkor,Marika Mikkor,113
626132,Riin Alatalu,Riin Alatalu,142
626133,Marika Mikkor,Marika Mikkor,113
626133,Riin Alatalu,Riin Alatalu,142
626134,Marika Mikkor,Marika Mikkor,113
626134,Riin Alatalu,Riin Alatalu,142
626135,Marika Mikkor,Marika Mikkor,113
626135,Riin Alatalu,Riin Alatalu,142
626136,Marika Mikkor,Marika Mikkor,113
626136,Riin Alatalu,Riin Alatalu,142
626137,Marika Mikkor,Marika Mikkor,113
626137,Riin Alatalu,Riin Alatalu,142
626138,Marika Mikkor,Marika Mikkor,113
626138,Riin Alatalu,Riin Alatalu,142
626139,Marika Mikkor,Marika Mikkor,113
626139,Riin Alatalu,Riin Alatalu,142
626140,Marika Mikkor,Marika Mikkor,113
626140,Riin Alatalu,Riin Alatalu,142
626141,Marika Mikkor,Marika Mikkor,113
626141,Riin Alatalu,Riin Alatalu,142
626142,Marika Mikkor,Marika Mikkor,113
626142,Riin Alatalu,Riin Alatalu,142
626143,Marika Mikkor,Marika Mikkor,113
626143,Riin Alatalu,Riin Alatalu,142
626144,Aleksei Peterson,Aleksei Peterson,17
626144,Tiia Litorell,Tiia (Peedumäe) Litorell,152
626145,Aleksei Peterson,Aleksei Peterson,17
626145,Tiia Litorell,Tiia (Peedumäe) Litorell,152
626146,Aleksei Peterson,Aleksei Peterson,17
626146,Tiia Litorell,Tiia (Peedumäe) Litorell,152
626147,Aleksei Peterson,Aleksei Peterson,17
626147,Tiia Litorell,Tiia (Peedumäe) Litorell,152
626148,Aleksei Peterson,Aleksei Peterson,17
626148,Tiia Litorell,Tiia (Peedumäe) Litorell,152
626149,Aleksei Peterson,Aleksei Peterson,17
626149,Tiia Litorell,Tiia (Peedumäe) Litorell,152
626150,Aleksei Peterson,Aleksei Peterson,17
626150,Tiia Litorell,Tiia (Peedumäe) Litorell,152
626151,Aleksei Peterson,Aleksei Peterson,17
626151,Tiia Litorell,Tiia (Peedumäe) Litorell,152
626152,Aleksei Peterson,Aleksei Peterson,17
626152,Tiia Litorell,Tiia (Peedumäe) Litorell,152
626153,Aleksei Peterson,Aleksei Peterson,17
626153,Tiia Litorell,Tiia (Peedumäe) Litorell,152
626154,Aleksei Peterson,Aleksei Peterson,17
626154,Tiia Litorell,Tiia (Peedumäe) Litorell,152
626155,Aleksei Peterson,Aleksei Peterson,17
626155,Tiia Litorell,Tiia (Peedumäe) Litorell,152
626156,Aleksei Peterson,Aleksei Peterson,17
626156,Tiia Litorell,Tiia (Peedumäe) Litorell,152
626157,Aleksei Peterson,Aleksei Peterson,17
626157,Tiia Litorell,Tiia (Peedumäe) Litorell,152
626158,Aleksei Peterson,Aleksei Peterson,17
626158,Tiia Litorell,Tiia (Peedumäe) Litorell,152
626159,Aleksei Peterson,Aleksei Peterson,17
626159,Tiia Litorell,Tiia (Peedumäe) Litorell,152
626160,Aleksei Peterson,Aleksei Peterson,17
626160,Tiia Litorell,Tiia (Peedumäe) Litorell,152
626161,Aleksei Peterson,Aleksei Peterson,17
626161,Tiia Litorell,Tiia (Peedumäe) Litorell,152
626162,Aleksei Peterson,Aleksei Peterson,17
626162,Tiia Litorell,Tiia (Peedumäe) Litorell,152
626163,Aleksei Peterson,Aleksei Peterson,17
626163,Tiia Litorell,Tiia (Peedumäe) Litorell,152
626164,Aleksei Peterson,Aleksei Peterson,17
626164,Tiia Litorell,Tiia (Peedumäe) Litorell,152
626165,Aleksei Peterson,Aleksei Peterson,17
626165,Tiia Litorell,Tiia (Peedumäe) Litorell,152
626166,Aleksei Peterson,Aleksei Peterson,17
626166,Tiia Litorell,Tiia (Peedumäe) Litorell,152
626167,Aleksei Peterson,Aleksei Peterson,17
626167,Tiia Litorell,Tiia (Peedumäe) Litorell,152
626168,Aleksei Peterson,Aleksei Peterson,17
626168,Tiia Litorell,Tiia (Peedumäe) Litorell,152
626169,Aleksei Peterson,Aleksei Peterson,17
626169,Tiia Litorell,Tiia (Peedumäe) Litorell,152
626170,Aleksei Peterson,Aleksei Peterson,17
626170,Tiia Litorell,Tiia (Peedumäe) Litorell,152
626171,Aleksei Peterson,Aleksei Peterson,17
626171,Tiia Litorell,Tiia (Peedumäe) Litorell,152
626172,Aleksei Peterson,Aleksei Peterson,17
626172,Tiia Litorell,Tiia (Peedumäe) Litorell,152
626173,Aleksei Peterson,Aleksei Peterson,17
626173,Tiia Litorell,Tiia (Peedumäe) Litorell,152
626174,Aleksei Peterson,Aleksei Peterson,17
626174,Tiia Litorell,Tiia (Peedumäe) Litorell,152
626175,Aleksei Peterson,Aleksei Peterson,17
626175,Tiia Litorell,Tiia (Peedumäe) Litorell,152
626176,Aleksei Peterson,Aleksei Peterson,17
626176,Tiia Litorell,Tiia (Peedumäe) Litorell,152
626177,Aleksei Peterson,Aleksei Peterson,17
626177,Tiia Litorell,Tiia (Peedumäe) Litorell,152
626179,Aleksei Peterson,Aleksei Peterson,17
626179,Tiia Peedumäe,Tiia (Peedumäe) Litorell,152
626180,Aleksei Peterson,Aleksei Peterson,17
626180,Tiia Peedumäe,Tiia (Peedumäe) Litorell,152
626181,Aleksei Peterson,Aleksei Peterson,17
626181,Tiia Peedumäe,Tiia (Peedumäe) Litorell,152
626182,Aleksei Peterson,Aleksei Peterson,17
626182,Tiia Peedumäe,Tiia (Peedumäe) Litorell,152
626183,Aleksei Peterson,Aleksei Peterson,17
626183,Tiia Peedumäe,Tiia (Peedumäe) Litorell,152
626184,Aleksei Peterson,Aleksei Peterson,17
626185,Aleksei Peterson,Aleksei Peterson,17
626186,Aleksei Peterson,Aleksei Peterson,17
626187,Aleksei Peterson,Aleksei Peterson,17
626188,Aleksei Peterson,Aleksei Peterson,17
626189,Aleksei Peterson,Aleksei Peterson,17
626191,Aldo Luud,Aldo Luud,15
626192,Aldo Luud,Aldo Luud,15
626683,Aleksei Peterson,Aleksei Peterson,17
626683,Annes Enehielm,Annes Enehielm,19
626683,Aado Lintrop,Aado Lintrop,7
626683,Serafima Lebedeva,Serafima Lebedeva,143
626684,Aleksei Peterson,Aleksei Peterson,17
626684,Annes Enehielm,Annes Enehielm,19
626684,Aado Lintrop,Aado Lintrop,7
626684,Serafima Lebedeva,Serafima Lebedeva,143
626685,Aleksei Peterson,Aleksei Peterson,17
626685,Annes Enehielm,Annes Enehielm,19
626685,Aado Lintrop,Aado Lintrop,7
626685,Serafima Lebedeva,Serafima Lebedeva,143
626686,Aleksei Peterson,Aleksei Peterson,17
626686,Annes Enehielm,Annes Enehielm,19
626686,Aado Lintrop,Aado Lintrop,7
626686,Serafima Lebedeva,Serafima Lebedeva,143
626687,Aleksei Peterson,Aleksei Peterson,17
626687,Annes Enehielm,Annes Enehielm,19
626687,Aado Lintrop,Aado Lintrop,7
626687,Serafima Lebedeva,Serafima Lebedeva,143
626688,Aleksei Peterson,Aleksei Peterson,17
626688,Annes Enehielm,Annes Enehielm,19
626688,Aado Lintrop,Aado Lintrop,7
626688,Serafima Lebedeva,Serafima Lebedeva,143
626689,Aleksei Peterson,Aleksei Peterson,17
626689,Annes Enehielm,Annes Enehielm,19
626689,Aado Lintrop,Aado Lintrop,7
626689,Serafima Lebedeva,Serafima Lebedeva,143
626690,Aleksei Peterson,Aleksei Peterson,17
626690,Annes Enehielm,Annes Enehielm,19
626690,Aado Lintrop,Aado Lintrop,7
626690,Serafima Lebedeva,Serafima Lebedeva,143
626691,Aleksei Peterson,Aleksei Peterson,17
626691,Annes Enehielm,Annes Enehielm,19
626691,Aado Lintrop,Aado Lintrop,7
626691,Serafima Lebedeva,Serafima Lebedeva,143
626692,Aleksei Peterson,Aleksei Peterson,17
626692,Annes Enehielm,Annes Enehielm,19
626692,Aado Lintrop,Aado Lintrop,7
626692,Serafima Lebedeva,Serafima Lebedeva,143
626693,Aleksei Peterson,Aleksei Peterson,17
626693,Annes Enehielm,Annes Enehielm,19
626693,Aado Lintrop,Aado Lintrop,7
626693,Serafima Lebedeva,Serafima Lebedeva,143
626694,Aleksei Peterson,Aleksei Peterson,17
626694,Annes Enehielm,Annes Enehielm,19
626694,Aado Lintrop,Aado Lintrop,7
626694,Serafima Lebedeva,Serafima Lebedeva,143
626695,Aleksei Peterson,Aleksei Peterson,17
626695,Annes Enehielm,Annes Enehielm,19
626695,Aado Lintrop,Aado Lintrop,7
626695,Serafima Lebedeva,Serafima Lebedeva,143
626696,Aleksei Peterson,Aleksei Peterson,17
626696,Annes Enehielm,Annes Enehielm,19
626696,Aado Lintrop,Aado Lintrop,7
626696,Serafima Lebedeva,Serafima Lebedeva,143
626698,Aleksei Peterson,Aleksei Peterson,17
626698,Annes Enehielm,Annes Enehielm,19
626698,Aado Lintrop,Aado Lintrop,7
626698,Serafima Lebedeva,Serafima Lebedeva,143
626699,Aleksei Peterson,Aleksei Peterson,17
626699,Annes Enehielm,Annes Enehielm,19
626699,Aado Lintrop,Aado Lintrop,7
626699,Serafima Lebedeva,Serafima Lebedeva,143
626700,Aleksei Peterson,Aleksei Peterson,17
626700,Annes Enehielm,Annes Enehielm,19
626700,Aado Lintrop,Aado Lintrop,7
626700,Serafima Lebedeva,Serafima Lebedeva,143
626701,Aleksei Peterson,Aleksei Peterson,17
626701,Annes Enehielm,Annes Enehielm,19
626701,Aado Lintrop,Aado Lintrop,7
626701,Serafima Lebedeva,Serafima Lebedeva,143
626702,Aleksei Peterson,Aleksei Peterson,17
626702,Annes Enehielm,Annes Enehielm,19
626702,Aado Lintrop,Aado Lintrop,7
626702,Serafima Lebedeva,Serafima Lebedeva,143
626704,Aleksei Peterson,Aleksei Peterson,17
626704,Annes Enehielm,Annes Enehielm,19
626704,Aado Lintrop,Aado Lintrop,7
626704,Serafima Lebedeva,Serafima Lebedeva,143
626706,Edgar Saare,Edgar Saar,34
626706,Edith Salu,Edith Salu,36
626707,Edgar Saare,Edgar Saar,34
626707,Edith Salu,Edith Salu,36
626709,Edgar Saare,Edgar Saar,34
626709,Edith Salu,Edith Salu,36
626710,Edgar Saare,Edgar Saar,34
626710,Edith Salu,Edith Salu,36
626711,Edgar Saare,Edgar Saar,34
626711,Edith Salu,Edith Salu,36
626712,Edgar Saare,Edgar Saar,34
626712,Edith Salu,Edith Salu,36
626713,Edgar Saare,Edgar Saar,34
626713,Edith Salu,Edith Salu,36
626714,Edgar Saare,Edgar Saar,34
626714,Edith Salu,Edith Salu,36
626715,Edgar Saare,Edgar Saar,34
626715,Edith Salu,Edith Salu,36
626716,Edgar Saare,Edgar Saar,34
626716,Edith Salu,Edith Salu,36
626717,Edgar Saare,Edgar Saar,34
626717,Edith Salu,Edith Salu,36
626718,Edgar Saare,Edgar Saar,34
626718,Edith Salu,Edith Salu,36
626719,Edgar Saare,Edgar Saar,34
626719,Edith Salu,Edith Salu,36
626720,Edgar Saare,Edgar Saar,34
626720,Edith Salu,Edith Salu,36
626721,Edgar Saare,Edgar Saar,34
626721,Edith Salu,Edith Salu,36
626722,Edgar Saare,Edgar Saar,34
626722,Edith Salu,Edith Salu,36
626723,Marika Mikkor,Marika Mikkor,113
626723,Riin Alatalu,Riin Alatalu,142
626724,Marika Mikkor,Marika Mikkor,113
626724,Riin Alatalu,Riin Alatalu,142
626725,Marika Mikkor,Marika Mikkor,113
626725,Riin Alatalu,Riin Alatalu,142
626726,Marika Mikkor,Marika Mikkor,113
626726,Riin Alatalu,Riin Alatalu,142
626727,Marika Mikkor,Marika Mikkor,113
626727,Riin Alatalu,Riin Alatalu,142
626728,Marika Mikkor,Marika Mikkor,113
626728,Riin Alatalu,Riin Alatalu,142
626729,Marika Mikkor,Marika Mikkor,113
626729,Riin Alatalu,Riin Alatalu,142
626730,Marika Mikkor,Marika Mikkor,113
626730,Riin Alatalu,Riin Alatalu,142
626731,Marika Mikkor,Marika Mikkor,113
626731,Riin Alatalu,Riin Alatalu,142
626732,Marika Mikkor,Marika Mikkor,113
626732,Riin Alatalu,Riin Alatalu,142
626733,Marika Mikkor,Marika Mikkor,113
626733,Riin Alatalu,Riin Alatalu,142
626734,Marika Mikkor,Marika Mikkor,113
626734,Riin Alatalu,Riin Alatalu,142
626735,Marika Mikkor,Marika Mikkor,113
626735,Riin Alatalu,Riin Alatalu,142
626736,Marika Mikkor,Marika Mikkor,113
626736,Riin Alatalu,Riin Alatalu,142
626737,Marika Mikkor,Marika Mikkor,113
626737,Riin Alatalu,Riin Alatalu,142
626738,Marika Mikkor,Marika Mikkor,113
626738,Riin Alatalu,Riin Alatalu,142
626739,Marika Mikkor,Marika Mikkor,113
626739,Riin Alatalu,Riin Alatalu,142
626740,Marika Mikkor,Marika Mikkor,113
626740,Riin Alatalu,Riin Alatalu,142
626741,Marika Mikkor,Marika Mikkor,113
626741,Riin Alatalu,Riin Alatalu,142
626742,Marika Mikkor,Marika Mikkor,113
626742,Riin Alatalu,Riin Alatalu,142
626743,Marika Mikkor,Marika Mikkor,113
626743,Riin Alatalu,Riin Alatalu,142
626744,Marika Mikkor,Marika Mikkor,113
626744,Riin Alatalu,Riin Alatalu,142
626745,Marika Mikkor,Marika Mikkor,113
626745,Riin Alatalu,Riin Alatalu,142
626747,Marika Mikkor,Marika Mikkor,113
626747,Riin Alatalu,Riin Alatalu,142
626749,Marika Mikkor,Marika Mikkor,113
626749,Riin Alatalu,Riin Alatalu,142
626750,Marika Mikkor,Marika Mikkor,113
626750,Riin Alatalu,Riin Alatalu,142
626752,Marika Mikkor,Marika Mikkor,113
626752,Riin Alatalu,Riin Alatalu,142
626753,Marika Mikkor,Marika Mikkor,113
626753,Riin Alatalu,Riin Alatalu,142
626754,Marika Mikkor,Marika Mikkor,113
626754,Riin Alatalu,Riin Alatalu,142
626755,Marika Mikkor,Marika Mikkor,113
626755,Riin Alatalu,Riin Alatalu,142
626756,Marika Mikkor,Marika Mikkor,113
626756,Riin Alatalu,Riin Alatalu,142
626757,Marika Mikkor,Marika Mikkor,113
626757,Riin Alatalu,Riin Alatalu,142
626758,Marika Mikkor,Marika Mikkor,113
626758,Riin Alatalu,Riin Alatalu,142
626759,Marika Mikkor,Marika Mikkor,113
626759,Riin Alatalu,Riin Alatalu,142
626765,Aldo Luud,Aldo Luud,15
626766,Aldo Luud,Aldo Luud,15
626769,Aldo Luud,Aldo Luud,15
626770,Mare Piho,Mare Piho,109
626771,Mare Piho,Mare Piho,109
626772,Mare Piho,Mare Piho,109
626774,Mare Piho,Mare Piho,109
626775,Mare Piho,Mare Piho,109
626776,Mare Piho,Mare Piho,109
626777,Mare Piho,Mare Piho,109
626778,Mare Piho,Mare Piho,109
626779,Mare Piho,Mare Piho,109
626780,Mare Piho,Mare Piho,109
626781,Mare Piho,Mare Piho,109
626782,Mare Piho,Mare Piho,109
626783,Mare Piho,Mare Piho,109
626784,Mare Piho,Mare Piho,109
626785,Mare Piho,Mare Piho,109
626786,Mare Piho,Mare Piho,109
626787,Mare Piho,Mare Piho,109
626788,Mare Piho,Mare Piho,109
626789,Mare Piho,Mare Piho,109
626790,Mare Piho,Mare Piho,109
626791,Mare Piho,Mare Piho,109
626792,Mare Piho,Mare Piho,109
626793,Mare Piho,Mare Piho,109
626794,Mare Piho,Mare Piho,109
626795,Mare Piho,Mare Piho,109
626796,Mare Piho,Mare Piho,109
626797,Mare Piho,Mare Piho,109
626798,Mare Piho,Mare Piho,109
626799,Mare Piho,Mare Piho,109
626800,Mare Piho,Mare Piho,109
626801,Mare Piho,Mare Piho,109
626802,Mare Piho,Mare Piho,109
626803,Mare Piho,Mare Piho,109
626804,Mare Piho,Mare Piho,109
626805,Mare Piho,Mare Piho,109
626806,Mare Piho,Mare Piho,109
626807,Mare Piho,Mare Piho,109
626808,Mare Piho,Mare Piho,109
626809,Mare Piho,Mare Piho,109
627322,Edgar Saare,Edgar Saar,34
627322,Edith Salu,Edith Salu,36
627323,Edgar Saare,Edgar Saar,34
627323,Edith Salu,Edith Salu,36
627324,Edgar Saare,Edgar Saar,34
627324,Edith Salu,Edith Salu,36
627326,Edgar Saar,Edgar Saar,33
627326,Edith Salu,Edith Salu,36
627327,Edgar Saar,Edgar Saar,33
627327,Edith Salu,Edith Salu,36
627357,Mare Piho,Mare Piho,109
627357,Marika Mikkor,Marika Mikkor,113
627358,Mare Piho,Mare Piho,109
627358,Marika Mikkor,Marika Mikkor,113
627359,Mare Piho,Mare Piho,109
627359,Marika Mikkor,Marika Mikkor,113
627360,Mare Piho,Mare Piho,109
627360,Marika Mikkor,Marika Mikkor,113
627361,Mare Piho,Mare Piho,109
627361,Marika Mikkor,Marika Mikkor,113
627362,Mare Piho,Mare Piho,109
627362,Marika Mikkor,Marika Mikkor,113
627363,Mare Piho,Mare Piho,109
627363,Marika Mikkor,Marika Mikkor,113
627364,Mare Piho,Mare Piho,109
627364,Marika Mikkor,Marika Mikkor,113
627365,Mare Piho,Mare Piho,109
627365,Marika Mikkor,Marika Mikkor,113
627366,Mare Piho,Mare Piho,109
627366,Marika Mikkor,Marika Mikkor,113
627367,Mare Piho,Mare Piho,109
627367,Marika Mikkor,Marika Mikkor,113
627368,Mare Piho,Mare Piho,109
627368,Marika Mikkor,Marika Mikkor,113
627369,Mare Piho,Mare Piho,109
627369,Marika Mikkor,Marika Mikkor,113
627370,Mare Piho,Mare Piho,109
627370,Marika Mikkor,Marika Mikkor,113
627371,Mare Piho,Mare Piho,109
627371,Marika Mikkor,Marika Mikkor,113
627372,Mare Piho,Mare Piho,109
627372,Marika Mikkor,Marika Mikkor,113
627373,Mare Piho,Mare Piho,109
627373,Marika Mikkor,Marika Mikkor,113
627374,Mare Piho,Mare Piho,109
627374,Marika Mikkor,Marika Mikkor,113
627375,Mare Piho,Mare Piho,109
627375,Marika Mikkor,Marika Mikkor,113
627376,Mare Piho,Mare Piho,109
627376,Marika Mikkor,Marika Mikkor,113
627377,Mare Piho,Mare Piho,109
627377,Marika Mikkor,Marika Mikkor,113
627378,Mare Piho,Mare Piho,109
627378,Marika Mikkor,Marika Mikkor,113
627379,Mare Piho,Mare Piho,109
627379,Marika Mikkor,Marika Mikkor,113
627380,Mare Piho,Mare Piho,109
627380,Marika Mikkor,Marika Mikkor,113
627381,Mare Piho,Mare Piho,109
627381,Marika Mikkor,Marika Mikkor,113
627382,Mare Piho,Mare Piho,109
627382,Marika Mikkor,Marika Mikkor,113
627383,Mare Piho,Mare Piho,109
627383,Marika Mikkor,Marika Mikkor,113
627384,Mare Piho,Mare Piho,109
627384,Marika Mikkor,Marika Mikkor,113
627385,Mare Piho,Mare Piho,109
627385,Marika Mikkor,Marika Mikkor,113
627386,Mare Piho,Mare Piho,109
627386,Marika Mikkor,Marika Mikkor,113
627387,Mare Piho,Mare Piho,109
627387,Marika Mikkor,Marika Mikkor,113
627388,Mare Piho,Mare Piho,109
627388,Marika Mikkor,Marika Mikkor,113
627389,Mare Piho,Mare Piho,109
627389,Marika Mikkor,Marika Mikkor,113
627390,Mare Piho,Mare Piho,109
627390,Marika Mikkor,Marika Mikkor,113
627391,Mare Piho,Mare Piho,109
627391,Marika Mikkor,Marika Mikkor,113
627392,Mare Piho,Mare Piho,109
627392,Marika Mikkor,Marika Mikkor,113
627393,Mare Piho,Mare Piho,109
627393,Marika Mikkor,Marika Mikkor,113
627394,Mare Piho,Mare Piho,109
627394,Marika Mikkor,Marika Mikkor,113
627395,Mare Piho,Mare Piho,109
627395,Marika Mikkor,Marika Mikkor,113
627396,Mare Piho,Mare Piho,109
627396,Marika Mikkor,Marika Mikkor,113
627397,Mare Piho,Mare Piho,109
627397,Marika Mikkor,Marika Mikkor,113
627398,Mare Piho,Mare Piho,109
627398,Marika Mikkor,Marika Mikkor,113
627399,Mare Piho,Mare Piho,109
627399,Marika Mikkor,Marika Mikkor,113
627400,Mare Piho,Mare Piho,109
627400,Marika Mikkor,Marika Mikkor,113
627401,Mare Piho,Mare Piho,109
627402,Mare Piho,Mare Piho,109
627403,Mare Piho,Mare Piho,109
627404,Mare Piho,Mare Piho,109
627405,Mare Piho,Mare Piho,109
627406,Mare Piho,Mare Piho,109
627407,Mare Piho,Mare Piho,109
627408,Mare Piho,Mare Piho,109
627409,Mare Piho,Mare Piho,109
627410,Mare Piho,Mare Piho,109
627413,Mare Piho,Mare Piho,109
627414,Mare Piho,Mare Piho,109
627416,Mare Piho,Mare Piho,109
627417,Mare Piho,Mare Piho,109
627418,Mare Piho,Mare Piho,109
627419,Mare Piho,Mare Piho,109
627420,Mare Piho,Mare Piho,109
627421,Mare Piho,Mare Piho,109
627422,Mare Piho,Mare Piho,109
627423,Mare Piho,Mare Piho,109
627424,Mare Piho,Mare Piho,109
627425,Mare Piho,Mare Piho,109
627426,Mare Piho,Mare Piho,109
627427,Mare Piho,Mare Piho,109
627428,Mare Piho,Mare Piho,109
627429,Mare Piho,Mare Piho,109
627430,Mare Piho,Mare Piho,109
627431,Mare Piho,Mare Piho,109
627432,Mare Piho,Mare Piho,109
627433,Mare Piho,Mare Piho,109
627434,Mare Piho,Mare Piho,109
627435,Mare Piho,Mare Piho,109
627436,Mare Piho,Mare Piho,109
627437,Mare Piho,Mare Piho,109
627438,Mare Piho,Mare Piho,109
627439,Mare Piho,Mare Piho,109
627440,Mare Piho,Mare Piho,109
627441,Mare Piho,Mare Piho,109
627442,Mare Piho,Mare Piho,109
627443,Mare Piho,Mare Piho,109
627444,Mare Piho,Mare Piho,109
627445,Mare Piho,Mare Piho,109
627446,Mare Piho,Mare Piho,109
627447,Mare Piho,Mare Piho,109
627448,Mare Piho,Mare Piho,109
627450,Mare Piho,Mare Piho,109
627985,Mare Piho,Mare Piho,109
627985,Marika Mikkor,Marika Mikkor,113
627986,Mare Piho,Mare Piho,109
627986,Marika Mikkor,Marika Mikkor,113
627987,Mare Piho,Mare Piho,109
627987,Marika Mikkor,Marika Mikkor,113
627988,Mare Piho,Mare Piho,109
627988,Marika Mikkor,Marika Mikkor,113
627989,Mare Piho,Mare Piho,109
627989,Marika Mikkor,Marika Mikkor,113
627990,Mare Piho,Mare Piho,109
627990,Marika Mikkor,Marika Mikkor,113
627991,Mare Piho,Mare Piho,109
627991,Marika Mikkor,Marika Mikkor,113
627992,Mare Piho,Mare Piho,109
627992,Marika Mikkor,Marika Mikkor,113
627993,Mare Piho,Mare Piho,109
627993,Marika Mikkor,Marika Mikkor,113
627994,Mare Piho,Mare Piho,109
627994,Marika Mikkor,Marika Mikkor,113
627995,Mare Piho,Mare Piho,109
627995,Marika Mikkor,Marika Mikkor,113
627996,Mare Piho,Mare Piho,109
627996,Marika Mikkor,Marika Mikkor,113
627997,Mare Piho,Mare Piho,109
627997,Marika Mikkor,Marika Mikkor,113
627998,Mare Piho,Mare Piho,109
627998,Marika Mikkor,Marika Mikkor,113
627999,Mare Piho,Mare Piho,109
627999,Marika Mikkor,Marika Mikkor,113
628000,Mare Piho,Mare Piho,109
628000,Marika Mikkor,Marika Mikkor,113
628001,Mare Piho,Mare Piho,109
628001,Marika Mikkor,Marika Mikkor,113
628002,Mare Piho,Mare Piho,109
628002,Marika Mikkor,Marika Mikkor,113
628003,Mare Piho,Mare Piho,109
628003,Marika Mikkor,Marika Mikkor,113
628004,Mare Piho,Mare Piho,109
628004,Marika Mikkor,Marika Mikkor,113
628005,Mare Piho,Mare Piho,109
628005,Marika Mikkor,Marika Mikkor,113
628006,Mare Piho,Mare Piho,109
628006,Marika Mikkor,Marika Mikkor,113
628007,Mare Piho,Mare Piho,109
628007,Marika Mikkor,Marika Mikkor,113
628008,Mare Piho,Mare Piho,109
628008,Marika Mikkor,Marika Mikkor,113
628009,Mare Piho,Mare Piho,109
628009,Marika Mikkor,Marika Mikkor,113
628010,Mare Piho,Mare Piho,109
628010,Marika Mikkor,Marika Mikkor,113
628011,Mare Piho,Mare Piho,109
628011,Marika Mikkor,Marika Mikkor,113
628012,Mare Piho,Mare Piho,109
628012,Marika Mikkor,Marika Mikkor,113
628013,Mare Piho,Mare Piho,109
628013,Marika Mikkor,Marika Mikkor,113
628014,Mare Piho,Mare Piho,109
628014,Marika Mikkor,Marika Mikkor,113
628015,Mare Piho,Mare Piho,109
628015,Marika Mikkor,Marika Mikkor,113
628016,Mare Piho,Mare Piho,109
628016,Marika Mikkor,Marika Mikkor,113
628017,Mare Piho,Mare Piho,109
628017,Marika Mikkor,Marika Mikkor,113
628018,Mare Piho,Mare Piho,109
628018,Marika Mikkor,Marika Mikkor,113
628019,Mare Piho,Mare Piho,109
628019,Marika Mikkor,Marika Mikkor,113
628020,Mare Piho,Mare Piho,109
628020,Marika Mikkor,Marika Mikkor,113
628021,Mare Piho,Mare Piho,109
628021,Marika Mikkor,Marika Mikkor,113
628022,Mare Piho,Mare Piho,109
628022,Marika Mikkor,Marika Mikkor,113
628023,Mare Piho,Mare Piho,109
628023,Marika Mikkor,Marika Mikkor,113
628024,Mare Piho,Mare Piho,109
628024,Marika Mikkor,Marika Mikkor,113
628025,Mare Piho,Mare Piho,109
628025,Marika Mikkor,Marika Mikkor,113
628026,Mare Piho,Mare Piho,109
628026,Marika Mikkor,Marika Mikkor,113
628027,Mare Piho,Mare Piho,109
628027,Marika Mikkor,Marika Mikkor,113
628028,Mare Piho,Mare Piho,109
628028,Marika Mikkor,Marika Mikkor,113
628029,Mare Piho,Mare Piho,109
628029,Marika Mikkor,Marika Mikkor,113
628030,Mare Piho,Mare Piho,109
628030,Marika Mikkor,Marika Mikkor,113
628031,Mare Piho,Mare Piho,109
628031,Marika Mikkor,Marika Mikkor,113
628032,Mare Piho,Mare Piho,109
628032,Marika Mikkor,Marika Mikkor,113
628033,Mare Piho,Mare Piho,109
628033,Marika Mikkor,Marika Mikkor,113
628034,Mare Piho,Mare Piho,109
628034,Marika Mikkor,Marika Mikkor,113
628035,Mare Piho,Mare Piho,109
628035,Marika Mikkor,Marika Mikkor,113
628038,Mare Piho,Mare Piho,109
628039,Mare Piho,Mare Piho,109
628040,Mare Piho,Mare Piho,109
628041,Mare Piho,Mare Piho,109
628042,Mare Piho,Mare Piho,109
628043,Mare Piho,Mare Piho,109
628044,Mare Piho,Mare Piho,109
628045,Mare Piho,Mare Piho,109
628046,Mare Piho,Mare Piho,109
628048,Mare Piho,Mare Piho,109
628049,Mare Piho,Mare Piho,109
628050,Mare Piho,Mare Piho,109
628051,Mare Piho,Mare Piho,109
628052,Mare Piho,Mare Piho,109
628053,Mare Piho,Mare Piho,109
628054,Mare Piho,Mare Piho,109
628055,Mare Piho,Mare Piho,109
628056,Mare Piho,Mare Piho,109
628057,Mare Piho,Mare Piho,109
628063,Aleksei Peterson,Aleksei Peterson,17
628063,Eevi Astel,Eevi Astel,39
628063,Jaan Treial,Jaan Treial,67
628064,Aleksei Peterson,Aleksei Peterson,17
628064,Eevi Astel,Eevi Astel,39
628064,Jaan Treial,Jaan Treial,67
628065,Aleksei Peterson,Aleksei Peterson,17
628065,Eevi Astel,Eevi Astel,39
628065,Jaan Treial,Jaan Treial,67
628066,Aleksei Peterson,Aleksei Peterson,17
628066,Eevi Astel,Eevi Astel,39
628066,Jaan Treial,Jaan Treial,67
628067,Aleksei Peterson,Aleksei Peterson,17
628067,Eevi Astel,Eevi Astel,39
628067,Jaan Treial,Jaan Treial,67
628068,Aleksei Peterson,Aleksei Peterson,17
628068,Eevi Astel,Eevi Astel,39
628068,Jaan Treial,Jaan Treial,67
628069,Aleksei Peterson,Aleksei Peterson,17
628069,Eevi Astel,Eevi Astel,39
628069,Jaan Treial,Jaan Treial,67
628070,Aleksei Peterson,Aleksei Peterson,17
628070,Eevi Astel,Eevi Astel,39
628070,Jaan Treial,Jaan Treial,67
628071,Aleksei Peterson,Aleksei Peterson,17
628071,Eevi Astel,Eevi Astel,39
628071,Jaan Treial,Jaan Treial,67
628072,Aleksei Peterson,Aleksei Peterson,17
628072,Eevi Astel,Eevi Astel,39
628072,Jaan Treial,Jaan Treial,67
628073,Aleksei Peterson,Aleksei Peterson,17
628073,Eevi Astel,Eevi Astel,39
628073,Jaan Treial,Jaan Treial,67
628074,Aleksei Peterson,Aleksei Peterson,17
628074,Eevi Astel,Eevi Astel,39
628074,Jaan Treial,Jaan Treial,67
628075,Aleksei Peterson,Aleksei Peterson,17
628075,Eevi Astel,Eevi Astel,39
628075,Jaan Treial,Jaan Treial,67
628575,Viivi Männiksaar,Viivi Männiksaar,166
628577,Viivi Männiksaar,Viivi Männiksaar,166
628578,Viivi Männiksaar,Viivi Männiksaar,166
628579,Viivi Männiksaar,Viivi Männiksaar,166
628580,Viivi Männiksaar,Viivi Männiksaar,166
628581,Viivi Männiksaar,Viivi Männiksaar,166
628582,Viivi Männiksaar,Viivi Männiksaar,166
628584,Viivi Männiksaar,Viivi Männiksaar,166
628585,Viivi Männiksaar,Viivi Männiksaar,166
628586,Viivi Männiksaar,Viivi Männiksaar,166
628587,Viivi Männiksaar,Viivi Männiksaar,166
628602,Mare Piho,Mare Piho,109
628602,Marika Mikkor,Marika Mikkor,113
628603,Mare Piho,Mare Piho,109
628603,Marika Mikkor,Marika Mikkor,113
628604,Mare Piho,Mare Piho,109
628604,Marika Mikkor,Marika Mikkor,113
628605,Mare Piho,Mare Piho,109
628605,Marika Mikkor,Marika Mikkor,113
628606,Mare Piho,Mare Piho,109
628606,Marika Mikkor,Marika Mikkor,113
628607,Mare Piho,Mare Piho,109
628607,Marika Mikkor,Marika Mikkor,113
628608,Mare Piho,Mare Piho,109
628608,Marika Mikkor,Marika Mikkor,113
628609,Mare Piho,Mare Piho,109
628609,Marika Mikkor,Marika Mikkor,113
628610,Mare Piho,Mare Piho,109
628610,Marika Mikkor,Marika Mikkor,113
628611,Mare Piho,Mare Piho,109
628611,Marika Mikkor,Marika Mikkor,113
628612,Mare Piho,Mare Piho,109
628612,Marika Mikkor,Marika Mikkor,113
628613,Mare Piho,Mare Piho,109
628613,Marika Mikkor,Marika Mikkor,113
628614,Mare Piho,Mare Piho,109
628614,Marika Mikkor,Marika Mikkor,113
628615,Mare Piho,Mare Piho,109
628615,Marika Mikkor,Marika Mikkor,113
628617,Mare Piho,Mare Piho,109
628617,Marika Mikkor,Marika Mikkor,113
628618,Mare Piho,Mare Piho,109
628618,Marika Mikkor,Marika Mikkor,113
628619,Mare Piho,Mare Piho,109
628619,Marika Mikkor,Marika Mikkor,113
628620,Mare Piho,Mare Piho,109
628620,Marika Mikkor,Marika Mikkor,113
628621,Mare Piho,Mare Piho,109
628621,Marika Mikkor,Marika Mikkor,113
628622,Mare Piho,Mare Piho,109
628622,Marika Mikkor,Marika Mikkor,113
628623,Mare Piho,Mare Piho,109
628623,Marika Mikkor,Marika Mikkor,113
628624,Mare Piho,Mare Piho,109
628624,Marika Mikkor,Marika Mikkor,113
628625,Mare Piho,Mare Piho,109
628625,Marika Mikkor,Marika Mikkor,113
628626,Mare Piho,Mare Piho,109
628626,Marika Mikkor,Marika Mikkor,113
628627,Mare Piho,Mare Piho,109
628627,Marika Mikkor,Marika Mikkor,113
628628,Mare Piho,Mare Piho,109
628628,Marika Mikkor,Marika Mikkor,113
628629,Mare Piho,Mare Piho,109
628629,Marika Mikkor,Marika Mikkor,113
628630,Mare Piho,Mare Piho,109
628630,Marika Mikkor,Marika Mikkor,113
628631,Mare Piho,Mare Piho,109
628631,Marika Mikkor,Marika Mikkor,113
628632,Mare Piho,Mare Piho,109
628632,Marika Mikkor,Marika Mikkor,113
628633,Mare Piho,Mare Piho,109
628633,Marika Mikkor,Marika Mikkor,113
628634,Mare Piho,Mare Piho,109
628634,Marika Mikkor,Marika Mikkor,113
628635,Mare Piho,Mare Piho,109
628635,Marika Mikkor,Marika Mikkor,113
628636,Mare Piho,Mare Piho,109
628636,Marika Mikkor,Marika Mikkor,113
628637,Mare Piho,Mare Piho,109
628637,Marika Mikkor,Marika Mikkor,113
628638,Mare Piho,Mare Piho,109
628638,Marika Mikkor,Marika Mikkor,113
628639,Mare Piho,Mare Piho,109
628639,Marika Mikkor,Marika Mikkor,113
628640,Mare Piho,Mare Piho,109
628640,Marika Mikkor,Marika Mikkor,113
628641,Mare Piho,Mare Piho,109
628641,Marika Mikkor,Marika Mikkor,113
628642,Mare Piho,Mare Piho,109
628642,Marika Mikkor,Marika Mikkor,113
628643,Mare Piho,Mare Piho,109
628643,Marika Mikkor,Marika Mikkor,113
628644,Mare Piho,Mare Piho,109
628644,Marika Mikkor,Marika Mikkor,113
628645,Mare Piho,Mare Piho,109
628645,Marika Mikkor,Marika Mikkor,113
628646,Mare Piho,Mare Piho,109
628646,Marika Mikkor,Marika Mikkor,113
628647,Mare Piho,Mare Piho,109
628647,Marika Mikkor,Marika Mikkor,113
628648,Mare Piho,Mare Piho,109
628648,Marika Mikkor,Marika Mikkor,113
628649,Mare Piho,Mare Piho,109
628649,Marika Mikkor,Marika Mikkor,113
628650,Mare Piho,Mare Piho,109
628650,Marika Mikkor,Marika Mikkor,113
628651,Mare Piho,Mare Piho,109
628651,Marika Mikkor,Marika Mikkor,113
628652,Eevi Astel,Eevi Astel,39
628652,Aleksei Peterson,Aleksei Peterson,17
628652,Jaan Treial,Jaan Treial,67
628653,Eevi Astel,Eevi Astel,39
628653,Aleksei Peterson,Aleksei Peterson,17
628653,Jaan Treial,Jaan Treial,67
628654,Eevi Astel,Eevi Astel,39
628654,Aleksei Peterson,Aleksei Peterson,17
628654,Jaan Treial,Jaan Treial,67
628655,Eevi Astel,Eevi Astel,39
628655,Aleksei Peterson,Aleksei Peterson,17
628655,Jaan Treial,Jaan Treial,67
628656,Eevi Astel,Eevi Astel,39
628656,Aleksei Peterson,Aleksei Peterson,17
628656,Jaan Treial,Jaan Treial,67
628657,Eevi Astel,Eevi Astel,39
628657,Aleksei Peterson,Aleksei Peterson,17
628657,Jaan Treial,Jaan Treial,67
628658,Eevi Astel,Eevi Astel,39
628658,Aleksei Peterson,Aleksei Peterson,17
628658,Jaan Treial,Jaan Treial,67
628659,Eevi Astel,Eevi Astel,39
628659,Aleksei Peterson,Aleksei Peterson,17
628659,Jaan Treial,Jaan Treial,67
628660,Eevi Astel,Eevi Astel,39
628660,Aleksei Peterson,Aleksei Peterson,17
628660,Jaan Treial,Jaan Treial,67
628662,Eevi Astel,Eevi Astel,39
628662,Aleksei Peterson,Aleksei Peterson,17
628662,Jaan Treial,Jaan Treial,67
628663,Eevi Astel,Eevi Astel,39
628663,Aleksei Peterson,Aleksei Peterson,17
628663,Jaan Treial,Jaan Treial,67
628664,Eevi Astel,Eevi Astel,39
628664,Aleksei Peterson,Aleksei Peterson,17
628664,Jaan Treial,Jaan Treial,67
628665,Eevi Astel,Eevi Astel,39
628665,Aleksei Peterson,Aleksei Peterson,17
628665,Jaan Treial,Jaan Treial,67
628666,Eevi Astel,Eevi Astel,39
628666,Aleksei Peterson,Aleksei Peterson,17
628666,Jaan Treial,Jaan Treial,67
628667,Eevi Astel,Eevi Astel,39
628667,Aleksei Peterson,Aleksei Peterson,17
628667,Jaan Treial,Jaan Treial,67
628668,Eevi Astel,Eevi Astel,39
628668,Aleksei Peterson,Aleksei Peterson,17
628668,Jaan Treial,Jaan Treial,67
628669,Eevi Astel,Eevi Astel,39
628669,Aleksei Peterson,Aleksei Peterson,17
628669,Jaan Treial,Jaan Treial,67
628670,Eevi Astel,Eevi Astel,39
628670,Aleksei Peterson,Aleksei Peterson,17
628670,Jaan Treial,Jaan Treial,67
628671,Eevi Astel,Eevi Astel,39
628671,Aleksei Peterson,Aleksei Peterson,17
628671,Jaan Treial,Jaan Treial,67
628674,Jaan Treial,Jaan Treial,67
628676,Jaan Treial,Jaan Treial,67
628677,Jaan Treial,Jaan Treial,67
628678,Jaan Treial,Jaan Treial,67
628679,Jaan Treial,Jaan Treial,67
628680,Jaan Treial,Jaan Treial,67
628681,Jaan Treial,Jaan Treial,67
628682,Jaan Treial,Jaan Treial,67
628683,Jaan Treial,Jaan Treial,67
628684,Jaan Treial,Jaan Treial,67
628685,Jaan Treial,Jaan Treial,67
628686,Jaan Treial,Jaan Treial,67
628687,Jaan Treial,Jaan Treial,67
628688,Jaan Treial,Jaan Treial,67
628689,Jaan Treial,Jaan Treial,67
628690,Jaan Treial,Jaan Treial,67
628691,Jaan Treial,Jaan Treial,67
628692,Jaan Treial,Jaan Treial,67
628693,Jaan Treial,Jaan Treial,67
628694,Jaan Treial,Jaan Treial,67
628695,Jaan Treial,Jaan Treial,67
628696,Jaan Treial,Jaan Treial,67
628697,Jaan Treial,Jaan Treial,67
629198,Liidia Kitkajeva,Liidia Kitkajeva,99
629200,Liidia Kitkajeva,Liidia Kitkajeva,99
629201,Liidia Kitkajeva,Liidia Kitkajeva,99
629202,Liidia Kitkajeva,Liidia Kitkajeva,99
629203,Liidia Kitkajeva,Liidia Kitkajeva,99
629204,Liidia Kitkajeva,Liidia Kitkajeva,99
629205,Liidia Kitkajeva,Liidia Kitkajeva,99
629206,Liidia Kitkajeva,Liidia Kitkajeva,99
629208,Liidia Kitkajeva,Liidia Kitkajeva,99
629209,Liidia Kitkajeva,Liidia Kitkajeva,99
629210,Liidia Kitkajeva,Liidia Kitkajeva,99
629211,Liidia Kitkajeva,Liidia Kitkajeva,99
629212,Liidia Kitkajeva,Liidia Kitkajeva,99
629213,Mare Piho,Mare Piho,109
629213,Marika Mikkor,Marika Mikkor,113
629214,Mare Piho,Mare Piho,109
629214,Marika Mikkor,Marika Mikkor,113
629215,Mare Piho,Mare Piho,109
629215,Marika Mikkor,Marika Mikkor,113
629216,Mare Piho,Mare Piho,109
629216,Marika Mikkor,Marika Mikkor,113
629217,Mare Piho,Mare Piho,109
629217,Marika Mikkor,Marika Mikkor,113
629218,Mare Piho,Mare Piho,109
629218,Marika Mikkor,Marika Mikkor,113
629219,Mare Piho,Mare Piho,109
629219,Marika Mikkor,Marika Mikkor,113
629220,Mare Piho,Mare Piho,109
629220,Marika Mikkor,Marika Mikkor,113
629221,Mare Piho,Mare Piho,109
629221,Marika Mikkor,Marika Mikkor,113
629222,Mare Piho,Mare Piho,109
629222,Marika Mikkor,Marika Mikkor,113
629223,Mare Piho,Mare Piho,109
629223,Marika Mikkor,Marika Mikkor,113
629224,Mare Piho,Mare Piho,109
629224,Marika Mikkor,Marika Mikkor,113
629225,Mare Piho,Mare Piho,109
629225,Marika Mikkor,Marika Mikkor,113
629226,Mare Piho,Mare Piho,109
629226,Marika Mikkor,Marika Mikkor,113
629228,Mare Piho,Mare Piho,109
629228,Marika Mikkor,Marika Mikkor,113
629229,Mare Piho,Mare Piho,109
629229,Marika Mikkor,Marika Mikkor,113
629230,Mare Piho,Mare Piho,109
629230,Marika Mikkor,Marika Mikkor,113
629231,Mare Piho,Mare Piho,109
629231,Marika Mikkor,Marika Mikkor,113
629232,Mare Piho,Mare Piho,109
629232,Marika Mikkor,Marika Mikkor,113
629233,Mare Piho,Mare Piho,109
629233,Marika Mikkor,Marika Mikkor,113
629234,Mare Piho,Mare Piho,109
629234,Marika Mikkor,Marika Mikkor,113
629235,Mare Piho,Mare Piho,109
629235,Marika Mikkor,Marika Mikkor,113
629236,Mare Piho,Mare Piho,109
629236,Marika Mikkor,Marika Mikkor,113
629237,Mare Piho,Mare Piho,109
629237,Marika Mikkor,Marika Mikkor,113
629238,Mare Piho,Mare Piho,109
629238,Marika Mikkor,Marika Mikkor,113
629239,Mare Piho,Mare Piho,109
629239,Marika Mikkor,Marika Mikkor,113
629240,Mare Piho,Mare Piho,109
629240,Marika Mikkor,Marika Mikkor,113
629241,Mare Piho,Mare Piho,109
629241,Marika Mikkor,Marika Mikkor,113
629242,Mare Piho,Mare Piho,109
629242,Marika Mikkor,Marika Mikkor,113
629243,Mare Piho,Mare Piho,109
629243,Marika Mikkor,Marika Mikkor,113
629244,Mare Piho,Mare Piho,109
629244,Marika Mikkor,Marika Mikkor,113
629245,Mare Piho,Mare Piho,109
629245,Marika Mikkor,Marika Mikkor,113
629246,Mare Piho,Mare Piho,109
629246,Marika Mikkor,Marika Mikkor,113
629247,Mare Piho,Mare Piho,109
629247,Marika Mikkor,Marika Mikkor,113
629248,Mare Piho,Mare Piho,109
629248,Marika Mikkor,Marika Mikkor,113
629249,Mare Piho,Mare Piho,109
629249,Marika Mikkor,Marika Mikkor,113
629250,Mare Piho,Mare Piho,109
629250,Marika Mikkor,Marika Mikkor,113
629251,Mare Piho,Mare Piho,109
629251,Marika Mikkor,Marika Mikkor,113
629252,Mare Piho,Mare Piho,109
629252,Marika Mikkor,Marika Mikkor,113
629253,Mare Piho,Mare Piho,109
629253,Marika Mikkor,Marika Mikkor,113
629254,Mare Piho,Mare Piho,109
629254,Marika Mikkor,Marika Mikkor,113
629255,Mare Piho,Mare Piho,109
629255,Marika Mikkor,Marika Mikkor,113
629256,Mare Piho,Mare Piho,109
629256,Marika Mikkor,Marika Mikkor,113
629257,Mare Piho,Mare Piho,109
629257,Marika Mikkor,Marika Mikkor,113
629258,Mare Piho,Mare Piho,109
629258,Marika Mikkor,Marika Mikkor,113
629259,Mare Piho,Mare Piho,109
629259,Marika Mikkor,Marika Mikkor,113
629260,Mare Piho,Mare Piho,109
629260,Marika Mikkor,Marika Mikkor,113
629261,Mare Piho,Mare Piho,109
629261,Marika Mikkor,Marika Mikkor,113
629262,Jaan Treial,Jaan Treial,67
629263,Jaan Treial,Jaan Treial,67
629264,Jaan Treial,Jaan Treial,67
629267,Tiia Peedumäe,Tiia (Peedumäe) Litorell,152
629268,Tiia Peedumäe,Tiia (Peedumäe) Litorell,152
629269,Tiia Peedumäe,Tiia (Peedumäe) Litorell,152
629270,Tiia Peedumäe,Tiia (Peedumäe) Litorell,152
629271,Tiia Peedumäe,Tiia (Peedumäe) Litorell,152
629272,Tiia Peedumäe,Tiia (Peedumäe) Litorell,152
629273,Tiia Peedumäe,Tiia (Peedumäe) Litorell,152
629274,Tiia Peedumäe,Tiia (Peedumäe) Litorell,152
629275,Tiia Peedumäe,Tiia (Peedumäe) Litorell,152
629276,Tiia Peedumäe,Tiia (Peedumäe) Litorell,152
629277,Tiia Peedumäe,Tiia (Peedumäe) Litorell,152
629278,Tiia Peedumäe,Tiia (Peedumäe) Litorell,152
629279,Tiia Peedumäe,Tiia (Peedumäe) Litorell,152
629280,Tiia Peedumäe,Tiia (Peedumäe) Litorell,152
629282,Tiia Peedumäe,Tiia (Peedumäe) Litorell,152
629283,Tiia Peedumäe,Tiia (Peedumäe) Litorell,152
629284,Tiia Peedumäe,Tiia (Peedumäe) Litorell,152
629285,Tiia Peedumäe,Tiia (Peedumäe) Litorell,152
629286,Tiia Peedumäe,Tiia (Peedumäe) Litorell,152
629287,Tiia Peedumäe,Tiia (Peedumäe) Litorell,152
629288,Tiia Peedumäe,Tiia (Peedumäe) Litorell,152
629289,Tiia Peedumäe,Tiia (Peedumäe) Litorell,152
629290,Tiia Peedumäe,Tiia (Peedumäe) Litorell,152
629291,Tiia Peedumäe,Tiia (Peedumäe) Litorell,152
629292,Tiia Peedumäe,Tiia (Peedumäe) Litorell,152
629293,Tiia Peedumäe,Tiia (Peedumäe) Litorell,152
629294,Tiia Peedumäe,Tiia (Peedumäe) Litorell,152
629295,Tiia Peedumäe,Tiia (Peedumäe) Litorell,152
629296,Tiia Peedumäe,Tiia (Peedumäe) Litorell,152
629297,Tiia Peedumäe,Tiia (Peedumäe) Litorell,152
629298,Tiia Peedumäe,Tiia (Peedumäe) Litorell,152
629299,Tiia Peedumäe,Tiia (Peedumäe) Litorell,152
629300,Tiia Peedumäe,Tiia (Peedumäe) Litorell,152
629301,Tiia Peedumäe,Tiia (Peedumäe) Litorell,152
629303,Tiia Peedumäe,Tiia (Peedumäe) Litorell,152
629305,Eevi Astel,Eevi Astel,39
629306,Reet Piiri,Reet Piiri,140
629768,Liidia Kitkajeva,Liidia Kitkajeva,99
629770,Liidia Kitkajeva,Liidia Kitkajeva,99
629771,Liidia Kitkajeva,Liidia Kitkajeva,99
629772,Liidia Kitkajeva,Liidia Kitkajeva,99
629773,Liidia Kitkajeva,Liidia Kitkajeva,99
629774,Liidia Kitkajeva,Liidia Kitkajeva,99
629775,Liidia Kitkajeva,Liidia Kitkajeva,99
629776,Liidia Kitkajeva,Liidia Kitkajeva,99
629777,Liidia Kitkajeva,Liidia Kitkajeva,99
629778,Liidia Kitkajeva,Liidia Kitkajeva,99
629779,Liidia Kitkajeva,Liidia Kitkajeva,99
629780,Liidia Kitkajeva,Liidia Kitkajeva,99
629781,Liidia Kitkajeva,Liidia Kitkajeva,99
629782,Liidia Kitkajeva,Liidia Kitkajeva,99
629784,Liidia Kitkajeva,Liidia Kitkajeva,99
629786,Liidia Kitkajeva,Liidia Kitkajeva,99
629787,Liidia Kitkajeva,Liidia Kitkajeva,99
629788,Liidia Kitkajeva,Liidia Kitkajeva,99
629790,Liidia Kitkajeva,Liidia Kitkajeva,99
629795,Liidia Kitkajeva,Liidia Kitkajeva,99
629796,Liidia Kitkajeva,Liidia Kitkajeva,99
629797,Liidia Kitkajeva,Liidia Kitkajeva,99
629798,Liidia Kitkajeva,Liidia Kitkajeva,99
629809,Mare Piho,Mare Piho,109
629809,Marika Mikkor,Marika Mikkor,113
629810,Mare Piho,Mare Piho,109
629810,Marika Mikkor,Marika Mikkor,113
629811,Mare Piho,Mare Piho,109
629811,Marika Mikkor,Marika Mikkor,113
629812,Mare Piho,Mare Piho,109
629812,Marika Mikkor,Marika Mikkor,113
629813,Mare Piho,Mare Piho,109
629813,Marika Mikkor,Marika Mikkor,113
629814,Aldo Luud,Aldo Luud,15
629814,Piret Koldits,Piret Koldits,134
629814,Jana Hint,Jana Hint,68
629814,Tiit Rammul,Tiit Rammul,153
629815,Aldo Luud,Aldo Luud,15
629815,Piret Koldits,Piret Koldits,134
629815,Jana Hint,Jana Hint,68
629815,Tiit Rammul,Tiit Rammul,153
629816,Aldo Luud,Aldo Luud,15
629816,Piret Koldits,Piret Koldits,134
629816,Jana Hint,Jana Hint,68
629816,Tiit Rammul,Tiit Rammul,153
629817,Aldo Luud,Aldo Luud,15
629817,Piret Koldits,Piret Koldits,134
629817,Jana Hint,Jana Hint,68
629817,Tiit Rammul,Tiit Rammul,153
629818,Aldo Luud,Aldo Luud,15
629818,Piret Koldits,Piret Koldits,134
629818,Jana Hint,Jana Hint,68
629818,Tiit Rammul,Tiit Rammul,153
629819,Aldo Luud,Aldo Luud,15
629819,Piret Koldits,Piret Koldits,134
629819,Jana Hint,Jana Hint,68
629819,Tiit Rammul,Tiit Rammul,153
629820,Aldo Luud,Aldo Luud,15
629820,Piret Koldits,Piret Koldits,134
629820,Jana Hint,Jana Hint,68
629820,Tiit Rammul,Tiit Rammul,153
629821,Aldo Luud,Aldo Luud,15
629821,Piret Koldits,Piret Koldits,134
629821,Jana Hint,Jana Hint,68
629821,Tiit Rammul,Tiit Rammul,153
629822,Aldo Luud,Aldo Luud,15
629822,Piret Koldits,Piret Koldits,134
629822,Jana Hint,Jana Hint,68
629822,Tiit Rammul,Tiit Rammul,153
629823,Aldo Luud,Aldo Luud,15
629823,Piret Koldits,Piret Koldits,134
629823,Jana Hint,Jana Hint,68
629823,Tiit Rammul,Tiit Rammul,153
629824,Aldo Luud,Aldo Luud,15
629824,Piret Koldits,Piret Koldits,134
629824,Jana Hint,Jana Hint,68
629824,Tiit Rammul,Tiit Rammul,153
629825,Aldo Luud,Aldo Luud,15
629825,Piret Koldits,Piret Koldits,134
629825,Jana Hint,Jana Hint,68
629825,Tiit Rammul,Tiit Rammul,153
629826,Aldo Luud,Aldo Luud,15
629826,Piret Koldits,Piret Koldits,134
629826,Jana Hint,Jana Hint,68
629826,Tiit Rammul,Tiit Rammul,153
629827,Aldo Luud,Aldo Luud,15
629827,Piret Koldits,Piret Koldits,134
629827,Jana Hint,Jana Hint,68
629827,Tiit Rammul,Tiit Rammul,153
629828,Aldo Luud,Aldo Luud,15
629828,Piret Koldits,Piret Koldits,134
629828,Jana Hint,Jana Hint,68
629828,Tiit Rammul,Tiit Rammul,153
629829,Aldo Luud,Aldo Luud,15
629829,Piret Koldits,Piret Koldits,134
629829,Jana Hint,Jana Hint,68
629829,Tiit Rammul,Tiit Rammul,153
629830,Aldo Luud,Aldo Luud,15
629830,Piret Koldits,Piret Koldits,134
629830,Jana Hint,Jana Hint,68
629830,Tiit Rammul,Tiit Rammul,153
629831,Aldo Luud,Aldo Luud,15
629831,Piret Koldits,Piret Koldits,134
629831,Jana Hint,Jana Hint,68
629831,Tiit Rammul,Tiit Rammul,153
629832,Aldo Luud,Aldo Luud,15
629832,Piret Koldits,Piret Koldits,134
629832,Jana Hint,Jana Hint,68
629832,Tiit Rammul,Tiit Rammul,153
629833,Aldo Luud,Aldo Luud,15
629833,Piret Koldits,Piret Koldits,134
629833,Jana Hint,Jana Hint,68
629833,Tiit Rammul,Tiit Rammul,153
629834,Heiki Pärdi,Heiki Pärdi,56
629834,Terje Alop,Terje Alop,150
629834,Aldo Luud,Aldo Luud,15
629834,Anneli Säre,Anneli Säre,18
629834,Eve Randoja,Eve Randoja,49
629835,Heiki Pärdi,Heiki Pärdi,56
629835,Terje Alop,Terje Alop,150
629835,Aldo Luud,Aldo Luud,15
629835,Anneli Säre,Anneli Säre,18
629835,Eve Randoja,Eve Randoja,49
629836,Heiki Pärdi,Heiki Pärdi,56
629836,Terje Alop,Terje Alop,150
629836,Aldo Luud,Aldo Luud,15
629836,Anneli Säre,Anneli Säre,18
629836,Eve Randoja,Eve Randoja,49
629837,Heiki Pärdi,Heiki Pärdi,56
629837,Terje Alop,Terje Alop,150
629837,Aldo Luud,Aldo Luud,15
629837,Anneli Säre,Anneli Säre,18
629837,Eve Randoja,Eve Randoja,49
629838,Heiki Pärdi,Heiki Pärdi,56
629838,Terje Alop,Terje Alop,150
629838,Aldo Luud,Aldo Luud,15
629838,Anneli Säre,Anneli Säre,18
629838,Eve Randoja,Eve Randoja,49
629839,Heiki Pärdi,Heiki Pärdi,56
629839,Terje Alop,Terje Alop,150
629839,Aldo Luud,Aldo Luud,15
629839,Anneli Säre,Anneli Säre,18
629839,Eve Randoja,Eve Randoja,49
629840,Heiki Pärdi,Heiki Pärdi,56
629840,Terje Alop,Terje Alop,150
629840,Aldo Luud,Aldo Luud,15
629840,Anneli Säre,Anneli Säre,18
629840,Eve Randoja,Eve Randoja,49
629841,Heiki Pärdi,Heiki Pärdi,56
629841,Terje Alop,Terje Alop,150
629841,Aldo Luud,Aldo Luud,15
629841,Anneli Säre,Anneli Säre,18
629841,Eve Randoja,Eve Randoja,49
629842,Heiki Pärdi,Heiki Pärdi,56
629842,Terje Alop,Terje Alop,150
629842,Aldo Luud,Aldo Luud,15
629842,Anneli Säre,Anneli Säre,18
629842,Eve Randoja,Eve Randoja,49
629843,Heiki Pärdi,Heiki Pärdi,56
629843,Terje Alop,Terje Alop,150
629843,Aldo Luud,Aldo Luud,15
629843,Anneli Säre,Anneli Säre,18
629843,Eve Randoja,Eve Randoja,49
629844,Heiki Pärdi,Heiki Pärdi,56
629844,Terje Alop,Terje Alop,150
629844,Aldo Luud,Aldo Luud,15
629844,Anneli Säre,Anneli Säre,18
629844,Eve Randoja,Eve Randoja,49
629845,Heiki Pärdi,Heiki Pärdi,56
629845,Terje Alop,Terje Alop,150
629845,Aldo Luud,Aldo Luud,15
629845,Anneli Säre,Anneli Säre,18
629845,Eve Randoja,Eve Randoja,49
629846,Heiki Pärdi,Heiki Pärdi,56
629846,Terje Alop,Terje Alop,150
629846,Aldo Luud,Aldo Luud,15
629846,Anneli Säre,Anneli Säre,18
629846,Eve Randoja,Eve Randoja,49
629847,Heiki Pärdi,Heiki Pärdi,56
629847,Terje Alop,Terje Alop,150
629847,Aldo Luud,Aldo Luud,15
629847,Anneli Säre,Anneli Säre,18
629847,Eve Randoja,Eve Randoja,49
629848,Heiki Pärdi,Heiki Pärdi,56
629848,Terje Alop,Terje Alop,150
629848,Aldo Luud,Aldo Luud,15
629848,Anneli Säre,Anneli Säre,18
629848,Eve Randoja,Eve Randoja,49
629849,Heiki Pärdi,Heiki Pärdi,56
629849,Terje Alop,Terje Alop,150
629849,Aldo Luud,Aldo Luud,15
629849,Anneli Säre,Anneli Säre,18
629849,Eve Randoja,Eve Randoja,49
629850,Heiki Pärdi,Heiki Pärdi,56
629850,Terje Alop,Terje Alop,150
629850,Aldo Luud,Aldo Luud,15
629850,Anneli Säre,Anneli Säre,18
629850,Eve Randoja,Eve Randoja,49
629851,Heiki Pärdi,Heiki Pärdi,56
629851,Terje Alop,Terje Alop,150
629851,Aldo Luud,Aldo Luud,15
629851,Anneli Säre,Anneli Säre,18
629851,Eve Randoja,Eve Randoja,49
629852,Heiki Pärdi,Heiki Pärdi,56
629852,Terje Alop,Terje Alop,150
629852,Aldo Luud,Aldo Luud,15
629852,Anneli Säre,Anneli Säre,18
629852,Eve Randoja,Eve Randoja,49
629853,Heiki Pärdi,Heiki Pärdi,56
629853,Terje Alop,Terje Alop,150
629853,Aldo Luud,Aldo Luud,15
629853,Anneli Säre,Anneli Säre,18
629853,Eve Randoja,Eve Randoja,49
629854,Heiki Pärdi,Heiki Pärdi,56
629854,Terje Alop,Terje Alop,150
629854,Aldo Luud,Aldo Luud,15
629854,Anneli Säre,Anneli Säre,18
629854,Eve Randoja,Eve Randoja,49
629855,Heiki Pärdi,Heiki Pärdi,56
629855,Terje Alop,Terje Alop,150
629855,Aldo Luud,Aldo Luud,15
629855,Anneli Säre,Anneli Säre,18
629855,Eve Randoja,Eve Randoja,49
629856,Heiki Pärdi,Heiki Pärdi,56
629856,Terje Alop,Terje Alop,150
629856,Aldo Luud,Aldo Luud,15
629856,Anneli Säre,Anneli Säre,18
629856,Eve Randoja,Eve Randoja,49
629857,Heiki Pärdi,Heiki Pärdi,56
629857,Terje Alop,Terje Alop,150
629857,Aldo Luud,Aldo Luud,15
629857,Anneli Säre,Anneli Säre,18
629857,Eve Randoja,Eve Randoja,49
629858,Heiki Pärdi,Heiki Pärdi,56
629858,Terje Alop,Terje Alop,150
629858,Aldo Luud,Aldo Luud,15
629858,Anneli Säre,Anneli Säre,18
629858,Eve Randoja,Eve Randoja,49
629859,Ene Runge,Ene Runge,44
629868,Mare Piho,Mare Piho,109
629869,Mare Piho,Mare Piho,109
629870,Mare Piho,Mare Piho,109
629871,Mare Piho,Mare Piho,109
629872,Mare Piho,Mare Piho,109
629873,Mare Piho,Mare Piho,109
629874,Mare Piho,Mare Piho,109
629875,Mare Piho,Mare Piho,109
629876,Mare Piho,Mare Piho,109
629877,Mare Piho,Mare Piho,109
629878,Mare Piho,Mare Piho,109
629879,Mare Piho,Mare Piho,109
629880,Mare Piho,Mare Piho,109
629881,Mare Piho,Mare Piho,109
629882,Mare Piho,Mare Piho,109
629883,Mare Piho,Mare Piho,109
629884,Mare Piho,Mare Piho,109
629885,Mare Piho,Mare Piho,109
629886,Mare Piho,Mare Piho,109
629887,Mare Piho,Mare Piho,109
629888,Mare Piho,Mare Piho,109
629890,Mare Piho,Mare Piho,109
629891,Mare Piho,Mare Piho,109
629892,Mare Piho,Mare Piho,109
629893,Mare Piho,Mare Piho,109
629894,Mare Piho,Mare Piho,109
629895,Mare Piho,Mare Piho,109
629896,Mare Piho,Mare Piho,109
629897,Mare Piho,Mare Piho,109
629898,Mare Piho,Mare Piho,109
629899,Mare Piho,Mare Piho,109
629900,Mare Piho,Mare Piho,109
629901,Mare Piho,Mare Piho,109
629902,Mare Piho,Mare Piho,109
629903,Mare Piho,Mare Piho,109
629904,Mare Piho,Mare Piho,109
630417,Heiki Pärdi,Heiki Pärdi,56
630417,Terje Alop,Terje Alop,150
630417,Aldo Luud,Aldo Luud,15
630417,Anneli Säre,Anneli Säre,18
630417,Eve Randoja,Eve Randoja,49
630418,Heiki Pärdi,Heiki Pärdi,56
630418,Terje Alop,Terje Alop,150
630418,Aldo Luud,Aldo Luud,15
630418,Anneli Säre,Anneli Säre,18
630418,Eve Randoja,Eve Randoja,49
630419,Heiki Pärdi,Heiki Pärdi,56
630419,Terje Alop,Terje Alop,150
630419,Aldo Luud,Aldo Luud,15
630419,Anneli Säre,Anneli Säre,18
630419,Eve Randoja,Eve Randoja,49
630420,Heiki Pärdi,Heiki Pärdi,56
630420,Terje Alop,Terje Alop,150
630420,Aldo Luud,Aldo Luud,15
630420,Anneli Säre,Anneli Säre,18
630420,Eve Randoja,Eve Randoja,49
630421,Heiki Pärdi,Heiki Pärdi,56
630421,Terje Alop,Terje Alop,150
630421,Aldo Luud,Aldo Luud,15
630421,Anneli Säre,Anneli Säre,18
630421,Eve Randoja,Eve Randoja,49
630422,Heiki Pärdi,Heiki Pärdi,56
630422,Terje Alop,Terje Alop,150
630422,Aldo Luud,Aldo Luud,15
630422,Anneli Säre,Anneli Säre,18
630422,Eve Randoja,Eve Randoja,49
630423,Heiki Pärdi,Heiki Pärdi,56
630423,Terje Alop,Terje Alop,150
630423,Aldo Luud,Aldo Luud,15
630423,Anneli Säre,Anneli Säre,18
630423,Eve Randoja,Eve Randoja,49
630424,Heiki Pärdi,Heiki Pärdi,56
630424,Terje Alop,Terje Alop,150
630424,Aldo Luud,Aldo Luud,15
630424,Anneli Säre,Anneli Säre,18
630424,Eve Randoja,Eve Randoja,49
630425,Heiki Pärdi,Heiki Pärdi,56
630425,Terje Alop,Terje Alop,150
630425,Aldo Luud,Aldo Luud,15
630425,Anneli Säre,Anneli Säre,18
630425,Eve Randoja,Eve Randoja,49
630426,Heiki Pärdi,Heiki Pärdi,56
630426,Terje Alop,Terje Alop,150
630426,Aldo Luud,Aldo Luud,15
630426,Anneli Säre,Anneli Säre,18
630426,Eve Randoja,Eve Randoja,49
630427,Heiki Pärdi,Heiki Pärdi,56
630427,Terje Alop,Terje Alop,150
630427,Aldo Luud,Aldo Luud,15
630427,Anneli Säre,Anneli Säre,18
630427,Eve Randoja,Eve Randoja,49
630428,Heiki Pärdi,Heiki Pärdi,56
630428,Terje Alop,Terje Alop,150
630428,Aldo Luud,Aldo Luud,15
630428,Anneli Säre,Anneli Säre,18
630428,Eve Randoja,Eve Randoja,49
630429,Heiki Pärdi,Heiki Pärdi,56
630429,Terje Alop,Terje Alop,150
630429,Aldo Luud,Aldo Luud,15
630429,Anneli Säre,Anneli Säre,18
630429,Eve Randoja,Eve Randoja,49
630430,Heiki Pärdi,Heiki Pärdi,56
630430,Terje Alop,Terje Alop,150
630430,Aldo Luud,Aldo Luud,15
630430,Anneli Säre,Anneli Säre,18
630430,Eve Randoja,Eve Randoja,49
630431,Heiki Pärdi,Heiki Pärdi,56
630431,Terje Alop,Terje Alop,150
630431,Aldo Luud,Aldo Luud,15
630431,Anneli Säre,Anneli Säre,18
630431,Eve Randoja,Eve Randoja,49
630432,Heiki Pärdi,Heiki Pärdi,56
630432,Terje Alop,Terje Alop,150
630432,Aldo Luud,Aldo Luud,15
630432,Anneli Säre,Anneli Säre,18
630432,Eve Randoja,Eve Randoja,49
630433,Heiki Pärdi,Heiki Pärdi,56
630433,Terje Alop,Terje Alop,150
630433,Aldo Luud,Aldo Luud,15
630433,Anneli Säre,Anneli Säre,18
630433,Eve Randoja,Eve Randoja,49
630434,Heiki Pärdi,Heiki Pärdi,56
630434,Terje Alop,Terje Alop,150
630434,Aldo Luud,Aldo Luud,15
630434,Anneli Säre,Anneli Säre,18
630434,Eve Randoja,Eve Randoja,49
630435,Heiki Pärdi,Heiki Pärdi,56
630435,Terje Alop,Terje Alop,150
630435,Aldo Luud,Aldo Luud,15
630435,Anneli Säre,Anneli Säre,18
630435,Eve Randoja,Eve Randoja,49
630436,Heiki Pärdi,Heiki Pärdi,56
630436,Terje Alop,Terje Alop,150
630436,Aldo Luud,Aldo Luud,15
630436,Anneli Säre,Anneli Säre,18
630436,Eve Randoja,Eve Randoja,49
630437,Heiki Pärdi,Heiki Pärdi,56
630437,Terje Alop,Terje Alop,150
630437,Aldo Luud,Aldo Luud,15
630437,Anneli Säre,Anneli Säre,18
630437,Eve Randoja,Eve Randoja,49
630438,Heiki Pärdi,Heiki Pärdi,56
630438,Terje Alop,Terje Alop,150
630438,Aldo Luud,Aldo Luud,15
630438,Anneli Säre,Anneli Säre,18
630438,Eve Randoja,Eve Randoja,49
630439,Heiki Pärdi,Heiki Pärdi,56
630439,Terje Alop,Terje Alop,150
630439,Aldo Luud,Aldo Luud,15
630439,Anneli Säre,Anneli Säre,18
630439,Eve Randoja,Eve Randoja,49
630440,Heiki Pärdi,Heiki Pärdi,56
630440,Terje Alop,Terje Alop,150
630440,Aldo Luud,Aldo Luud,15
630440,Anneli Säre,Anneli Säre,18
630440,Eve Randoja,Eve Randoja,49
630441,Heiki Pärdi,Heiki Pärdi,56
630441,Terje Alop,Terje Alop,150
630441,Aldo Luud,Aldo Luud,15
630441,Anneli Säre,Anneli Säre,18
630441,Eve Randoja,Eve Randoja,49
630442,Heiki Pärdi,Heiki Pärdi,56
630442,Terje Alop,Terje Alop,150
630442,Aldo Luud,Aldo Luud,15
630442,Anneli Säre,Anneli Säre,18
630442,Eve Randoja,Eve Randoja,49
630443,Heiki Pärdi,Heiki Pärdi,56
630443,Terje Alop,Terje Alop,150
630443,Aldo Luud,Aldo Luud,15
630443,Anneli Säre,Anneli Säre,18
630443,Eve Randoja,Eve Randoja,49
630444,Heiki Pärdi,Heiki Pärdi,56
630444,Terje Alop,Terje Alop,150
630444,Aldo Luud,Aldo Luud,15
630444,Anneli Säre,Anneli Säre,18
630444,Eve Randoja,Eve Randoja,49
630445,Heiki Pärdi,Heiki Pärdi,56
630445,Terje Alop,Terje Alop,150
630445,Aldo Luud,Aldo Luud,15
630445,Anneli Säre,Anneli Säre,18
630445,Eve Randoja,Eve Randoja,49
630446,Heiki Pärdi,Heiki Pärdi,56
630446,Terje Alop,Terje Alop,150
630446,Aldo Luud,Aldo Luud,15
630446,Anneli Säre,Anneli Säre,18
630446,Eve Randoja,Eve Randoja,49
630447,Heiki Pärdi,Heiki Pärdi,56
630447,Terje Alop,Terje Alop,150
630447,Aldo Luud,Aldo Luud,15
630447,Anneli Säre,Anneli Säre,18
630447,Eve Randoja,Eve Randoja,49
630448,Heiki Pärdi,Heiki Pärdi,56
630448,Terje Alop,Terje Alop,150
630448,Aldo Luud,Aldo Luud,15
630448,Anneli Säre,Anneli Säre,18
630448,Eve Randoja,Eve Randoja,49
630449,Heiki Pärdi,Heiki Pärdi,56
630449,Terje Alop,Terje Alop,150
630449,Aldo Luud,Aldo Luud,15
630449,Anneli Säre,Anneli Säre,18
630449,Eve Randoja,Eve Randoja,49
630450,Heiki Pärdi,Heiki Pärdi,56
630450,Terje Alop,Terje Alop,150
630450,Aldo Luud,Aldo Luud,15
630450,Anneli Säre,Anneli Säre,18
630450,Eve Randoja,Eve Randoja,49
630451,Heiki Pärdi,Heiki Pärdi,56
630451,Terje Alop,Terje Alop,150
630451,Aldo Luud,Aldo Luud,15
630451,Anneli Säre,Anneli Säre,18
630451,Eve Randoja,Eve Randoja,49
630452,Heiki Pärdi,Heiki Pärdi,56
630452,Terje Alop,Terje Alop,150
630452,Aldo Luud,Aldo Luud,15
630452,Anneli Säre,Anneli Säre,18
630452,Eve Randoja,Eve Randoja,49
630453,Heiki Pärdi,Heiki Pärdi,56
630453,Terje Alop,Terje Alop,150
630453,Aldo Luud,Aldo Luud,15
630453,Anneli Säre,Anneli Säre,18
630453,Eve Randoja,Eve Randoja,49
630454,Heiki Pärdi,Heiki Pärdi,56
630454,Terje Alop,Terje Alop,150
630454,Aldo Luud,Aldo Luud,15
630454,Anneli Säre,Anneli Säre,18
630454,Eve Randoja,Eve Randoja,49
630455,Heiki Pärdi,Heiki Pärdi,56
630455,Terje Alop,Terje Alop,150
630455,Aldo Luud,Aldo Luud,15
630455,Anneli Säre,Anneli Säre,18
630455,Eve Randoja,Eve Randoja,49
630456,Heiki Pärdi,Heiki Pärdi,56
630456,Terje Alop,Terje Alop,150
630456,Aldo Luud,Aldo Luud,15
630456,Anneli Säre,Anneli Säre,18
630456,Eve Randoja,Eve Randoja,49
630457,Heiki Pärdi,Heiki Pärdi,56
630457,Terje Anepaio,Terje Anepaio,151
630457,Aldo Luud,Aldo Luud,15
630457,Anneli Säre,Anneli Säre,18
630457,Eve Randoja,Eve Randoja,49
630458,Heiki Pärdi,Heiki Pärdi,56
630458,Terje Anepaio,Terje Anepaio,151
630458,Aldo Luud,Aldo Luud,15
630458,Anneli Säre,Anneli Säre,18
630458,Eve Randoja,Eve Randoja,49
630459,Heiki Pärdi,Heiki Pärdi,56
630459,Terje Anepaio,Terje Anepaio,151
630459,Aldo Luud,Aldo Luud,15
630459,Anneli Säre,Anneli Säre,18
630459,Eve Randoja,Eve Randoja,49
630460,Heiki Pärdi,Heiki Pärdi,56
630460,Terje Alop,Terje Alop,150
630460,Aldo Luud,Aldo Luud,15
630460,Anneli Säre,Anneli Säre,18
630460,Eve Randoja,Eve Randoja,49
630461,Heiki Pärdi,Heiki Pärdi,56
630461,Terje Anepaio,Terje Anepaio,151
630461,Aldo Luud,Aldo Luud,15
630461,Anneli Säre,Anneli Säre,18
630461,Eve Randoja,Eve Randoja,49
630462,Heiki Pärdi,Heiki Pärdi,56
630462,Terje Alop,Terje Alop,150
630462,Aldo Luud,Aldo Luud,15
630462,Anneli Säre,Anneli Säre,18
630462,Eve Randoja,Eve Randoja,49
630463,Heiki Pärdi,Heiki Pärdi,56
630463,Terje Alop,Terje Alop,150
630463,Aldo Luud,Aldo Luud,15
630463,Anneli Säre,Anneli Säre,18
630463,Eve Randoja,Eve Randoja,49
630464,Heiki Pärdi,Heiki Pärdi,56
630464,Terje Alop,Terje Alop,150
630464,Aldo Luud,Aldo Luud,15
630464,Anneli Säre,Anneli Säre,18
630464,Eve Randoja,Eve Randoja,49
630465,Heiki Pärdi,Heiki Pärdi,56
630465,Terje Anepaio,Terje Anepaio,151
630465,Aldo Luud,Aldo Luud,15
630465,Anneli Säre,Anneli Säre,18
630465,Eve Randoja,Eve Randoja,49
630466,Heiki Pärdi,Heiki Pärdi,56
630466,Terje Anepaio,Terje Anepaio,151
630466,Aldo Luud,Aldo Luud,15
630466,Anneli Säre,Anneli Säre,18
630466,Eve Randoja,Eve Randoja,49
630467,Heiki Pärdi,Heiki Pärdi,56
630467,Terje Anepaio,Terje Anepaio,151
630467,Aldo Luud,Aldo Luud,15
630467,Anneli Säre,Anneli Säre,18
630467,Eve Randoja,Eve Randoja,49
630468,Heiki Pärdi,Heiki Pärdi,56
630468,Terje Anepaio,Terje Anepaio,151
630468,Aldo Luud,Aldo Luud,15
630468,Anneli Säre,Anneli Säre,18
630468,Eve Randoja,Eve Randoja,49
630469,Mare Piho,Mare Piho,109
630470,Mare Piho,Mare Piho,109
630471,Mare Piho,Mare Piho,109
630472,Mare Piho,Mare Piho,109
630473,Mare Piho,Mare Piho,109
630474,Mare Piho,Mare Piho,109
630476,Art Leete,Art Leete,26
630476,Anzori Barkalaja,Anzori Barkalaja,22
630476,Indrek Raudsepp,Indrek Raudsepp,65
630479,Art Leete,Art Leete,26
630479,Anzori Barkalaja,Anzori Barkalaja,22
630479,Indrek Raudsepp,Indrek Raudsepp,65
630480,Art Leete,Art Leete,26
630480,Anzori Barkalaja,Anzori Barkalaja,22
630480,Indrek Raudsepp,Indrek Raudsepp,65
630481,Art Leete,Art Leete,26
630481,Anzori Barkalaja,Anzori Barkalaja,22
630481,Indrek Raudsepp,Indrek Raudsepp,65
630483,Art Leete,Art Leete,26
630483,Anzori Barkalaja,Anzori Barkalaja,22
630483,Indrek Raudsepp,Indrek Raudsepp,65
630484,Art Leete,Art Leete,26
630484,Anzori Barkalaja,Anzori Barkalaja,22
630484,Indrek Raudsepp,Indrek Raudsepp,65
630485,Art Leete,Art Leete,26
630485,Anzori Barkalaja,Anzori Barkalaja,22
630485,Indrek Raudsepp,Indrek Raudsepp,65
630486,Art Leete,Art Leete,26
630486,Anzori Barkalaja,Anzori Barkalaja,22
630486,Indrek Raudsepp,Indrek Raudsepp,65
630487,Art Leete,Art Leete,26
630487,Anzori Barkalaja,Anzori Barkalaja,22
630487,Indrek Raudsepp,Indrek Raudsepp,65
630488,Art Leete,Art Leete,26
630488,Anzori Barkalaja,Anzori Barkalaja,22
630488,Indrek Raudsepp,Indrek Raudsepp,65
630489,Art Leete,Art Leete,26
630489,Anzori Barkalaja,Anzori Barkalaja,22
630489,Indrek Raudsepp,Indrek Raudsepp,65
630491,Art Leete,Art Leete,26
630491,Anzori Barkalaja,Anzori Barkalaja,22
630491,Indrek Raudsepp,Indrek Raudsepp,65
630492,Art Leete,Art Leete,26
630492,Anzori Barkalaja,Anzori Barkalaja,22
630492,Indrek Raudsepp,Indrek Raudsepp,65
630493,Art Leete,Art Leete,26
630493,Anzori Barkalaja,Anzori Barkalaja,22
630493,Indrek Raudsepp,Indrek Raudsepp,65
630494,Art Leete,Art Leete,26
630494,Anzori Barkalaja,Anzori Barkalaja,22
630494,Indrek Raudsepp,Indrek Raudsepp,65
630495,Art Leete,Art Leete,26
630495,Anzori Barkalaja,Anzori Barkalaja,22
630495,Indrek Raudsepp,Indrek Raudsepp,65
630497,Art Leete,Art Leete,26
630497,Anzori Barkalaja,Anzori Barkalaja,22
630497,Indrek Raudsepp,Indrek Raudsepp,65
630504,Eve Otstavel,Eve Otstavel,48
630964,Aleksander Põrk,Aleksander Põrk,16
630970,Aleksander Põrk,Aleksander Põrk,16
630971,Aleksander Põrk,Aleksander Põrk,16
630972,Aleksander Põrk,Aleksander Põrk,16
630975,Aleksander Põrk,Aleksander Põrk,16
630976,Aleksander Põrk,Aleksander Põrk,16
630982,Aleksander Põrk,Aleksander Põrk,16
630985,Aleksander Põrk,Aleksander Põrk,16
631000,Paul Ariste,Paul Ariste,127
631001,Paul Ariste,Paul Ariste,127
631002,Paul Ariste,Paul Ariste,127
631003,Paula Palmeos,Paula Palmeos,128
631007,Kalju Konsin,Kalju Konsin,83
631008,Kalju Konsin,Kalju Konsin,83
631009,Kalju Konsin,Kalju Konsin,83
631010,Kalju Konsin,Kalju Konsin,83
631011,Kalju Konsin,Kalju Konsin,83
631012,Kalju Konsin,Kalju Konsin,83
631013,Kalju Konsin,Kalju Konsin,83
631014,Kalju Konsin,Kalju Konsin,83
631015,Kalju Konsin,Kalju Konsin,83
631016,Kalju Konsin,Kalju Konsin,83
631017,Kalju Konsin,Kalju Konsin,83
631018,Kalju Konsin,Kalju Konsin,83
631019,Kalju Konsin,Kalju Konsin,83
631020,Kalju Konsin,Kalju Konsin,83
631021,Kalju Konsin,Kalju Konsin,83
631023,Kalju Konsin,Kalju Konsin,83
631024,Kalju Konsin,Kalju Konsin,83
631025,Kalju Konsin,Kalju Konsin,83
631026,Kalju Konsin,Kalju Konsin,83
631027,Kalju Konsin,Kalju Konsin,83
631028,Kalju Konsin,Kalju Konsin,83
631029,Kalju Konsin,Kalju Konsin,83
631030,Kalju Konsin,Kalju Konsin,83
631031,Kalju Konsin,Kalju Konsin,83
631619,Õpetatud Eesti Selts,Õpetatud Eesti Selts,170
631620,Õpetatud Eesti Selts,Õpetatud Eesti Selts,170
631621,Õpetatud Eesti Selts,Õpetatud Eesti Selts,170
631622,Õpetatud Eesti Selts,Õpetatud Eesti Selts,170
631623,Õpetatud Eesti Selts,Õpetatud Eesti Selts,170
631624,Õpetatud Eesti Selts,Õpetatud Eesti Selts,170
631625,Õpetatud Eesti Selts,Õpetatud Eesti Selts,170
631626,Õpetatud Eesti Selts,Õpetatud Eesti Selts,170
631627,Õpetatud Eesti Selts,Õpetatud Eesti Selts,170
631628,Õpetatud Eesti Selts,Õpetatud Eesti Selts,170
631629,Õpetatud Eesti Selts,Õpetatud Eesti Selts,170
631630,Õpetatud Eesti Selts,Õpetatud Eesti Selts,170
631631,Õpetatud Eesti Selts,Õpetatud Eesti Selts,170
631632,Õpetatud Eesti Selts,Õpetatud Eesti Selts,170
631633,Õpetatud Eesti Selts,Õpetatud Eesti Selts,170
631634,Õpetatud Eesti Selts,Õpetatud Eesti Selts,170
631635,Õpetatud Eesti Selts,Õpetatud Eesti Selts,170
631636,Õpetatud Eesti Selts,Õpetatud Eesti Selts,170
631637,Õpetatud Eesti Selts,Õpetatud Eesti Selts,170
631638,Õpetatud Eesti Selts,Õpetatud Eesti Selts,170
631639,Õpetatud Eesti Selts,Õpetatud Eesti Selts,170
631641,Õpetatud Eesti Selts,Õpetatud Eesti Selts,170
631642,Õpetatud Eesti Selts,Õpetatud Eesti Selts,170
631643,Õpetatud Eesti Selts,Õpetatud Eesti Selts,170
631644,Õpetatud Eesti Selts,Õpetatud Eesti Selts,170
631645,Õpetatud Eesti Selts,Õpetatud Eesti Selts,170
631646,Õpetatud Eesti Selts,Õpetatud Eesti Selts,170
631647,Õpetatud Eesti Selts,Õpetatud Eesti Selts,170
631648,Õpetatud Eesti Selts,Õpetatud Eesti Selts,170
631649,Õpetatud Eesti Selts,Õpetatud Eesti Selts,170
631650,Oskar Loorits,Oskar Loorits,122
631651,Oskar Loorits,Oskar Loorits,122
631652,Oskar Loorits,Oskar Loorits,122
631653,Oskar Loorits,Oskar Loorits,122
631654,Oskar Loorits,Oskar Loorits,122
631655,Ilmari Manninen,Ilmari Manninen,63
631656,Ilmari Manninen,Ilmari Manninen,63
631657,Ilmari Manninen,Ilmari Manninen,63
631658,Ilmari Manninen,Ilmari Manninen,63
631659,Ilmari Manninen,Ilmari Manninen,63
631660,Ilmari Manninen,Ilmari Manninen,63
631661,Ilmari Manninen,Ilmari Manninen,63
631662,Ilmari Manninen,Ilmari Manninen,63
631663,Ilmari Manninen,Ilmari Manninen,63
631664,Ilmari Manninen,Ilmari Manninen,63
631665,Ilmari Manninen,Ilmari Manninen,63
631666,Ilmari Manninen,Ilmari Manninen,63
631667,Ilmari Manninen,Ilmari Manninen,63
631668,Ilmari Manninen,Ilmari Manninen,63
631669,Ilmari Manninen,Ilmari Manninen,63
631670,Ilmari Manninen,Ilmari Manninen,63
631672,Aleksander Põrk,Aleksander Põrk,16
631674,Aleksander Põrk,Aleksander Põrk,16
631676,Aleksander Põrk,Aleksander Põrk,16
631688,Aleksander Põrk,Aleksander Põrk,16
631689,Aleksander Põrk,Aleksander Põrk,16
631690,Aleksander Põrk,Aleksander Põrk,16
631691,Aleksander Põrk,Aleksander Põrk,16
631692,Aleksander Põrk,Aleksander Põrk,16
631693,Aleksander Põrk,Aleksander Põrk,16
631694,Aleksander Põrk,Aleksander Põrk,16
631695,Aleksander Põrk,Aleksander Põrk,16
631696,Aleksander Põrk,Aleksander Põrk,16
631697,Aleksander Põrk,Aleksander Põrk,16
631698,Aleksander Põrk,Aleksander Põrk,16
631699,Aleksander Põrk,Aleksander Põrk,16
631700,Aleksander Põrk,Aleksander Põrk,16
631701,Aleksander Põrk,Aleksander Põrk,16
631702,Aleksander Põrk,Aleksander Põrk,16
631703,Aleksander Põrk,Aleksander Põrk,16
631704,Aleksander Põrk,Aleksander Põrk,16
631705,Aleksander Põrk,Aleksander Põrk,16
631706,Aleksander Põrk,Aleksander Põrk,16
631707,Aleksander Põrk,Aleksander Põrk,16
631708,Aleksander Põrk,Aleksander Põrk,16
631709,Aleksander Põrk,Aleksander Põrk,16
631710,Aleksander Põrk,Aleksander Põrk,16
631711,Aleksander Põrk,Aleksander Põrk,16
631712,Aleksander Põrk,Aleksander Põrk,16
631713,Aleksander Põrk,Aleksander Põrk,16
631714,Aleksander Põrk,Aleksander Põrk,16
631715,Aleksander Põrk,Aleksander Põrk,16
631716,Aleksander Põrk,Aleksander Põrk,16
631717,Aleksander Põrk,Aleksander Põrk,16
631718,Aleksander Põrk,Aleksander Põrk,16
631719,Aleksander Põrk,Aleksander Põrk,16
631721,Kalju Konsin,Kalju Konsin,83
631722,Kalju Konsin,Kalju Konsin,83
631723,Kalju Konsin,Kalju Konsin,83
631724,Kalju Konsin,Kalju Konsin,83
631725,Kalju Konsin,Kalju Konsin,83
631727,Kalju Konsin,Kalju Konsin,83
631728,Kalju Konsin,Kalju Konsin,83
631729,Kalju Konsin,Kalju Konsin,83
631730,Kalju Konsin,Kalju Konsin,83
631731,Kalju Konsin,Kalju Konsin,83
631732,Kalju Konsin,Kalju Konsin,83
631733,Kalju Konsin,Kalju Konsin,83
631734,Kalju Konsin,Kalju Konsin,83
631736,Aino Voolmaa,Aino Voolmaa,14
631737,Aino Voolmaa,Aino Voolmaa,14
631738,Aino Voolmaa,Aino Voolmaa,14
631739,Aino Voolmaa,Aino Voolmaa,14
631740,Aino Voolmaa,Aino Voolmaa,14
631741,Aino Voolmaa,Aino Voolmaa,14
631742,Aino Voolmaa,Aino Voolmaa,14
631743,Aino Voolmaa,Aino Voolmaa,14
631744,Aino Voolmaa,Aino Voolmaa,14
631745,Aino Voolmaa,Aino Voolmaa,14
631746,Aino Voolmaa,Aino Voolmaa,14
631747,Aino Voolmaa,Aino Voolmaa,14
631748,Aino Voolmaa,Aino Voolmaa,14
631749,Aino Voolmaa,Aino Voolmaa,14
631750,Aino Voolmaa,Aino Voolmaa,14
631751,Aino Voolmaa,Aino Voolmaa,14
631752,Aino Voolmaa,Aino Voolmaa,14
631753,Aino Voolmaa,Aino Voolmaa,14
631754,Aino Voolmaa,Aino Voolmaa,14
631755,Aino Voolmaa,Aino Voolmaa,14
631756,Aino Voolmaa,Aino Voolmaa,14
631757,Aino Voolmaa,Aino Voolmaa,14
631758,Aino Voolmaa,Aino Voolmaa,14
631759,Aino Voolmaa,Aino Voolmaa,14
631760,Aino Voolmaa,Aino Voolmaa,14
631761,Aino Voolmaa,Aino Voolmaa,14
631762,Aino Voolmaa,Aino Voolmaa,14
631763,Aino Voolmaa,Aino Voolmaa,14
631765,Aino Voolmaa,Aino Voolmaa,14
631766,Aino Voolmaa,Aino Voolmaa,14
631767,Aino Voolmaa,Aino Voolmaa,14
632345,Oskar Loorits,Oskar Loorits,122
632346,Oskar Loorits,Oskar Loorits,122
632348,Ilmari Manninen,Ilmari Manninen,63
632352,Ilmari Manninen,Ilmari Manninen,63
632353,Ilmari Manninen,Ilmari Manninen,63
632354,Oskar Loorits,Oskar Loorits,122
632355,Oskar Loorits,Oskar Loorits,122
632356,Oskar Loorits,Oskar Loorits,122
632357,Oskar Loorits,Oskar Loorits,122
632358,Oskar Loorits,Oskar Loorits,122
632359,Oskar Loorits,Oskar Loorits,122
632360,Oskar Loorits,Oskar Loorits,122
632361,Ilmari Manninen,Ilmari Manninen,63
632362,Ilmari Manninen,Ilmari Manninen,63
632363,Oskar Loorits,Oskar Loorits,122
632364,Oskar Loortis,Oskar Loorits,123
632365,Oskar Loortis,Oskar Loorits,123
632366,Oskar Loortis,Oskar Loorits,123
632367,Oskar Loortis,Oskar Loorits,123
632368,Oskar Loortis,Oskar Loorits,123
632369,Oskar Loortis,Oskar Loorits,123
632370,Oskar Loortis,Oskar Loorits,123
632371,Oskar Loortis,Oskar Loorits,123
632372,Oskar Loortis,Oskar Loorits,123
632373,Oskar Loortis,Oskar Loorits,123
632374,Oskar Loortis,Oskar Loorits,123
632375,Oskar Loortis,Oskar Loorits,123
632376,Oskar Loortis,Oskar Loorits,123
632377,Oskar Loortis,Oskar Loorits,123
632378,Oskar Loortis,Oskar Loorits,123
632379,Oskar Loortis,Oskar Loorits,123
632380,Oskar Loortis,Oskar Loorits,123
632381,Oskar Loortis,Oskar Loorits,123
632382,Oskar Loortis,Oskar Loorits,123
632383,Oskar Loortis,Oskar Loorits,123
632384,Oskar Loortis,Oskar Loorits,123
632385,Oskar Loortis,Oskar Loorits,123
632386,Oskar Loortis,Oskar Loorits,123
632387,Oskar Loortis,Oskar Loorits,123
632388,Oskar Loortis,Oskar Loorits,123
632389,Oskar Loortis,Oskar Loorits,123
632390,Oskar Loortis,Oskar Loorits,123
632391,Oskar Loortis,Oskar Loorits,123
632392,Oskar Loortis,Oskar Loorits,123
632393,Oskar Loortis,Oskar Loorits,123
632394,Oskar Loortis,Oskar Loorits,123
632395,Oskar Loortis,Oskar Loorits,123
632396,Oskar Loortis,Oskar Loorits,123
632397,Aleksander Põrk,Aleksander Põrk,16
632398,Aleksander Põrk,Aleksander Põrk,16
632399,Aleksander Põrk,Aleksander Põrk,16
632400,Aleksander Põrk,Aleksander Põrk,16
632401,Aleksander Põrk,Aleksander Põrk,16
632402,Aleksander Põrk,Aleksander Põrk,16
632403,Aleksander Põrk,Aleksander Põrk,16
632404,Aleksander Põrk,Aleksander Põrk,16
632405,Aleksander Põrk,Aleksander Põrk,16
632406,Aleksander Põrk,Aleksander Põrk,16
632407,Aleksander Põrk,Aleksander Põrk,16
632408,Aleksander Põrk,Aleksander Põrk,16
632409,Aleksander Põrk,Aleksander Põrk,16
632410,Aleksander Põrk,Aleksander Põrk,16
632411,Aleksander Põrk,Aleksander Põrk,16
632412,Aleksander Põrk,Aleksander Põrk,16
632413,Aleksander Põrk,Aleksander Põrk,16
632414,Aleksander Põrk,Aleksander Põrk,16
632415,Aleksander Põrk,Aleksander Põrk,16
632416,Aleksander Põrk,Aleksander Põrk,16
632417,Aleksander Põrk,Aleksander Põrk,16
632418,Aleksander Põrk,Aleksander Põrk,16
632419,Aleksander Põrk,Aleksander Põrk,16
632420,Aleksander Põrk,Aleksander Põrk,16
632421,Aleksander Põrk,Aleksander Põrk,16
632422,Aleksander Põrk,Aleksander Põrk,16
632423,Aleksander Põrk,Aleksander Põrk,16
632424,Aleksander Põrk,Aleksander Põrk,16
632425,Aleksander Põrk,Aleksander Põrk,16
632426,Aleksander Põrk,Aleksander Põrk,16
632427,Aleksander Põrk,Aleksander Põrk,16
632428,Aleksander Põrk,Aleksander Põrk,16
632429,Aleksander Põrk,Aleksander Põrk,16
632430,Aleksander Põrk,Aleksander Põrk,16
632431,Aleksander Põrk,Aleksander Põrk,16
632432,Aleksander Põrk,Aleksander Põrk,16
632433,Aleksander Põrk,Aleksander Põrk,16
632434,Aleksander Põrk,Aleksander Põrk,16
632435,Aleksander Põrk,Aleksander Põrk,16
632436,Aleksander Põrk,Aleksander Põrk,16
632437,Aleksander Põrk,Aleksander Põrk,16
632438,Aleksander Põrk,Aleksander Põrk,16
632439,Aleksander Põrk,Aleksander Põrk,16
632440,Aleksander Põrk,Aleksander Põrk,16
632441,Aleksander Põrk,Aleksander Põrk,16
632442,Aleksander Põrk,Aleksander Põrk,16
632443,Aleksander Põrk,Aleksander Põrk,16
632444,Aleksander Põrk,Aleksander Põrk,16
632445,Aleksander Põrk,Aleksander Põrk,16
632446,Aleksander Põrk,Aleksander Põrk,16
632447,Aleksander Põrk,Aleksander Põrk,16
632448,Aleksander Põrk,Aleksander Põrk,16
632449,Aino Voolmaa,Aino Voolmaa,14
632450,Aino Voolmaa,Aino Voolmaa,14
632451,Aino Voolmaa,Aino Voolmaa,14
632452,Aino Voolmaa,Aino Voolmaa,14
632453,Aino Voolmaa,Aino Voolmaa,14
632454,Aino Voolmaa,Aino Voolmaa,14
632455,Aino Voolmaa,Aino Voolmaa,14
632456,Aino Voolmaa,Aino Voolmaa,14
632457,Aino Voolmaa,Aino Voolmaa,14
632458,Aino Voolmaa,Aino Voolmaa,14
632459,Aino Voolmaa,Aino Voolmaa,14
632460,Aino Voolmaa,Aino Voolmaa,14
632461,Aino Voolmaa,Aino Voolmaa,14
632462,Aino Voolmaa,Aino Voolmaa,14
632463,Aino Voolmaa,Aino Voolmaa,14
632464,Aino Voolmaa,Aino Voolmaa,14
632465,Aino Voolmaa,Aino Voolmaa,14
632466,Aino Voolmaa,Aino Voolmaa,14
633029,Oskar Loorits,Oskar Loorits,122
633030,Oskar Loorits,Oskar Loorits,122
633031,Oskar Loorits,Oskar Loorits,122
633033,Oskar Loorits,Oskar Loorits,122
633037,Oskar Loorits,Oskar Loorits,122
633038,Oskar Loorits,Oskar Loorits,122
633039,Oskar Loorits,Oskar Loorits,122
633040,Oskar Loorits,Oskar Loorits,122
633041,Oskar Loorits,Oskar Loorits,122
633053,Oskar Loorits,Oskar Loorits,122
633054,Oskar Loorits,Oskar Loorits,122
633055,Oskar Loorits,Oskar Loorits,122
633056,Oskar Loorits,Oskar Loorits,122
633057,Oskar Loorits,Oskar Loorits,122
633058,Oskar Loorits,Oskar Loorits,122
633059,Oskar Loorits,Oskar Loorits,122
633060,Oskar Loorits,Oskar Loorits,122
633062,Oskar Loorits,Oskar Loorits,122
633063,Oskar Loorits,Oskar Loorits,122
633064,Oskar Loorits,Oskar Loorits,122
633065,Oskar Loorits,Oskar Loorits,122
633066,Oskar Loorits,Oskar Loorits,122
633067,Oskar Loorits,Oskar Loorits,122
633068,Tuomo Itkonen,Tuomo Itkonen,158
633069,Tuomo Itkonen,Tuomo Itkonen,158
633070,Tuomo Itkonen,Tuomo Itkonen,158
633071,Tuomo Itkonen,Tuomo Itkonen,158
633072,Tuomo Itkonen,Tuomo Itkonen,158
633073,Tuomo Itkonen,Tuomo Itkonen,158
633074,Tuomo Itkonen,Tuomo Itkonen,158
633075,Aleksander Põrk,Aleksander Põrk,16
633076,Aleksander Põrk,Aleksander Põrk,16
633077,Aleksander Põrk,Aleksander Põrk,16
633078,Aleksander Põrk,Aleksander Põrk,16
633079,Aleksander Põrk,Aleksander Põrk,16
633080,Aleksander Põrk,Aleksander Põrk,16
633081,Aleksander Põrk,Aleksander Põrk,16
633082,Aleksander Põrk,Aleksander Põrk,16
633083,Aleksander Põrk,Aleksander Põrk,16
633084,Aleksander Põrk,Aleksander Põrk,16
633085,Aleksander Põrk,Aleksander Põrk,16
633086,Aleksander Põrk,Aleksander Põrk,16
633087,Aleksander Põrk,Aleksander Põrk,16
633088,Aleksander Põrk,Aleksander Põrk,16
633089,Aleksander Põrk,Aleksander Põrk,16
633090,Aleksander Põrk,Aleksander Põrk,16
633091,Aleksander Põrk,Aleksander Põrk,16
633092,Aleksander Põrk,Aleksander Põrk,16
633093,Aleksander Põrk,Aleksander Põrk,16
633094,Aleksander Põrk,Aleksander Põrk,16
633095,Aleksander Põrk,Aleksander Põrk,16
633096,Aleksander Põrk,Aleksander Põrk,16
633097,Aleksander Põrk,Aleksander Põrk,16
633098,Aleksander Põrk,Aleksander Põrk,16
633099,Aleksander Põrk,Aleksander Põrk,16
633100,Aleksander Põrk,Aleksander Põrk,16
633101,Aleksander Põrk,Aleksander Põrk,16
633102,Aleksander Põrk,Aleksander Põrk,16
633103,Aleksander Põrk,Aleksander Põrk,16
633104,Aleksander Põrk,Aleksander Põrk,16
633105,Aleksander Põrk,Aleksander Põrk,16
633106,Aleksander Põrk,Aleksander Põrk,16
633107,Aleksander Põrk,Aleksander Põrk,16
633108,Aleksander Põrk,Aleksander Põrk,16
633109,Aleksander Põrk,Aleksander Põrk,16
633110,Aleksander Põrk,Aleksander Põrk,16
633111,Aleksander Põrk,Aleksander Põrk,16
633112,Aleksander Põrk,Aleksander Põrk,16
633113,Aleksander Põrk,Aleksander Põrk,16
633114,Aleksander Põrk,Aleksander Põrk,16
633115,Aleksander Põrk,Aleksander Põrk,16
633116,Aleksander Põrk,Aleksander Põrk,16
633117,Aleksander Põrk,Aleksander Põrk,16
633118,Aleksander Põrk,Aleksander Põrk,16
633119,Aleksander Põrk,Aleksander Põrk,16
633120,Aleksander Põrk,Aleksander Põrk,16
633121,Aleksander Põrk,Aleksander Põrk,16
633122,Aleksander Põrk,Aleksander Põrk,16
633123,Aleksander Põrk,Aleksander Põrk,16
633124,Aleksander Põrk,Aleksander Põrk,16
633125,Aleksander Põrk,Aleksander Põrk,16
633747,Tuomo Itkonen,Tuomo Itkonen,158
633748,Tuomo Itkonen,Tuomo Itkonen,158
633749,Tuomo Itkonen,Tuomo Itkonen,158
633750,Tuomo Itkonen,Tuomo Itkonen,158
633751,Tuomo Itkonen,Tuomo Itkonen,158
633752,Tuomo Itkonen,Tuomo Itkonen,158
633753,Tuomo Itkonen,Tuomo Itkonen,158
633761,Tuomo Itkonen,Tuomo Itkonen,158
633762,Tuomo Itkonen,Tuomo Itkonen,158
633766,Ferdinand Linnus,Ferdinand Linnus,51
633767,Ferdinand Linnus,Ferdinand Linnus,51
633768,Ferdinand Linnus,Ferdinand Linnus,51
633769,Ferdinand Linnus,Ferdinand Linnus,51
633770,Ferdinand Linnus,Ferdinand Linnus,51
633771,Ferdinand Linnus,Ferdinand Linnus,51
633772,Ferdinand Linnus,Ferdinand Linnus,51
633773,Ferdinand Linnus,Ferdinand Linnus,51
633774,Ferdinand Linnus,Ferdinand Linnus,51
633775,Ferdinand Linnus,Ferdinand Linnus,51
633776,Ferdinand Linnus,Ferdinand Linnus,51
633777,Ferdinand Linnus,Ferdinand Linnus,51
633778,Ferdinand Linnus,Ferdinand Linnus,51
633779,Ferdinand Linnus,Ferdinand Linnus,51
633780,Ferdinand Linnus,Ferdinand Linnus,51
633781,Ferdinand Linnus,Ferdinand Linnus,51
633782,Ferdinand Linnus,Ferdinand Linnus,51
633783,Ferdinand Linnus,Ferdinand Linnus,51
633784,Ferdinand Linnus,Ferdinand Linnus,51
633786,Ferdinand Linnus,Ferdinand Linnus,51
633788,Ferdinand Linnus,Ferdinand Linnus,51
633791,Aleksander Põrk,Aleksander Põrk,16
633792,Aleksander Põrk,Aleksander Põrk,16
633793,Aleksander Põrk,Aleksander Põrk,16
633794,Aleksander Põrk,Aleksander Põrk,16
633795,Aleksander Põrk,Aleksander Põrk,16
633796,Aleksander Põrk,Aleksander Põrk,16
633797,Aleksander Põrk,Aleksander Põrk,16
633798,Aleksander Põrk,Aleksander Põrk,16
633799,Aleksander Põrk,Aleksander Põrk,16
633800,Aleksander Põrk,Aleksander Põrk,16
633801,Aleksander Põrk,Aleksander Põrk,16
633802,Aleksander Põrk,Aleksander Põrk,16
633803,Aleksander Põrk,Aleksander Põrk,16
633804,Aleksander Põrk,Aleksander Põrk,16
633805,Aleksander Põrk,Aleksander Põrk,16
633806,Aleksander Põrk,Aleksander Põrk,16
633807,Aleksander Põrk,Aleksander Põrk,16
633808,Aleksander Põrk,Aleksander Põrk,16
633809,Aleksander Põrk,Aleksander Põrk,16
633810,Aleksander Põrk,Aleksander Põrk,16
633811,Aleksander Põrk,Aleksander Põrk,16
633812,Aleksander Põrk,Aleksander Põrk,16
633813,Aleksander Põrk,Aleksander Põrk,16
633814,Aleksander Põrk,Aleksander Põrk,16
633815,Aleksander Põrk,Aleksander Põrk,16
633816,Aleksander Põrk,Aleksander Põrk,16
633817,Aleksander Põrk,Aleksander Põrk,16
633818,Aleksander Põrk,Aleksander Põrk,16
633819,Aleksander Põrk,Aleksander Põrk,16
633820,Aleksander Põrk,Aleksander Põrk,16
633821,Aleksander Põrk,Aleksander Põrk,16
633822,Aleksander Põrk,Aleksander Põrk,16
633823,Aleksander Põrk,Aleksander Põrk,16
633824,Aleksander Põrk,Aleksander Põrk,16
633825,Aleksander Põrk,Aleksander Põrk,16
633826,Aleksander Põrk,Aleksander Põrk,16
633827,Aleksander Põrk,Aleksander Põrk,16
633828,Aleksander Põrk,Aleksander Põrk,16
633829,Aleksander Põrk,Aleksander Põrk,16
633830,Aleksander Põrk,Aleksander Põrk,16
633831,Aleksander Põrk,Aleksander Põrk,16
633832,Aleksander Põrk,Aleksander Põrk,16
633833,Aleksander Põrk,Aleksander Põrk,16
633834,Aleksander Põrk,Aleksander Põrk,16
633835,Aleksander Põrk,Aleksander Põrk,16
633836,Aleksander Põrk,Aleksander Põrk,16
633837,Aleksander Põrk,Aleksander Põrk,16
633838,Aleksander Põrk,Aleksander Põrk,16
633839,Aleksander Põrk,Aleksander Põrk,16
633840,Aleksander Põrk,Aleksander Põrk,16
633841,Aleksander Põrk,Aleksander Põrk,16
634438,Lauri Ilmari Itkonen,Lauri Ilmari Itkonen,91
634439,Lauri Ilmari Itkonen,Lauri Ilmari Itkonen,91
634440,Lauri Ilmari Itkonen,Lauri Ilmari Itkonen,91
634441,Lauri Ilmari Itkonen,Lauri Ilmari Itkonen,91
634442,Lauri Ilmari Itkonen,Lauri Ilmari Itkonen,91
634443,Lauri Ilmari Itkonen,Lauri Ilmari Itkonen,91
634444,Lauri Ilmari Itkonen,Lauri Ilmari Itkonen,91
634445,Lauri Ilmari Itkonen,Lauri Ilmari Itkonen,91
634446,Lauri Ilmari Itkonen,Lauri Ilmari Itkonen,91
634447,Lauri Ilmari Itkonen,Lauri Ilmari Itkonen,91
634448,Lauri Ilmari Itkonen,Lauri Ilmari Itkonen,91
634449,Lauri Ilmari Itkonen,Lauri Ilmari Itkonen,91
634450,Lauri Ilmari Itkonen,Lauri Ilmari Itkonen,91
634451,Lauri Ilmari Itkonen,Lauri Ilmari Itkonen,91
634452,Lauri Ilmari Itkonen,Lauri Ilmari Itkonen,91
634453,Lauri Ilmari Itkonen,Lauri Ilmari Itkonen,91
634455,Lauri Ilmari Itkonen,Lauri Ilmari Itkonen,91
634456,Lauri Ilmari Itkonen,Lauri Ilmari Itkonen,91
634457,Lauri Ilmari Itkonen,Lauri Ilmari Itkonen,91
634459,Lauri Ilmari Itkonen,Lauri Ilmari Itkonen,91
634460,Lauri Ilmari Itkonen,Lauri Ilmari Itkonen,91
634461,Lauri Ilmari Itkonen,Lauri Ilmari Itkonen,91
634462,Lauri Ilmari Itkonen,Lauri Ilmari Itkonen,91
634464,Lauri Ilmari Itkonen,Lauri Ilmari Itkonen,91
634465,Lauri Ilmari Itkonen,Lauri Ilmari Itkonen,91
634466,Lauri Ilmari Itkonen,Lauri Ilmari Itkonen,91
634467,Lauri Ilmari Itkonen,Lauri Ilmari Itkonen,91
634468,Lauri Ilmari Itkonen,Lauri Ilmari Itkonen,91
634471,Lauri Ilmari Itkonen,Lauri Ilmari Itkonen,91
634472,Lauri Ilmari Itkonen,Lauri Ilmari Itkonen,91
634473,Lauri Ilmari Itkonen,Lauri Ilmari Itkonen,91
634474,Lauri Ilmari Itkonen,Lauri Ilmari Itkonen,91
634475,Lauri Ilmari Itkonen,Lauri Ilmari Itkonen,91
634476,Aleksander Põrk,Aleksander Põrk,16
634477,Aleksander Põrk,Aleksander Põrk,16
634478,Aleksander Põrk,Aleksander Põrk,16
634479,Aleksander Põrk,Aleksander Põrk,16
634480,Aleksander Põrk,Aleksander Põrk,16
634481,Aleksander Põrk,Aleksander Põrk,16
634482,Aleksander Põrk,Aleksander Põrk,16
634483,Aleksander Põrk,Aleksander Põrk,16
634484,Aleksander Põrk,Aleksander Põrk,16
634485,Aleksander Põrk,Aleksander Põrk,16
634486,Aleksander Põrk,Aleksander Põrk,16
634487,Aleksander Põrk,Aleksander Põrk,16
634488,Aleksander Põrk,Aleksander Põrk,16
634491,Aleksander Põrk,Aleksander Põrk,16
634499,Aleksander Põrk,Aleksander Põrk,16
634500,Aleksander Põrk,Aleksander Põrk,16
634501,Aleksander Põrk,Aleksander Põrk,16
634502,Aleksander Põrk,Aleksander Põrk,16
634503,Aleksander Põrk,Aleksander Põrk,16
634504,Aleksander Põrk,Aleksander Põrk,16
634505,Aleksander Põrk,Aleksander Põrk,16
634506,Aleksander Põrk,Aleksander Põrk,16
634508,Aleksander Põrk,Aleksander Põrk,16
634509,Aleksander Põrk,Aleksander Põrk,16
634510,Aleksander Põrk,Aleksander Põrk,16
634511,Aleksander Põrk,Aleksander Põrk,16
634512,Aleksander Põrk,Aleksander Põrk,16
634513,Aleksander Põrk,Aleksander Põrk,16
634514,Aleksander Põrk,Aleksander Põrk,16
634515,Aleksander Põrk,Aleksander Põrk,16
634516,Aleksander Põrk,Aleksander Põrk,16
634517,Aleksander Põrk,Aleksander Põrk,16
634518,Aleksander Põrk,Aleksander Põrk,16
634519,Aleksander Põrk,Aleksander Põrk,16
634520,Aleksander Põrk,Aleksander Põrk,16
634521,Aleksander Põrk,Aleksander Põrk,16
634522,Aleksander Põrk,Aleksander Põrk,16
634523,Aleksander Põrk,Aleksander Põrk,16
635101,Lauri Ilmari Itkonen,Lauri Ilmari Itkonen,91
635102,Lauri Ilmari Itkonen,Lauri Ilmari Itkonen,91
635103,Lauri Ilmari Itkonen,Lauri Ilmari Itkonen,91
635104,Lauri Ilmari Itkonen,Lauri Ilmari Itkonen,91
635105,Lauri Ilmari Itkonen,Lauri Ilmari Itkonen,91
635106,Lauri Ilmari Itkonen,Lauri Ilmari Itkonen,91
635107,Lauri Ilmari Itkonen,Lauri Ilmari Itkonen,91
635108,Lauri Ilmari Itkonen,Lauri Ilmari Itkonen,91
635109,Lauri Ilmari Itkonen,Lauri Ilmari Itkonen,91
635110,Lauri Ilmari Itkonen,Lauri Ilmari Itkonen,91
635111,Lauri Ilmari Itkonen,Lauri Ilmari Itkonen,91
635113,Lauri Ilmari Itkonen,Lauri Ilmari Itkonen,91
635114,Lauri Ilmari Itkonen,Lauri Ilmari Itkonen,91
635115,Lauri Ilmari Itkonen,Lauri Ilmari Itkonen,91
635116,Lauri Ilmari Itkonen,Lauri Ilmari Itkonen,91
635117,Lauri Ilmari Itkonen,Lauri Ilmari Itkonen,91
635118,Lauri Ilmari Itkonen,Lauri Ilmari Itkonen,91
635122,Lauri Ilmari Itkonen,Lauri Ilmari Itkonen,91
635123,Lauri Ilmari Itkonen,Lauri Ilmari Itkonen,91
635127,Lauri Ilmari Itkonen,Lauri Ilmari Itkonen,91
635129,Lauri Ilmari Itkonen,Lauri Ilmari Itkonen,91
635130,Lauri Ilmari Itkonen,Lauri Ilmari Itkonen,91
635131,Lauri Ilmari Itkonen,Lauri Ilmari Itkonen,91
635132,Lauri Ilmari Itkonen,Lauri Ilmari Itkonen,91
635133,Lauri Ilmari Itkonen,Lauri Ilmari Itkonen,91
635134,Lauri Ilmari Itkonen,Lauri Ilmari Itkonen,91
635135,Lauri Ilmari Itkonen,Lauri Ilmari Itkonen,91
635136,Lauri Ilmari Itkonen,Lauri Ilmari Itkonen,91
635140,Aleksander Põrk,Aleksander Põrk,16
635141,Aleksander Põrk,Aleksander Põrk,16
635142,Aleksander Põrk,Aleksander Põrk,16
635143,Aleksander Põrk,Aleksander Põrk,16
635144,Aleksander Põrk,Aleksander Põrk,16
635145,Aleksander Põrk,Aleksander Põrk,16
635146,Aleksander Põrk,Aleksander Põrk,16
635147,Aleksander Põrk,Aleksander Põrk,16
635148,Aleksander Põrk,Aleksander Põrk,16
635149,Aleksander Põrk,Aleksander Põrk,16
635150,Aleksander Põrk,Aleksander Põrk,16
635151,Aleksander Põrk,Aleksander Põrk,16
635152,Aleksander Põrk,Aleksander Põrk,16
635153,Aleksander Põrk,Aleksander Põrk,16
635154,Aleksander Põrk,Aleksander Põrk,16
635155,Aleksander Põrk,Aleksander Põrk,16
635156,Aleksander Põrk,Aleksander Põrk,16
635157,Aleksander Põrk,Aleksander Põrk,16
635158,Aleksander Põrk,Aleksander Põrk,16
635159,Aleksander Põrk,Aleksander Põrk,16
635160,Aleksander Põrk,Aleksander Põrk,16
635161,Aleksander Põrk,Aleksander Põrk,16
635162,Aleksander Põrk,Aleksander Põrk,16
635163,Aleksander Põrk,Aleksander Põrk,16
635164,Aleksander Põrk,Aleksander Põrk,16
635165,Aleksander Põrk,Aleksander Põrk,16
635166,Aleksander Põrk,Aleksander Põrk,16
635167,Aleksander Põrk,Aleksander Põrk,16
635168,Aleksander Põrk,Aleksander Põrk,16
635169,Aleksander Põrk,Aleksander Põrk,16
635170,Aleksander Põrk,Aleksander Põrk,16
635171,Aleksander Põrk,Aleksander Põrk,16
635172,Aleksander Põrk,Aleksander Põrk,16
635173,Aleksander Põrk,Aleksander Põrk,16
635174,Aleksander Põrk,Aleksander Põrk,16
635175,Aleksander Põrk,Aleksander Põrk,16
635176,Aleksander Põrk,Aleksander Põrk,16
635177,Aleksander Põrk,Aleksander Põrk,16
635178,Aleksander Põrk,Aleksander Põrk,16
635179,Aleksander Põrk,Aleksander Põrk,16
635180,Aleksander Põrk,Aleksander Põrk,16
635181,Aleksander Põrk,Aleksander Põrk,16
635182,Aleksander Põrk,Aleksander Põrk,16
635183,Aleksander Põrk,Aleksander Põrk,16
635184,Aleksander Põrk,Aleksander Põrk,16
635185,Aleksander Põrk,Aleksander Põrk,16
635186,Aleksander Põrk,Aleksander Põrk,16
635187,Aleksander Põrk,Aleksander Põrk,16
635188,Aleksander Põrk,Aleksander Põrk,16
635189,Aleksander Põrk,Aleksander Põrk,16
635190,Aleksander Põrk,Aleksander Põrk,16
635764,Lauri Ilmari Itkonen,Lauri Ilmari Itkonen,91
635765,Lauri Ilmari Itkonen,Lauri Ilmari Itkonen,91
635767,Lauri Ilmari Itkonen,Lauri Ilmari Itkonen,91
635768,Lauri Ilmari Itkonen,Lauri Ilmari Itkonen,91
635769,Lauri Ilmari Itkonen,Lauri Ilmari Itkonen,91
635770,Lauri Ilmari Itkonen,Lauri Ilmari Itkonen,91
635771,Lauri Ilmari Itkonen,Lauri Ilmari Itkonen,91
635774,Lauri Ilmari Itkonen,Lauri Ilmari Itkonen,91
635775,Lauri Ilmari Itkonen,Lauri Ilmari Itkonen,91
635777,Elmar Kald,Elmar Kald,42
635778,Oskar Loorits,Oskar Loorits,122
635779,Oskar Loorits,Oskar Loorits,122
635780,Oskar Loorits,Oskar Loorits,122
635782,Oskar Loorits,Oskar Loorits,122
635783,Oskar Loorits,Oskar Loorits,122
635784,Oskar Loorits,Oskar Loorits,122
635785,Oskar Loorits,Oskar Loorits,122
635786,Oskar Loorits,Oskar Loorits,122
635789,Oskar Loorits,Oskar Loorits,122
635790,Ferdinand Linnus,Ferdinand Linnus,51
635791,Ferdinand Linnus,Ferdinand Linnus,51
635792,Ferdinand Linnus,Ferdinand Linnus,51
635793,Ferdinand Linnus,Ferdinand Linnus,51
635794,Ferdinand Linnus,Ferdinand Linnus,51
635795,Ferdinand Linnus,Ferdinand Linnus,51
635796,Ferdinand Linnus,Ferdinand Linnus,51
635797,Ferdinand Linnus,Ferdinand Linnus,51
635798,Ferdinand Linnus,Ferdinand Linnus,51
635799,Ferdinand Linnus,Ferdinand Linnus,51
635801,Aleksander Põrk,Aleksander Põrk,16
635802,Aleksander Põrk,Aleksander Põrk,16
635803,Aleksander Põrk,Aleksander Põrk,16
635804,Aleksander Põrk,Aleksander Põrk,16
635805,Aleksander Põrk,Aleksander Põrk,16
635806,Aleksander Põrk,Aleksander Põrk,16
635807,Aleksander Põrk,Aleksander Põrk,16
635808,Aleksander Põrk,Aleksander Põrk,16
635809,Aleksander Põrk,Aleksander Põrk,16
635810,Aleksander Põrk,Aleksander Põrk,16
635811,Aleksander Põrk,Aleksander Põrk,16
635812,Aleksander Põrk,Aleksander Põrk,16
635813,Aleksander Põrk,Aleksander Põrk,16
635814,Aleksander Põrk,Aleksander Põrk,16
635815,Aleksander Põrk,Aleksander Põrk,16
635816,Aleksander Põrk,Aleksander Põrk,16
635817,Aleksander Põrk,Aleksander Põrk,16
635818,Aleksander Põrk,Aleksander Põrk,16
635820,Aleksander Põrk,Aleksander Põrk,16
635822,Aleksander Põrk,Aleksander Põrk,16
635823,Aleksander Põrk,Aleksander Põrk,16
635824,Aleksander Põrk,Aleksander Põrk,16
635826,Aleksander Põrk,Aleksander Põrk,16
635829,Aleksander Põrk,Aleksander Põrk,16
635830,Aleksander Põrk,Aleksander Põrk,16
635831,Aleksander Põrk,Aleksander Põrk,16
635832,Aleksander Põrk,Aleksander Põrk,16
635833,Aleksander Põrk,Aleksander Põrk,16
635834,Aleksander Põrk,Aleksander Põrk,16
635835,Aleksander Põrk,Aleksander Põrk,16
635837,Aleksander Põrk,Aleksander Põrk,16
635841,Aleksander Põrk,Aleksander Põrk,16
635843,Aleksander Põrk,Aleksander Põrk,16
635844,Aleksander Põrk,Aleksander Põrk,16
635845,Aleksander Põrk,Aleksander Põrk,16
636399,Peeter Savi,Peeter Savi,132
636400,Peeter Savi,Peeter Savi,132
636401,Ferdinand Linnus,Ferdinand Linnus,51
636402,Ferdinand Linnus,Ferdinand Linnus,51
636403,Ferdinand Linnus,Ferdinand Linnus,51
636404,Ferdinand Linnus,Ferdinand Linnus,51
636405,Ferdinand Linnus,Ferdinand Linnus,51
636406,Ferdinand Linnus,Ferdinand Linnus,51
636407,Ferdinand Linnus,Ferdinand Linnus,51
636408,Ferdinand Linnus,Ferdinand Linnus,51
636409,Ferdinand Linnus,Ferdinand Linnus,51
636410,Ferdinand Linnus,Ferdinand Linnus,51
636411,Ferdinand Linnus,Ferdinand Linnus,51
636412,Ferdinand Linnus,Ferdinand Linnus,51
636413,Ferdinand Linnus,Ferdinand Linnus,51
636414,Ferdinand Linnus,Ferdinand Linnus,51
636415,Ferdinand Linnus,Ferdinand Linnus,51
636416,Ferdinand Linnus,Ferdinand Linnus,51
636417,Ferdinand Linnus,Ferdinand Linnus,51
636418,Ferdinand Linnus,Ferdinand Linnus,51
636419,Ferdinand Linnus,Ferdinand Linnus,51
636429,Ferdinand Linnus,Ferdinand Linnus,51
636430,Ferdinand Linnus,Ferdinand Linnus,51
636431,Ferdinand Linnus,Ferdinand Linnus,51
636432,Ferdinand Linnus,Ferdinand Linnus,51
636433,Ferdinand Linnus,Ferdinand Linnus,51
636434,Ferdinand Linnus,Ferdinand Linnus,51
636435,Ferdinand Linnus,Ferdinand Linnus,51
636436,Ferdinand Linnus,Ferdinand Linnus,51
636437,Ferdinand Linnus,Ferdinand Linnus,51
636438,Ferdinand Linnus,Ferdinand Linnus,51
636439,Ferdinand Linnus,Ferdinand Linnus,51
636441,Ferdinand Linnus,Ferdinand Linnus,51
636442,Ferdinand Linnus,Ferdinand Linnus,51
636443,Ferdinand Linnus,Ferdinand Linnus,51
636445,Lauri Ilmari Itkonen,Lauri Ilmari Itkonen,91
636446,Lauri Ilmari Itkonen,Lauri Ilmari Itkonen,91
636447,Lauri Ilmari Itkonen,Lauri Ilmari Itkonen,91
636448,Lauri Ilmari Itkonen,Lauri Ilmari Itkonen,91
636449,Lauri Ilmari Itkonen,Lauri Ilmari Itkonen,91
636457,Aleksander Põrk,Aleksander Põrk,16
636461,Aleksander Põrk,Aleksander Põrk,16
636463,Aleksander Põrk,Aleksander Põrk,16
636465,Aleksander Põrk,Aleksander Põrk,16
636466,Aleksander Põrk,Aleksander Põrk,16
636469,Aleksander Põrk,Aleksander Põrk,16
636470,Aleksander Põrk,Aleksander Põrk,16
636472,Aleksander Põrk,Aleksander Põrk,16
636473,Aleksander Põrk,Aleksander Põrk,16
636474,Aleksander Põrk,Aleksander Põrk,16
636475,Aleksander Põrk,Aleksander Põrk,16
636476,Aleksander Põrk,Aleksander Põrk,16
636477,Aleksander Põrk,Aleksander Põrk,16
636478,Aleksander Põrk,Aleksander Põrk,16
636479,Aleksander Põrk,Aleksander Põrk,16
636480,Aleksander Põrk,Aleksander Põrk,16
636481,Aleksander Põrk,Aleksander Põrk,16
636482,Aleksander Põrk,Aleksander Põrk,16
636483,Aleksander Põrk,Aleksander Põrk,16
636485,Aleksander Põrk,Aleksander Põrk,16
636486,Aleksander Põrk,Aleksander Põrk,16
636487,Aleksander Põrk,Aleksander Põrk,16
636488,Aleksander Põrk,Aleksander Põrk,16
636489,Aleksander Põrk,Aleksander Põrk,16
636490,Aleksander Põrk,Aleksander Põrk,16
636491,Aleksander Põrk,Aleksander Põrk,16
636492,Aleksander Põrk,Aleksander Põrk,16
637031,Peeter Savi,Peeter Savi,132
637032,Peeter Savi,Peeter Savi,132
637033,Peeter Savi,Peeter Savi,132
637034,Peeter Savi,Peeter Savi,132
637035,Peeter Savi,Peeter Savi,132
637037,Lauri Ilmari Itkonen,Lauri Ilmari Itkonen,91
637038,Lauri Ilmari Itkonen,Lauri Ilmari Itkonen,91
637039,Lauri Ilmari Itkonen,Lauri Ilmari Itkonen,91
637041,Lauri Ilmari Itkonen,Lauri Ilmari Itkonen,91
637042,Lauri Ilmari Itkonen,Lauri Ilmari Itkonen,91
637043,Lauri Ilmari Itkonen,Lauri Ilmari Itkonen,91
637044,Lauri Ilmari Itkonen,Lauri Ilmari Itkonen,91
637045,Lauri Ilmari Itkonen,Lauri Ilmari Itkonen,91
637046,Lauri Ilmari Itkonen,Lauri Ilmari Itkonen,91
637047,Lauri Ilmari Itkonen,Lauri Ilmari Itkonen,91
637048,Lauri Ilmari Itkonen,Lauri Ilmari Itkonen,91
637052,Gustav Ränk,Gustav Ränk,52
637053,Gustav Ränk,Gustav Ränk,52
637054,Gustav Ränk,Gustav Ränk,52
637055,Gustav Ränk,Gustav Ränk,52
637056,Gustav Ränk,Gustav Ränk,52
637057,Gustav Ränk,Gustav Ränk,52
637058,Gustav Ränk,Gustav Ränk,52
637060,Gustav Ränk,Gustav Ränk,52
637061,Gustav Ränk,Gustav Ränk,52
637062,Gustav Ränk,Gustav Ränk,52
637063,Gustav Ränk,Gustav Ränk,52
637064,Gustav Ränk,Gustav Ränk,52
637065,Gustav Ränk,Gustav Ränk,52
637066,Gustav Ränk,Gustav Ränk,52
637067,Gustav Ränk,Gustav Ränk,52
637068,Gustav Ränk,Gustav Ränk,52
637069,Gustav Ränk,Gustav Ränk,52
637070,Gustav Ränk,Gustav Ränk,52
637071,Gustav Ränk,Gustav Ränk,52
637073,Gustav Ränk,Gustav Ränk,52
637074,Gustav Ränk,Gustav Ränk,52
637082,Aleksander Põrk,Aleksander Põrk,16
637090,Aleksander Põrk,Aleksander Põrk,16
637091,Aleksander Põrk,Aleksander Põrk,16
637092,Aleksander Põrk,Aleksander Põrk,16
637093,Aleksander Põrk,Aleksander Põrk,16
637666,Karl Voldemar Rosenstrauch,Karl Voldemar Rosenstrauch,87
637667,Karl Voldemar Rosenstrauch,Karl Voldemar Rosenstrauch,87
637668,Karl Voldemar Rosenstrauch,Karl Voldemar Rosenstrauch,87
637669,Karl Voldemar Rosenstrauch,Karl Voldemar Rosenstrauch,87
637670,Karl Voldemar Rosenstrauch,Karl Voldemar Rosenstrauch,87
637671,Karl Voldemar Rosenstrauch,Karl Voldemar Rosenstrauch,87
637672,Karl Voldemar Rosenstrauch,Karl Voldemar Rosenstrauch,87
637673,Karl Voldemar Rosenstrauch,Karl Voldemar Rosenstrauch,87
637674,Karl Voldemar Rosenstrauch,Karl Voldemar Rosenstrauch,87
637675,Gustav Ränk,Gustav Ränk,52
637676,Gustav Ränk,Gustav Ränk,52
637677,Gustav Ränk,Gustav Ränk,52
637678,Gustav Ränk,Gustav Ränk,52
637679,Gustav Ränk,Gustav Ränk,52
637680,Gustav Ränk,Gustav Ränk,52
637681,Gustav Ränk,Gustav Ränk,52
637682,Gustav Ränk,Gustav Ränk,52
637683,Gustav Ränk,Gustav Ränk,52
637684,Gustav Ränk,Gustav Ränk,52
637685,Gustav Ränk,Gustav Ränk,52
637686,Gustav Ränk,Gustav Ränk,52
637687,Gustav Ränk,Gustav Ränk,52
637688,Gustav Ränk,Gustav Ränk,52
637690,Gustav Ränk,Gustav Ränk,52
637694,Gustav Ränk,Gustav Ränk,52
637695,Gustav Ränk,Gustav Ränk,52
637696,Gustav Ränk,Gustav Ränk,52
637697,Gustav Ränk,Gustav Ränk,52
637698,Gustav Ränk,Gustav Ränk,52
637699,Gustav Ränk,Gustav Ränk,52
637700,Gustav Ränk,Gustav Ränk,52
637701,Gustav Ränk,Gustav Ränk,52
637702,Gustav Ränk,Gustav Ränk,52
637703,Gustav Ränk,Gustav Ränk,52
637705,Gustav Ränk,Gustav Ränk,52
637706,Gustav Ränk,Gustav Ränk,52
637707,Gustav Ränk,Gustav Ränk,52
637708,Gustav Ränk,Gustav Ränk,52
637709,Gustav Ränk,Gustav Ränk,52
637710,Gustav Ränk,Gustav Ränk,52
637711,Gustav Ränk,Gustav Ränk,52
637712,Gustav Ränk,Gustav Ränk,52
637713,Gustav Ränk,Gustav Ränk,52
637714,Gustav Ränk,Gustav Ränk,52
637715,Gustav Ränk,Gustav Ränk,52
637716,Gustav Ränk,Gustav Ränk,52
637717,Gustav Ränk,Gustav Ränk,52
637718,Gustav Ränk,Gustav Ränk,52
638291,Karl Voldemar Rosenstrauch,Karl Voldemar Rosenstrauch,87
638292,Karl Voldemar Rosenstrauch,Karl Voldemar Rosenstrauch,87
638293,Karl Voldemar Rosenstrauch,Karl Voldemar Rosenstrauch,87
638294,Karl Voldemar Rosenstrauch,Karl Voldemar Rosenstrauch,87
638295,Karl Voldemar Rosenstrauch,Karl Voldemar Rosenstrauch,87
638296,Karl Voldemar Rosenstrauch,Karl Voldemar Rosenstrauch,87
638297,Karl Voldemar Rosenstrauch,Karl Voldemar Rosenstrauch,87
638298,Karl Voldemar Rosenstrauch,Karl Voldemar Rosenstrauch,87
638299,Karl Voldemar Rosenstrauch,Karl Voldemar Rosenstrauch,87
638302,Gustav Ränk,Gustav Ränk,52
638303,Gustav Ränk,Gustav Ränk,52
638305,Gustav Ränk,Gustav Ränk,52
638306,Gustav Ränk,Gustav Ränk,52
638307,Gustav Ränk,Gustav Ränk,52
638308,Gustav Ränk,Gustav Ränk,52
638310,Gustav Ränk,Gustav Ränk,52
638311,Gustav Ränk,Gustav Ränk,52
638312,Gustav Ränk,Gustav Ränk,52
638313,Gustav Ränk,Gustav Ränk,52
638315,Gustav Ränk,Gustav Ränk,52
638316,Gustav Ränk,Gustav Ränk,52
638317,Gustav Ränk,Gustav Ränk,52
638318,Gustav Ränk,Gustav Ränk,52
638319,Gustav Ränk,Gustav Ränk,52
638320,Gustav Ränk,Gustav Ränk,52
638321,Gustav Ränk,Gustav Ränk,52
638322,Gustav Ränk,Gustav Ränk,52
638323,Gustav Ränk,Gustav Ränk,52
638324,Gustav Ränk,Gustav Ränk,52
638325,Gustav Ränk,Gustav Ränk,52
638326,Gustav Ränk,Gustav Ränk,52
638327,Gustav Ränk,Gustav Ränk,52
638328,Gustav Ränk,Gustav Ränk,52
638329,Gustav Ränk,Gustav Ränk,52
638330,Gustav Ränk,Gustav Ränk,52
638331,Gustav Ränk,Gustav Ränk,52
638332,Gustav Ränk,Gustav Ränk,52
638333,Gustav Ränk,Gustav Ränk,52
638336,Gustav Ränk,Gustav Ränk,52
638341,Gustav Ränk,Gustav Ränk,52
638890,Karl Voldemar Rosenstrauch,Karl Voldemar Rosenstrauch,87
638891,Karl Voldemar Rosenstrauch,Karl Voldemar Rosenstrauch,87
638892,Karl Voldemar Rosenstrauch,Karl Voldemar Rosenstrauch,87
638893,Karl Voldemar Rosenstrauch,Karl Voldemar Rosenstrauch,87
638894,Karl Voldemar Rosenstrauch,Karl Voldemar Rosenstrauch,87
638895,Karl Voldemar Rosenstrauch,Karl Voldemar Rosenstrauch,87
638896,Karl Voldemar Rosenstrauch,Karl Voldemar Rosenstrauch,87
638897,Gustav Ränk,Gustav Ränk,52
638898,Gustav Ränk,Gustav Ränk,52
638899,Gustav Ränk,Gustav Ränk,52
638900,Lauri Kettunen,Lauri Kettunen,92
638901,Ilmari Manninen,Ilmari Manninen,63
638902,Ilmari Manninen,Ilmari Manninen,63
638903,Ilmari Manninen,Ilmari Manninen,63
638904,Ilmari Manninen,Ilmari Manninen,63
638905,Ilmari Manninen,Ilmari Manninen,63
638906,Ilmari Manninen,Ilmari Manninen,63
638908,Johannes Gahlnbäck,Johannes Gahlnbäck,69
638909,Ferdinand Linnus,Ferdinand Linnus,51
638910,Ferdinand Linnus,Ferdinand Linnus,51
638945,Ida Kaldmaa,Ida Kaldmaa,60
638946,Ida Kaldmaa,Ida Kaldmaa,60
638947,Ida Kaldmaa,Ida Kaldmaa,60
638948,Ida Kaldmaa,Ida Kaldmaa,60
638949,Ida Kaldmaa,Ida Kaldmaa,60
638950,Ida Kaldmaa,Ida Kaldmaa,60
638952,Ida Kaldmaa,Ida Kaldmaa,60
638954,Ida Kaldmaa,Ida Kaldmaa,60
638958,Ida Kaldmaa,Ida Kaldmaa,60
638960,Ida Kaldmaa,Ida Kaldmaa,60
638962,Ida Kaldmaa,Ida Kaldmaa,60
638964,Ida Kaldmaa,Ida Kaldmaa,60
638969,Ida Kaldmaa,Ida Kaldmaa,60
638970,Ida Kaldmaa,Ida Kaldmaa,60
638971,Ida Kaldmaa,Ida Kaldmaa,60
638972,Ida Kaldmaa,Ida Kaldmaa,60
639520,Voldemar Rosenstrauch,Karl Voldemar Rosenstrauch,168
639521,Voldemar Rosenstrauch,Karl Voldemar Rosenstrauch,168
639522,Voldemar Rosenstrauch,Karl Voldemar Rosenstrauch,168
639523,Voldemar Rosenstrauch,Karl Voldemar Rosenstrauch,168
639524,Voldemar Rosenstrauch,Karl Voldemar Rosenstrauch,168
639525,Voldemar Rosenstrauch,Karl Voldemar Rosenstrauch,168
639526,Voldemar Rosenstrauch,Karl Voldemar Rosenstrauch,168
639539,Ilmari Manninen,Ilmari Manninen,63
639542,Lauri Ilmari Itkonen,Lauri Ilmari Itkonen,91
639543,Lauri Ilmari Itkonen,Lauri Ilmari Itkonen,91
639544,Lauri Ilmari Itkonen,Lauri Ilmari Itkonen,91
639545,Lauri Ilmari Itkonen,Lauri Ilmari Itkonen,91
639546,Lauri Ilmari Itkonen,Lauri Ilmari Itkonen,91
639547,Lauri Ilmari Itkonen,Lauri Ilmari Itkonen,91
639548,Lauri Ilmari Itkonen,Lauri Ilmari Itkonen,91
639549,Lauri Ilmari Itkonen,Lauri Ilmari Itkonen,91
639557,Gustav Ränk,Gustav Ränk,52
639558,Gustav Ränk,Gustav Ränk,52
639559,Gustav Ränk,Gustav Ränk,52
639560,Gustav Ränk,Gustav Ränk,52
639561,Gustav Ränk,Gustav Ränk,52
639562,Gustav Ränk,Gustav Ränk,52
639563,Gustav Ränk,Gustav Ränk,52
639564,Gustav Ränk,Gustav Ränk,52
639565,Gustav Ränk,Gustav Ränk,52
639566,Gustav Ränk,Gustav Ränk,52
639567,Gustav Ränk,Gustav Ränk,52
639570,Gustav Ränk,Gustav Ränk,52
639571,Ida Kaldmaa,Ida Kaldmaa,60
639574,Ida Kaldmaa,Ida Kaldmaa,60
639575,Ida Kaldmaa,Ida Kaldmaa,60
639576,Ida Kaldmaa,Ida Kaldmaa,60
639577,Ida Kaldmaa,Ida Kaldmaa,60
639578,Ida Kaldmaa,Ida Kaldmaa,60
639580,Ida Kaldmaa,Ida Kaldmaa,60
639581,Ida Kaldmaa,Ida Kaldmaa,60
639583,Ida Kaldmaa,Ida Kaldmaa,60
639584,Ida Kaldmaa,Ida Kaldmaa,60
639586,Ida Kaldmaa,Ida Kaldmaa,60
640142,Karl Voldemar Rosenstrauch,Karl Voldemar Rosenstrauch,87
640143,Karl Voldemar Rosenstrauch,Karl Voldemar Rosenstrauch,87
640144,Karl Voldemar Rosenstrauch,Karl Voldemar Rosenstrauch,87
640145,Karl Voldemar Rosenstrauch,Karl Voldemar Rosenstrauch,87
640146,Karl Voldemar Rosenstrauch,Karl Voldemar Rosenstrauch,87
640147,Karl Voldemar Rosenstrauch,Karl Voldemar Rosenstrauch,87
640148,Karl Voldemar Rosenstrauch,Karl Voldemar Rosenstrauch,87
640150,Karl Voldemar Rosenstrauch,Karl Voldemar Rosenstrauch,87
640151,Karl Voldemar Rosenstrauch,Karl Voldemar Rosenstrauch,87
640152,Karl Voldemar Rosenstrauch,Karl Voldemar Rosenstrauch,87
640153,Karl Voldemar Rosenstrauch,Karl Voldemar Rosenstrauch,87
640154,Karl Voldemar Rosenstrauch,Karl Voldemar Rosenstrauch,87
640155,Karl Voldemar Rosenstrauch,Karl Voldemar Rosenstrauch,87
640156,Karl Voldemar Rosenstrauch,Karl Voldemar Rosenstrauch,87
640157,Karl Voldemar Rosenstrauch,Karl Voldemar Rosenstrauch,87
640158,Karl Voldemar Rosenstrauch,Karl Voldemar Rosenstrauch,87
640159,Karl Voldemar Rosenstrauch,Karl Voldemar Rosenstrauch,87
640160,Karl Voldemar Rosenstrauch,Karl Voldemar Rosenstrauch,87
640163,Karl Voldemar Rosenstrauch,Karl Voldemar Rosenstrauch,87
640164,Karl Voldemar Rosenstrauch,Karl Voldemar Rosenstrauch,87
640165,Gustav Ränk,Gustav Ränk,52
640166,Gustav Ränk,Gustav Ränk,52
640167,Gustav Ränk,Gustav Ränk,52
640216,Pauline Palmeus,Paula Palmeos,129
640219,Paul Ariste,Paul Ariste,127
640222,Gustav Ränk,Gustav Ränk,52
640223,Gustav Ränk,Gustav Ränk,52
640224,Gustav Ränk,Gustav Ränk,52
640225,Gustav Ränk,Gustav Ränk,52
640226,Gustav Ränk,Gustav Ränk,52
640227,Gustav Ränk,Gustav Ränk,52
640228,Gustav Ränk,Gustav Ränk,52
640229,Gustav Ränk,Gustav Ränk,52
640230,Gustav Ränk,Gustav Ränk,52
640231,Gustav Ränk,Gustav Ränk,52
640232,Gustav Ränk,Gustav Ränk,52
640233,Gustav Ränk,Gustav Ränk,52
640234,Gustav Ränk,Gustav Ränk,52
640235,Gustav Ränk,Gustav Ränk,52
640236,Gustav Ränk,Gustav Ränk,52
640237,Gustav Ränk,Gustav Ränk,52
640238,Gustav Ränk,Gustav Ränk,52
640239,Gustav Ränk,Gustav Ränk,52
640240,Gustav Ränk,Gustav Ränk,52
640241,Gustav Ränk,Gustav Ränk,52
640244,Gustav Ränk,Gustav Ränk,52
640245,Gustav Ränk,Gustav Ränk,52
640246,Gustav Ränk,Gustav Ränk,52
640247,Gustav Ränk,Gustav Ränk,52
640248,Gustav Ränk,Gustav Ränk,52
640249,Gustav Ränk,Gustav Ränk,52
640250,Gustav Ränk,Gustav Ränk,52
640251,Gustav Ränk,Gustav Ränk,52
640252,Gustav Ränk,Gustav Ränk,52
640254,Gustav Ränk,Gustav Ränk,52
640255,Gustav Ränk,Gustav Ränk,52
640256,Gustav Ränk,Gustav Ränk,52
640257,Gustav Ränk,Gustav Ränk,52
640258,Gustav Ränk,Gustav Ränk,52
640259,Gustav Ränk,Gustav Ränk,52
640840,Karl Voldemar Rosenstrauch,Karl Voldemar Rosenstrauch,87
640841,Karl Voldemar Rosenstrauch,Karl Voldemar Rosenstrauch,87
640842,Karl Voldemar Rosenstrauch,Karl Voldemar Rosenstrauch,87
640843,Karl Voldemar Rosenstrauch,Karl Voldemar Rosenstrauch,87
640844,Karl Voldemar Rosenstrauch,Karl Voldemar Rosenstrauch,87
640845,Armas Otto Väisanen,Armas Otto Väisanen,23
640846,Armas Otto Väisanen,Armas Otto Väisanen,23
640847,Armas Otto Väisanen,Armas Otto Väisanen,23
640848,Armas Otto Väisanen,Armas Otto Väisanen,23
640849,Armas Otto Väisanen,Armas Otto Väisanen,23
640850,Armas Otto Väisanen,Armas Otto Väisanen,23
640851,Armas Otto Väisanen,Armas Otto Väisanen,23
640856,Evald Paavo,Evald Paavo,47
640857,Evald Paavo,Evald Paavo,47
640858,Evald Paavo,Evald Paavo,47
640859,Evald Paavo,Evald Paavo,47
640860,Evald Paavo,Evald Paavo,47
640862,Evald Paavo,Evald Paavo,47
640863,Evald Paavo,Evald Paavo,47
640864,Evald Paavo,Evald Paavo,47
640865,Evald Paavo,Evald Paavo,47
640866,Evald Paavo,Evald Paavo,47
640867,Evald Paavo,Evald Paavo,47
640868,Evald Paavo,Evald Paavo,47
640869,Evald Paavo,Evald Paavo,47
640882,Soome Rahvusmuuseum,Soome Rahvusmuuseum,145
640883,Soome Rahvusmuuseum,Soome Rahvusmuuseum,145
640884,Soome Rahvusmuuseum,Soome Rahvusmuuseum,145
640885,Soome Rahvusmuuseum,Soome Rahvusmuuseum,145
640886,Soome Rahvusmuuseum,Soome Rahvusmuuseum,145
640887,Soome Rahvusmuuseum,Soome Rahvusmuuseum,145
640888,Soome Rahvusmuuseum,Soome Rahvusmuuseum,145
640889,Soome Rahvusmuuseum,Soome Rahvusmuuseum,145
640890,Soome Rahvusmuuseum,Soome Rahvusmuuseum,145
640894,Soome Rahvusmuuseum,Soome Rahvusmuuseum,145
640895,Soome Rahvusmuuseum,Soome Rahvusmuuseum,145
640896,Soome Rahvusmuuseum,Soome Rahvusmuuseum,145
640897,Soome Rahvusmuuseum,Soome Rahvusmuuseum,145
640898,Soome Rahvusmuuseum,Soome Rahvusmuuseum,145
640899,Soome Rahvusmuuseum,Soome Rahvusmuuseum,145
640900,Soome Rahvusmuuseum,Soome Rahvusmuuseum,145
640901,Soome Rahvusmuuseum,Soome Rahvusmuuseum,145
640902,Soome Rahvusmuuseum,Soome Rahvusmuuseum,145
640903,Soome Rahvusmuuseum,Soome Rahvusmuuseum,145
640904,Soome Rahvusmuuseum,Soome Rahvusmuuseum,145
640905,Soome Rahvusmuuseum,Soome Rahvusmuuseum,145
640906,Soome Rahvusmuuseum,Soome Rahvusmuuseum,145
640907,Soome Rahvusmuuseum,Soome Rahvusmuuseum,145
640908,Soome Rahvusmuuseum,Soome Rahvusmuuseum,145
640909,Soome Rahvusmuuseum,Soome Rahvusmuuseum,145
640910,Soome Rahvusmuuseum,Soome Rahvusmuuseum,145
640911,Soome Rahvusmuuseum,Soome Rahvusmuuseum,145
640912,Soome Rahvusmuuseum,Soome Rahvusmuuseum,145
640913,Soome Rahvusmuuseum,Soome Rahvusmuuseum,145
640914,Soome Rahvusmuuseum,Soome Rahvusmuuseum,145
640915,Soome Rahvusmuuseum,Soome Rahvusmuuseum,145
640916,Soome Rahvusmuuseum,Soome Rahvusmuuseum,145
640917,Soome Rahvusmuuseum,Soome Rahvusmuuseum,145
640918,Soome Rahvusmuuseum,Soome Rahvusmuuseum,145
640919,Soome Rahvusmuuseum,Soome Rahvusmuuseum,145
640920,Soome Rahvusmuuseum,Soome Rahvusmuuseum,145
640921,Soome Rahvusmuuseum,Soome Rahvusmuuseum,145
640922,Soome Rahvusmuuseum,Soome Rahvusmuuseum,145
640924,Soome Rahvusmuuseum,Soome Rahvusmuuseum,145
640925,Soome Rahvusmuuseum,Soome Rahvusmuuseum,145
640926,Gustav Ränk,Gustav Ränk,52
640927,Gustav Ränk,Gustav Ränk,52
640928,Gustav Ränk,Gustav Ränk,52
640929,Gustav Ränk,Gustav Ränk,52
640930,Gustav Ränk,Gustav Ränk,52
640931,Gustav Ränk,Gustav Ränk,52
640932,Gustav Ränk,Gustav Ränk,52
640934,Gustav Ränk,Gustav Ränk,52
640935,Gustav Ränk,Gustav Ränk,52
640936,Gustav Ränk,Gustav Ränk,52
640937,Gustav Ränk,Gustav Ränk,52
640938,Gustav Ränk,Gustav Ränk,52
640939,Gustav Ränk,Gustav Ränk,52
640940,Gustav Ränk,Gustav Ränk,52
640941,Gustav Ränk,Gustav Ränk,52
640942,Gustav Ränk,Gustav Ränk,52
640943,Gustav Ränk,Gustav Ränk,52
640944,Gustav Ränk,Gustav Ränk,52
640945,Gustav Ränk,Gustav Ränk,52
640946,Gustav Ränk,Gustav Ränk,52
641561,Ilmari Manninen,Ilmari Manninen,63
641562,Ilmari Manninen,Ilmari Manninen,63
641563,Ilmari Manninen,Ilmari Manninen,63
641564,Ilmari Manninen,Ilmari Manninen,63
641565,Ilmari Manninen,Ilmari Manninen,63
641567,Ilmari Manninen,Ilmari Manninen,63
641568,Ilmari Manninen,Ilmari Manninen,63
641569,Ilmari Manninen,Ilmari Manninen,63
641570,Ilmari Manninen,Ilmari Manninen,63
641571,Ilmari Manninen,Ilmari Manninen,63
641572,Ilmari Manninen,Ilmari Manninen,63
641573,Ilmari Manninen,Ilmari Manninen,63
641574,Ilmari Manninen,Ilmari Manninen,63
641575,Ilmari Manninen,Ilmari Manninen,63
641576,Ilmari Manninen,Ilmari Manninen,63
641577,Ilmari Manninen,Ilmari Manninen,63
641578,Ilmari Manninen,Ilmari Manninen,63
641579,Ilmari Manninen,Ilmari Manninen,63
641580,Ilmari Manninen,Ilmari Manninen,63
641581,Ilmari Manninen,Ilmari Manninen,63
641583,Ilmari Manninen,Ilmari Manninen,63
641584,Ilmari Manninen,Ilmari Manninen,63
641585,Ilmari Manninen,Ilmari Manninen,63
641586,Õpetatud Eesti Selts,Õpetatud Eesti Selts,170
641587,Õpetatud Eesti Selts,Õpetatud Eesti Selts,170
641590,Õpetatud Eesti Selts,Õpetatud Eesti Selts,170
641591,Õpetatud Eesti Selts,Õpetatud Eesti Selts,170
641592,Õpetatud Eesti Selts,Õpetatud Eesti Selts,170
641593,Õpetatud Eesti Selts,Õpetatud Eesti Selts,170
641594,Õpetatud Eesti Selts,Õpetatud Eesti Selts,170
641595,Õpetatud Eesti Selts,Õpetatud Eesti Selts,170
641596,Õpetatud Eesti Selts,Õpetatud Eesti Selts,170
641597,Õpetatud Eesti Selts,Õpetatud Eesti Selts,170
641598,Soome Rahvusmuuseum,Soome Rahvusmuuseum,145
641599,Soome Rahvusmuuseum,Soome Rahvusmuuseum,145
641600,Soome Rahvusmuuseum,Soome Rahvusmuuseum,145
641601,Soome Rahvusmuuseum,Soome Rahvusmuuseum,145
641602,Soome Rahvusmuuseum,Soome Rahvusmuuseum,145
641603,Soome Rahvusmuuseum,Soome Rahvusmuuseum,145
641604,Soome Rahvusmuuseum,Soome Rahvusmuuseum,145
641605,Soome Rahvusmuuseum,Soome Rahvusmuuseum,145
641606,Soome Rahvusmuuseum,Soome Rahvusmuuseum,145
641607,Soome Rahvusmuuseum,Soome Rahvusmuuseum,145
641608,Soome Rahvusmuuseum,Soome Rahvusmuuseum,145
641609,Soome Rahvusmuuseum,Soome Rahvusmuuseum,145
641613,Soome Rahvusmuuseum,Soome Rahvusmuuseum,145
641614,Soome Rahvusmuuseum,Soome Rahvusmuuseum,145
641615,Soome Rahvusmuuseum,Soome Rahvusmuuseum,145
641617,Soome Rahvusmuuseum,Soome Rahvusmuuseum,145
641618,Soome Rahvusmuuseum,Soome Rahvusmuuseum,145
641619,Soome Rahvusmuuseum,Soome Rahvusmuuseum,145
641620,Soome Rahvusmuuseum,Soome Rahvusmuuseum,145
641621,Soome Rahvusmuuseum,Soome Rahvusmuuseum,145
641622,Soome Rahvusmuuseum,Soome Rahvusmuuseum,145
641623,Soome Rahvusmuuseum,Soome Rahvusmuuseum,145
641624,Soome Rahvusmuuseum,Soome Rahvusmuuseum,145
641625,Soome Rahvusmuuseum,Soome Rahvusmuuseum,145
641626,Soome Rahvusmuuseum,Soome Rahvusmuuseum,145
641627,Soome Rahvusmuuseum,Soome Rahvusmuuseum,145
641628,Soome Rahvusmuuseum,Soome Rahvusmuuseum,145
641629,Soome Rahvusmuuseum,Soome Rahvusmuuseum,145
641630,Soome Rahvusmuuseum,Soome Rahvusmuuseum,145
641631,Soome Rahvusmuuseum,Soome Rahvusmuuseum,145
641632,Soome Rahvusmuuseum,Soome Rahvusmuuseum,145
641633,Soome Rahvusmuuseum,Soome Rahvusmuuseum,145
641634,Soome Rahvusmuuseum,Soome Rahvusmuuseum,145
641635,Soome Rahvusmuuseum,Soome Rahvusmuuseum,145
685578,Mare Piho,Mare Piho,109
685579,Mare Piho,Mare Piho,109
685580,Mare Piho,Mare Piho,109
711404,Heno Sarv,Heno Sarv,58
727112,Ferdinand Linnus,Ferdinand Linnus,51
765735,Reet Piiri,Reet Piiri,140
765736,Reet Piiri,Reet Piiri,140
765737,Reet Piiri,Reet Piiri,140
765738,Reet Piiri,Reet Piiri,140
765739,Reet Piiri,Reet Piiri,140
765740,Reet Piiri,Reet Piiri,140
766002,Reet Piiri,Reet Piiri,140
825008,Oskar Loorits,Oskar Loorits,122
890221,Kadri Viires,Kadri Viires,78
891323,Kadri Viires,Kadri Viires,78
891324,Kadri Viires,Kadri Viires,78
894361,Oskar Loorits,Oskar Loorits,122
902234,Kadri Viires,Kadri Viires,78
902235,Kadri Viires,Kadri Viires,78
902236,Kadri Viires,Kadri Viires,78
902237,Kadri Viires,Kadri Viires,78
902238,Kadri Viires,Kadri Viires,78
902239,Kadri Viires,Kadri Viires,78
902240,Kadri Viires,Kadri Viires,78
902241,Kadri Viires,Kadri Viires,78
902242,Kadri Viires,Kadri Viires,78
902243,Kadri Viires,Kadri Viires,78
902244,Kadri Viires,Kadri Viires,78
902245,Kadri Viires,Kadri Viires,78
902246,Kadri Viires,Kadri Viires,78
902247,Kadri Viires,Kadri Viires,78
902248,Kadri Viires,Kadri Viires,78
902249,Kadri Viires,Kadri Viires,78
902250,Kadri Viires,Kadri Viires,78
902251,Kadri Viires,Kadri Viires,78
902252,Kadri Viires,Kadri Viires,78
902253,Kadri Viires,Kadri Viires,78
902254,Kadri Viires,Kadri Viires,78
902255,Kadri Viires,Kadri Viires,78
902256,Kadri Viires,Kadri Viires,78
902257,Kadri Viires,Kadri Viires,78
902258,Kadri Viires,Kadri Viires,78
902545,Kadri Viires,Kadri Viires,78
902546,Kadri Viires,Kadri Viires,78
902547,Kadri Viires,Kadri Viires,78
902548,Kadri Viires,Kadri Viires,78
902549,Kadri Viires,Kadri Viires,78
902550,Kadri Viires,Kadri Viires,78
902551,Kadri Viires,Kadri Viires,78
902552,Kadri Viires,Kadri Viires,78
902553,Kadri Viires,Kadri Viires,78
902554,Kadri Viires,Kadri Viires,78
902555,Kadri Viires,Kadri Viires,78
902556,Kadri Viires,Kadri Viires,78
902557,Kadri Viires,Kadri Viires,78
902558,Kadri Viires,Kadri Viires,78
902559,Kadri Viires,Kadri Viires,78
902560,Kadri Viires,Kadri Viires,78
902561,Kadri Viires,Kadri Viires,78
902562,Kadri Viires,Kadri Viires,78
902563,Kadri Viires,Kadri Viires,78
902564,Kadri Viires,Kadri Viires,78
902565,Kadri Viires,Kadri Viires,78
902566,Kadri Viires,Kadri Viires,78
902567,Kadri Viires,Kadri Viires,78
902568,Kadri Viires,Kadri Viires,78
902569,Kadri Viires,Kadri Viires,78
902570,Kadri Viires,Kadri Viires,78
902571,Kadri Viires,Kadri Viires,78
902572,Kadri Viires,Kadri Viires,78
1290075,Art Leete,Art Leete,26
1290082,Art Leete,Art Leete,26
1332252,Svetlana Karm,Svetlana Karm,146
1332253,Svetlana Karm,Svetlana Karm,146
1332254,Svetlana Karm,Svetlana Karm,146
1332255,Svetlana Karm,Svetlana Karm,146
1332256,Svetlana Karm,Svetlana Karm,146
1332257,Svetlana Karm,Svetlana Karm,146
1332258,Svetlana Karm,Svetlana Karm,146
1332259,Svetlana Karm,Svetlana Karm,146
1332260,Svetlana Karm,Svetlana Karm,146
1332261,Svetlana Karm,Svetlana Karm,146
1332262,Svetlana Karm,Svetlana Karm,146
1426010,Art Leete,Art Leete,26
1426011,Art Leete,Art Leete,26
1426012,Art Leete,Art Leete,26
1426013,Art Leete,Art Leete,26
1426014,Art Leete,Art Leete,26
1443185,Kadri Viires,Kadri Viires,78
1443186,Kadri Viires,Kadri Viires,78
1443187,Kadri Viires,Kadri Viires,78
1443188,Kadri Viires,Kadri Viires,78
1443189,Kadri Viires,Kadri Viires,78
1443190,Kadri Viires,Kadri Viires,78
1443192,Kadri Viires,Kadri Viires,78
1443193,Kadri Viires,Kadri Viires,78
1443194,Kadri Viires,Kadri Viires,78
1443195,Kadri Viires,Kadri Viires,78
1443204,Kadri Viires,Kadri Viires,78
1443205,Kadri Viires,Kadri Viires,78
1443206,Kadri Viires,Kadri Viires,78
1443210,Kadri Viires,Kadri Viires,78
1443211,Kadri Viires,Kadri Viires,78
1443212,Kadri Viires,Kadri Viires,78
1443213,Kadri Viires,Kadri Viires,78
1443214,Kadri Viires,Kadri Viires,78
1443215,Kadri Viires,Kadri Viires,78
1443216,Kadri Viires,Kadri Viires,78
1443217,Kadri Viires,Kadri Viires,78
1443218,Kadri Viires,Kadri Viires,78
1443219,Kadri Viires,Kadri Viires,78
1443220,Kadri Viires,Kadri Viires,78
1443221,Kadri Viires,Kadri Viires,78
1443222,Kadri Viires,Kadri Viires,78
1443223,Kadri Viires,Kadri Viires,78
1443224,Kadri Viires,Kadri Viires,78
1443225,Kadri Viires,Kadri Viires,78
1443226,Kadri Viires,Kadri Viires,78
1443227,Kadri Viires,Kadri Viires,78
1443228,Kadri Viires,Kadri Viires,78
1443229,Kadri Viires,Kadri Viires,78
1443230,Kadri Viires,Kadri Viires,78
1443231,Kadri Viires,Kadri Viires,78
1443232,Kadri Viires,Kadri Viires,78
1443233,Kadri Viires,Kadri Viires,78
1443234,Kadri Viires,Kadri Viires,78
1443235,Kadri Viires,Kadri Viires,78
1587417,Piret Puppert,Piret Puppert,136
1587418,Piret Puppert,Piret Puppert,136
1596966,Art Leete,Art Leete,26
1597817,Indrek Jääts,Indrek Jääts,64
1597817,Anu Ansu,Anu Ansu,21
1597817,Arp Karm,Arp Karm,25
1597817,Svetlana Karm,Svetlana Karm,146
1597820,Svetlana Karm,Svetlana Karm,146
1597821,Svetlana Karm,Svetlana Karm,146
1597832,Svetlana Karm,Svetlana Karm,146
1598139,Art Leete,Art Leete,26
1853504,Ülo Siimets,Ülo Siimets,173
1983695,Kadri Viires,Kadri Viires,78
1983696,Kadri Viires,Kadri Viires,78
1983697,Kadri Viires,Kadri Viires,78
1983698,Kadri Viires,Kadri Viires,78
1983699,Kadri Viires,Kadri Viires,78
1983700,Kadri Viires,Kadri Viires,78
1983701,Kadri Viires,Kadri Viires,78
1983702,Kadri Viires,Kadri Viires,78
1983703,Kadri Viires,Kadri Viires,78
1983704,Kadri Viires,Kadri Viires,78
1983705,Kadri Viires,Kadri Viires,78
2149845,Piret Koosa,Piret Koosa,135
2149846,Piret Koosa,Piret Koosa,135
2149847,Piret Koosa,Piret Koosa,135
2149848,Piret Koosa,Piret Koosa,135
2149850,Piret Koosa,Piret Koosa,135
2150119,Piret Koosa,Piret Koosa,135
2879598,Art Leete,Art Leete,26
2879598,Piret Koosa,Piret Koosa,135
2879599,Art Leete,Art Leete,26
2879599,Piret Koosa,Piret Koosa,135
2879600,Art Leete,Art Leete,26
2879600,Piret Koosa,Piret Koosa,135
2879601,Art Leete,Art Leete,26
2879601,Piret Koosa,Piret Koosa,135
2879602,Art Leete,Art Leete,26
2879602,Piret Koosa,Piret Koosa,135
2879603,Art Leete,Art Leete,26
2879603,Piret Koosa,Piret Koosa,135
2879604,Art Leete,Art Leete,26
2879604,Piret Koosa,Piret Koosa,135
2879605,Art Leete,Art Leete,26
2879605,Piret Koosa,Piret Koosa,135
2879606,Art Leete,Art Leete,26
2879606,Piret Koosa,Piret Koosa,135
2879607,Art Leete,Art Leete,26
2879607,Piret Koosa,Piret Koosa,135
2879608,Art Leete,Art Leete,26
2879608,Piret Koosa,Piret Koosa,135
2879609,Art Leete,Art Leete,26
2879609,Piret Koosa,Piret Koosa,135
2879610,Art Leete,Art Leete,26
2879610,Piret Koosa,Piret Koosa,135
2879611,Art Leete,Art Leete,26
2879611,Piret Koosa,Piret Koosa,135
2879612,Art Leete,Art Leete,26
2879612,Piret Koosa,Piret Koosa,135
2879613,Art Leete,Art Leete,26
2879613,Piret Koosa,Piret Koosa,135
2879614,Art Leete,Art Leete,26
2879614,Piret Koosa,Piret Koosa,135
2879615,Art Leete,Art Leete,26
2879615,Piret Koosa,Piret Koosa,135
2879616,Art Leete,Art Leete,26
2879616,Piret Koosa,Piret Koosa,135
2903575,Svetlana Karm,Svetlana Karm,146
2903614,Svetlana Karm,Svetlana Karm,146
2903615,Svetlana Karm,Svetlana Karm,146
2903616,Svetlana Karm,Svetlana Karm,146
2946872,Tiit Sibul,Tiit Sibul,154
3161261,Svetlana Karm,Svetlana Karm,146
3161262,Svetlana Karm,Svetlana Karm,146
3161298,Svetlana Karm,Svetlana Karm,146
3161321,Svetlana Karm,Svetlana Karm,146
3161333,Svetlana Karm,Svetlana Karm,146
3161338,Svetlana Karm,Svetlana Karm,146
3161340,Svetlana Karm,Svetlana Karm,146
3161342,Svetlana Karm,Svetlana Karm,146
3161350,Svetlana Karm,Svetlana Karm,146
3161351,Svetlana Karm,Svetlana Karm,146
3161353,Svetlana Karm,Svetlana Karm,146
3161356,Svetlana Karm,Svetlana Karm,146
3161385,Art Leete,Art Leete,26
3161391,Art Leete,Art Leete,26
3161394,Art Leete,Art Leete,26
3161406,Art Leete,Art Leete,26
3285902,Edgar Saar,Edgar Saar,33
3302917,Marje Joalaid,Marje Joalaid,114
3302936,Mare Piho,Mare Piho,109
3302936,Marika Mikkor,Marika Mikkor,113
3302936,Terje Anepaio,Terje Anepaio,151
3629810,Aleksei Peterson,Aleksei Peterson,17
3629926,Aleksei Peterson,Aleksei Peterson,17
3957082,Piret Koosa,Piret Koosa,135
3957082,Art Leete,Art Leete,26
3972067,Piret Koosa,Piret Koosa,135
3972067,Art Leete,Art Leete,26
3972068,Piret Koosa,Piret Koosa,135
3972068,Art Leete,Art Leete,26
3972069,Piret Koosa,Piret Koosa,135
3972069,Art Leete,Art Leete,26
3972070,Piret Koosa,Piret Koosa,135
3972070,Art Leete,Art Leete,26
3972077,Piret Koosa,Piret Koosa,135
3972077,Art Leete,Art Leete,26
3972078,Piret Koosa,Piret Koosa,135
3972078,Art Leete,Art Leete,26
3972079,Piret Koosa,Piret Koosa,135
3972079,Art Leete,Art Leete,26
3972080,Piret Koosa,Piret Koosa,135
3972080,Art Leete,Art Leete,26
3972081,Piret Koosa,Piret Koosa,135
3972081,Art Leete,Art Leete,26
3972082,Piret Koosa,Piret Koosa,135
3972082,Art Leete,Art Leete,26
3972083,Piret Koosa,Piret Koosa,135
3972083,Art Leete,Art Leete,26
3972084,Piret Koosa,Piret Koosa,135
3972084,Art Leete,Art Leete,26
3972085,Piret Koosa,Piret Koosa,135
3972085,Art Leete,Art Leete,26
3972086,Piret Koosa,Piret Koosa,135
3972086,Art Leete,Art Leete,26
4235997,Jüri Linnus,Jüri Linnus,73
4235997,Tanel Linnus,Tanel Linnus,149
4235998,Jüri Linnus,Jüri Linnus,73
4235998,Tanel Linnus,Tanel Linnus,149
4235999,Jüri Linnus,Jüri Linnus,73
4235999,Tanel Linnus,Tanel Linnus,149
4304450,Anzori Barkalaja,Anzori Barkalaja,22
4590593,Armas Otto Väisanen,Armas Otto Väisanen,23
4590595,Armas Otto Väisanen,Armas Otto Väisanen,23
4590596,Evald Paavo,Evald Paavo,47
4590634,Karl Voldemar Rosenstrauch,Karl Voldemar Rosenstrauch,87
4590814,Aleksei Peterson,Aleksei Peterson,17
4590814,Aado Lintrop,Aado Lintrop,7
4590814,Lembit Lepp,Lembit Lepp,97
4590814,Jüri Karm,Jüri Karm,71
4590879,Aleksei Peterson,Aleksei Peterson,17
4590879,Vello Kutsar,Vello Kutsar,163
4590940,Heno Sarv,Heno Sarv,58
4590945,Jüri Linnus,Jüri Linnus,73
4590945,Mati Ruljand,Mati Ruljand,118
4590946,Jüri Linnus,Jüri Linnus,73
4590946,Mati Ruljand,Mati Ruljand,118
4591076,Aleksei Peterson,Aleksei Peterson,17
4591077,Aleksei Peterson,Aleksei Peterson,17
4591080,Aleksei Peterson,Aleksei Peterson,17
4591220,Aleksei Peterson,Aleksei Peterson,17
4591273,Oskar Loorits,Oskar Loorits,122
4591309,Lauri Ilmari Itkonen,Lauri Ilmari Itkonen,91
4591353,Tuomo Itkonen,Tuomo Itkonen,158
4591400,Lauri Ilmari Itkonen,Lauri Ilmari Itkonen,91
4591401,Karl Voldemar Rosenstrauch,Karl Voldemar Rosenstrauch,87
4645919,Edgar saar,Edgar Saar,35
4645920,Edgar saar,Edgar Saar,35
4646402,Aleksei Peterson,Aleksei Peterson,17
4646402,Lembit Lepp,Lembit Lepp,97
4646403,Aleksei Peterson,Aleksei Peterson,17
4646403,Lembit Lepp,Lembit Lepp,97
4648743,Heno Sarv,Heno Sarv,58
4648744,Heno Sarv,Heno Sarv,58
