object_id,material,material_category
518063,linane,tekstiil
518064,katteriie,tekstiil
518064,koekirjaline kangas,tekstiil
518064,puuvillane,tekstiil
518064,vooder,tekstiil
518065,katteriie,tekstiil
518065,puuvillane,tekstiil
518065,vooder,tekstiil
518066,linane,tekstiil
518066,tikandi muster punase,tekstiil
518066,halli ja musta niidiga,tekstiil
518513,lina,tekstiil
518513,puuvill,tekstiil
518514,puuvill,tekstiil
518515,mitmevärviline kaltsuvaip,tekstiil
518515,tekstiil,tekstiil
518517,puuvill,tekstiil
518518,pits,tekstiil
518518,puuvillane,tekstiil
518519,puit,puit
518521,lina,tekstiil
519423,kahekordsed sambad,tekstiil
519423,linane,tekstiil
519424,puit,puit
519425,puit,puit
519426,puit,puit
519427,puit,puit
519428,linane,tekstiil
519428,punane muster,tekstiil
519429,linane,tekstiil
519429,punane muster,tekstiil
519430,toht,puit
519431,nahk,tekstiil
519431,põhjapõder,tekstiil
519433,kaunistus,tekstiil
519433,kollane,tekstiil
519433,roheliste ja siniste väikeste helmestega tikitud mustrid (pärl-kaunistus),tekstiil
519433,punane,tekstiil
519433,helepruunid ja valged triibud,tekstiil
519433,pärl,tekstiil
519433,tekstiil,tekstiil
519800,punasel põhjal muster,tekstiil
519800,valged,tekstiil
519800,kollane,tekstiil
519800,rohelised,tekstiil
519800,sinine,tekstiil
519800,tekstiil,tekstiil
520181,linane,tekstiil
520181,valgel põhjal muster,tekstiil
520182,lina,tekstiil
520182,puuvill,tekstiil
520183,lina,tekstiil
520184,lina,tekstiil
520184,puuvill,tekstiil
520185,puuvill,tekstiil
520186,linane,tekstiil
520186,mitmevärvilised osad,tekstiil
520187,otstes punasest riiest,tekstiil
520187,kootud,tekstiil
520187,kaunistus,tekstiil
520187,tekstiil,tekstiil
520188,linane,tekstiil
520188,otstes korjatud põimes valge-punane ornament,tekstiil
520189,tekstiil,tekstiil
520190,lina,tekstiil
520190,puuvill,tekstiil
520191,,tekstiil
520191,nahk,tekstiil
520193,lina,tekstiil
520193,puuvill,tekstiil
520193,tekstiil,tekstiil
520194,nahk,tekstiil
520194,tekstiil,tekstiil
520194,umbkuub,tekstiil
520194,karv,nahk
520194,puuvillane kangas,tekstiil
520196,nahk,nahk
520196,puuvillane,tekstiil
520196,umbkuub,nahk
520196,karv,tekstiil
520196,tumeroosa riie,tekstiil
520196,õlgade vooder puna-valge-mummuline,tekstiil
520603,koer,nahk
520603,kunstnahk,nahk
520603,nahk,nahk
520603,painutatud korpus,puit
520603,sissepõletatud geomeetriline muster korpusel ja pulkadel.,puit
520603,pärn,puit
520603,rihm,puit
520617,linane,tekstiil
520617,pakutrükk,tekstiil
520617,mari,tekstiil
520617,,tekstiil
521055,villane,tekstiil
521362,lina,tekstiil
521363,sünteetika,tekstiil
521363,puuvill,tekstiil
521366,vask,metall
521368,puit,puit
521370,puit,puit
521371,segakiud,tekstiil
521371,sünteetika,tekstiil
521372,puit,puit
521373,puit,puit
521374,puit,puit
521375,puit,puit
521376,puit,puit
521377,puit,puit
521377,vits,puit
521378,lina,tekstiil
521378,puuvill,tekstiil
521379,linane,tekstiil
521379,ruuduline kangas,tekstiil
521380,kott,tekstiil
521380,lina,tekstiil
521380,mõõt,tekstiil
521380,salv,tekstiil
521380,nahk,nahk
521380,nöör,tekstiil
521380,puit,puit
521381,raud,metall
521382,raud,metall
521383,puit,puit
521384,savi,keraamika
521385,puit,puit
521385,raud,metall
521386,oherdipea,puit
521386,oherdiraud,puit
521386,puit,puit
521386,raud,puit
521387,raud,metall
521388,puit,puit
521389,puit,puit
521390,puit,puit
521555,nahk,nahk
521555,nahk,nahk
521555,sünteetika,tekstiil
521555,tald,nahk
521580,karusnahk,nahk
521580,nahk,nahk
521581,kask,puit
521581,sünteetika,tekstiil
521581,tehismaterjal,plastik
521646,kasetoht,puit
521646,kask,puit
521647,nahk,nahk
521647,põhjapõder,nahk
521647,hall,nahk
521647,pruun,nahk
521647,kangas,nahk
521648,mitmevärviline ripskoes vöö,tekstiil
521648,tekstiil,tekstiil
521649,värviline,tekstiil
521649,ripskoes,tekstiil
521649,tekstiil,tekstiil
521650,värviline,tekstiil
521650,ripskoes,tekstiil
521650,tekstiil,tekstiil
521651,linane,tekstiil
521651,tikitud ja kootud mitmevärviline muster,tekstiil
521651,helmed,tekstiil
521652,linane,tekstiil
521652,mitmevärviline tikand servades,tekstiil
521652,poepits,tekstiil
521688,metall,metall
521689,nahk,nahk
521689,pael,nahk
521689,tekstiil,nahk
521690,klaas,klaas
521690,metall,metall
521691,metall,metall
521692,vill,tekstiil
521693,lina,tekstiil
521698,metall,metall
521698,nahk,nahk
521698,puit,puit
521699,metall,metall
521699,puit,puit
521699,tera,
521701,puit,puit
521702,puit,puit
521703,puit,puit
521704,puit,puit
521705,puit,puit
521706,puit,puit
521707,haru,
521707,käepide,
521707,metall,metall
521707,puit,puit
521708,haru,
521708,käepide,
521708,metall,metall
521708,puit,puit
521709,haru,
521709,käepide,
521709,metall,metall
521709,puit,puit
521710,metall,metall
521711,metall,metall
521712,raud,metall
521713,atlasriie,tekstiil
521713,krae,tekstiil
521713,passeosal ja mansettidel triibuline puuvillane vooder,tekstiil
521713,puuvillane,tekstiil
521714,puuvillane,tekstiil
521714,triibuline kangas,tekstiil
521715,puuvillane,tekstiil
521715,kangas,tekstiil
521993,põdranahk,nahk
521993,sulg,nahk
521993,mosaiik,nahk
521993,aplikatsioon,nahk
521993,nahk,nahk
521994,nahk,nahk
521994,põhjapõder,nahk
521994,värviline kangas,nahk
521994,nahkmosaiik,nahk
521995,nahk,nahk
521995,põhjapõder,nahk
521996,nahk,nahk
521996,põhjapõder,nahk
522002,poolvillane triibuline,tekstiil
522002,kuderipstehnikas,tekstiil
522002,liht- ja tallatud vöötidega,tekstiil
522002,tekstiil,tekstiil
522003,poolvillane triibuline,tekstiil
522003,kuderipstehnikas,tekstiil
522003,liht- ja tallatud vöötidega,tekstiil
522003,tekstiil,tekstiil
522051,puit,puit
522052,kask,puit
522053,kask,puit
522062,lina,tekstiil
522064,siid,tekstiil
522064,tumeroosa põhipind,tekstiil
522064,,tekstiil
522065,,tekstiil
522065,pruunid lilled ja rohelised lehed,tekstiil
522065,puuvillane,tekstiil
522066,hallis toonis põhipind ja sinised ääretriibud,tekstiil
522066,puuvillane,tekstiil
522067,labases koes,tekstiil
522067,sinine,tekstiil
522067,hallid ruudud,tekstiil
522067,punased ja kollased peenikesed lõimejooned,tekstiil
522067,villane,tekstiil
522068,toimne riie,tekstiil
522068,villane,tekstiil
522069,labases koes,tekstiil
522069,punane ristpistes tikand,tekstiil
522069,linane,tekstiil
522069,lõng,tekstiil
522069,puuvillane,tekstiil
522070,puit,puit
522071,raud,metall
522072,raud,metall
522073,savi,keraamika
522074,savi,keraamika
522723,nahk,nahk
522723,puit,puit
522723,tekstiil,tekstiil
522723,vask,metall
523449,linane,tekstiil
523449,ornament,tekstiil
523449,punane,tekstiil
523449,roheline,tekstiil
523449,niit,tekstiil
523449,puuvillane,tekstiil
523450,linane,tekstiil
523450,ornament,tekstiil
523450,puuvillane,tekstiil
523451,linane,tekstiil
523451,ornament,tekstiil
523451,villane,tekstiil
523452,linane,tekstiil
523452,ornament,tekstiil
523452,puuvillane,tekstiil
524027,,tekstiil
524027,mitmevärvilised osad,tekstiil
524027,aplikatsioon,tekstiil
524027,tekstiil,tekstiil
524028,,tekstiil
524028,mitmevärvilised osad,tekstiil
524028,aplikatsioon,tekstiil
524028,tekstiil,tekstiil
524029,,tekstiil
524029,mitmevärvilised osad,tekstiil
524029,aplikatsioon,tekstiil
524029,tekstiil,tekstiil
524030,,tekstiil
524030,mitmevärvilised osad,tekstiil
524030,aplikatsioon,tekstiil
524030,tekstiil,tekstiil
524031,helelilla seelik,tekstiil
524031,mitmevärvilised osad,tekstiil
524031,aplikatsioon,tekstiil
524031,tekstiil,tekstiil
524032,helelilla seelik,tekstiil
524032,aplikatsioon,tekstiil
524032,tekstiil,tekstiil
524033,tekstiil,tekstiil
524033,valge põhjal sini-hallililleline seelik,tekstiil
524033,aplikatsioon,tekstiil
524034,tekstiil,tekstiil
524034,valge põhjal sini-hallililleline seelik,tekstiil
524034,aplikatsioon,tekstiil
524035,,tekstiil
524035,mitmevärvilised osad,tekstiil
524035,aplikatsioon,tekstiil
524035,tekstiil,tekstiil
524438,tekstiil,
524438,valge-punane aplikatsioon,
524438,puna-kollane põimitud nöör,
524441,kollane,
524441,sinine,
524441,punased helmed,luu
524441,pärl,luu
524445,karusnahk,nahk
524445,riidest aplikatsioon,nahk
524445,nahk,nahk
524687,kaaskiri,paber
524687,karp,plastik
524687,läbipaistev kaas,plastik
524687,metall,metall
524687,nuga,metall
524687,paber,paber
524687,plastmass,plastik
524794,puit,puit
525187,puit,puit
525920,puit,puit
526325,lõng,tekstiil
526325,sünteetika,tekstiil
526325,villane,tekstiil
526326,silmus,tekstiil
526326,must villane,tekstiil
526326,muster mitmevärvilisest kunst- ja villasest lõngast,tekstiil
526326,villane,tekstiil
526327,puit,puit
526328,puit,puit
526329,puit,puit
526330,käepide,
526330,metall,metall
526330,puit,puit
526330,tera,
526331,mõõt,
526331,nahk,nahk
526331,puit,puit
526331,püssirohu anum,nahk
526331,sarv,luu
526331,tupp,nahk
526331,vöö,nahk
526331,vask,metall
526332,jõhv,
526332,kinnitus,
526332,pael,
526332,puit,
526333,savi,keraamika
526334,savi,keraamika
526335,puit,puit
526336,pits,tekstiil
526336,puuvillane,tekstiil
526337,metall,metall
526337,pide,
526337,puit,puit
526337,saeleht,metall
526338,puit,puit
526338,vineer,puit
526581,ornament,tekstiil
526581,punane ja must,tekstiil
526581,segakiud,tekstiil
526581,kanvaa,tekstiil
526581,tekstiil,tekstiil
526675,vask,metall
526676,puit,puit
526677,vask,metall
526678,nahk,nahk
526678,põhjapõder,nahk
526679,hõbe,metall
526679,vask,metall
526680,puit,puit
526680,öönestamine,puit
526681,kalev (riidesort),tekstiil
526681,nahk,tekstiil
526681,puuvill,tekstiil
526681,sidumisnöör,tekstiil
526681,vill,tekstiil
526681,vooder,tekstiil
526682,kalev (riidesort),tekstiil
526682,kant,tekstiil
526682,lõng,tekstiil
526682,nahk,tekstiil
526682,sisetald,tekstiil
526682,vill,tekstiil
526682,vilt,tekstiil
526683,metall,nahk
526683,nahk,nahk
526683,tekstiil,nahk
526684,toht,puit
526685,puuvillane,tekstiil
526689,pikitriibuline,tekstiil
526689,puuvillane,tekstiil
526690,puit,puit
526691,puit,puit
526692,puit,puit
526692,puuoks,puit
526692,toht,puit
526693,kasetoht,puit
526693,riputamiseks on  nahast pael,
526693,kask,puit
526694,kask,puit
526694,puit,puit
526694,,puit
526694,toht,puit
526695,puit,puit
526696,puit,puit
526697,puit,puit
526698,puit,puit
526699,damast (riidesort),tekstiil
526880,tikand,tekstiil
526880,puuvillane,tekstiil
526881,atlasriie,tekstiil
526881,puuvill,tekstiil
526884,linane,tekstiil
526884,punasel põhjal muster,tekstiil
526884,must,tekstiil
526884,kollased triibud,tekstiil
526884,kodukootud kangas,tekstiil
526885,linane,tekstiil
526885,,tekstiil
526885,punane,tekstiil
526885,valge ja rohelisega triibud,tekstiil
526885,naastpõim,tekstiil
526886,lina,tekstiil
526886,vill,tekstiil
526991,lehtpuu,puit
527010,kalev (riidesort),nahk
527010,nahk,nahk
527010,vill,nahk
527010,vilt,nahk
527010,sisetald,nahk
527011,puit,puit
527012,kask,puit
527012,puuvill,tekstiil
527012,rihm,puit
527013,juured,puit
527013,puit,puit
527014,puit,puit
527015,puit,puit
527016,lina,tekstiil
527016,puuvill,tekstiil
527017,hüljes,nahk
527017,nahk,nahk
527017,tekstiil,nahk
527017,vooder,nahk
527018,puit,puit
527019,puit,puit
527020,laast,puit
527020,pärn,puit
527021,puit,puit
527022,metall,metall
527022,pael,metall
527022,puuvill,metall
527022,traat,metall
527022,vask,metall
527023,puit,puit
527024,puit,puit
527025,puit,puit
527026,puit,puit
527027,lina,puit
527027,niit,puit
527027,puit,puit
527028,puit,puit
527028,sünteetika,tekstiil
527028,tehismaterjal,plastik
527029,kandid,tekstiil
527029,lina,tekstiil
527029,nööp,tekstiil
527029,puuvill,tekstiil
527029,vask,tekstiil
527030,puit,puit
527030,raud,puit
527031,kasetoht,puit
527031,kask,puit
527031,puit,puit
527031,,puit
527031,kaas,puit
527032,harjas,nahk
527032,lina,nahk
527032,siga,nahk
527033,vask,metall
527034,savi,keraamika
527035,puit,puit
527036,puit,metall
527036,raud,metall
527037,raud,metall
527038,vask,metall
527039,puit,puit
530016,lõng,tekstiil
530016,lõng,tekstiil
530016,villane,tekstiil
545845,samet,tekstiil
545845,puna-sini-roosa-valge-roheline lilltikand,tekstiil
545845,samet,tekstiil
545846,kalev (riidesort),tekstiil
545846,kaunistus,tekstiil
545846,must siidniit,tekstiil
545846,punane ja roheline poelint,tekstiil
545847,lina,tekstiil
545847,puuvill,tekstiil
545848,puuvillane,tekstiil
545848,,tekstiil
545848,peenike mitmevärviline muster,tekstiil
545849,puuvill,tekstiil
545850,tekstiil,tekstiil
545850,roheline,tekstiil
545850,pits,tekstiil
545851,kalev (riidesort),tekstiil
545852,kalev (riidesort),tekstiil
545852,puna-roheline ruuduline vooder,tekstiil
545852,vask,tekstiil
545853,nööp,tekstiil
545853,plast,tekstiil
545853,puuvillane või linane(?),tekstiil
545853,tekstiil,tekstiil
545854,pruun tugevduspael,tekstiil
545854,vilt,tekstiil
547884,lina,tekstiil
547884,puuvill,tekstiil
555487,tekstiil,tekstiil
555489,lina,tekstiil
555489,puuvill,tekstiil
555493,tekstiil,tekstiil
555493,valge ja punane,tekstiil
555498,punane muster,tekstiil
555498,tekstiil,tekstiil
555505,punane muster,tekstiil
555505,tekstiil,tekstiil
555900,must,tekstiil
555900,sinine,tekstiil
555900,punane,tekstiil
555900,,tekstiil
555900,tekstiil,tekstiil
555903,must,tekstiil
555903,sinine,tekstiil
555903,punane,tekstiil
555903,,tekstiil
555903,tekstiil,tekstiil
555905,must,
555905,punane,
555905,sinine,
555905,kollane,
555905,,
555905,tekstiil,
555906,must,tekstiil
555906,punane,tekstiil
555906,kollane,tekstiil
555906,roosa,tekstiil
555906,tekstiil,tekstiil
557262,saviglasuur,keraamika
557272,savi,keraamika
557695,puit,puit
563425,lina,tekstiil
563425,puuvill,tekstiil
563747,tekstiil,tekstiil
563747,toimne riie,tekstiil
563747,linane,tekstiil
563759,lõng,tekstiil
563759,sünteetika,tekstiil
563759,villane,tekstiil
585979,kask,puit
585979,nahk,puit
585979,pael,puit
585979,puit,puit
585979,ripats,puit
585979,tekstiil,puit
585979,toht,puit
585979,vask,puit
585980,puit,puit
585981,kask,puit
585981,nahk,puit
585981,pael,puit
585981,puit,puit
585981,toht,puit
585981,traat,puit
585981,vask,puit
585982,karv,nahk
585982,nahk,nahk
587814,lina,tekstiil
587814,puuvillane,tekstiil
587815,lina,tekstiil
587815,puuvill,tekstiil
587817,helmed,metall
587817,kivim,metall
587817,klaas,metall
587817,kuljused,metall
587817,linane,metall
587817,metall,metall
587817,niit,metall
587817,nööp,metall
588412,puit,puit
588413,puit,puit
588415,niin,puit
588416,lõng,tekstiil
588416,villane,tekstiil
588417,kude,tekstiil
588417,linane,tekstiil
588417,lõim,tekstiil
588417,puuvillane,tekstiil
588417,tekstiil,tekstiil
588418,metall,metall
588418,pronks,metall
588418,oksüdeeritud,metall
588419,metall,metall
588419,pronks,metall
588419,oksüdeeritud,metall
588420,painutatud vasktraat,metall
588420,vask,metall
588422,laiendis,metall
588422,vask,metall
592808,puuvill,tekstiil
592809,tekstiil,tekstiil
592810,metall,metall
592816,lõng,tekstiil
592816,vill,tekstiil
592816,villane,tekstiil
592818,kunstkiudmaterjal,tekstiil
592818,põhivärv - kirsipunane,tekstiil
592818,muster - hall,tekstiil
592818,valge,tekstiil
592818,kollane,tekstiil
592818,punane,tekstiil
592818,roosa,tekstiil
592818,roheline,tekstiil
592818,vill,tekstiil
592818,villane,tekstiil
592819,lõng,tekstiil
592819,vill,tekstiil
592819,villane,tekstiil
592820,lõng,tekstiil
592820,vill,tekstiil
592820,villane,tekstiil
592821,valge-pruun pikitriibuline silmkude,tekstiil
592821,vill,tekstiil
592821,villane,tekstiil
596931,puit,puit
596932,puit,puit
596933,puit,puit
596934,puit,puit
599952,jalased,puit
599952,nahk,puit
599952,puit,puit
599952,raud,puit
599952,toht,puit
599952,võru,puit
599952,rake,puit
612334,okaspuit,puit
612335,savi,keraamika
612336,lõng,tekstiil
612336,villane,tekstiil
612339,savi,keraamika
612340,kask,puit
612340,vineer,puit
612341,lõng,tekstiil
612341,villane,tekstiil
612342,lõng,tekstiil
612342,villane,tekstiil
612343,lõng,tekstiil
612343,villane,tekstiil
612344,kask,puit
612344,metall,metall
612346,raud,metall
612347,lõng,tekstiil
612347,lõng,tekstiil
612347,villane,tekstiil
612348,lõng,tekstiil
612348,,tekstiil
612348,villane,tekstiil
612351,kuusk,puit
612352,mänd,puit
612357,raud,metall
612358,kask,puit
612358,puuvill,puit
612358,võrk,puit
612359,kask,puit
612359,raud,metall
612360,kask,puit
612360,raud,puit
612361,kask,puit
612362,mänd,puit
612363,toht,puit
612364,kuusk,puit
612366,lehm,luu
612366,luu,luu
612366,niit,luu
612366,puuvill,luu
612367,plast,plastik
612368,plast,plastik
612369,plast,plastik
612370,õunapuu,puit
612400,kapron,tekstiil
612400,litrid,tekstiil
612400,pael,tekstiil
612400,puuvillane,tekstiil
612400,satään (riidesort),tekstiil
612400,sünteetika,tekstiil
612400,vask,tekstiil
612403,lepp,puit
612403,mänd,puit
612404,lina,puit
612404,metall,puit
612404,niit,puit
612404,plast,puit
612404,sanga ümbris,puit
612404,toht,puit
612404,traat,puit
612405,lehtpuu,puit
612411,metall,metall
612412,niin,puit
612412,tekstiil,puit
612412,toht,puit
612413,niin,puit
612414,puit,puit
612415,lehtpuu,puit
612416,okaspuit,puit
612417,lehtpuu,puit
612419,metall,metall
612419,mänd,metall
612419,traat,metall
612420,savi,keraamika
612421,kask,puit
612421,rullid,puit
612421,saar,puit
612422,raud,metall
612423,raud,metall
612424,savi,keraamika
612425,kask,puit
612425,küljelaud,puit
612425,mänd,puit
612425,okaspuit,puit
612425,,puit
612425,voodi otsad,puit
612426,vask,metall
612427,jõhv,tekstiil
612427,kask,puit
612427,nahk,puit
612428,kask,puit
612428,kuusk,puit
612428,metall,puit
612428,saar,puit
612428,vars,puit
612429,mänd,puit
612430,kuusk,puit
612431,kask,puit
612432,raud,metall
612433,raud,metall
612434,kask,puit
612435,kuusk,puit
612436,kask,puit
612437,kuusk,puit
612438,raud,metall
612438,saar,puit
612439,savi,keraamika
612440,kask,puit
612441,kuusk,puit
612442,linane,tekstiil
612442,nöör,tekstiil
612442,raud,metall
612442,õngekonks,metall
612443,raud,metall
612444,mänd,puit
612445,kuusk,puit
612446,kuusk,puit
612446,paju,puit
612446,raud,puit
612447,kast,puit
612447,kraas,puit
612447,kuusk,puit
612447,metall,puit
612447,mänd,puit
612447,nahk,puit
612448,kask,puit
612449,,puit
612449,kuusk,puit
612449,lauad,puit
612449,mänd,puit
612450,raud,metall
612451,lehtpuu,puit
612452,mänd,puit
612453,okaspuit,puit
612453,raud,puit
612454,kuusk,puit
612454,saar,puit
612455,kuusk,puit
612456,kask,puit
612456,kuusk,puit
612456,,puit
612457,linane,tekstiil
612458,kant,tekstiil
612458,linane,tekstiil
612458,puuvillane,tekstiil
612458,riie,tekstiil
612458,trükitud,tekstiil
612459,geomeetriline muster,tekstiil
612459,linane,tekstiil
612459,puuvillane,tekstiil
612459,riie,tekstiil
612459,villane,tekstiil
612461,lina,tekstiil
612461,puuvill,tekstiil
612461,vill,tekstiil
612462,lina,tekstiil
612462,vill,tekstiil
612464,linane,tekstiil
612464,värviline lõng,tekstiil
612464,pael,tekstiil
612464,hallikas-valge,tekstiil
612464,pits,tekstiil
612464,,tekstiil
612464,poeriie,tekstiil
612464,puuvillane,tekstiil
612464,riie,tekstiil
612464,siid,tekstiil
612464,villane,tekstiil
612464,villane,tekstiil
612468,kude,tekstiil
612468,puuvillane,tekstiil
612468,lõim,tekstiil
612468,villane,tekstiil
612469,tekstiil,tekstiil
612471,niin,puit
612473,kask,puit
612493,lõng,tekstiil
612493,metall,tekstiil
612493,nööp,tekstiil
612493,pärlid,tekstiil
612493,villane,tekstiil
612494,villane,tekstiil
612500,hõbe,metall
612500,klaas,klaas
612500,münt,metall
612501,kanep,tekstiil
612501,kodukootud kangas,tekstiil
612502,kanep,tekstiil
612502,riie,tekstiil
612502,kodukootud kangas,tekstiil
612503,kanep,tekstiil
612503,riie,tekstiil
612503,kodukootud kangas,tekstiil
612504,kanep,tekstiil
612504,must niit,tekstiil
612504,punane,tekstiil
612504,lõng,tekstiil
612504,puuvillane,tekstiil
612504,riie,tekstiil
612504,kodukootud kangas,tekstiil
612504,villane,tekstiil
612505,kanep,tekstiil
612505,must niit,tekstiil
612505,punane,tekstiil
612505,,tekstiil
612505,roheline,tekstiil
612505,lilla,tekstiil
612505,roosa lõng,tekstiil
612505,puuvillane,tekstiil
612505,riie,tekstiil
612505,kodukootud kangas,tekstiil
612505,villane,tekstiil
612506,kanep,tekstiil
612506,kangas,tekstiil
612506,lõng,tekstiil
612506,niit,tekstiil
612506,pael,tekstiil
612506,puuvillane,tekstiil
612506,villane,tekstiil
612507,hõbe,metall
612508,kanep,tekstiil
612508,kangas,tekstiil
612508,niit,tekstiil
612508,pael,tekstiil
612508,puuvillane,tekstiil
612508,villane,tekstiil
612509,kanep,tekstiil
612509,kangas,tekstiil
612509,labane villane,tekstiil
612509,lõng,tekstiil
612509,niit,tekstiil
612509,pael,tekstiil
612509,puuvillane,tekstiil
612509,villane,tekstiil
612510,lõng,tekstiil
612510,pits,tekstiil
612510,puuvillane,tekstiil
612510,villane,tekstiil
612511,kanep,tekstiil
612511,labane kangas,tekstiil
612511,lõng,tekstiil
612511,niit,tekstiil
612511,puuvillane,tekstiil
612511,villane,tekstiil
612512,toht,puit
612513,pärn,puit
612514,pärn,puit
612515,kanep,tekstiil
612516,hõbe,metall
612516,kett,metall
612516,münt,metall
612516,valge metall,metall
612517,hõbe,metall
612517,must riie,metall
612517,tekstiil,metall
612518,kude,tekstiil
612518,lõim,tekstiil
612518,puuvillane,tekstiil
612519,labane kangas,tekstiil
612519,niit,tekstiil
612519,puuvillane,tekstiil
612520,atlasriie,tekstiil
612520,labane kangas,tekstiil
612520,mulinee,tekstiil
612520,pael,tekstiil
612520,puuvillane,tekstiil
612520,siid,tekstiil
612520,vooder,tekstiil
612521,vooder,tekstiil
612521,labane kangas,tekstiil
612521,mulinee,tekstiil
612521,puuvillane,tekstiil
612521,tikand,tekstiil
612522,raud,metall
612523,konks,metall
612523,paju,puit
612523,raskus,metall
612523,raud,metall
612523,tamiil,plastik
612523,tehismaterjal,plastik
612523,tina,metall
612523,traat,metall
612523,vask,metall
612524,kask,puit
612525,puit,puit
612525,toht,puit
612527,vask,metall
612528,peenvillane,tekstiil
612528,riie,tekstiil
612528,siid,tekstiil
612528,villane,tekstiil
612529,klaas,klaas
612531,lina,tekstiil
612533,kask,puit
612533,raud,metall
612534,kask,puit
612534,raud,puit
612535,kask,puit
612536,raud,metall
612537,raud,metall
612538,raud,metall
612539,kask,metall
612539,käepide,metall
612539,raud,metall
612540,metall,metall
612540,raud,metall
612540,raudplekk,metall
612540,rõngas,metall
612541,kask,puit
612541,pakk,puit
612541,pulgad,puit
612541,õunapuu,puit
612543,puuvill,tekstiil
612544,mänd,puit
612550,kaas,puit
612550,kadakas,puit
612550,kask,puit
612550,kuusk,puit
612550,vits,puit
612553,raud,metall
612555,kadakas,puit
612555,kuusk,puit
612555,vits,puit
612556,metall,metall
612556,raud,metall
612556,raudplekk,metall
612556,rõngas,metall
612557,aas,metall
612557,metall,metall
612557,nahk,metall
612557,raud,metall
612557,raudplekk,metall
612557,rihm,metall
612558,raud,metall
612560,puit,puit
612562,kask,puit
612562,kiil,puit
612562,kuusk,puit
612562,sambad,puit
612562,treipulk,puit
612563,kask,puit
612564,kask,puit
612564,pakk,puit
612564,raud,metall
612565,lina,puit
612565,mänd,puit
612566,lina,tekstiil
612566,puuvill,tekstiil
612567,kask,puit
612568,kask,puit
612569,kask,puit
612570,kask,puit
612570,kolk,puit
612570,kuusk,puit
612570,nahk,puit
612570,rihm,puit
612570,vars,puit
612571,harjas,nahk
612571,kask,puit
612571,metall,metall
612571,traat,metall
612599,pärn,puit
612599,,puit
612599,toht,puit
612600,kask,puit
612601,kasetoht,puit
612601,pärn,puit
612601,,puit
612601,toht,puit
612601,traat,puit
612601,vask,puit
612602,metall,puit
612602,pärn,puit
612602,traat,puit
612603,kasetoht,puit
612603,pärn,puit
612603,,puit
612603,toht,puit
612604,kask,puit
612605,haab,puit
612605,kuusk,puit
612605,otsalauad,puit
612606,niin,puit
612606,pärn,puit
612608,kanep,tekstiil
612608,punane kude,tekstiil
612608,sinine ja valge,tekstiil
612608,lõim,tekstiil
612609,kask,puit
612609,kuusk,puit
612609,poolivarras,puit
612611,pärn,puit
612613,linane,tekstiil
612613,ruuduline: valge-punane,tekstiil
612615,kanep,tekstiil
612615,looduslik kiud,tekstiil
612616,labane kangas,tekstiil
612616,linane,tekstiil
612617,metall,puit
612617,nahk,puit
612617,niin,puit
612617,pannal,puit
612617,pärn,puit
612617,rihm,puit
612617,pael,puit
612617,aas,puit
612618,niin,puit
612618,pärn,puit
612618,,puit
612618,toht,puit
612619,toht,puit
612620,juured,puit
612620,lehtpuu,puit
612620,traat,puit
612620,vask,puit
612621,kask,puit
612622,lina,tekstiil
612622,mänd,puit
612622,nöör,tekstiil
612623,kask,puit
612623,kuusk,puit
612623,peeled,puit
612623,piid,puit
612623,pärn,puit
612623,sõlg,puit
612623,vaher,puit
612624,niin,puit
612624,pärn,puit
612625,lina,tekstiil
612625,nahk,nahk
612625,niit,tekstiil
612625,pärn,puit
612625,nahk,nahk
612625,toht,puit
612627,kask,puit
612627,kuusk,puit
612627,lauad,puit
612627,ots,puit
612628,kaare ülaosa,puit
612628,kuusk,puit
612628,lehtpuu,puit
612628,niin,puit
612628,nöör,puit
612628,pärn,puit
612628,,puit
612628,pärn,puit
612628,raam,puit
612628,toht,puit
612629,haab,puit
612630,lehtpuu,puit
612631,lina,tekstiil
612631,niin,puit
612631,pullud,puit
612631,raskuskivid,kivim
612631,savi,keraamika
612631,selis,puit
612631,toht,puit
612632,lina,tekstiil
612632,puuvill,tekstiil
612634,kuusk,puit
612635,haab,puit
612636,haab,puit
612636,piid,puit
612636,raam,puit
612636,vaher,puit
612637,puit,puit
612638,haab,puit
612639,haab,puit
612640,lina,tekstiil
612640,puuvill,tekstiil
612641,lina,tekstiil
612642,lina,tekstiil
612642,puuvill,tekstiil
612645,haak,tekstiil
612645,linane,tekstiil
612645,metall,tekstiil
612646,labane toimne,tekstiil
612646,linane,tekstiil
612646,must pael,tekstiil
612646,puuvillane,tekstiil
612652,seeder,puit
612653,seeder,puit
612654,hõbe,metall
612658,hõbe,metall
612661,must pits,tekstiil
612661,puuvillane,tekstiil
612661,riie,tekstiil
612661,siid,tekstiil
612661,tumekollane,tekstiil
612662,atlasriie,tekstiil
612662,puuvillane,tekstiil
612662,siid,tekstiil
612663,atlasriie,tekstiil
612663,heegelpits,tekstiil
612663,pael,tekstiil
612663,puuvillane,tekstiil
612663,roosa,tekstiil
612663,siid,tekstiil
612663,värvel,tekstiil
612664,atlasriie,tekstiil
612664,pael,tekstiil
612664,puuvillane,tekstiil
612664,vooder,tekstiil
612665,seeder,puit
612666,lõng,tekstiil
612666,vill,tekstiil
612667,kanep,tekstiil
612667,looduslik kiud,tekstiil
612667,lõng,tekstiil
612667,vill,tekstiil
612668,kanep,tekstiil
612668,kude,tekstiil
612668,taimne kiud,tekstiil
612668,vill,tekstiil
612669,kanep,tekstiil
612669,looduslik kiud,tekstiil
612670,kask,puit
612671,metall,metall
612671,puit,puit
612672,puit,puit
612673,lehtpuu,puit
612674,kask,puit
612675,vill,tekstiil
612676,nahk,nahk
612677,kask,puit
612677,nahk,puit
612678,puit,puit
612678,punn,puit
612678,savi,keraamika
612678,toht,puit
612679,takk,puit
612679,toht,puit
612680,toht,puit
612681,tekstiil,puit
612681,toht,puit
612683,lina,tekstiil
612683,puuvill,tekstiil
612684,lina,tekstiil
612684,puuvill,tekstiil
612685,lina,tekstiil
612685,puuvill,tekstiil
612686,kask,puit
612686,käepide,
612686,raud,metall
612687,kask,puit
612687,raud,metall
612688,pärn,puit
612688,raud,metall
612689,kask,puit
612689,kolk,
612689,raud,metall
612689,vars,
612690,saar,puit
612690,sarv,luu
612691,luisk,kivim
612691,nahk,nahk
612691,sarv,luu
612691,tamm,puit
612691,veenõu,puit
612693,kask,luu
612693,,luu
612693,sarv,luu
612694,pärn,puit
612695,saar,puit
612696,lina,tekstiil
612696,puuvill,tekstiil
612697,lina,tekstiil
612697,puuvill,tekstiil
612698,puit,puit
612699,kask,puit
612700,pärn,puit
612703,lina,tekstiil
612705,kõrkjad,puit
612705,taimne kiud,puit
612707,karv,nahk
612707,must,nahk
612707,valge,nahk
612707,punane lõng,nahk
612707,vill,nahk
612707,villane,nahk
612708,kuusk,puit
612709,kask,puit
612710,pärn,puit
612711,kuusk,puit
612711,,puit
612711,pärn,puit
612711,raud,puit
612712,nahk,nahk
612712,vask,metall
612715,pärn,puit
612716,pärn,puit
612718,savi,keraamika
612719,savi,keraamika
612720,kõrkjad,puit
612720,taimne kiud,puit
612722,labasekoeline riie,tekstiil
612722,puuvillane pael,tekstiil
612722,puuvillane,tekstiil
612727,puit,puit
612728,vaher,puit
612733,puuvill,tekstiil
612733,vill,tekstiil
612734,kask,puit
612734,mänd,puit
612734,pulgad,puit
612735,seeder,puit
612736,seeder,puit
612737,kapron,puit
612737,lehtpuu,puit
612737,tehismaterjal,puit
612738,seeder,puit
612739,helmed,klaas
612739,plast,plastik
612740,kask,puit
612740,toht,puit
612741,niit,puit
612741,puuvill,puit
612741,toht,puit
612742,aas,puit
612742,lina,puit
612742,niit,puit
612742,tekstiil,puit
612742,toht,puit
612743,lina,puit
612743,niit,puit
612743,aas,puit
612743,puuvill,puit
612743,toht,puit
612746,kask,puit
612746,nõu,puit
612746,nöör,puit
612746,okaspuit,puit
612746,pulk,puit
612746,puuvill,puit
612747,seeder,puit
612748,seeder,puit
612749,puit,puit
612750,kask,puit
612751,kask,puit
612752,kanep,puit
612752,nöör,puit
612752,saar,puit
612753,pärn,puit
612754,kude,tekstiil
612754,linane,tekstiil
612754,lõim,tekstiil
612754,villane,tekstiil
612755,kude,tekstiil
612755,linane,tekstiil
612755,lõim,tekstiil
612755,villane,tekstiil
612760,kask,puit
612761,kude,tekstiil
612761,linane,tekstiil
612761,lõim,tekstiil
612761,villane,tekstiil
612763,aas ja konks,tekstiil
612763,kude,tekstiil
612763,linane,tekstiil
612763,lõim,tekstiil
612763,metall,tekstiil
612763,villane,tekstiil
612764,aas ja konks,tekstiil
612764,linane,tekstiil
612764,lõng,tekstiil
612764,metall,tekstiil
612764,puuvillane,tekstiil
612764,valge ja punane,tekstiil
612764,riie,tekstiil
612765,haak ja aas,tekstiil
612765,kodukootud kangas,tekstiil
612765,linane,tekstiil
612765,metall,tekstiil
612767,linane,tekstiil
612767,lõng,tekstiil
612767,villane,tekstiil
612771,puuvill,tekstiil
612771,vill,tekstiil
612772,kanep,puit
612772,puit,puit
612776,linane,tekstiil
612776,lõng,tekstiil
612776,puuvillane,tekstiil
612777,linane,tekstiil
612777,lõng,tekstiil
612779,linane,tekstiil
612779,lõng,tekstiil
612779,puuvillane,tekstiil
612779,vooder,tekstiil
612780,juured,puit
612780,mänd,puit
612782,,
612782,metall,metall
612782,mänd,puit
612782,saar,puit
612783,kanep,tekstiil
612783,raud,metall
612784,juured,puit
612784,mänd,puit
612785,niin,puit
612785,toht,puit
612786,lehtpuu,puit
612787,puit,puit
612788,kanep,tekstiil
612788,saar,puit
612790,kanep,tekstiil
612790,puit,puit
612791,saar,puit
612792,kanep,puit
612792,puit,puit
612793,saar,puit
612794,toht,puit
612892,kask,puit
612893,nöör,tekstiil
612893,raud,metall
612893,takk,puit
612894,malm,metall
612895,lammas,nahk
612895,nahk,nahk
612895,riba,nahk
612898,puuvill,tekstiil
612899,lina,tekstiil
612899,puuvill,tekstiil
612900,lina,tekstiil
612900,puuvill,tekstiil
612901,lina,tekstiil
612901,puuvill,tekstiil
612901,vill,tekstiil
612902,kinnitus,
612902,klaas,klaas
612902,metall,metall
612902,okaspuit,puit
612903,puuvill,tekstiil
612904,vill,tekstiil
612905,puuvill,tekstiil
612907,lina,tekstiil
612907,puuvill,tekstiil
612908,puuvill,tekstiil
612909,puuvill,tekstiil
612910,vill,tekstiil
612911,puuvill,tekstiil
612911,ruuduline kangas,tekstiil
612912,trikoo (riidesort),tekstiil
612913,lehtpuu,puit
612915,lina,tekstiil
612915,puuvill,tekstiil
612916,nahk,nahk
612916,takk,puit
612916,toht,puit
612917,lina,tekstiil
612917,nahk,nahk
612917,niit,tekstiil
612917,nöör,tekstiil
612917,takk,puit
612917,toht,puit
612918,savi,keraamika
612919,lina,tekstiil
612920,kask,puit
612921,lina,tekstiil
612939,kask,puit
612940,lehtpuu,puit
612941,kast,
612941,käepide,
612941,metall,metall
612941,okaspuit,puit
612941,vask,metall
612941,võll,puit
612942,okaspuit,puit
612945,lehtpuu,puit
612946,mänd,puit
612946,nöör,puit
612946,puuvill,puit
612947,lehtpuu,puit
612948,lehtpuu,puit
612949,lehtpuu,puit
612949,raud,puit
612950,kask,puit
612951,raud,metall
612951,tamm,puit
612953,lehtpuu,puit
612954,lehtpuu,puit
612956,lehtpuu,puit
612957,kuusk,puit
612957,raud,metall
612958,puuvill,tekstiil
612964,kude,tekstiil
612964,linane,tekstiil
612964,lõim,tekstiil
612964,villane,tekstiil
612965,kude,tekstiil
612965,linane,tekstiil
612965,lõim,tekstiil
612965,villane,tekstiil
612965,voodririba,tekstiil
612967,lõng,tekstiil
612967,villane,tekstiil
612969,saviglasuur,keraamika
612970,saviglasuur,keraamika
612971,savi,keraamika
612972,saviglasuur,keraamika
612973,saviglasuur,keraamika
612975,hõbe,metall
612976,peegelklaas,klaas
612977,lina,puit
612977,niin,puit
612977,nöör,puit
612978,niin,puit
612979,paju,puit
612979,toht,puit
612980,kapron,puit
612980,niin,puit
612980,puit,puit
612980,võrk,puit
612981,pärn,puit
612983,kask,puit
612984,,puit
612984,,puit
612984,kask,puit
612984,lina,puit
612984,sarapuu,puit
612985,mänd,puit
612986,niin,puit
612988,linane,tekstiil
612989,linane,tekstiil
612991,kask,puit
612992,kask,puit
612993,kask,puit
612994,kuusk,puit
612995,haab,puit
612997,kask,puit
612998,metall,puit
612998,niin,puit
612998,plast,puit
612998,puuvill,puit
612998,pärn,puit
612998,traat,puit
613000,saar,puit
613006,niin,puit
613007,linane,tekstiil
613008,niin,puit
613010,labane kangas,tekstiil
613010,linane,tekstiil
613011,linane,tekstiil
613019,niin,puit
613020,kask,puit
613021,lehtpuu,puit
613021,takk,puit
613022,kask,puit
613022,takk,puit
613024,lina,tekstiil
613024,vill,tekstiil
613025,lina,tekstiil
613025,vill,tekstiil
613028,kalev (riidesort),nahk
613028,karusnahk,nahk
613028,põhjapõder,nahk
613029,kalev (riidesort),nahk
613029,karusnahk,nahk
613029,nahk,nahk
613029,pargitud,nahk
613029,põhjapõder,nahk
613029,värvilised riideribad,nahk
613030,kalev (riidesort),nahk
613030,karusnahk,nahk
613030,metall,nahk
613030,põhjapõder,nahk
613030,roheline trapetsikujuline riie,nahk
613030,õmblusnõel,nahk
613031,kudrused,tekstiil
613031,mineraal,tekstiil
613031,papp,tekstiil
613031,puuvill,tekstiil
613031,vill,tekstiil
613032,puuvill,tekstiil
613033,metall,tekstiil
613033,mineraal,tekstiil
613033,puuvill,tekstiil
613033,siid,tekstiil
613033,vill,tekstiil
613034,puuvill,tekstiil
613035,metall,tekstiil
613035,mineraal,tekstiil
613035,puuvill,tekstiil
613035,siid,tekstiil
613036,lõng,tekstiil
613036,villane,tekstiil
613037,lõng,tekstiil
613037,villane,tekstiil
613038,puuvill,tekstiil
613038,satään (riidesort),tekstiil
613039,lina,tekstiil
613039,vill,tekstiil
613040,lina,tekstiil
613040,vill,tekstiil
613041,lina,tekstiil
613041,puuvill,tekstiil
613041,vill,tekstiil
613042,lina,tekstiil
613042,vill,tekstiil
613043,linane,tekstiil
613043,valge kangas,tekstiil
613044,linane,tekstiil
613044,riie,tekstiil
613044,siid,tekstiil
613044,tikand,tekstiil
613044,villane,tekstiil
613045,puuvill,tekstiil
613045,vill,tekstiil
613046,nahk,nahk
613047,vill,tekstiil
613048,lehtpuu,puit
613049,kuusk,puit
613050,kuusk,puit
613051,niin,puit
613052,toht,puit
613053,kask,puit
613053,toht,puit
613054,kask,puit
613054,raud,puit
613055,toht,puit
613057,puuvill,tekstiil
613058,kott,puit
613058,luisk,puit
613058,tamm,puit
613058,toht,puit
613059,toht,puit
613060,lina,tekstiil
613061,linane,tekstiil
613061,toimne riie,tekstiil
613061,toimne riie,tekstiil
613062,labane riie,tekstiil
613062,linane,tekstiil
613064,kask,puit
613064,kuusk,puit
613064,külgpuu,puit
613065,kuusk,puit
613066,villane,tekstiil
613067,lina,tekstiil
613067,puuvill,tekstiil
613070,lõng,tekstiil
613070,puuvillane,tekstiil
613071,puuvill,tekstiil
613071,vill,tekstiil
613072,kanep,tekstiil
613072,kangas,tekstiil
613073,hõbe,metall
613073,tekstiil,metall
613074,loomanahk,nahk
613074,rant,nahk
613074,vask,nahk
613075,helmed,tekstiil
613075,kanep,tekstiil
613075,kangas,tekstiil
613075,klaas,tekstiil
613075,lõng,tekstiil
613075,pael,tekstiil
613075,puuvillane,tekstiil
613077,kask,puit
613078,kinnitus,
613078,lehtpuu,
613078,lehtpuu,
613078,raud,
613079,lõng,tekstiil
613079,niit,tekstiil
613079,puuvillane,tekstiil
613079,siid,tekstiil
613080,niit,tekstiil
613080,puuvillane kude,tekstiil
613080,siid,tekstiil
613081,niit,tekstiil
613081,puuvillane,tekstiil
613081,siid,tekstiil
613082,lehtpuu,puit
613084,hõbe,metall
613084,tekstiil,tekstiil
613085,paju,puit
613086,paju,puit
613087,paju,puit
613088,paju,puit
613092,nööp,tekstiil
613092,nahk,tekstiil
613092,pargitud lambanahk,tekstiil
613092,vask,tekstiil
613093,pärn,puit
613094,pärn,puit
613096,kanep,tekstiil
613096,labane kangas,tekstiil
613097,looduslik kiud,tekstiil
613097,vill,tekstiil
613101,kaarusnöör,tekstiil
613101,kard,tekstiil
613101,vasesulam,tekstiil
613101,kaurikarp,tekstiil
613101,loomne materjal,tekstiil
613101,peenekoeline,tekstiil
613101,puuvillane,tekstiil
613101,sik-sak,tekstiil
613101,vask,tekstiil
613101,villane,tekstiil
613101,villane,tekstiil
613103,triibuline,tekstiil
613103,villane,tekstiil
613104,kask,puit
613105,kask,puit
613105,,puit
613105,mänd,puit
613105,kuusk,puit
613105,metall,puit
613105,vits,puit
613106,kuusk,puit
613106,metall,puit
613107,kanep,tekstiil
613107,labane kangas,tekstiil
613108,kanep,tekstiil
613108,labane kreemikas kangas,tekstiil
613108,lõng,tekstiil
613108,pael,tekstiil
613108,valge puuvillane,tekstiil
613108,värviline villane,tekstiil
613109,kanep,tekstiil
613109,labane kreemikas kangas,tekstiil
613109,lõng,tekstiil
613109,pael,tekstiil
613109,punane puuvillane,tekstiil
613109,puuvillane,tekstiil
613109,valge pits,tekstiil
613109,värviline villane,tekstiil
613111,kanep,tekstiil
613111,labane kreemikas kangas,tekstiil
613111,lõng,tekstiil
613111,pael,tekstiil
613111,roosa ja roheline,tekstiil
613111,värviline villane,tekstiil
613112,hõbe,metall
613112,klaas,klaas
613112,tekstiil,tekstiil
613113,hõbe,metall
613113,nahk,metall
613114,hõbe,metall
613114,klaas,klaas
613114,tekstiil,tekstiil
613118,hõbe,metall
613118,tekstiil,tekstiil
613119,kask,puit
613119,kork,puit
613119,lina,tekstiil
613119,metall,metall
613119,nahk,nahk
613119,nöör,puit
613119,sarv,luu
613123,toht,puit
613124,raud,metall
613125,raud,metall
613126,kuusk,puit
613128,atlasriie,tekstiil
613128,puuvillane,tekstiil
613128,samet,tekstiil
613130,toht,puit
613132,hinged,puit
613132,metall,puit
613132,mänd,puit
613132,vineer,puit
613133,hinged,puit
613133,metall,puit
613133,mänd,puit
613133,vineer,puit
613134,kask,puit
613135,mänd,puit
613135,vineer,puit
613136,mänd,puit
613136,traat,puit
613136,vask,puit
613137,tamm,puit
613138,metall,puit
613138,mänd,puit
613139,kask,puit
613140,metall,metall
613140,mänd,puit
613141,saar,puit
613142,kask,puit
613143,kask,puit
613144,kask,puit
613145,mänd,puit
613145,nöör,puit
613145,puuvill,puit
613146,kask,puit
613147,kask,puit
613148,kask,puit
613149,kask,puit
613150,kask,puit
613151,kuusk,puit
613152,mänd,puit
613153,mänd,puit
613154,aas,puit
613154,kuusk,puit
613154,paju,puit
613154,,puit
613154,raud,puit
613155,savi,keraamika
613156,kask,puit
613156,korju,puit
613156,tamm,puit
613157,kask,puit
613157,käepide,
613157,mänd,puit
613157,nöör,tekstiil
613157,puuvill,tekstiil
613157,raud,metall
613157,terahoidja,
613157,teras,metall
613158,lepp,puit
613158,raud,metall
613159,saar,puit
613160,kaigas,puit
613160,kurikas,puit
613160,kuusk,puit
613160,mänd,puit
613161,kask,puit
613161,käepide,
613161,metall,metall
613161,tsingitud raudplekk,metall
613162,kask,puit
613163,kuusk,puit
613163,raud,puit
613163,vits,puit
613164,kuusk,puit
613164,saar,puit
613164,tald,puit
613164,vars,puit
613165,kork,
613165,lina,tekstiil
613165,nöör,tekstiil
613165,puit,puit
613165,puuvill,tekstiil
613165,võrk,tekstiil
613166,kask,puit
613167,klambrid,metall
613167,lina,tekstiil
613167,nahk,nahk
613167,niit,tekstiil
613167,pannal,metall
613167,present,plastik
613167,raud,metall
613167,tekstiil,tekstiil
613167,vask,metall
613168,mänd,puit
613168,paju,puit
613168,sang,puit
613169,savi,keraamika
613170,kuusk,puit
613203,puit,puit
613203,raud,metall
613204,kask,puit
613204,klaas,klaas
613204,niin,puit
613204,raam,
613204,sang,puit
613205,kuusk,puit
613205,raud,metall
613206,kask,puit
613207,lina,tekstiil
613207,nöör,tekstiil
613207,puit,puit
613207,puuvill,tekstiil
613208,kaigas,puit
613208,kask,puit
613208,kurikas,puit
613208,kuusk,puit
613209,kuusk,puit
613211,kude,tekstiil
613211,linane,tekstiil
613211,lõim,tekstiil
613211,puuvillane,tekstiil
613211,villane,tekstiil
613211,värvel,tekstiil
613212,lina,tekstiil
613212,lõng,tekstiil
613212,puuvill,tekstiil
613212,riie,tekstiil
613214,paju,puit
613215,pärn,puit
613216,metall,puit
613216,puit,puit
613217,kask,puit
613217,konks,metall
613217,raud,metall
613218,kolk,puit
613218,kuusk,puit
613218,nahk,puit
613218,pärn,puit
613218,rihm,puit
613218,vars,puit
613219,kask,puit
613219,raud,metall
613220,kask,puit
613221,kask,puit
613222,niin,puit
613222,pärn,puit
613223,linane,tekstiil
613223,toimne kangas,tekstiil
613228,pronks,metall
613229,nahk,nahk
613229,pronks,metall
613229,raud,metall
613229,rihm,nahk
613229,rõngas,metall
613230,lina,tekstiil
613230,puuvill,tekstiil
613233,kude,tekstiil
613233,linane,tekstiil
613233,lõim,tekstiil
613233,ruuduline,tekstiil
613233,villane,tekstiil
613238,niin,puit
613238,paju,puit
613239,kodarad,puit
613239,kuusk,puit
613239,pärn,puit
613240,kuusk,puit
613240,toht,puit
613241,puit,puit
613241,raud,metall
613242,kask,puit
613242,raud,metall
613243,vaher,puit
613244,pullud,puit
613244,raskus,puit
613244,tina,metall
613244,toht,puit
613246,jalg,puit
613246,lehis,puit
613246,pärn,puit
613247,kaas,puit
613247,mänd,puit
613247,toht,puit
613248,jalg,puit
613248,kask,puit
613248,pärn,puit
613251,mänd,puit
613252,puuvill,tekstiil
613253,puuvill,tekstiil
613254,puuvill,tekstiil
613255,lina,tekstiil
613267,must satään,tekstiil
613267,puuvillane,tekstiil
613269,puuvill,tekstiil
613270,labane koekirjaline riie,tekstiil
613270,puuvillane,tekstiil
613274,alumiinium,metall
613276,savi,keraamika
613277,savi,keraamika
613278,puuvill,tekstiil
613279,lina,tekstiil
613279,puuvill,tekstiil
613280,lehtpuu,puit
613281,kask,puit
613290,lõng,tekstiil
613290,metall,metall
613290,münt,metall
613290,nööp,metall
613290,vask,metall
613290,villane,tekstiil
613291,metall,metall
613291,puuvill,tekstiil
613291,rahad,metall
613291,vill,tekstiil
613300,lina,tekstiil
613300,metall,tekstiil
613300,rahad,tekstiil
613300,riie,tekstiil
613300,tikand,tekstiil
613300,vill,tekstiil
613303,seeder,puit
613304,alumiinium,puit
613304,lõng,puit
613304,ots,puit
613304,puuvill,puit
613304,seeder,puit
613304,vars,puit
613305,metall,puit
613305,okaspuit,puit
613340,kunstnahk,tekstiil
613340,metall,metall
613340,papp,paber
613340,tekstiil,tekstiil
613354,kanep,tekstiil
613354,ruuduline kodukootud kangas,tekstiil
613359,saar,puit
613360,toht,puit
613361,kask,puit
613362,niin,puit
613362,pärn,puit
613363,niin,puit
613363,pärn,puit
613364,pärn,puit
613364,tekstiil,puit
613364,vooder,puit
613365,pärn,puit
613365,raud,metall
613367,lina,tekstiil
613367,vill,tekstiil
613368,lina,tekstiil
613368,metall,puit
613369,labane kangas,tekstiil
613369,linane,tekstiil
613375,niin,puit
613375,pärn,puit
613376,kanep,tekstiil
613376,kodukootud kangas,tekstiil
613376,lina,tekstiil
613380,kanep,tekstiil
613380,kodukootud kangas,tekstiil
613380,linane,tekstiil
613383,kanep,tekstiil
613383,ruuduline riie,tekstiil
613390,haak ja konks,tekstiil
613390,kodukootud kangas,tekstiil
613390,linane,tekstiil
613390,metall,tekstiil
613392,puuvill,tekstiil
613393,niin,puit
613393,pärn,puit
613395,lina,tekstiil
613396,lina,tekstiil
613397,lõng,tekstiil
613397,villane,tekstiil
613399,toht,puit
613400,kask,puit
613400,toht,puit
613401,kask,puit
613503,kanep,tekstiil
613503,lõng,tekstiil
613503,riie,tekstiil
613503,villane,tekstiil
613514,hõbe,metall
613514,klaas,klaas
613514,tekstiil,tekstiil
613515,hõbe,metall
613515,nöör,tekstiil
613521,kangas,tekstiil
613521,linane,tekstiil
613521,lõng,tekstiil
613521,villane,tekstiil
613522,kanep,tekstiil
613522,kangas,tekstiil
613522,villane,tekstiil
613522,värviline,tekstiil
613527,kanep,tekstiil
613527,mulinee,tekstiil
613527,puuvillane,tekstiil
613527,riie,tekstiil
613534,kanep,tekstiil
613534,kangas,tekstiil
613534,villane,tekstiil
613534,värviline lõng,tekstiil
613537,kangas,tekstiil
613537,linane,tekstiil
613537,lõng,tekstiil
613537,villane,tekstiil
613553,mänd,puit
613554,mänd,puit
613555,okaspuit,puit
613557,metall,metall
613557,okaspuit,puit
613558,lehtpuu,puit
613558,nahk,nahk
613558,raud,metall
613562,nahk,nahk
613563,nahk,nahk
613564,okaspuit,puit
613565,kask,puit
613567,lehtpuu,puit
613569,metall,metall
613570,okaspuit,puit
613571,okaspuit,puit
613572,lehtpuu,puit
613572,puit,puit
613572,raud,puit
613573,lehtpuu,puit
613573,lina,tekstiil
613573,nöör,tekstiil
613573,raud,metall
613573,takk,puit
613574,lehtpuu,puit
613574,raud,metall
613575,lehtpuu,puit
613576,raud,metall
613577,raud,metall
613578,lehtpuu,puit
613579,lehtpuu,puit
613580,lehtpuu,puit
613581,lehtpuu,puit
613582,lehtpuu,puit
613583,raud,metall
613584,raud,metall
613585,raud,metall
613586,lehtpuu,puit
613586,toht,puit
613588,kanep,tekstiil
613588,kude,tekstiil
613588,lõim,tekstiil
613588,villane,tekstiil
613591,kanep,puit
613591,kask,puit
613592,vaher,puit
613593,pärn,puit
613595,liist,puit
613595,pulk,puit
613595,mänd,puit
613595,nöör,puit
613595,paju,puit
613595,takk,puit
613596,kask,puit
613598,kask,puit
613599,kuusk,puit
613599,nahk,puit
613613,lehtpuu,puit
613614,kuusk,puit
613614,lehtpuu,puit
613614,vars,puit
613616,paju,puit
613617,mänd,puit
613618,lehtpuu,puit
613619,lehtpuu,puit
613620,kuusk,puit
613622,kuusk,puit
613625,mänd,puit
613627,kuusk,puit
613631,puuvill,tekstiil
613633,kude,tekstiil
613633,lõim,tekstiil
613633,puuvillane,tekstiil
613633,siid,tekstiil
613635,kude,tekstiil
613635,lõim,tekstiil
613635,puuvillane,tekstiil
613635,villane,tekstiil
613636,pärn,puit
613637,kask,puit
613637,vill,puit
613638,kask,puit
613638,piid,puit
613638,raam,puit
613638,saar,puit
613646,lina,tekstiil
613646,puuvill,tekstiil
613648,heegelpits,tekstiil
613648,labane riie,tekstiil
613648,linane,tekstiil
613648,puuvillane,tekstiil
613648,tikand,tekstiil
613649,labane riie,tekstiil
613649,linane,tekstiil
613649,lõng,tekstiil
613649,puuvillane,tekstiil
613650,labane riie,tekstiil
613650,linane,tekstiil
613650,poepits,tekstiil
613650,punane tikand,tekstiil
613650,puuvillane,tekstiil
613651,lina,tekstiil
613660,puuvillane,tekstiil
613661,puuvill,tekstiil
613661,siid,tekstiil
613666,haab,puit
613666,kuusk,puit
613666,metall,puit
613666,teine põhi,puit
613667,haab,puit
613667,kuusk,puit
613667,metall,puit
613667,põhi,puit
613668,lehtpuu,puit
613669,haab,puit
613669,raud,puit
613669,vits,puit
613670,lehtpuu,puit
613670,nahk,puit
613683,kanep,tekstiil
613683,niit,tekstiil
613683,puuvillane,tekstiil
613683,riie,tekstiil
613684,hõbe,metall
613684,tekstiil,tekstiil
613685,hõbe,metall
613685,tekstiil,metall
613686,hõbe,metall
613686,tekstiil,tekstiil
613687,hõbe,metall
613690,hõbe,metall
613690,tekstiil,tekstiil
613692,lina,tekstiil
613692,pits,tekstiil
613692,puuvill,tekstiil
613692,riie,tekstiil
613692,siid,tekstiil
613692,tikand,tekstiil
613697,hõbe,metall
613697,nahk,nahk
613697,tekstiil,tekstiil
613702,linane,tekstiil
613702,lõng,tekstiil
613702,riie,tekstiil
613702,villane,tekstiil
613702,värviline lõng,tekstiil
613704,niin,puit
613706,kask,puit
613706,mänd,puit
613706,tald,puit
613706,vars,puit
613707,kask,puit
613707,mänd,puit
613707,tald,puit
613707,vars,puit
613708,kask,puit
613708,nahk,puit
613708,nöör,puit
613708,rihm,puit
613708,takk,puit
613709,kask,puit
613709,nahk,puit
613709,rihm,puit
613710,kuusk,puit
613710,raud,metall
613711,okaspuit,puit
613712,harjas,tekstiil
613712,jõhv,tekstiil
613712,lina,tekstiil
613712,vaik,tekstiil
613713,harjas,tekstiil
613713,lina,tekstiil
613713,loomne materjal,tekstiil
613714,kask,puit
613715,kask,puit
613716,mänd,puit
613717,mänd,puit
613718,kuusk,puit
613719,mänd,puit
613720,mänd,puit
613721,kask,puit
613722,mänd,puit
613722,,puit
613722,tamm,puit
613722,toht,puit
613722,ülaosa,puit
613723,kask,puit
613724,kask,puit
613725,kask,puit
613725,mänd,puit
613725,,puit
613726,kask,puit
613727,kask,puit
613728,kuusk,puit
613729,kuusk,puit
613730,kuusk,puit
613730,saar,puit
613731,raud,puit
613731,saar,puit
613732,kask,puit
613732,raud,metall
613733,raud,metall
613734,metall,metall
613735,kask,puit
613735,raud,metall
613736,kuusk,puit
613736,metall,metall
613736,nöör,tekstiil
613736,puuvill,tekstiil
613737,kuusk,puit
613737,raud,metall
613738,kask,puit
613738,raud,metall
613739,kask,puit
613739,kuusk,puit
613739,käepide,
613739,metall,metall
613739,pingutuspulk,puit
613740,lepp,puit
613740,metall,metall
613740,nahk,puit
613741,kask,puit
613741,kuusk,puit
613741,küljepuud,puit
613741,ristpuud,puit
613742,kask,puit
613742,käepide,
613742,raud,metall
613743,haab,puit
613743,kuusk,puit
613743,,puit
613743,raud,puit
613743,vits,puit
613744,savi,keraamika
613746,savi,keraamika
613747,savi,keraamika
613748,mänd,puit
613748,,puit
613748,saar,puit
613749,mänd,puit
613749,paju,puit
613749,sang,puit
613753,kask,puit
613754,lehtpuu,puit
613755,raud,metall
613755,tamm,puit
613756,tamm,puit
613758,kalev (riidesort),tekstiil
613758,karusnahk,tekstiil
613758,orav,tekstiil
613758,pael,tekstiil
613758,puuvill,tekstiil
613759,villane,tekstiil
613759,värviline lõng,tekstiil
613761,nahk,nahk
613761,põhjapõder,nahk
613761,riideriba,tekstiil
613761,villane,tekstiil
613763,nahk,nahk
613763,puuvillane,nahk
613763,põhjapõder,nahk
613763,riideriba,nahk
613763,villane,nahk
613764,puuvillane,tekstiil
613764,riie,tekstiil
613766,nahk,nahk
613766,punane,nahk
613766,sinine ja rohelist värvi riideribad,nahk
613766,põhjapõder,nahk
613766,villane,nahk
613768,helmed,klaas
613768,klaas,klaas
613768,looduslik kiud,tekstiil
613768,niit,tekstiil
613769,kunstkiudmaterjal,tekstiil
613769,kunstsiid,tekstiil
613769,labane riie,tekstiil
613769,nöör,tekstiil
613769,puuvillane,tekstiil
613770,kask,puit
613773,alumiinium,metall
613773,helmed,metall
613773,klaas,klaas
613773,punane lõng,tekstiil
613773,sinine,
613773,hall,
613773,metall,metall
613773,nööp,metall
613773,riideriba,tekstiil
613773,vask,metall
613773,villane,tekstiil
613774,kask,puit
613775,nahk,nahk
613775,põhjapõder,nahk
613775,riideribad punane ja roheline,tekstiil
613775,villane,tekstiil
613776,helmed,klaas
613776,klaas,klaas
613776,looduslik kiud,tekstiil
613776,niit,tekstiil
613809,mänd,puit
613810,kask,tekstiil
613810,linane,tekstiil
613810,niit,tekstiil
613810,nöör,tekstiil
613810,pullud,tekstiil
613810,puuvillane,tekstiil
613810,serv,tekstiil
613811,raud,metall
613812,puit,puit
613812,raud,metall
613813,kask,puit
613813,nöör,puit
613814,kask,puit
613815,kask,puit
613816,nahk,nahk
613816,puit,puit
613817,nahk,nahk
613817,nael,nahk
613817,nahk,nahk
613817,puit,nahk
613817,raud,nahk
613817,tald,nahk
613817,tikk,nahk
613818,puuvill,tekstiil
613819,lina,tekstiil
613819,puuvill,tekstiil
613821,puuvill,tekstiil
613822,kask,puit
613822,nahk,puit
613823,kask,puit
613823,raud,puit
613824,haab,puit
613824,metall,metall
613825,kask,puit
613826,puit,puit
613826,raud,metall
613827,puit,puit
613828,lina,puit
613828,nöör,puit
613828,puit,puit
613829,kuusk,puit
613830,lina,puit
613830,nöör,puit
613830,puit,puit
613831,lina,puit
613831,nöör,puit
613831,puit,puit
613832,kuusk,puit
613832,mänd,puit
613832,vaher,puit
613833,lina,tekstiil
613833,puuvill,tekstiil
613836,kuusk,puit
613836,metall,metall
613836,mänd,puit
613837,kask,puit
613837,raud,metall
613837,vineer,puit
613838,puit,puit
613838,vineer,puit
613839,lina,tekstiil
613839,puuvill,tekstiil
613840,kask,puit
613840,teras,metall
613841,nöör,tekstiil
613841,puuvill,tekstiil
613841,raud,metall
613843,mänd,puit
613843,raud,metall
613845,haab,puit
613845,raud,metall
613846,haab,puit
613846,raud,metall
613847,nahk,nahk
613847,nöör,tekstiil
613847,puuvill,tekstiil
613847,raud,metall
613847,sulg,nahk
613847,traat,metall
613848,karusnahk,nahk
613849,puuvill,tekstiil
613850,puuvill,tekstiil
613852,luu,luu
613860,kirss,puit
613860,kirss,puit
613861,kask,puit
613862,kask,puit
613863,kask,puit
613864,kuusk,puit
613865,kuusk,puit
613866,raud,metall
613869,lina,tekstiil
613869,metall,metall
613869,raha,metall
613869,riie,tekstiil
613869,tikand,tekstiil
613869,vill,tekstiil
613872,vaher,puit
613874,pärn,puit
613875,niin,puit
613876,niin,puit
613877,kuusk,puit
613878,niin,puit
613878,pärn,puit
613889,niin,puit
613889,pärn,puit
613891,kanep,tekstiil
613891,looduslik kiud,tekstiil
613891,vill,tekstiil
613905,karu,nahk
613905,karusnahk,nahk
613908,kask,puit
613908,puuvill,tekstiil
613908,raud,metall
613909,kask,puit
613909,puuvill,tekstiil
613909,raud,metall
613910,kask,puit
613910,puuvill,tekstiil
613910,raud,metall
613913,seeder,puit
613914,seeder,puit
613915,seeder,puit
613916,seeder,puit
613917,seeder,puit
613918,seeder,puit
613919,seeder,puit
613922,karusnahk,nahk
613922,paber,paber
613922,puit,puit
613922,puuvill,tekstiil
613922,põhjapõder,nahk
613926,lina,tekstiil
613926,niit,tekstiil
613926,toht,puit
613927,niin,metall
613927,nooleots,metall
613927,raud,metall
613927,seeder,puit
613927,vars,puit
613928,nooleots,metall
613928,paju,metall
613928,raud,metall
613928,seeder,puit
613928,vars,puit
613928,vits,puit
613929,nooleots,metall
613929,raud,metall
613929,seeder,puit
613929,vars,metall
613930,mähisriba,metall
613930,niin,metall
613930,nooleots,metall
613930,raud,metall
613930,seeder,metall
613930,vars,metall
613930,vilt,metall
613936,kask,puit
613936,nahk,nahk
613936,raud,metall
613937,seeder,puit
613938,alumiinium,metall
613938,ketas,
613938,konks,metall
613938,leheke,
613938,puuvillane,tekstiil
613938,raud,metall
613938,riidetükk,tekstiil
613938,lõng,tekstiil
613938,vask,metall
613940,karusnahk,nahk
613940,puuvill,tekstiil
613940,seemisnahk,nahk
613941,puuvill,tekstiil
613941,vill,tekstiil
613942,puuvill,tekstiil
613943,niin,puit
613943,pärn,puit
613944,lina,tekstiil
613944,vill,tekstiil
613945,puuvill,tekstiil
613945,vill,tekstiil
613946,kask,puit
613947,kask,puit
613948,kask,puit
613949,haab,puit
613950,haab,puit
613951,kask,puit
613952,kask,puit
613952,metall,metall
613952,puuvill,tekstiil
613952,traat,metall
613953,lina,tekstiil
613953,puuvill,tekstiil
613954,niin,puit
613954,pärn,puit
613955,aas,
613955,metall,metall
613955,nahk,nahk
613955,puit,puit
613955,pulk,puit
613955,toht,puit
613956,kask,puit
613956,toht,puit
613957,puit,puit
613958,puit,puit
613959,pärn,puit
613960,kanep,puit
613960,kask,puit
613960,nöör,puit
613960,,puit
613960,toht,puit
613961,kask,puit
613961,,puit
613961,toht,puit
613962,pilliroog,puit
613963,kask,puit
613964,lina,tekstiil
613964,vill,tekstiil
613965,lina,tekstiil
613966,looduslik kiud,tekstiil
613967,lina,tekstiil
613968,puit,puit
613968,raud,metall
613969,kask,puit
613969,,puit
613969,toht,puit
613970,lehtpuu,puit
613970,metall,puit
613970,traat,puit
613971,metall,metall
613973,puit,puit
613974,valge lõng,
613974,villane,
613975,lehtpuu,puit
613976,lehtpuu,puit
613978,lepp,puit
613979,lehtpuu,puit
613980,lehtpuu,puit
613981,lehtpuu,puit
613982,metall,metall
613983,metall,metall
613985,metall,metall
613985,puit,puit
613986,metall,metall
613986,nahk,nahk
613986,puit,puit
613986,pöök,puit
613987,kuusk,puit
613987,metall,metall
613988,köis,tekstiil
613988,linane,tekstiil
613988,raud,metall
613989,kask,puit
613989,teras,metall
613990,kuusk,puit
613990,teras,metall
613990,vars,
613991,mänd,puit
613992,saviglasuur,keraamika
613993,lehtpuu,puit
613993,malm,metall
613993,teras,metall
613994,okaspuit,puit
613995,lina,tekstiil
613995,puuvill,tekstiil
613997,mänd,puit
613998,kask,puit
613998,teras,metall
613999,kask,puit
613999,teras,metall
614000,kask,puit
614000,teras,metall
614097,labane riie,tekstiil
614097,linane,tekstiil
614097,lõng,tekstiil
614097,villane,tekstiil
614110,heegelpits,tekstiil
614110,puit,tekstiil
614110,puuvillane,tekstiil
614110,riie,tekstiil
614111,kangas,tekstiil
614111,linane,tekstiil
614111,lõng,tekstiil
614111,pael,tekstiil
614111,villane,tekstiil
614111,villane,tekstiil
614112,must,tekstiil
614112,villane,tekstiil
614118,okaspuit,puit
614119,okaspuit,puit
614120,okaspuit,puit
614121,lehtpuu,puit
614121,takk,puit
614122,lehtpuu,puit
614122,takk,puit
614124,lehtpuu,puit
614124,takk,puit
614125,puit,puit
614125,takk,puit
614128,niin,puit
614128,pärn,puit
614129,kask,puit
614130,kask,puit
614131,lehtpuu,puit
614132,nahk,nahk
614132,pargitud,nahk
614133,pärn,puit
614135,puit,puit
614135,puuvill,puit
614136,metall,metall
614136,nahk,nahk
614136,takk,tekstiil
614136,tekstiil,tekstiil
614136,vilt,tekstiil
614137,puit,puit
614138,okaspuit,puit
614140,kangas,
614140,niin,
614140,pärn,
614140,takk,
614141,lehtpuu,puit
614141,nöör,puit
614141,takk,puit
614142,raud,metall
614142,vask,metall
614143,niin,puit
614143,pärn,puit
614167,kask,puit
614167,metall,metall
614168,teras,metall
614170,juured,puit
614170,nahk,nahk
614170,rihm,tekstiil
614172,lehtpuu,puit
614194,malm,metall
614194,raud,metall
614194,sang,metall
614195,kaas,
614195,oina,luu
614195,puit,puit
614195,sarv,luu
614196,haab,puit
614197,niin,puit
614197,puit,puit
614198,harjas,nahk
614198,nahk,nahk
614198,siga,nahk
614199,niin,puit
614200,niin,puit
614201,niin,puit
614201,õlg,puit
614208,alumiinium,metall
614209,kanep,tekstiil
614210,kanep,tekstiil
614212,kaurikarp,luu
614212,looduslik materjal,
614212,mineraal,kivim
614212,vill,tekstiil
614215,kanep,tekstiil
614216,kanep,tekstiil
614217,kask,puit
614218,kask,puit
614230,kanep,tekstiil
614230,vill,tekstiil
614231,lõng,tekstiil
614231,pärl,tekstiil
614231,villane,tekstiil
614232,hõbe,metall
614232,nahk,metall
614232,tekstiil,metall
614236,kanep,tekstiil
614236,puuvill,tekstiil
614241,kask,puit
614242,kask,puit
614243,puit,puit
614243,raud,metall
614244,kanep,tekstiil
614244,vill,tekstiil
614245,hõbe,metall
614245,metall,metall
614245,nahk,metall
614245,tekstiil,metall
614246,hõbe,metall
614246,tekstiil,metall
614247,kask,puit
614247,mänd,puit
614247,,puit
614248,kask,puit
614249,kask,puit
614250,lehtpuu,puit
614251,haab,puit
614252,haab,puit
614252,lina,puit
614252,nöör,puit
614253,kask,puit
614254,kask,puit
614254,raud,metall
614255,metall,metall
614255,mänd,puit
614256,kask,puit
614257,kask,puit
614257,metall,metall
614258,kask,puit
614259,lehtpuu,puit
614259,lina,puit
614260,kask,puit
614261,kask,puit
614261,kuusk,puit
614261,tald,puit
614261,vars,puit
614262,kask,puit
614262,lina,puit
614263,kask,puit
614263,kolk,puit
614263,nahk,puit
614263,okaspuit,puit
614263,rihm,puit
614263,vars,puit
614264,kask,puit
614265,kuusk,puit
614265,lehtpuu,puit
614265,vits,puit
614265,kaas,puit
614266,lehtpuu,puit
614267,okaspuit,puit
614268,kask,puit
614268,niin,puit
614269,savi,keraamika
614270,kask,puit
614271,kask,puit
614271,raud,metall
614272,lehtpuu,puit
614272,nahk,puit
614272,rihm,puit
614273,kask,puit
614273,raud,metall
614274,lehtpuu,puit
614274,niin,puit
614275,kask,puit
614276,kask,puit
614276,kuusk,puit
614276,,puit
614277,savi,keraamika
614278,lõng,tekstiil
614278,villane,tekstiil
614279,kuusk,puit
614279,,puit
614279,toht,puit
614280,lehtpuu,puit
614280,metall,puit
614280,traat,puit
614281,raud,metall
614282,niin,puit
614283,kask,puit
614284,kask,puit
614285,kask,puit
614286,kask,puit
614287,kask,puit
614288,kuusk,puit
614288,lina,puit
614291,klaas,klaas
614291,,
614291,kuusk,puit
614291,lehtpuu,puit
614291,metall,metall
614291,traat,metall
614292,kuusk,puit
614292,paju,puit
614293,kask,puit
614293,nöör,tekstiil
614293,paju,puit
614293,raud,metall
614294,kask,puit
614295,haab,puit
614295,nahk,puit
614295,rihm,puit
614295,toht,puit
614296,kuusk,puit
614297,klaas,klaas
614297,kuusk,puit
614297,metall,metall
614297,nahk,tekstiil
614297,plekk,metall
614297,rihm,tekstiil
614298,kuusk,puit
614299,kalev (riidesort),tekstiil
614299,lõng,tekstiil
614299,metall,tekstiil
614299,vill,tekstiil
614301,kask,puit
614301,nahk,nahk
614301,raud,metall
614302,kask,puit
614303,alumiinium,metall
614303,kask,puit
614303,nahk,nahk
614303,,
614303,kaas,
614303,rihm,nahk
614307,nahk,nahk
614309,niit,puit
614309,puuvill,puit
614309,toht,puit
614309,toomingas,puit
614309,võru,puit
614313,nööp,tekstiil
614313,plast,tekstiil
614313,sits (riidesort),tekstiil
614314,kalev (riidesort),tekstiil
614314,nahk,tekstiil
614314,puuvill,tekstiil
614315,puuvill,tekstiil
614315,sits (riidesort),tekstiil
614316,niit,tekstiil
614316,puit,tekstiil
614316,puuvill,tekstiil
614316,sulg,tekstiil
614317,nahk,puit
614317,toht,puit
614317,toomingas,puit
614317,vits,puit
614318,nahk,nahk
614318,rihm,nahk
614318,toht,puit
614318,toomingas,puit
614318,võru,puit
614319,alumiinium,metall
614319,okaspuit,puit
614319,pael,tekstiil
614319,puuvill,tekstiil
614319,,
614319,kaas,puit
614320,okaspuit,puit
614322,kapron,puit
614322,okaspuit,puit
614322,tehiskiud,puit
614323,kapron,tekstiil
614323,kask,puit
614323,tehiskiud,tekstiil
614324,kask,puit
614325,kalev (riidesort),tekstiil
614325,katteriie,tekstiil
614325,sits (riidesort),tekstiil
614325,vooder,tekstiil
614326,põhjapõder,luu
614326,sarv,luu
614327,,puit
614327,,puit
614327,,puit
614327,kask,puit
614327,okaspuit,puit
614329,karusnahk,nahk
614330,lõng,tekstiil
614330,vill,tekstiil
614332,metall,nahk
614332,nahk,nahk
614332,põhjapõder,nahk
614332,raud,nahk
614332,alumiinium ja vasktraat,nahk
614332,nööp,nahk
614332,kopikas,nahk
614332,riideriba,nahk
614332,vill,nahk
614336,papp,paber
614336,õlg,puit
614339,nahk,nahk
614339,raud,metall
614340,kuusk,puit
614341,kuusk,puit
614341,raud,metall
614342,kuusk,puit
614342,puit,puit
614344,haab,puit
614345,kuusk,puit
614345,lepp,puit
614345,lina,puit
614345,nöör,puit
614345,peeled,puit
614345,sõlg,puit
614354,toht,puit
614356,kask,puit
614357,kuusk,puit
614358,kask,puit
614359,kuusk,puit
614360,toht,puit
614361,toht,puit
614362,kuusk,puit
614363,kuusk,puit
614364,lina,puit
614364,pael,puit
614364,toht,puit
614366,aas,puit
614366,paju,puit
614366,pärn,puit
614367,kuusk,puit
614369,okaspuit,puit
614370,savi,keraamika
614370,toht,keraamika
614371,klaas,klaas
614371,kuusk,puit
614372,lehtpuu,puit
614373,kask,puit
614374,kuusk,puit
614374,mänd,puit
614374,pulgad,puit
614375,luu,luu
614376,vask,metall
614377,karusnahk,nahk
614377,metall,metall
614377,paber,paber
614377,puuvill,tekstiil
614377,vill,tekstiil
614378,klaas,klaas
614378,metall,metall
614378,vill,tekstiil
614379,metall,nahk
614379,nahk,nahk
614379,neet,nahk
614380,kask,puit
614381,nahk,nahk
614381,okaspuit,puit
614381,vask,metall
614382,karusnahk,nahk
614383,karusnahk,nahk
614384,karusnahk,nahk
614384,riidesort,nahk
614385,helmed,klaas
614385,tehismaterjal,plastik
614386,kask,puit
614386,nöör,puit
614386,puuvill,puit
614386,toht,puit
614386,toomingas,puit
614386,võru,puit
614387,kask,puit
614387,kõõlus,puit
614387,nahk,puit
614387,niit,puit
614387,puit,puit
614387,rihm,puit
614387,rõngas,puit
614387,tohust,puit
614387,toomingas,puit
614387,vask,puit
614388,karusnahk,nahk
614388,must pargitud,nahk
614388,nahk,nahk
614388,punane,nahk
614388,roheline riideriba,nahk
614388,põhjapõder,nahk
614388,villane,nahk
614389,nahk,nahk
614389,põhjapõder,nahk
614389,riie,nahk
614389,villane,nahk
614394,nööp,tekstiil
614394,puuvillane,tekstiil
614394,riideriba ja sikk-sakkpael,tekstiil
614394,sinine riie,tekstiil
614394,tehismaterjal,tekstiil
614395,kunstkiudmaterjal,tekstiil
614395,kunstsiid,tekstiil
614395,puuvillane,tekstiil
614395,valge ja punane,tekstiil
614403,kask,puit
614405,kask,puit
614405,pael,puit
614405,puuvill,puit
614405,toht,puit
614405,toomingas,puit
614405,võru,puit
614406,kask,puit
614406,kõõlus,puit
614406,loomne materjal,puit
614406,nahk,puit
614406,niit,puit
614406,puuvill,puit
614406,rihm,puit
614406,toht,puit
614408,kask,puit
614409,alumiinium,nahk
614409,karusnahk,nahk
614409,kett,nahk
614409,metall,nahk
614409,nahk,nahk
614409,punane,nahk
614409,pargitud,nahk
614409,puuvill,nahk
614409,põhjapõder,nahk
614409,riie,nahk
614409,ripats,nahk
614409,sõrmkübar,nahk
614409,nööp,nahk
614409,toru,nahk
614409,rõngas,nahk
614409,vask,nahk
614412,kapron,tekstiil
614412,kask,tekstiil
614412,lina,tekstiil
614412,nöör,tekstiil
614412,tehiskiud,tekstiil
614412,toht,tekstiil
614419,luu,luu
614419,põdra jalaluu,luu
614420,kaas,
614420,nahk,nahk
614420,okaspuit,puit
614420,põder,
614420,sarv,luu
614424,niin,puit
614424,pärn,puit
614431,niin,puit
614431,nöör,puit
614431,puuvill,puit
614431,pärn,puit
614445,looduslik kiud,tekstiil
614445,siid,tekstiil
614445,tikand,tekstiil
614448,hõbe,metall
614448,tekstiil,tekstiil
614461,hõbe,metall
614461,klaas,klaas
614461,tekstiil,metall
614463,puit,puit
614463,õunapuu,puit
614464,kask,puit
614474,lina,tekstiil
614474,puuvill,tekstiil
614475,lina,tekstiil
614475,puuvill,tekstiil
614477,lina,tekstiil
614484,lina,tekstiil
614507,lina,tekstiil
614509,lina,tekstiil
614519,kask,puit
614520,kask,puit
614524,kask,puit
614525,kask,puit
614526,kask,puit
614527,kask,puit
614529,vineer,puit
614530,mänd,puit
614531,kask,puit
614532,vineer,puit
614533,metall,puit
614533,okaspuit,puit
614535,mänd,puit
614536,metall,metall
614537,juured,puit
614537,puit,puit
614539,nahk,nahk
614540,kask,puit
614540,teras,metall
614541,haab,puit
614541,metall,metall
614542,elektrijuhe,plastik
614542,haab,puit
614542,metall,metall
614542,niit,tekstiil
614542,puuvill,tekstiil
614542,tehismaterjal,plastik
614542,traat,metall
614543,kask,puit
614543,kumm,puit
614543,metall,puit
614543,nahk,puit
614543,present,puit
614543,tehismaterjal,puit
614543,tekstiil,puit
614544,kask,puit
614545,kask,puit
614546,kask,puit
614546,metall,puit
614550,kuusk,puit
614550,metall,puit
614550,plekk,puit
614556,kuusk,puit
614556,metall,metall
614569,kuusk,puit
614569,metall,puit
614569,vits,puit
614570,kask,puit
614570,teras,puit
614571,kivim,kivim
614572,kivim,kivim
614573,mänd,puit
614667,niin,puit
614667,pärn,puit
614668,aas,puit
614668,nahk,puit
614668,nöör,puit
614668,takk,puit
614668,toht,puit
614669,niin,tekstiil
614669,pärn,tekstiil
614670,nahk,nahk
614670,pargitud,nahk
614672,lehtpuu,puit
614672,nöör,puit
614672,takk,puit
614673,koor,puit
614673,niin,puit
614673,nöör,puit
614673,puit,puit
614674,kinnitus,
614674,lehtpuu,puit
614674,nahk,nahk
614674,niin,puit
614674,rihm,nahk
614675,metall,metall
614677,lehtpuu,
614677,okaspuit,
614677,raud,
614678,okaspuit,puit
614679,okaspuit,puit
614684,lehtpuu,puit
614689,lehtpuu,puit
614689,nöör,puit
614689,takk,puit
614694,lehtpuu,puit
614694,niin,puit
614694,nöör,puit
614694,okaspuit,puit
614695,okaspuit,puit
614701,flanell (riidesort),tekstiil
614701,karusnahk,nahk
614702,kask,puit
614702,lehtpuu,puit
614702,nahk,puit
614702,,puit
614702,kaas,puit
614702,tohust,puit
614703,teras,metall
614704,lehtpuu,puit
614704,nooleots,metall
614704,sulg,nahk
614704,teras,metall
614704,vars,puit
614706,juured,puit
614706,nooleots,metall
614706,puit,puit
614706,seeder,puit
614706,teras,metall
614706,vars,
614707,teras,metall
614708,teras,metall
614711,lehtpuu,puit
614711,nahk,nahk
614712,kask,puit
614712,nahk,nahk
614713,lehtpuu,puit
614714,seeder,puit
614720,kuusk,puit
614721,kask,puit
614722,nooleots,metall
614722,seeder,puit
614722,teras,metall
614722,vars,
614724,kask,puit
614724,nahk,puit
614724,rõnga kodarad,puit
614725,kask,puit
614725,konks,metall
614725,metall,metall
614725,nöör,tekstiil
614725,plaat,
614725,puuvillane,tekstiil
614725,teras,metall
614725,traat,metall
614725,vask,metall
614726,lehtpuu,puit
614726,nahk,nahk
614726,teras,metall
614728,mänd,puit
614728,teras,metall
614729,mänd,puit
614729,teras,metall
614730,mänd,puit
614730,teras,metall
614731,mänd,puit
614731,teras,metall
614732,seeder,puit
614733,seeder,puit
614734,paju,puit
614735,toht,puit
614736,seeder,puit
614737,seeder,puit
614738,seeder,puit
614740,konks,metall
614740,metall,metall
614740,plaat,metall
614740,teras,metall
614740,tina,metall
614740,traat,metall
614760,puit,puit
614760,raud,metall
614760,tera,metall
614760,vars,puit
614761,raud,metall
614762,metall,metall
614763,toht,puit
614764,kask,puit
614765,kask,puit
614766,klaas,klaas
614766,kuusk,puit
614766,paber,paber
614767,lehtpuu,puit
614772,puuvill,tekstiil
614772,vill,tekstiil
614775,lõng,tekstiil
614775,villane,tekstiil
614784,kanep,tekstiil
614784,kotiriie,tekstiil
614785,lina,tekstiil
614785,vill,tekstiil
614786,lina,tekstiil
614786,puuvill,tekstiil
614786,vill,tekstiil
614792,lina,tekstiil
614792,puuvill,tekstiil
614795,kangas,tekstiil
614795,puuvillane,tekstiil
614795,villane,tekstiil
614796,villane,tekstiil
614797,lina,tekstiil
614798,lina,tekstiil
614799,lina,tekstiil
614800,lina,tekstiil
614801,õunapuu,tekstiil
614803,kude,tekstiil
614803,linane,tekstiil
614803,lõim,tekstiil
614803,villane,tekstiil
614804,drell (riidesort),tekstiil
614804,puuvill,tekstiil
614806,labane riie,tekstiil
614806,villane,tekstiil
614807,malm,metall
614807,metall,metall
614807,puit,metall
614807,raudplekk,metall
614808,malm,metall
614813,mänd,puit
614813,raam,puit
614814,karv,tekstiil
614814,lõng,tekstiil
614814,põder,tekstiil
614814,villane,tekstiil
614815,puuvillane,tekstiil
614815,riie,tekstiil
614815,toimne,tekstiil
614815,villane,tekstiil
614816,karusnahk,nahk
614816,punane,nahk
614816,punutud nöör,nahk
614816,puuvillane,nahk
614816,põhjapõder,nahk
614816,sinine,nahk
614816,nurktoimne,nahk
614816,villane,nahk
614816,villane,nahk
614817,kask,puit
614817,toht,puit
614818,kask,puit
614818,kuusk,puit
614819,kandepael,puit
614819,toht,puit
614819,vill,puit
614820,kask,puit
614820,kuusk,puit
614820,vars,puit
614821,kuusk,puit
614821,raud,puit
614822,haab,puit
614822,raud,metall
614823,kuusk,puit
614824,,
614824,kask,puit
614824,kuusk,puit
614824,nöör,tekstiil
614824,paju,puit
614824,raud,metall
614824,rindpakk,puit
614825,,
614825,kask,puit
614825,kuusk,puit
614825,paju,puit
614825,raud,metall
614825,väädid,puit
614826,jalused,puit
614826,kodarad,puit
614826,kask,puit
614826,kuusk,puit
614826,paju,puit
614826,,puit
614826,väädid,puit
614841,kuusk,puit
614841,lina,puit
614841,nöör,puit
614841,peeled,puit
614842,kuusk,puit
614842,lina,puit
614842,nöör,puit
614842,piid,puit
614842,raam,puit
614842,saar,puit
614844,kuusk,puit
614844,mänd,puit
614844,padja aluslauad,puit
614844,raud,puit
614845,nahk,nahk
614845,vask,metall
614846,nahk,nahk
614846,toht,nahk
614847,kuusk,puit
614848,metall,metall
614848,plekk,metall
614848,raud,metall
614848,vask,metall
614849,kett,metall
614849,kuusk,puit
614849,metall,metall
614850,malm,metall
614850,raud,metall
614851,kuusk,puit
614851,raud,metall
614851,vits,puit
614856,paju,puit
614859,kuusk,puit
614859,metall,metall
614860,raud,metall
614861,mänd,puit
614861,raud,metall
614864,metall,metall
614864,puit,puit
614865,kask,puit
614865,lina,puit
614865,niit,puit
614866,kask,puit
614867,kask,puit
614868,kuusk,puit
614868,linane,puit
614868,vars,puit
614868,toestusrõngas,puit
614868,võrk,puit
614869,kask,puit
614869,kuusk,puit
614869,vars,puit
614870,kask,puit
614870,metall,puit
614871,kask,puit
614872,angerjas,puit
614872,kask,puit
614872,koot,puit
614872,kuusk,puit
614872,nahk,puit
614872,vars,puit
614874,kuusk,puit
614875,kask,puit
614879,lehtpuu,puit
614879,metall,puit
614879,nahk,puit
614880,puit,puit
614880,pöök,puit
614880,kaared,puit
614880,saar,puit
614880,vineer,puit
614881,kuusk,puit
614882,kuusk,puit
614883,tamm,puit
614885,kivim,kivim
614887,kask,puit
614887,käepide,
614887,raud,metall
614887,tamm,puit
614888,metall,metall
614888,saar,puit
614889,kuusk,puit
614889,vars,
614890,lina,tekstiil
614890,mänd,puit
614891,kask,puit
614891,klots,puit
614891,luu,puit
614891,luu,puit
614891,mänd,puit
614892,lehtpuu,puit
614893,kask,puit
614893,kuusk,puit
614893,pulk,puit
614893,raud,metall
614893,tera,metall
614893,vars,
614894,haab,puit
614894,hinged,puit
614894,aas,puit
614894,raud,puit
614895,mänd,puit
614896,kask,puit
614896,mänd,puit
614896,pulk,puit
614897,,puit
614897,haab,puit
614897,kask,puit
614897,keha,puit
614897,kuusk,puit
614897,teljepulk,puit
614899,kask,puit
614900,lehtpuu,puit
614901,kask,puit
614902,lina,tekstiil
614902,puuvill,tekstiil
614904,mänd,puit
614905,lina,tekstiil
614905,puuvill,tekstiil
614907,mänd,puit
614907,paju,puit
614907,põikpuu,puit
614907,vars,puit
614910,mänd,puit
614910,paju,puit
614910,põikpuu,puit
614910,vars,puit
614913,kanep,puit
614913,mänd,puit
614913,nöör,puit
614914,raud,metall
614916,nahk,nahk
614916,pargitud,nahk
614917,kinnitus,tekstiil
614917,puuvill,tekstiil
614917,toht,puit
614917,toomingas,puit
614917,vars,puit
614918,kuusk,puit
614918,toht,puit
614918,vits,puit
614919,kuusk,puit
614919,sang,puit
614919,toomingas,puit
614920,kask,puit
614921,savi,keraamika
614922,kask,puit
614923,kuusk,puit
614923,metall,metall
614924,toht,puit
614925,kask,puit
614925,raud,metall
614926,raud,metall
614927,kask,puit
614927,raud,metall
614929,kask,puit
614930,kask,puit
614931,klaas,klaas
614931,kuusk,puit
614931,mänd,puit
614931,nahk,nahk
614931,pulgad,puit
614931,rihm,nahk
614932,kask,puit
614932,raud,metall
614933,kuusk,puit
614933,metall,metall
614934,raud,metall
614936,haab,puit
614936,kuusk,puit
614936,uhmer,puit
614936,uhmer,puit
614937,kuusk,puit
614938,kalev (riidesort),tekstiil
614938,tehismaterjal,tekstiil
614940,vask,metall
614942,kude pruun,tekstiil
614942,linane,tekstiil
614942,lõim,tekstiil
614942,villane,tekstiil
614947,linane,tekstiil
614947,niit,tekstiil
614947,puuvillane,tekstiil
614947,riideriba,tekstiil
614947,riie,tekstiil
614960,nahk,nahk
614960,pargitud lambanahk,nahk
614961,lammas,nahk
614961,nahk,nahk
614961,nööp,nahk
614961,plastmass,nahk
614962,karv,nahk
614963,jõhv,tekstiil
614964,nahk,nahk
614965,puuvill,puit
614965,sang,puit
614965,toht,puit
614966,puit,puit
614967,toht,puit
614968,toht,puit
614969,kuusk,puit
614969,,puit
614969,toht,puit
614970,lina,puit
614970,mänd,puit
614970,sang,puit
614971,kask,puit
614972,puit,puit
614973,kask,puit
614973,kuusk,puit
614973,metall,metall
614974,toht,puit
614975,kask,puit
614977,paju,puit
614977,sang,puit
614977,tekstiil,tekstiil
614977,toht,puit
614978,nööp,tekstiil
614978,punane,tekstiil
614978,puuvillane,tekstiil
614978,riidest kant ja sikk-sakkpaelad,tekstiil
614978,sinine,tekstiil
614978,kollane ja valge,tekstiil
614978,tehismaterjal,tekstiil
614979,kuusk,puit
614980,kuusk,puit
614983,kask,puit
614983,metall,metall
614984,kask,puit
614985,mänd,puit
614986,kask,puit
614987,raud,metall
614991,nööp,tekstiil
614991,plastmass,tekstiil
614991,poeriie,tekstiil
614991,puuvillane,tekstiil
614996,kapron,tekstiil
614996,lõng,tekstiil
615001,hõbe,tekstiil
615001,metall,tekstiil
615001,tekstiil,tekstiil
615011,kanep,tekstiil
615011,looduslik kiud,tekstiil
615011,lõng,tekstiil
615011,vill,tekstiil
615015,kanep,tekstiil
615015,labane riie,tekstiil
615020,roosa lõng,tekstiil
615020,villane,tekstiil
615021,kirss,puit
615021,kirss,puit
615022,kuusk,puit
615023,niin,puit
615024,niin,puit
615024,nöör,puit
615024,takk,puit
615025,niin,puit
615028,niin,puit
615038,kanep,tekstiil
615038,looduslik kiud,tekstiil
615042,värviline lõng,tekstiil
615042,mulinee,tekstiil
615042,puuvillane,tekstiil
615042,satiin,tekstiil
615067,lina,tekstiil
615073,kask,puit
615076,valge,tekstiil
615076,villane,tekstiil
615079,hõbe,metall
615080,hõbe,metall
615080,riideriba,tekstiil
615080,villane,tekstiil
615081,hõbe,metall
615081,linane,tekstiil
615081,puuvillane,tekstiil
615081,villane,tekstiil
615082,hõbe,metall
615082,linane,tekstiil
615082,puuvillane,tekstiil
615083,hõbe,metall
615083,klaas,klaas
615083,metall,metall
615083,tekstiil,tekstiil
615084,hõbe,metall
615084,metall,metall
615084,tekstiil,tekstiil
615085,hõbe,metall
615085,kuld,metall
615085,metall,metall
615086,hõbe,metall
615086,villane,tekstiil
615088,hõbe,metall
615088,puuvillane,tekstiil
615089,hõbe,metall
615089,nahk,nahk
615089,tekstiil,tekstiil
615090,nahk,nahk
615094,nahk,nahk
615096,kask,puit
615096,puuvill,tekstiil
615096,puuvillane,tekstiil
615097,kapron,puit
615097,kask,puit
615097,tehismaterjal,puit
615098,kuusk,puit
615098,teras,puit
615099,kask,puit
615099,teras,metall
615100,metall,metall
615100,puit,puit
615101,puit,puit
615102,kask,puit
615102,nöör,puit
615102,puuvill,puit
615102,teras,puit
615103,kask,puit
615104,puit,puit
615105,tamm,puit
615105,teras,metall
615105,vits,puit
615107,puit,puit
615107,raam,puit
615108,lehtpuu,puit
615108,plast,puit
615108,puuvill,puit
615108,võrgusõel,puit
615109,kask,puit
615109,nahk,nahk
615109,õlg,puit
615110,metall,metall
615110,puit,puit
615111,mänd,puit
615112,mänd,puit
615113,mänd,puit
615114,kuusk,puit
615114,metall,metall
615115,kask,puit
615115,nahk,nahk
615115,teras,metall
615117,toht,puit
615118,toht,puit
615119,toht,puit
615120,toht,puit
615121,toht,puit
615122,lina,tekstiil
615122,metall,metall
615122,mänd,puit
615122,pullud,puit
615122,rõngad,puit
615122,toht,puit
615122,ujukid,puit
615123,lehtpuu,puit
615123,metall,metall
615124,kuusk,puit
615125,kask,puit
615125,metall,metall
615125,nahk,nahk
615126,kuusk,puit
615127,kask,puit
615128,kask,puit
615128,kolgits,puit
615128,kuusk,puit
615128,metall,puit
615128,nahk,puit
615128,rihm,puit
615128,vars,puit
615129,haab,puit
615129,jalg,puit
615129,kask,puit
615129,lõuad,puit
615129,okaspuit,puit
615129,ristpuud,puit
615130,puit,puit
615136,mänd,puit
615137,mänd,puit
615138,mänd,puit
615139,mänd,puit
615140,toht,puit
615256,puit,puit
615257,pärn,puit
615258,lehtpuu,puit
615271,nöör,puit
615271,puuvill,puit
615271,seeder,puit
615272,kuusk,puit
615274,puit,puit
615274,toht,puit
615275,mänd,puit
615278,mänd,puit
615279,mänd,puit
615280,küljed,puit
615280,lehtpuu,puit
615280,nahk,puit
615280,okaspuit,puit
615281,seeder,puit
615282,lehtpuu,puit
615282,luu,puit
615282,nöör,puit
615282,puuvill,puit
615282,vars,puit
615283,okaspuit,puit
615285,okaspuit,puit
615286,teras,metall
615287,okaspuit,puit
615287,teras,puit
615290,luu,luu
615305,linane,tekstiil
615305,lõng,tekstiil
615306,kask,puit
615307,toht,puit
615308,kask,puit
615309,toht,puit
615310,kaha,puit
615310,paju,puit
615310,toht,puit
615310,vars,puit
615311,toht,puit
615312,kask,puit
615313,metall,metall
615313,puit,puit
615314,puuvill,tekstiil
615314,vill,tekstiil
615315,lõng,tekstiil
615315,villane,tekstiil
615316,puuvill,tekstiil
615317,vill,tekstiil
615318,puuvill,tekstiil
615318,vill,tekstiil
615319,pärn,puit
615320,paju,puit
615321,savi,keraamika
615322,savi,keraamika
615324,vaher,puit
615325,paju,puit
615326,metall,metall
615327,lina,tekstiil
615328,puuvill,tekstiil
615328,vill,tekstiil
615329,puuvill,tekstiil
615329,vill,tekstiil
615330,mänd,puit
615332,kask,puit
615332,pulk,puit
615332,toomingas,puit
615333,kask,puit
615333,pulk,puit
615333,toomingas,puit
615334,kask,puit
615334,keder,puit
615334,kivim,puit
615336,kask,puit
615337,kask,puit
615337,laba,puit
615337,tald,puit
615337,vaher,puit
615338,kask,puit
615339,kask,puit
615339,pulk,puit
615339,vaher,puit
615340,kask,puit
615340,keder,puit
615340,kivim,puit
615341,kask,puit
615341,lina,puit
615341,vaher,puit
615343,pärn,puit
615344,paju,puit
615345,puuvill,tekstiil
615345,vill,tekstiil
615346,lõng,tekstiil
615346,villane,tekstiil
615347,puuvill,tekstiil
615347,sits (riidesort),tekstiil
615348,kask,puit
615348,luisk,puit
615348,tamm,puit
615348,tasku,puit
615349,kask,puit
615349,puit,puit
615349,vaher,puit
615349,vars,puit
615349,,puit
615349,ülaosa,puit
615350,lõng,tekstiil
615350,puuvillane,tekstiil
615351,kask,puit
615352,kivim,puit
615352,lina,puit
615352,vaher,puit
615353,kalev (riidesort),tekstiil
615353,karusnahk,tekstiil
615353,metall,tekstiil
615353,nahk,tekstiil
615353,nööp,tekstiil
615353,põhjapõder,tekstiil
615353,riideriba,tekstiil
615353,värvitud,tekstiil
615354,kask,puit
615354,nöör,puit
615354,sarapuu,puit
615354,tohust,puit
615354,vits,puit
615355,karusnahk,nahk
615355,nahk,nahk
615355,pargitud,nahk
615355,põhjapõder,nahk
615355,sinine ja valge pärl,nahk
615355,tehismaterjal,nahk
615355,villane,nahk
615356,helmed,klaas
615356,klaas,klaas
615356,nööp,klaas
615356,puuvillane,tekstiil
615356,riidest alus,tekstiil
615356,tehismaterjal,klaas
615356,vooder,tekstiil
615357,puit,puit
615357,raud,metall
615358,kask,puit
615358,kivim,puit
615358,toht,puit
615359,helmed,tekstiil
615359,klaas,tekstiil
615359,villane,tekstiil
615360,mänd,puit
615361,puit,puit
615362,kapron,puit
615362,mutter,metall
615362,puit,puit
615362,raud,metall
615362,tehismaterjal,plastik
615363,puit,puit
615364,kapron,puit
615364,sarapuu,puit
615364,tehismaterjal,puit
615364,toht,puit
615364,vits,puit
615365,karusnahk,nahk
615365,nahk,nahk
615365,pargitud,nahk
615366,helmed,klaas
615366,karusnahk,nahk
615366,klaas,klaas
615366,metall,metall
615366,nahk,nahk
615366,pargitud,
615366,pärlid,luu
615366,riba,tekstiil
615366,tehismaterjal,plastik
615366,vask,metall
615366,alumiinium,metall
615367,karusnahk,nahk
615367,põhjapõder,nahk
615369,villane,tekstiil
615369,vooder,tekstiil
615370,puit,puit
615371,mänd,puit
615372,kaigas,puit
615372,kask,puit
615372,kurikas,puit
615372,kuusk,puit
615374,raud,metall
615375,puit,puit
615376,lina,tekstiil
615377,puit,puit
615377,teras,metall
615378,lina,tekstiil
615378,savi,keraamika
615378,toht,puit
615379,mänd,puit
615380,kask,puit
615380,teras,metall
615381,kuusk,puit
615382,savi,keraamika
615383,kanep,puit
615383,kuusk,puit
615383,niit,puit
615383,nöör,puit
615383,vits,puit
615384,nahk,puit
615384,puit,puit
615384,pulgad,puit
615384,rihm,puit
615384,toht,puit
615385,kask,puit
615386,sarapuu,puit
615386,toht,puit
615386,vits,puit
615388,puit,puit
615388,raud,metall
615390,kask,puit
615390,puit,puit
615390,tohust rihmad,puit
615391,kuusk,puit
615391,raud,metall
615391,vars,puit
615392,mänd,puit
615392,vask,puit
615393,savi,keraamika
615393,toht,keraamika
615394,kuusk,puit
615395,kask,puit
615396,mänd,puit
615397,kuusk,puit
615397,raud,metall
615398,haruline oks,puit
615398,lehtpuu,puit
615398,mänd,puit
615399,haab,puit
615399,klots,puit
615399,kuusk,puit
615399,toomingas,puit
615399,vits,puit
615400,kask,puit
615401,vaher,puit
615402,kask,puit
615402,mänd,puit
615402,võll,puit
615402,,puit
615403,nahk,nahk
615403,vilt,tekstiil
615403,vineer,puit
615404,lõim,tekstiil
615404,puuvill,tekstiil
615424,kuusk,puit
615425,kuusk,puit
615425,raud,metall
615425,vars,
615426,kuusk,puit
615434,kask,puit
615434,küljed,puit
615434,mänd,puit
615434,niin,puit
615434,nöör,puit
615434,puuvill,puit
615434,pärn,puit
615434,sang,puit
615437,kask,puit
615438,kask,puit
615438,raud,metall
615439,savi,keraamika
615440,kuusk,puit
615440,niit,puit
615440,puuvill,puit
615440,,puit
615440,toht,puit
615441,kask,puit
615442,lehtpuu,puit
615443,kanep,tekstiil
615444,kanep,puit
615444,loomne materjal,puit
615444,seaharjased,puit
615445,kask,puit
615446,kask,puit
615446,,puit
615446,toht,puit
615449,haab,puit
615450,niin,puit
615451,looduslik kiud,tekstiil
615451,puuvillane ja linane,tekstiil
615452,niit,tekstiil
615452,puuvillane,tekstiil
615459,lõng,tekstiil
615459,villane,tekstiil
615460,lõng,tekstiil
615460,villane,tekstiil
615462,linane,tekstiil
615462,lõng,tekstiil
615462,riie,tekstiil
615462,villane,tekstiil
615465,kanep,tekstiil
615469,kask,puit
615470,kask,puit
615470,raud,metall
615471,kask,puit
615471,raud,metall
615472,kask,puit
615472,raud,metall
615473,kask,puit
615473,lina,puit
615473,nöör,puit
615478,toht,puit
615479,toht,puit
615480,toht,puit
615481,kask,puit
615481,kuusk,puit
615481,nahk,nahk
615481,raud,metall
615481,rihm,nahk
615481,vars,
615481,auguga laud,puit
615482,mänd,puit
615483,hark,puit
615483,kuusk,puit
615483,tald,puit
615483,toomingas,puit
615484,,puit
615484,kask,puit
615484,mänd,puit
615484,raud,puit
615485,nahk,nahk
615485,raud,metall
615486,kask,puit
615487,kask,puit
615488,mänd,puit
615490,kask,tekstiil
615490,metall,tekstiil
615490,traat,tekstiil
615500,kask,puit
615509,lõng,tekstiil
615509,villane,tekstiil
615510,puit,puit
615510,raud,metall
615511,kask,puit
615511,raud,metall
615514,lõng,tekstiil
615514,villane,tekstiil
615515,lõng,tekstiil
615515,villane,tekstiil
615517,juured,puit
615517,puit,puit
615521,kuusk,puit
615523,helmed,nahk
615523,must pargitud,nahk
615523,nahk,nahk
615523,puuvillane,nahk
615523,riie,nahk
615523,tehismaterjal,nahk
615526,lõng,tekstiil
615526,villane,tekstiil
615528,puuvillane,tekstiil
615528,riie,tekstiil
615530,lõng,tekstiil
615530,villane,tekstiil
615533,kuusk,puit
615543,kask,puit
615545,aplikatsioon,tekstiil
615545,sits (riidesort),tekstiil
615545,puuvillane,tekstiil
615545,villane,tekstiil
615548,aplikatsioon,tekstiil
615548,sits (riidesort),tekstiil
615548,puuvillane,tekstiil
615548,villane,tekstiil
615550,kask,puit
615550,nöör,puit
615550,takk,puit
615550,toht,puit
615551,kask,puit
615551,niit,puit
615551,puuvill,puit
615551,toht,puit
615554,kuusk,puit
615554,nöör,puit
615554,takk,puit
615557,raud,metall
615558,kivim,kivim
615559,kuusk,puit
615559,nöör,puit
615559,takk,puit
615563,kuusk,puit
615563,lehtpuu,puit
615563,metall,metall
615564,kuusk,puit
615565,labane riie,tekstiil
615565,linane,tekstiil
615565,puuvillane,tekstiil
615565,tikand,tekstiil
615565,vabrikupits (riidesort),tekstiil
615569,savi,keraamika
615569,toht,keraamika
615571,,tekstiil
615571,linane,tekstiil
615571,lõng,tekstiil
615571,villane,tekstiil
615574,kapron,tekstiil
615575,klaas,tekstiil
615575,sinine pärl,tekstiil
615575,vill,tekstiil
615576,hõbe,metall
615576,tekstiil,tekstiil
615586,pärn,puit
615587,kask,puit
615587,,puit
615587,kaas,puit
615587,sang,puit
615587,toht,puit
615588,pärn,puit
615589,kapron,tekstiil
615589,lõim,tekstiil
615590,kapron,tekstiil
615590,metall,metall
615590,penoplastist ujukid,plastik
615590,plast,plastik
615590,tehismaterjal,tekstiil
615591,kude,tekstiil
615591,lõim,tekstiil
615591,puuvillane,tekstiil
615591,villane,tekstiil
615593,drell (riidesort),tekstiil
615593,lina,tekstiil
615593,puuvill,tekstiil
615594,heie,tekstiil
615594,puuvillane,tekstiil
615594,riidest vooder,tekstiil
615594,villane,tekstiil
615595,lõng,tekstiil
615595,villane,tekstiil
615596,savi,keraamika
615597,savi,keraamika
615602,mänd,puit
615604,kask,puit
615606,kuusk,puit
615607,kask,puit
615608,tamm,puit
615609,raud,metall
615610,lina,tekstiil
615611,kaltsud,tekstiil
615611,puuvillane,tekstiil
615612,kuusk,puit
615614,kask,puit
615614,kuusk,puit
615614,vaalikaigas,puit
615614,vaalikurikas,puit
615615,kuusk,puit
615615,lehtpuu,puit
615615,pulk,puit
615616,kuusk,puit
615616,metall,puit
615617,kang,puit
615617,kask,puit
615617,kuusk,puit
615620,puuvill,tekstiil
615621,helmed,tekstiil
615621,tehismaterjal,tekstiil
615622,kask,puit
615622,linane,puit
615622,niit,puit
615622,toht,puit
615622,villane,puit
615622,vooder,puit
615623,kask,puit
615623,niit,puit
615623,toht,puit
615625,seeder,puit
615628,valgest lambavillasest koera karvaga segatud lõngast.,tekstiil
615628,villane,tekstiil
615631,karusnahk,tekstiil
615631,nahk,tekstiil
615631,villane,tekstiil
615642,saar,puit
615643,saar,puit
615644,savi,keraamika
615645,kask,puit
615645,raud,metall
615646,kask,puit
615646,käepide,
615646,raud,metall
615647,kask,puit
615647,raud,metall
615649,saar,puit
615650,raud,puit
615650,saar,puit
615651,metall,metall
615651,nahk,metall
615651,pannal,metall
615651,veis,
615652,saar,puit
615655,tamm,puit
615656,savi,keraamika
615657,savi,keraamika
615658,puuvill,tekstiil
615663,saar,puit
615664,klaas,klaas
615664,metall,metall
615664,plekk,metall
615665,haab,puit
615667,saar,puit
615668,savi,keraamika
615669,pärn,puit
615670,kask,puit
615671,savi,keraamika
615672,toht,puit
615673,toht,puit
615674,toht,puit
615675,nahk,nahk
615681,puit,puit
615697,puit,puit
615698,puit,puit
615700,puuvill,tekstiil
615700,villane,tekstiil
615700,värviline,tekstiil
615705,lina,tekstiil
615705,puuvill,tekstiil
615714,puit,puit
615833,kamm,puit
615833,pärn,puit
615833,saar,puit
615833,vaher,puit
615833,vars,puit
615860,lehtpuu,puit
615861,lehtpuu,puit
615863,lehtpuu,puit
615873,lõng,tekstiil
615873,villane,tekstiil
615882,puuvill,tekstiil
615883,vaher,puit
615886,karp,tekstiil
615886,papp,tekstiil
615886,pronks,tekstiil
615886,tekstiil,tekstiil
615888,linane,tekstiil
615888,must lõng,tekstiil
615888,punane sitsiriie,tekstiil
615888,puuvillane,tekstiil
615888,valge lõng,tekstiil
615888,villane,tekstiil
615888,vooder,tekstiil
615889,raud,metall
615890,mänd,puit
615891,mänd,puit
615892,kork,puit
615892,puit,puit
615893,kivim,kivim
615893,toht,puit
615894,loomanahk,nahk
615894,nahk,nahk
615896,riideriba,tekstiil
615896,linane,tekstiil
615896,puuvillane,tekstiil
615896,toimne,tekstiil
615896,valge pits,tekstiil
615897,kask,puit
615897,paju,puit
615897,toht,puit
615899,kask,puit
615899,kuusk,puit
615899,põikpuu,puit
615900,kask,puit
615901,kask,puit
615902,kuusk,puit
615902,nahk,puit
615902,saar,puit
615903,haab,puit
615903,kuusk,puit
615903,otsalauad,puit
615903,paju,puit
615903,vits,puit
615904,kuusk,puit
615904,metall,metall
615907,angerjas,puit
615907,kask,puit
615907,koot,puit
615907,kuusk,puit
615907,nahk,puit
615907,vars,puit
615908,pael,puit
615908,puuvill,puit
615908,pärn,puit
615909,kask,puit
615909,raud,metall
615910,kask,puit
615910,metall,metall
615910,pool,metall
615910,süstik,puit
615910,toomingas,puit
615910,varras,metall
615911,kask,puit
615911,kondid,luu
615911,luu,luu
615912,kask,puit
615912,külgpuu,puit
615912,lina,puit
615912,mänd,puit
615912,otsapuud,puit
615913,linane,tekstiil
615916,pärn,puit
615917,metall,metall
615917,pulk,puit
615917,toht,puit
615917,toomingas,puit
615917,traat,metall
615918,kask,puit
615918,raud,metall
615918,toht,puit
615918,traat,metall
615919,kude värviline,tekstiil
615919,linane,tekstiil
615919,lõim,tekstiil
615919,villane,tekstiil
615920,paju,puit
615921,luu,luu
615927,linane,tekstiil
615927,peenest pleegitatud riidest,tekstiil
615928,kodukootud kangas,tekstiil
615928,linane,tekstiil
615929,kodukootud kangas,tekstiil
615929,linane,tekstiil
615931,mänd,puit
615932,kuusk,puit
615932,lina,puit
615933,savi,keraamika
615934,toht,puit
615935,haak ja aas,tekstiil
615935,kude,tekstiil
615935,linane,tekstiil
615935,lõim,tekstiil
615935,metall,tekstiil
615935,villane,tekstiil
615936,toht,puit
615937,toht,puit
615938,klaas,
615938,metall,
615938,mänd,
615938,vineer,
615940,mänd,puit
615941,kask,puit
615942,kuusk,puit
615943,haab,puit
615944,lina,tekstiil
615944,puuvill,tekstiil
615946,kask,puit
615946,köis,puit
615946,niin,puit
615947,puit,puit
615947,raud,metall
615948,puit,puit
615948,teras,metall
615949,teras,metall
615950,linane,tekstiil
615951,kuusk,puit
615951,nahk,nahk
615952,toht,puit
615953,niin,puit
615953,nöör,puit
615953,toht,puit
615954,kask,puit
615955,kude,tekstiil
615955,linane,tekstiil
615955,lõim,tekstiil
615955,villane,tekstiil
615956,kask,puit
615956,ketas,
615956,mänd,puit
615956,raud,metall
615957,mänd,puit
615957,niin,puit
615957,sang,puit
615957,toomingas,puit
615958,raud,metall
615959,puit,puit
615959,raud,metall
615960,toht,puit
615961,vaher,puit
615962,kask,puit
615962,raud,metall
615963,raud,metall
615963,vaher,puit
615967,kadakas,puit
615967,kask,puit
615967,kuusk,puit
615967,sõõrik,puit
615967,vits,puit
615968,kask,puit
615968,käepide,
615968,raud,metall
615968,saar,puit
615968,tald,
615968,tamm,puit
615969,kask,puit
615970,sarapuu,puit
615970,teras,puit
615971,metall,metall
615971,puit,puit
615972,raud,metall
615973,raud,metall
615974,raud,metall
615974,seibid,metall
615974,vask,metall
615975,toht,puit
615976,kask,puit
615977,kask,puit
615978,kask,puit
615979,kask,puit
615980,mänd,puit
615981,metall,metall
615981,puit,puit
616001,kask,puit
616002,lina,tekstiil
616002,metall,metall
616003,metall,metall
616003,niin,puit
616003,pärn,puit
616004,mänd,puit
616004,,puit
616004,toht,puit
616005,küljed,puit
616005,niin,puit
616005,pärn,puit
616005,,puit
616005,toht,puit
616006,kask,puit
616007,niin,puit
616007,puit,puit
616008,metall,metall
616008,niin,puit
616008,rõngas,
616009,kask,puit
616010,kask,puit
616010,metall,metall
616011,kask,puit
616011,kuusk,puit
616011,vars,
616012,küljed,puit
616012,niin,puit
616012,pärn,puit
616012,,puit
616012,toht,puit
616013,niin,puit
616014,niin,tekstiil
616014,puuvill,tekstiil
616014,vill,tekstiil
616015,atlasriie,tekstiil
616015,pael tumesinine,tekstiil
616015,poepits,tekstiil
616015,,tekstiil
616015,puuvillane,tekstiil
616015,valge riie,tekstiil
616018,kodukootud kangas,tekstiil
616018,linane,tekstiil
616018,riie,tekstiil
616018,villane,tekstiil
616026,kask,puit
616026,nahk,puit
616026,niin,puit
616026,nöör,puit
616027,kask,puit
616027,mänd,puit
616027,saar,puit
616028,mänd,puit
616028,raud,metall
616029,niin,puit
616030,savi,keraamika
616031,kask,puit
616032,küljed,puit
616032,niin,puit
616032,pärn,puit
616032,,puit
616032,sang,puit
616032,toht,puit
616033,sõlg,puit
616033,kask,puit
616033,mänd,puit
616034,sõlg,puit
616034,kask,puit
616034,kuusk,puit
616035,raud,metall
616036,niin,puit
616037,küljed,puit
616037,niin,puit
616037,pärn,puit
616037,,puit
616037,toht,puit
616038,niin,puit
616038,pärn,puit
616038,,puit
616038,toht,puit
616039,haab,puit
616039,laast,puit
616039,lina,tekstiil
616039,metall,metall
616039,nahk,nahk
616039,niit,tekstiil
616039,riie,tekstiil
616039,takk,puit
616039,traat,puit
616040,kask,puit
616041,lina,tekstiil
616041,puuvill,tekstiil
616042,toht,puit
616043,niin,puit
616044,lõng,tekstiil
616044,villane,tekstiil
616045,lõng,tekstiil
616045,villane,tekstiil
616046,niin,puit
616046,paju,puit
616047,kask,puit
616047,raud,metall
616048,keeled,puit
616048,kõlakast,puit
616048,metall,puit
616048,mänd,puit
616049,haab,puit
616049,kask,puit
616049,kuusk,puit
616049,küljed,
616049,mänd,puit
616049,,
616049,raud,metall
616049,vits,puit
616050,kask,puit
616050,kuusk,puit
616050,selg,puit
616050,piid,puit
616050,vars,puit
616051,hõbe,metall
616051,klaas,klaas
616051,metall,metall
616051,tekstiil,tekstiil
616052,puuvill,tekstiil
616053,puuvill,tekstiil
616054,puuvill,tekstiil
616055,kanep,tekstiil
616055,puuvill,tekstiil
616055,vill,tekstiil
616056,lina,tekstiil
616056,puuvill,tekstiil
616057,lina,tekstiil
616057,puuvill,tekstiil
616058,vill,tekstiil
616059,lõng,tekstiil
616059,vill,tekstiil
616059,villane,tekstiil
616060,kanep,tekstiil
616060,kude,tekstiil
616060,lõim,tekstiil
616060,puuvill,tekstiil
616060,vill,tekstiil
616061,looduslik kiud,tekstiil
616061,puuvill,tekstiil
616062,looduslik kiud,tekstiil
616062,metall,tekstiil
616062,puuvill,tekstiil
616062,rahad,tekstiil
616062,toht,tekstiil
616063,lina,tekstiil
616063,puuvill,tekstiil
616064,lina,tekstiil
616064,linane,tekstiil
616064,vill,tekstiil
616064,villane,tekstiil
616065,hõbe,metall
616066,hõbe,metall
616067,lina,tekstiil
616067,puuvill,tekstiil
616068,kanep,tekstiil
616068,puuvill,tekstiil
616068,vill,tekstiil
616069,kanep,tekstiil
616069,kude,tekstiil
616069,lõim,tekstiil
616069,puuvill,tekstiil
616069,vill,tekstiil
616070,hõbe,metall
616071,kude,tekstiil
616071,lina,tekstiil
616071,lõim,tekstiil
616071,vill,tekstiil
616072,lina,tekstiil
616073,vill,tekstiil
616074,puuvill,tekstiil
616075,lina,tekstiil
616075,puuvill,tekstiil
616076,puuvill,tekstiil
616077,kanep,tekstiil
616078,kanep,tekstiil
616078,kude,tekstiil
616078,lõim,tekstiil
616078,vill,tekstiil
616079,lina,tekstiil
616080,lina,tekstiil
616080,puuvill,tekstiil
616081,kask,puit
616082,lina,tekstiil
616084,horisontaalne puu,puit
616084,kask,puit
616084,kuusk,puit
616084,külgpuud peeled,puit
616084,metall,metall
616084,nahk,nahk
616085,kanep,tekstiil
616085,puuvill,tekstiil
616086,puuvill,tekstiil
616087,kanep,tekstiil
616087,lina,tekstiil
616089,lina,tekstiil
616089,puuvill,tekstiil
616090,lina,tekstiil
616090,nööp,tekstiil
616090,plast,tekstiil
616090,puuvill,tekstiil
616091,puuvill,tekstiil
616092,puuvill,tekstiil
616093,lina,tekstiil
616093,puuvill,tekstiil
616093,vill,tekstiil
616094,lina,tekstiil
616095,lina,tekstiil
616095,värviline lõng,tekstiil
616095,puuvill,tekstiil
616095,riie,tekstiil
616095,vill,tekstiil
616096,kanep,tekstiil
616096,vill,tekstiil
616097,kanep,tekstiil
616097,vill,tekstiil
616098,kanep,tekstiil
616098,vill,tekstiil
616099,kanep,tekstiil
616099,nööp,tekstiil
616099,plast,tekstiil
616099,puuvill,tekstiil
616100,kanep,tekstiil
616100,lina,tekstiil
616100,plast,tekstiil
616101,kude,tekstiil
616101,lina,tekstiil
616101,lõim,tekstiil
616101,vill,tekstiil
616102,linane,tekstiil
616102,sinine lõng,tekstiil
616102,valge,tekstiil
616102,villane,tekstiil
616103,kuusk,puit
616104,haab,puit
616104,kask,puit
616104,kuusk,puit
616105,haab,puit
616105,kuusk,puit
616106,toht,puit
616107,raud,metall
616108,savi,keraamika
616109,savi,keraamika
616110,kask,puit
616110,raud,metall
616113,heegelpits,tekstiil
616113,labane riie,tekstiil
616113,linane,tekstiil
616113,puuvillane,tekstiil
616113,tikand,tekstiil
616114,broderii,tekstiil
616114,labane riie,tekstiil
616114,linane,tekstiil
616114,puuvillane,tekstiil
616114,tikand,tekstiil
616114,punane tikand,tekstiil
616119,kivim,kivim
616120,kuusk,puit
616121,kuusk,puit
616122,kask,puit
616122,nahk,nahk
616122,raud,metall
616123,kask,puit
616124,kask,puit
616124,nahk,puit
616125,kask,puit
616125,raud,metall
616126,kask,puit
616126,raud,metall
616127,kask,puit
616127,kuusk,puit
616127,metall,metall
616128,kask,puit
616129,toht,puit
616130,raud,metall
616131,metall,metall
616132,metall,metall
616132,raudplekk,metall
616133,kuusk,puit
616134,kuusk,puit
616134,,puit
616134,tamm,puit
616135,kask,puit
616135,raud,puit
616136,paju,puit
616137,kuusk,puit
616138,nahk,puit
616138,puit,puit
616139,harjaklots,puit
616139,kask,puit
616139,mänd,puit
616139,raud,puit
616140,kuusk,puit
616141,kask,puit
616141,mänd,puit
616141,vars,puit
616142,nahk,nahk
616143,raud,metall
616145,kask,puit
616146,kask,puit
616147,kask,puit
616148,aas,puit
616148,lina,puit
616148,mänd,puit
616148,toomingas,puit
616149,kask,puit
616150,kask,puit
616150,lehm,nahk
616150,nahk,nahk
616151,kask,puit
616152,tehismaterjal,metall
616153,kask,puit
616153,kivim,kivim
616153,toht,puit
616154,karusnahk,nahk
616159,kalev (riidesort),tekstiil
616159,nahk,nahk
616160,pael,puit
616160,puuvill,puit
616160,toht,puit
616161,nahk,nahk
616161,puit,puit
616161,tekstiil,tekstiil
616161,toht,puit
616164,helmed,klaas
616164,plast,plastik
616168,lina,puit
616168,niit,puit
616168,nöör,puit
616168,puuvill,puit
616168,toht,puit
616170,kuusk,puit
616171,nahk,nahk
616171,niin,puit
616171,toht,puit
616173,seeder,puit
616174,lehis,puit
616175,nahk,nahk
616175,toht,puit
616176,seeder,puit
616177,niit,tekstiil
616177,aas,tekstiil
616177,puuvill,tekstiil
616177,toht,tekstiil
616178,kask,puit
616178,toht,puit
616179,kapron,nahk
616179,nahk,nahk
616179,tehismaterjal,nahk
616179,toht,nahk
616180,lehis,puit
616187,metall,metall
616187,raudplekk,metall
616188,metall,metall
616188,puit,metall
616188,vaskplekk,metall
616189,pronks,metall
616189,raud,metall
616192,lina,tekstiil
616192,nöör,tekstiil
616192,puit,puit
616192,pulk,puit
616192,toht,puit
616193,haab,puit
616193,koot,puit
616193,kuusk,puit
616193,nahk,nahk
616193,rihm,nahk
616193,vars,puit
616194,kask,puit
616195,kuusk,puit
616196,kuusk,puit
616196,lina,tekstiil
616196,metall,metall
616196,nöör,puit
616197,kask,puit
616198,kask,puit
616198,raud,metall
616199,kuusk,puit
616199,raud,metall
616200,kuusk,puit
616201,kuusk,puit
616202,kask,puit
616202,metall,metall
616202,nahk,nahk
616202,plekiriba,metall
616202,rihm,nahk
616203,kask,puit
616203,raud,metall
616204,kask,puit
616205,pärn,puit
616206,saar,puit
616207,savi,keraamika
616208,savi,keraamika
616209,savi,keraamika
616210,saar,puit
616211,taimne kiud,puit
616218,kask,puit
616219,savi,keraamika
616220,savi,keraamika
616232,kask,puit
616233,kask,puit
616234,kask,puit
616235,kask,puit
616235,saar,puit
616235,vars,puit
616236,kask,puit
616238,niin,puit
616238,pärn,puit
616239,savi,keraamika
616240,vaher,puit
616244,jalakas,puit
616245,kask,puit
616246,jalakas,puit
616247,vaher,puit
616248,kask,puit
616249,kask,puit
616250,kask,puit
616251,kuusk,puit
616251,piid,puit
616251,raam,puit
616251,vaher,puit
616265,puit,puit
616266,puuvill,tekstiil
616270,kanep,tekstiil
616270,lõng,tekstiil
616270,riie,tekstiil
616270,villane,tekstiil
616276,puuvillane,tekstiil
616276,riie,tekstiil
616282,hõbe,metall
616282,metall,metall
616287,raud,metall
616288,toht,puit
616295,lina,tekstiil
616295,puuvill,tekstiil
616297,pärn,puit
616298,metall,metall
616298,puit,puit
616298,sarv,luu
616299,harjas,puit
616299,kanep,puit
616299,siga,puit
616299,vaik,puit
616300,harjas,puit
616300,kanep,puit
616300,puit,puit
616300,siga,puit
616301,kask,puit
616302,harjas,puit
616302,siga,puit
616302,tekstiil,puit
616302,vaik,puit
616424,lõng,tekstiil
616424,villane,tekstiil
616435,lõng,tekstiil
616435,lõng,tekstiil
616435,villane,tekstiil
616436,linane,tekstiil
616436,lõng,tekstiil
616436,punane,tekstiil
616436,valge,tekstiil
616436,villane,tekstiil
616437,linane,tekstiil
616437,must,tekstiil
616437,puuvillane,tekstiil
616437,roheline ja kollane,tekstiil
616438,atlasriie,tekstiil
616438,punasepõhjaline,tekstiil
616439,linane,tekstiil
616439,must lõng,tekstiil
616439,roosa,tekstiil
616439,kollane ja roheline lõng,tekstiil
616439,villane,tekstiil
616440,geomeetriline muster,tekstiil
616440,linane,tekstiil
616440,valge lõng,tekstiil
616440,villane,tekstiil
616441,toht,puit
616442,puuvillane,tekstiil
616443,puuvillane,tekstiil
616444,taimne kiud,puit
616445,toht,puit
616446,luu,luu
616447,luu,luu
616448,toht,puit
616449,toht,puit
616450,niin,puit
616451,niin,puit
616452,lina,puit
616452,niit,puit
616452,toht,puit
616453,puit,puit
616453,toht,puit
616454,raud,metall
616456,savi,keraamika
616457,toht,puit
616458,toht,puit
616459,lina,puit
616459,puit,puit
616459,õngenöör,puit
616460,lina,puit
616460,puit,puit
616460,õngenöör,puit
616461,raud,metall
616462,kask,puit
616462,metall,puit
616462,nahk,puit
616462,toht,puit
616463,kude,tekstiil
616463,linane,tekstiil
616463,lõim,tekstiil
616463,tutid,tekstiil
616463,villane,tekstiil
616465,kodukootud kangas,tekstiil
616465,lina,tekstiil
616465,lõng,tekstiil
616465,puuvill,tekstiil
616466,lina,tekstiil
616466,puuvill,tekstiil
616474,puit,puit
616475,niit,tekstiil
616475,puuvillane,tekstiil
616476,toht,puit
616477,kaas,puit
616477,kask,puit
616477,kisad,puit
616477,mänd,puit
616477,vaher,puit
616478,kask,puit
616478,nahk,puit
616479,klaas,klaas
616479,metall,metall
616479,puit,puit
616480,mänd,puit
616481,kest,
616481,raskus,
616481,raud,metall
616481,tina,metall
616481,vask,metall
616482,mänd,puit
616482,vineer,puit
616483,toht,puit
616484,toht,puit
616485,mänd,puit
616486,mänd,puit
616487,kask,puit
616488,kask,puit
616488,raud,metall
616489,saar,puit
616490,mänd,puit
616492,kuusk,puit
616493,mänd,puit
616494,mänd,puit
616495,haab,puit
616495,lauad,puit
616495,mänd,puit
616495,pulgad,puit
616496,mänd,puit
616497,mänd,puit
616498,kask,puit
616498,kuusk,puit
616499,kuusk,puit
616499,lina,puit
616500,kask,puit
616501,kask,puit
616503,niit,tekstiil
616503,puuvillane,tekstiil
616504,vask,metall
616505,saar,puit
616505,toht,puit
616506,kask,puit
616506,pael,puit
616506,niit,puit
616506,puuvill,puit
616506,toht,puit
616506,toomingas,puit
616506,võru,puit
616507,kask,puit
616507,puit,puit
616507,puuvill,puit
616507,toht,puit
616508,kask,puit
616508,toht,puit
616509,kask,puit
616509,toht,puit
616510,kask,puit
616510,toht,puit
616510,toomingas,puit
616510,vits,puit
616511,keder,
616511,luu,luu
616511,puit,puit
616512,puit,puit
616512,raud,metall
616514,metall,metall
616514,tekstiil,tekstiil
616515,keder,puit
616515,luu,puit
616515,puit,puit
616515,vars,puit
616517,karusnahk,tekstiil
616517,lammas,tekstiil
616517,puuvillane,tekstiil
616517,põder,tekstiil
616517,põhjapõder,tekstiil
616517,riie,tekstiil
616518,luu,luu
616519,luu,luu
616520,luu,luu
616521,lehtpuu,puit
616521,raud,metall
616522,puit,puit
616522,raud,metall
616523,elektrijuhe,metall
616523,okaspuit,puit
616523,tehismaterjal,plastik
616523,vibukaar,puit
616524,elektrijuhe,metall
616524,okaspuit,puit
616524,tehismaterjal,plastik
616524,vibukaar,puit
616524,lõks,
616525,okaspuit,puit
616547,kask,puit
616548,kask,puit
616549,kask,puit
616549,niit,puit
616549,poolivarras,puit
616549,puuvill,puit
616549,raud,puit
616550,kask,puit
616563,lina,tekstiil
616564,lõng,tekstiil
616564,must linane,tekstiil
616564,niit,tekstiil
616564,villane,tekstiil
616569,linane,tekstiil
616569,lõng,tekstiil
616569,niit,tekstiil
616569,puuvillane,tekstiil
616569,villane,tekstiil
616570,kask,tekstiil
616571,lõng,tekstiil
616571,villane,tekstiil
616572,niin,puit
616574,kõra,metall
616574,nahk,nahk
616574,raud,metall
616574,rihm,metall
616574,vask,metall
616575,kude,tekstiil
616575,linane,tekstiil
616575,lõim,tekstiil
616575,villane,tekstiil
616583,metall,metall
616584,kõra,metall
616584,raud,metall
616584,vask,metall
616585,kuusk,puit
616586,kask,puit
616587,lehtpuu,puit
616588,niin,puit
616588,paju,puit
616589,kask,puit
616589,mänd,puit
616590,niin,puit
616591,kuusk,puit
616591,käepide,
616591,raud,metall
616591,toomingas,puit
616591,vars,
616592,niin,puit
616592,,puit
616592,toht,puit
616593,lina,tekstiil
616594,lina,tekstiil
616594,vill,tekstiil
616595,lina,tekstiil
616595,puuvill,tekstiil
616595,vill,tekstiil
616596,lina,tekstiil
616596,vill,tekstiil
616597,kanep,tekstiil
616599,puuvill,tekstiil
616600,kanep,tekstiil
616600,puuvill,tekstiil
616600,vill,tekstiil
616601,kude,tekstiil
616601,lina,tekstiil
616601,lõim,tekstiil
616601,vill,tekstiil
616603,kanep,tekstiil
616603,puuvill,tekstiil
616603,vill,tekstiil
616604,kanep,tekstiil
616604,puuvill,tekstiil
616604,vill,tekstiil
616605,kanep,tekstiil
616605,sits (riidesort),tekstiil
616605,vill,tekstiil
616606,kanep,tekstiil
616606,puuvill,tekstiil
616607,lina,tekstiil
616607,puuvill,tekstiil
616607,vill,tekstiil
616609,kude,tekstiil
616609,lina,tekstiil
616609,lõim,tekstiil
616609,puuvill,tekstiil
616609,vill,tekstiil
616610,lina,tekstiil
616610,puuvill,tekstiil
616610,vill,tekstiil
616611,brokaat (riidesort),tekstiil
616611,lina,tekstiil
616611,puuvill,tekstiil
616612,puuvill,tekstiil
616613,linane,tekstiil
616613,puuvillane,tekstiil
616613,villane,tekstiil
616614,lina,tekstiil
616614,puuvill,tekstiil
616614,vill,tekstiil
616615,metall,metall
616617,metall,metall
616618,kask,puit
616618,nahk,nahk
616620,brokaat (riidesort),tekstiil
616620,lina,tekstiil
616620,puuvill,tekstiil
616621,lina,tekstiil
616621,vill,tekstiil
616622,lina,tekstiil
616622,vill,tekstiil
616623,lina,tekstiil
616623,puuvill,tekstiil
616623,vill,tekstiil
616624,mineraal,tekstiil
616624,puuvill,tekstiil
616636,lina,tekstiil
616636,vill,tekstiil
616636,värviline lõng,tekstiil
616637,lina,tekstiil
616637,vill,tekstiil
616637,värviline lõng,tekstiil
616639,linane,tekstiil
616639,lõng,tekstiil
616639,valge niit,tekstiil
616639,villane,tekstiil
616642,kask,puit
616642,raud,metall
616643,kuusk,puit
616644,labane kangas,tekstiil
616644,linane,tekstiil
616644,puuvillane,tekstiil
616644,tikand,tekstiil
616647,kask,puit
616647,toht,puit
616648,kask,puit
616648,toht,puit
616649,kask,puit
616649,toht,puit
616650,kask,puit
616650,nahk,puit
616650,rihm,puit
616651,kask,puit
616651,lepp,puit
616651,vokiratas,puit
616652,kuusk,puit
616653,kask,puit
616654,mänd,puit
616655,kuusk,puit
616656,kuusk,puit
616657,kask,puit
616658,kask,puit
616658,kuusk,puit
616658,,
616659,kuusk,puit
616660,kuusk,puit
616661,haab,puit
616661,kuusk,puit
616661,küljelaud,puit
616661,,puit
616662,kuusk,puit
616663,kuusk,puit
616664,kapron,puit
616664,paju,puit
616664,vits,puit
616664,võrk,puit
616665,kask,puit
616665,kuusk,puit
616665,vars,puit
616666,kask,puit
616666,kuusk,puit
616666,vars,puit
616667,kuusk,puit
616667,metall,metall
616668,kuusk,puit
616668,metall,metall
616670,kuusk,puit
616670,metall,metall
616673,kask,puit
616674,kask,puit
616674,punutis,puit
616674,niin,puit
616674,puuvill,puit
616674,rihm,puit
616674,toht,puit
616676,alumiinium,metall
616676,jalased,
616676,kodarad,puit
616676,kask,puit
616676,köis,tekstiil
616676,lina,tekstiil
616676,metall,metall
616676,painardid,
616676,toomingas,puit
616677,jalg,puit
616677,kask,puit
616677,kuusk,puit
616678,kuusk,puit
616679,kask,puit
616679,toht,puit
616680,kuusk,puit
616681,kask,puit
616681,kuusk,puit
616681,ristipulk,puit
616682,haab,puit
616683,kask,puit
616683,niin,puit
616683,nöör,puit
616683,toht,puit
616684,kuusk,puit
616685,jalg,puit
616685,kask,puit
616685,kuusk,puit
616685,ristipuud,puit
616686,jalased,puit
616686,kodarad,puit
616686,kask,puit
616686,kuusk,puit
616686,lina,puit
616686,metall,puit
616686,nöör,puit
616686,painardid,puit
616686,raamlatid,puit
616686,toomingas,puit
616686,traat,puit
616687,kuusk,puit
616688,kuusk,puit
616689,kuusk,puit
616690,kuusk,puit
616691,kuusk,puit
616692,teras,metall
616693,teras,metall
616694,teras,metall
616695,lina,tekstiil
616695,puuvill,tekstiil
616696,lina,tekstiil
616696,puuvill,tekstiil
616697,kude,tekstiil
616697,linane,tekstiil
616697,lõim,tekstiil
616697,villane,tekstiil
616698,kask,puit
616698,köide,puit
616698,niin,puit
616699,kask,puit
616699,köide,puit
616699,niin,puit
616700,raud,metall
616702,savi,keraamika
616703,klaas,klaas
616704,toht,puit
616705,kask,puit
616706,haab,puit
616707,kuusk,puit
616707,metall,metall
616708,auto terasvedru,metall
616708,teras,metall
616709,kask,puit
616710,kask,puit
616711,kork,puit
616712,toht,puit
616713,toht,puit
616714,kask,puit
616714,teras,metall
616715,kuusk,puit
616716,kask,puit
616716,teras,metall
616717,raud,metall
616718,haab,puit
616718,koot,puit
616718,kuusk,puit
616718,nahk,puit
616718,rihm,puit
616718,vars,puit
616735,lõng,tekstiil
616735,villane,tekstiil
616736,lina,tekstiil
616737,kask,puit
616737,nõel,puit
616737,raud,puit
616739,kask,puit
616739,raud,metall
616741,kuusk,puit
616742,kask,puit
616742,piid,puit
616742,raa,puit
616742,vaher,puit
616743,kask,puit
616744,kask,puit
616745,kuusk,puit
616746,kanep,puit
616746,kask,puit
616746,nöör,puit
616746,piid,puit
616746,vaher,puit
616747,kask,puit
616748,raud,metall
616749,raud,metall
616750,kask,puit
616751,pärn,puit
616752,haab,puit
616753,haab,puit
616754,haab,puit
616755,niin,puit
616756,haab,puit
616756,kask,puit
616756,mänd,puit
616756,niin,puit
616756,nöör,puit
616756,pakk,puit
616756,soa otsapuu,puit
616756,suga,puit
616758,mänd,puit
616758,savi,puit
616758,värtnakivi,puit
616759,kanep,puit
616759,nöör,puit
616759,vaher,puit
616760,pärn,puit
616761,pärn,puit
616762,niin,puit
616763,savi,keraamika
616763,vaher,puit
616763,värtnakivi,
616764,raud,metall
616768,kask,puit
616769,vaher,puit
616770,kask,puit
616770,ots,puit
616770,piid,puit
616770,vaher,puit
616771,kanep,puit
616771,kask,puit
616771,nöör,puit
616772,kanep,puit
616772,kask,puit
616772,nöör,puit
616772,pärn,puit
616773,kask,puit
616773,metall,metall
616774,metall,metall
616774,pärn,puit
616775,metall,puit
616775,mänd,puit
616776,kanep,puit
616776,kask,puit
616776,kuusk,puit
616776,nöör,puit
616777,haab,puit
616777,jalg,puit
616777,kuusk,puit
616777,lauad,puit
616778,kask,puit
616779,kask,puit
616780,jalakas,puit
616780,koor,puit
616780,lehtpuu,puit
616780,niin,puit
616780,nöör,puit
616780,pulk,puit
616781,vaher,puit
616783,loomanahk,nahk
616784,jalakas,puit
616785,laba,puit
616785,tamm,puit
616785,vaher,puit
616785,vars,puit
616786,kask,puit
616787,kask,puit
616788,lehtpuu,puit
616789,hõbe,metall
616789,metall,metall
616790,lehtpuu,puit
616792,mänd,puit
616792,nahk,puit
616793,okaspuit,puit
616794,kanep,puit
616794,pärn,puit
616795,haab,puit
616795,puuvill,tekstiil
616796,okaspuit,puit
616798,lehtpuu,puit
616799,puit,puit
616799,raud,metall
616800,lehtpuu,puit
616801,kask,puit
616802,kask,puit
616803,lehtpuu,puit
616804,pärn,puit
616805,lehtpuu,puit
616806,nahk,nahk
616807,niin,puit
616807,pärn,puit
616808,kodukootud kangas,tekstiil
616808,linane,tekstiil
616809,linane,tekstiil
616809,kanep,tekstiil
616811,metall,metall
616813,saar,puit
616814,savi,keraamika
616815,metall,metall
616816,saar,puit
616817,metall,metall
616817,puit,puit
616818,lehtpuu,puit
616819,lehtpuu,puit
616820,saar,puit
616821,lehtpuu,puit
616822,harjas,nahk
616822,kanep,tekstiil
616822,siga,nahk
616822,vaik,puit
616823,mänd,puit
616824,lehtpuu,puit
616825,saar,puit
616826,raud,metall
616827,mänd,puit
616828,okaspuit,puit
616829,lehtpuu,puit
616830,puit,puit
616831,lehtpuu,puit
616832,lehtpuu,puit
616832,metall,metall
616833,lehtpuu,puit
616833,raud,metall
616834,savi,keraamika
616835,lehtpuu,puit
616835,metall,metall
616836,pärn,puit
616837,lehtpuu,puit
616956,lõng,tekstiil
616956,puuvillane,tekstiil
616957,puuvill,tekstiil
616958,puuvill,tekstiil
616959,puuvill,tekstiil
616962,linane,tekstiil
616962,must niit,tekstiil
616962,puuvillane,tekstiil
616962,ruuduline,tekstiil
616962,riie,tekstiil
616963,lina,tekstiil
616973,vill,tekstiil
616975,lina,tekstiil
616975,puuvill,tekstiil
616975,vill,tekstiil
616976,puuvill,tekstiil
616976,vill,tekstiil
616977,puuvill,tekstiil
616977,vill,tekstiil
616978,puuvill,tekstiil
616988,puuvill,tekstiil
616991,lina,tekstiil
616991,puuvill,tekstiil
616992,puuvill,tekstiil
616997,kodukootud kangas,tekstiil
616997,linane,tekstiil
617000,atlasriie,tekstiil
617000,poeriie,tekstiil
617002,kodukootud kangas,tekstiil
617002,linane,tekstiil
617003,saar,puit
617004,saar,puit
617004,toht,puit
617005,kask,puit
617005,toht,puit
617006,toht,puit
617007,kodukootud kangas,tekstiil
617007,lina,tekstiil
617008,lina,tekstiil
617008,puuvill,tekstiil
617008,vill,tekstiil
617009,linane,tekstiil
617009,takk,tekstiil
617010,heegelpits,tekstiil
617010,kodukootud kangas,tekstiil
617010,linane,tekstiil
617010,punane lõng,tekstiil
617010,punane riideriba,tekstiil
617010,puuvillane,tekstiil
617011,kodukootud kangas,tekstiil
617011,linane,tekstiil
617011,lõng,tekstiil
617011,puuvillane,tekstiil
617013,toht,puit
617015,lina,tekstiil
617015,puuvill,tekstiil
617017,kodukootud kangas,tekstiil
617017,linane,tekstiil
617017,poepits,tekstiil
617017,,tekstiil
617017,punane lõng,tekstiil
617017,linnu- ja lillemotiiv,tekstiil
617017,puuvillane,tekstiil
617017,riideriba,tekstiil
617019,heegelpits,tekstiil
617019,kodukootud kangas,tekstiil
617019,linane,tekstiil
617019,punane riideriba,tekstiil
617019,puuvillane,tekstiil
617020,linane,tekstiil
617021,kude,tekstiil
617021,linane,tekstiil
617021,lõim,tekstiil
617021,villane,tekstiil
617022,kirivöö,tekstiil
617022,linane,tekstiil
617023,saar,puit
617024,mänd,puit
617025,mänd,puit
617026,kandepael,puit
617026,kask,puit
617026,linane,puit
617026,niin,puit
617026,nöör,puit
617027,aas,puit
617027,kandepael,puit
617027,lina,puit
617027,nahk,puit
617027,toht,puit
617028,mänd,puit
617029,jõhv,puit
617029,niin,puit
617029,nöör,puit
617029,pael,puit
617029,toht,puit
617030,lina,puit
617030,toht,puit
617031,toht,puit
617032,toht,puit
617033,toht,puit
617034,jõhv,tekstiil
617037,kask,puit
617038,kask,puit
617039,toht,puit
617040,heegelpits,tekstiil
617040,kodukootud kangas,tekstiil
617040,linane,tekstiil
617040,lõng,tekstiil
617040,puuvillane,tekstiil
617040,riideriba,tekstiil
617041,toht,puit
617042,lõng,tekstiil
617042,villane,tekstiil
617043,lina,
617043,rihm,
617043,toht,
617044,toht,puit
617045,toht,puit
617046,okaspuit,puit
617047,okaspuit,puit
617048,okaspuit,puit
617049,okaspuit,puit
617050,raud,metall
617051,lehtpuu,puit
617052,lehtpuu,puit
617052,okaspuit,puit
617052,pulk,puit
617052,ujukid,puit
617053,lehtpuu,puit
617054,juured,puit
617055,raud,metall
617056,lina,luu
617056,luu,luu
617056,niit,luu
617056,plaat,luu
617057,kask,puit
617057,puuvill,puit
617057,rihm,puit
617057,toht,puit
617057,vits,puit
617058,kapron,puit
617058,kask,puit
617058,puit,puit
617058,tehismaterjal,puit
617058,toht,puit
617058,võru,puit
617059,kask,puit
617060,kask,puit
617060,linane,puit
617060,niit,puit
617060,puuvillane,puit
617060,toht,puit
617063,lehtpuu,puit
617064,kask,puit
617064,niit,puit
617064,kandenöör,puit
617064,puit,puit
617064,pulk,puit
617064,puuvill,puit
617064,toht,puit
617065,lehtpuu,puit
617065,nahk,nahk
617065,raud,metall
617065,rihm,nahk
617065,tera,metall
617065,vars,
617065,hoopulk,puit
617066,lehtpuu,puit
617067,okaspuit,puit
617067,raud,metall
617069,luu,luu
617069,nahk,nahk
617069,puit,puit
617069,raud,metall
617070,lehtpuu,puit
617071,lehtpuu,puit
617072,lehtpuu,puit
617074,kask,puit
617075,kask,puit
617076,labane riie,tekstiil
617076,linane,tekstiil
617077,saar,puit
617078,kodukootud kangas,tekstiil
617078,linane,tekstiil
617079,lina,tekstiil
617079,niit,tekstiil
617079,poepits,tekstiil
617079,punane niit,tekstiil
617079,puuvill,tekstiil
617081,linane,tekstiil
617081,lõng,tekstiil
617081,villane,tekstiil
617085,kodukootud kangas,tekstiil
617085,linane,tekstiil
617086,villane,tekstiil
617086,linane,tekstiil
617086,lõng,tekstiil
617087,heegelpits,tekstiil
617087,labane kangas,tekstiil
617087,kodukootud kangas,tekstiil
617087,lina,tekstiil
617087,must niit,tekstiil
617087,niit,tekstiil
617087,punane tikand,tekstiil
617087,puuvill,tekstiil
617088,tekstiil,puit
617088,toht,puit
617089,mänd,puit
617091,lõng,tekstiil
617091,villane,tekstiil
617092,lõng,tekstiil
617092,villane,tekstiil
617096,linane,tekstiil
617096,riie,tekstiil
617101,haab,puit
617101,kuusk,puit
617101,niin,puit
617101,,puit
617101,kaas,puit
617102,labane riie,tekstiil
617102,linane,tekstiil
617103,labane riie,tekstiil
617103,linane,tekstiil
617104,linane,tekstiil
617104,punane kant,tekstiil
617104,puuvillane,tekstiil
617104,ruuduline riie,tekstiil
617105,linane,tekstiil
617107,luu,luu
617108,nahk,puit
617108,okaspuit,puit
617108,pulk,puit
617108,rihm,puit
617108,toht,puit
617109,toht,puit
617109,toomingas,puit
617109,vits,puit
617109,pulk,puit
617110,kuusk,puit
617110,käepide,puit
617110,niin,puit
617110,,puit
617110,kaas,puit
617110,toht,puit
617110,toomingas,puit
617111,lina,tekstiil
617111,loomne materjal,nahk
617111,seaharjased,nahk
617111,vaik,puit
617112,kask,puit
617112,kuusk,puit
617112,pea,puit
617112,vars,puit
617113,koer,tekstiil
617113,karv,tekstiil
617113,lõng,tekstiil
617113,villane,tekstiil
617115,lõng,tekstiil
617115,villane,tekstiil
617116,kude,tekstiil
617116,labane pikitriibuline,tekstiil
617116,linane,tekstiil
617116,villane,tekstiil
617117,kask,puit
617118,kask,puit
617118,mänd,puit
617120,nahk,nahk
617120,raud,metall
617120,rihm,nahk
617121,raud,puit
617122,kask,puit
617122,raud,metall
617123,kask,puit
617124,kask,puit
617125,kask,puit
617126,kask,puit
617127,kask,puit
617128,vaher,puit
617129,lina,tekstiil
617129,niit,tekstiil
617129,toht,puit
617130,vask,metall
617131,lõng,tekstiil
617131,villane,tekstiil
617132,lõim,tekstiil
617132,puuvillane,tekstiil
617132,riie,tekstiil
617133,lina,tekstiil
617133,puuvill,tekstiil
617134,toht,puit
617135,kask,puit
617137,villane,tekstiil
617138,kask,puit
617138,paju,puit
617138,toht,puit
617138,vits,puit
617139,lõng,tekstiil
617139,villane,tekstiil
617141,mänd,puit
617145,haab,puit
617145,kuusk,puit
617145,,puit
617146,kask,puit
617146,poolivarras,puit
617146,raud,puit
617147,niin,puit
617147,toht,puit
617149,kask,puit
617149,lina,puit
617149,nöör,puit
617165,kuusk,puit
617165,,puit
617165,toht,puit
617166,kuusk,puit
617166,,puit
617166,toht,puit
617167,kaas,puit
617167,kask,puit
617167,kuusk,puit
617167,,puit
617167,toht,puit
617168,lina,tekstiil
617168,loomne materjal,nahk
617168,riie,tekstiil
617168,seaharjased,nahk
617168,vaik,puit
617169,kangas,tekstiil
617169,linane,tekstiil
617169,nahk,tekstiil
617169,pannal,tekstiil
617169,pargitud lambanahk,tekstiil
617169,raud,tekstiil
617169,tilguti,tekstiil
617169,vask,tekstiil
617170,kuusk,puit
617170,toomingas,puit
617170,vits,puit
617170,sang,puit
617171,niin,puit
617173,pulk,puit
617173,niin,puit
617173,paju,puit
617173,toomingas,puit
617174,kask,puit
617174,lina,puit
617174,nöör,puit
617178,kask,puit
617179,lehtpuu,puit
617179,lina,puit
617179,niit,puit
617180,metall,metall
617180,mänd,puit
617183,kude värviline,tekstiil
617183,linane,tekstiil
617183,lõim,tekstiil
617183,villane,tekstiil
617185,lina,tekstiil
617185,puuvill,tekstiil
617185,vill,tekstiil
617210,puuvill,tekstiil
617210,vill,tekstiil
617211,kude värviline,tekstiil
617211,linane,tekstiil
617211,lõim,tekstiil
617211,villane,tekstiil
617213,puuvill,tekstiil
617213,vill,tekstiil
617227,kuusk,puit
617227,toomingas,puit
617227,vits,puit
617228,kuusk,puit
617228,raud,metall
617229,kask,puit
617229,kolk,puit
617229,kuusk,puit
617229,nahk,puit
617229,rihm,puit
617229,vars,puit
617230,kuusk,puit
617230,raud,metall
617231,aas,puit
617231,kask,puit
617231,lina,puit
617231,niin,puit
617231,rihm,puit
617231,toht,puit
617232,klaas,klaas
617232,kuusk,puit
617232,raud,metall
617233,kuusk,puit
617234,kask,puit
617235,kask,puit
617235,raud,metall
617236,kask,puit
617236,toht,puit
617237,kask,puit
617238,lehtpuu,puit
617239,paju,puit
617240,kask,puit
617240,tehismaterjal,puit
617242,haab,puit
617243,kuusk,puit
617244,kask,puit
617245,kask,puit
617245,kuusk,puit
617245,linane,puit
617245,,puit
617245,sang,puit
617246,kask,puit
617247,kuusk,puit
617248,kuusk,puit
617254,satään (riidesort),tekstiil
617257,haab,puit
617257,kask,puit
617257,kuusk,puit
617257,küljepuud,puit
617257,soalaad,puit
617257,niiepöörad,puit
617257,lina,puit
617257,lõimerull,puit
617257,riidepakk,puit
617257,hammaslatt,puit
617257,mänd,puit
617257,nöör,puit
617257,põikpuu,puit
617257,tallalauad,puit
617257,sugade piid,puit
617257,vaher,puit
617258,kuusk,puit
617258,raud,puit
617259,nahk,nahk
617260,kuusk,puit
617260,raud,puit
617260,vars,puit
617261,linane,tekstiil
617261,lõng,tekstiil
617261,lõng,tekstiil
617261,punane,tekstiil
617261,puuvillane,tekstiil
617261,riideriba,tekstiil
617261,riie,tekstiil
617261,villane,tekstiil
617263,kask,puit
617263,klots,puit
617263,kuusk,puit
617263,raud,puit
617264,kask,puit
617264,kuusk,puit
617264,lapatsid,puit
617264,pulk,puit
617265,kuusk,puit
617265,metall,metall
617265,traat,metall
617268,kask,puit
617268,kodarad,puit
617268,kuusk,puit
617268,pärn,puit
617269,kuusk,puit
617270,kuusk,puit
617270,raud,puit
617271,kask,puit
617271,toht,puit
617272,kask,puit
617272,kuusk,puit
617272,raud,metall
617273,savi,keraamika
617274,savi,keraamika
617275,kask,puit
617275,nöör,puit
617275,takk,puit
617275,toht,puit
617276,niin,puit
617276,nöör,puit
617276,toht,puit
617277,kuusk,puit
617277,teras,metall
617278,hooratas,puit
617278,ristipulk,puit
617278,kask,puit
617278,kuusk,puit
617278,lina,puit
617278,metall,puit
617278,nöör,puit
617279,lina,puit
617279,toht,puit
617280,toht,puit
617281,kask,puit
617281,nöör,puit
617281,takk,puit
617282,paju,puit
617282,toht,puit
617282,vits,puit
617283,paju,puit
617283,toht,puit
617283,vits,puit
617284,toht,puit
617285,kask,puit
617285,raud,metall
617286,kask,puit
617286,raud,metall
617287,pronks,metall
617288,kask,puit
617288,pärn,puit
617288,raud,puit
617289,juured,puit
617289,puit,puit
617290,haar,puit
617290,kask,puit
617290,kuusk,puit
617291,kask,puit
617292,raud,metall
617293,kuusk,puit
617294,mänd,puit
617295,teras,metall
617296,kask,puit
617296,käepide,
617296,raud,metall
617297,kask,puit
617297,kuusk,puit
617297,lina,puit
617298,kask,puit
617299,juured,puit
617299,kuusk,puit
617300,nahk,nahk
617301,kask,puit
617302,kask,puit
617303,kask,puit
617304,kask,puit
617304,saar,puit
617305,kuusk,puit
617305,metall,puit
617306,kask,puit
617307,toht,puit
617308,kuusk,puit
617309,kask,puit
617309,raud,puit
617310,kuusk,puit
617311,kuusk,puit
617314,alumiinium,metall
617314,kask,puit
617314,kuusk,puit
617314,sarv,luu
617314,vask,metall
617315,keraamika,
617315,kohver,
617315,metall,
617315,puit,
617316,kuusk,puit
617317,juured,puit
617317,kuusk,puit
617318,toht,puit
617319,puuvill,tekstiil
617319,toht,puit
617320,metall,metall
617320,nahk,metall
617321,paju,puit
617322,juured,puit
617322,puit,puit
617324,linane,tekstiil
617324,lõng,tekstiil
617324,puuvillane,tekstiil
617324,valge riie,tekstiil
617326,juured,puit
617326,puit,puit
617327,toht,puit
617328,hõbe,metall
617328,metall,metall
617329,haab,puit
617330,kask,puit
617331,kask,puit
617332,kask,puit
617332,piid,puit
617332,vaher,puit
617333,kask,puit
617334,lehtpuu,puit
617335,metall,metall
617335,plast,plastik
617336,kask,puit
617336,koot,puit
617336,nahk,puit
617336,tamm,puit
617336,vars,puit
617337,kask,puit
617338,kask,puit
617338,kivim,kivim
617339,kuusk,puit
617339,piid,puit
617339,vaher,puit
617340,kask,puit
617341,tamm,puit
617342,tamm,puit
617349,kask,puit
617350,kask,puit
617351,savi,keraamika
617353,kask,puit
617355,savi,keraamika
617363,puuvillane,tekstiil
617364,haab,puit
617365,haab,puit
617365,puit,puit
617365,pulgad,puit
617367,metall,metall
617367,plast,plastik
617367,puuvill,tekstiil
617371,labane riie,tekstiil
617371,linane,tekstiil
617371,siid,tekstiil
617371,roheline,tekstiil
617371,lilleline,tekstiil
617372,pärn,puit
617374,kask,puit
617377,puit,puit
617377,raud,metall
617377,vars,
617378,raud,metall
617379,savi,keraamika
617380,õunapuu,puit
617382,vask,metall
617383,metall,metall
617383,puit,puit
617384,kanep,puit
617384,lehtpuu,puit
617384,nöör,puit
617385,kask,puit
617386,okaspuit,puit
617387,pärn,puit
617388,vask,puit
617389,lehtpuu,puit
617390,lehtpuu,puit
617391,lehtpuu,puit
617392,kanep,puit
617392,pärn,puit
617393,kask,puit
617393,raud,metall
617394,lehtpuu,puit
617394,raud,metall
617396,klaas,klaas
617396,metall,metall
617397,lehtpuu,puit
617398,kask,puit
617399,kask,puit
617400,puit,puit
617401,lehtpuu,puit
617402,kanep,puit
617402,pärn,puit
617402,vaik,puit
617403,malm,metall
617403,puit,puit
617405,metall,metall
617405,puit,puit
617406,saar,puit
617407,metall,metall
617408,lehtpuu,puit
617521,harjas,puit
617521,kanep,puit
617521,nöör,puit
617521,siga,puit
617521,vaik,puit
617522,pärn,puit
617524,lehtpuu,puit
617525,lehtpuu,puit
617526,lehtpuu,puit
617526,metall,metall
617527,lehtpuu,puit
617528,pärn,puit
617530,harjas,nahk
617530,kanep,tekstiil
617530,nöör,tekstiil
617530,siga,nahk
617530,vaha,
617531,lehtpuu,puit
617532,lehtpuu,puit
617533,lehtpuu,puit
617534,lehtpuu,puit
617535,lehtpuu,puit
617536,kanep,puit
617536,nöör,puit
617536,pärn,puit
617537,lehtpuu,puit
617538,lehtpuu,puit
617539,lehtpuu,puit
617540,saar,puit
617541,linane,tekstiil
617542,kanep,puit
617542,saar,puit
617543,saar,puit
617544,kanep,tekstiil
617544,nöör,tekstiil
617544,saar,puit
617551,lina,tekstiil
617551,puuvill,tekstiil
617553,lehtpuu,
617554,niin,
617555,lina,tekstiil
617555,metall,tekstiil
617555,puit,tekstiil
617555,raam,tekstiil
617555,traat,tekstiil
617558,puuvill,tekstiil
617569,lõng,tekstiil
617569,villane,tekstiil
617570,vask,metall
617571,vask,metall
617572,vask,metall
617573,hõbe,metall
617573,metall,metall
617574,vask,metall
617575,vask,metall
617576,vask,metall
617583,looduslik kiud,tekstiil
617590,toht,puit
617591,toht,puit
617592,mänd,puit
617592,raud,puit
617593,kask,puit
617594,lina,tekstiil
617594,vill,tekstiil
617596,lina,tekstiil
617596,vask,metall
617598,lõng,tekstiil
617598,villane,tekstiil
617599,kude,tekstiil
617599,linane,tekstiil
617599,lõim,tekstiil
617599,villane,tekstiil
617600,linane,tekstiil
617600,puuvillane,tekstiil
617600,riie,tekstiil
617600,tikand,tekstiil
617601,lõng,tekstiil
617601,villane,tekstiil
617602,linane,tekstiil
617602,lõng,tekstiil
617602,villane,tekstiil
617608,lõng,tekstiil
617608,villane,tekstiil
617615,aas,puit
617615,lina,puit
617615,toht,puit
617616,kask,puit
617616,niit,puit
617618,toht,puit
617619,kivim,kivim
617620,kivim,kivim
617621,lina,puit
617621,niit,puit
617621,toht,puit
617622,puit,puit
617625,okaspuit,puit
617625,puuvill,puit
617626,lõng,tekstiil
617626,villane,tekstiil
617628,kask,puit
617628,toht,puit
617632,vasikas,nahk
617633,kask,puit
617633,nahk,nahk
617634,lina,puit
617634,nöör,puit
617634,toht,puit
617635,lina,tekstiil
617635,toht,puit
617636,toht,puit
617637,kask,puit
617638,mänd,puit
617639,kask,puit
617639,raud,puit
617640,kask,puit
617642,linane,tekstiil
617644,sulg,tekstiil
617645,helmed,klaas
617645,klaas,klaas
617645,lina,tekstiil
617645,nööbid ja mündid,metall
617645,puuvill,tekstiil
617645,vask,metall
617645,vill,tekstiil
617646,saar,puit
617647,kask,puit
617647,raud,metall
617649,kuusk,puit
617649,lina,puit
617649,puuvill,puit
617653,kask,puit
617654,metall,metall
617654,puit,puit
617655,lina,puit
617655,puit,puit
617655,toht,puit
617658,kõrkjad,tekstiil
617658,looduslik materjal,tekstiil
617658,nöör,tekstiil
617658,puuvill,tekstiil
617659,puit,puit
617659,toht,puit
617660,juured,puit
617660,kuusk,puit
617661,kask,puit
617662,linane,tekstiil
617662,nurktoimne,tekstiil
617663,lina,tekstiil
617664,heegelpits,tekstiil
617664,kodukootud kangas,tekstiil
617664,linane,tekstiil
617664,puuvillane,tekstiil
617664,tikand,tekstiil
617665,lina,tekstiil
617665,niit,tekstiil
617665,puuvill,tekstiil
617666,lina,tekstiil
617667,lõng,tekstiil
617667,villane,tekstiil
617668,kask,puit
617669,toht,puit
617670,kadakas,puit
617671,toht,puit
617672,kask,puit
617673,niin,puit
617673,nöör,puit
617673,toht,puit
617674,kadakas,puit
617675,kask,puit
617676,kask,puit
617677,kadakas,puit
617677,kask,puit
617677,kuusk,puit
617677,küljelaud,puit
617677,,puit
617677,vits,puit
617678,niin,puit
617678,nöör,tekstiil
617678,savi,keraamika
617679,kask,puit
617680,kuusk,puit
617680,,puit
617680,toht,puit
617681,kask,puit
617682,kask,puit
617683,kask,puit
617683,klots,puit
617683,kuusk,puit
617683,metall,puit
617684,kask,puit
617684,kuusk,puit
617684,lina,puit
617684,niiepöörad,puit
617684,niit,puit
617684,nöör,puit
617684,pulgad,puit
617685,kask,puit
617685,kuusk,puit
617685,pulgad,puit
617686,niin,puit
617686,toht,puit
617687,linane,tekstiil
617687,nöör,tekstiil
617687,okaspuit,puit
617687,papp,paber
617687,toomingas,puit
617687,vibukaar,puit
617688,seeder,puit
617689,kask,puit
617689,toht,puit
617690,nahk,nahk
617693,mänd,puit
617694,kask,puit
617695,nahk,puit
617695,puit,puit
617695,rihm,puit
617696,toht,puit
617696,toomingas,puit
617696,vits,puit
617696,pulk,puit
617697,haab,puit
617697,okaspuit,puit
617697,,puit
617698,raud,metall
617699,kask,puit
617699,teras,puit
617700,kask,puit
617701,kask,puit
617701,okaspuit,puit
617701,,puit
617701,sang,puit
617701,tohtust küljed,puit
617701,toomingas,puit
617702,lina,puit
617702,okaspuit,puit
617704,kask,puit
617704,raud,metall
617709,lehtpuu,puit
617711,ruuduline riie,tekstiil
617711,linane,tekstiil
617712,labane riie,tekstiil
617712,linane,tekstiil
617713,haak ja aas,tekstiil
617713,kude,tekstiil
617713,riideriba,tekstiil
617713,linane,tekstiil
617713,lõim,tekstiil
617713,puuvillane,tekstiil
617713,rauasulam,tekstiil
617713,villane,tekstiil
617715,haak ja aas,tekstiil
617715,kant,tekstiil
617715,linane,tekstiil
617715,metall,tekstiil
617715,puuvillane,tekstiil
617715,ruuduline riie,tekstiil
617716,paju,puit
617716,toht,puit
617716,vits,puit
617717,kuusk,puit
617717,toomingas,puit
617717,vits,puit
617719,kask,puit
617720,kask,puit
617720,mänd,puit
617720,nahk,puit
617720,tohuribad,puit
617720,vasikas,puit
617721,kask,puit
617721,klaas,klaas
617721,kuusk,puit
617721,raam,puit
617721,vineer,puit
617722,kuusk,puit
617722,liist,puit
617722,mänd,puit
617722,paju,puit
617722,pulgad,puit
617722,vits,puit
617723,raud,metall
617723,sarapuu,puit
617724,kask,puit
617725,kask,puit
617726,kask,puit
617727,mänd,puit
617727,raud,metall
617728,konks,metall
617728,mänd,puit
617728,raud,metall
617729,kask,puit
617729,teras,metall
617730,kask,puit
617730,raud,metall
617731,kask,puit
617731,koot,
617731,kuusk,puit
617731,nahk,nahk
617731,rihm,nahk
617731,vars,
617732,mänd,puit
617733,kask,puit
617733,raud,metall
617734,lõng,tekstiil
617734,villane,tekstiil
617735,lõng,tekstiil
617735,villane,tekstiil
617756,lina,tekstiil
617756,puuvill,tekstiil
617756,vill,tekstiil
617757,lina,tekstiil
617757,puuvill,tekstiil
617758,kude,tekstiil
617758,linane,tekstiil
617758,lõim,tekstiil
617758,punane lõng,tekstiil
617758,puuvillane,tekstiil
617760,kude,tekstiil
617760,linane,tekstiil
617760,lõim,tekstiil
617760,punane lõng,tekstiil
617760,puuvillane,tekstiil
617764,lina,tekstiil
617764,punane kangas,tekstiil
617764,puuvill,tekstiil
617764,ruuduline kangas,tekstiil
617765,lina,tekstiil
617765,vill,tekstiil
617766,lina,tekstiil
617766,metall,metall
617766,siid,tekstiil
617767,labane kangas,tekstiil
617767,lina,tekstiil
617767,puuvill,tekstiil
617767,värviline,tekstiil
617782,kuusk,puit
617783,okaspuit,puit
617783,takk,puit
617783,vibunöör,puit
617784,okaspuit,puit
617784,pael,tekstiil
617784,puuvill,tekstiil
617785,metall,metall
617785,mänd,puit
617786,mänd,puit
617787,aas ja konks,metall
617787,,
617787,helmed,klaas
617787,kangas,tekstiil
617787,kunstnahk,tekstiil
617787,metall,metall
617787,plastmass,plastik
617787,puuvillane,tekstiil
617788,okaspuit,puit
617789,kuusk,puit
617790,lehis,puit
617791,kask,puit
617792,helmed,plastik
617792,klaas,klaas
617792,plast,plastik
617792,tamiil,plastik
617793,klaas,klaas
617793,plast,plastik
617794,vask,metall
617795,alumiinium,metall
617797,kanep,tekstiil
617797,kude värviline,tekstiil
617797,lõim,tekstiil
617797,villane,tekstiil
617801,lammas,tekstiil
617801,must,tekstiil
617801,nahk,tekstiil
617801,nööp,tekstiil
617801,plastmass,tekstiil
617801,villane,tekstiil
617803,kanep,tekstiil
617803,kude,tekstiil
617803,lõim,tekstiil
617803,villane,tekstiil
617805,lina,tekstiil
617805,vill,tekstiil
617806,lina,tekstiil
617806,vill,tekstiil
617807,lina,tekstiil
617807,puuvill,tekstiil
617808,puuvill,tekstiil
617808,vill,tekstiil
617835,lina,tekstiil
617835,puuvill,tekstiil
617839,lõng,tekstiil
617839,villane,tekstiil
617840,lõng,tekstiil
617840,villane,tekstiil
617842,kanep,tekstiil
617842,kude,tekstiil
617842,lõim,tekstiil
617842,villane,tekstiil
617844,lõng,tekstiil
617844,villane,tekstiil
617846,juured,puit
617846,kuusk,puit
617847,toht,puit
617848,toht,puit
617849,kask,puit
617850,metall,puit
617850,puit,puit
617851,kask,puit
617851,kuusk,puit
617851,vars,puit
617852,kask,puit
617852,kolk,puit
617852,kuusk,puit
617852,nahk,puit
617852,rihm,puit
617852,vars,puit
617854,toht,puit
617855,kask,puit
617855,raud,metall
617857,loomanahk,nahk
617858,metall,metall
617859,kuusk,puit
617859,pärn,puit
617859,,puit
617859,kaas,puit
617860,kask,puit
617861,kuusk,puit
617861,,puit
617861,tamm,puit
617863,puit,puit
617864,kask,puit
617864,kuusk,puit
617864,värten,puit
617865,kuusk,puit
617865,nöör,puit
617865,takk,puit
617866,kask,puit
617867,kuusk,puit
617868,toht,puit
617869,toht,puit
617870,toht,puit
617871,toht,puit
617872,kuusk,puit
617873,kuusk,puit
617874,kuusk,puit
617875,kask,puit
617875,kuusk,puit
617875,lina,puit
617875,nöör,puit
617875,piid,puit
617875,peeled,puit
617875,sõlg,puit
617876,kask,puit
617876,kuusk,puit
617876,lina,puit
617876,peeled,puit
617876,piid,puit
617876,sõlg,puit
617877,kask,puit
617877,nöör,puit
617877,takk,puit
617878,kask,puit
617878,kuusk,puit
617878,ratas,puit
617879,haab,puit
617879,kask,puit
617879,kuusk,puit
617879,liist,puit
617880,kask,puit
617881,haab,puit
617881,niin,puit
617881,pärn,puit
617882,kuusk,puit
617885,lina,tekstiil
617886,lina,tekstiil
617887,lina,tekstiil
617891,toht,puit
617892,kask,puit
617892,lina,puit
617892,nöör,puit
617892,puuvill,puit
617893,kask,puit
617894,kask,puit
617894,kuusk,puit
617894,lina,tekstiil
617894,nahk,nahk
617894,puuvill,tekstiil
617894,rihm,nahk
617894,telg,puit
617894,ratas,puit
617895,kask,puit
617896,raud,metall
617901,nahk,
617901,nahk,
617903,kivim,
617903,looduslik kiud,
617903,metall,
617907,karusnahk,
617907,lammas,
617907,pargitud,
617907,nahk,
617907,nööp,
617909,kuusk,
617910,kuusk,
617911,kivim,
617911,klaas,
617911,metall,
617911,vill,
617912,looduslik materjal,
617912,metall,
617912,vill,
617924,kivim,kivim
617924,metall,metall
617924,vill,tekstiil
617925,kivim,kivim
617925,lina,tekstiil
617925,looduslik materjal,
617925,metall,metall
617925,vill,tekstiil
617934,kivim,kivim
617934,lina,tekstiil
617934,metall,metall
617934,vill,tekstiil
617935,helmed,klaas
617935,kaurikarp,luu
617935,klaas,klaas
617935,koorik,
617935,lõng,tekstiil
617935,metallisulam,metall
617935,münt,metall
617935,nööp,
617935,pael,tekstiil
617935,plastmass,plastik
617935,siid,tekstiil
617935,villane,tekstiil
617941,jalakas,puit
618063,kanep,puit
618063,riie,puit
618063,saar,puit
618064,saar,puit
618065,lehtpuu,puit
618066,saar,puit
618067,lehtpuu,puit
618068,saar,puit
618069,lehtpuu,puit
618070,lehtpuu,puit
618071,pärn,puit
618072,kanep,puit
618072,lehtpuu,puit
618073,lehtpuu,puit
618074,puit,puit
618075,lehtpuu,puit
618076,mänd,puit
618077,lehtpuu,puit
618078,saar,puit
618080,saar,puit
618081,saar,puit
618084,lehtpuu,puit
618087,saar,puit
618088,savi,keraamika
618089,savi,keraamika
618090,metall,metall
618090,plekk,metall
618092,lehtpuu,puit
618093,kanep,puit
618093,nöör,puit
618093,pärn,puit
618094,pärn,puit
618095,pärn,puit
618096,kanep,puit
618096,nöör,puit
618096,pärn,puit
618097,puit,puit
618097,tekstiil,puit
618098,kanep,puit
618098,nöör,puit
618098,pärn,puit
618099,kanep,puit
618099,koor,puit
618099,nöör,puit
618099,pärn,puit
618100,kanep,puit
618100,nöör,puit
618100,pärn,puit
618101,kanep,puit
618101,nöör,puit
618101,puit,puit
618101,tekstiil,puit
618102,vask,metall
618104,lehtpuu,puit
618105,kanep,puit
618105,nöör,puit
618105,pärn,puit
618106,kanep,puit
618106,nöör,puit
618106,saar,puit
618107,saar,puit
618108,lehtpuu,puit
618109,lehtpuu,puit
618114,münt,tekstiil
618114,kunstsiid,tekstiil
618114,sünteetika,tekstiil
618114,valge metall,tekstiil
618115,puuvillane,tekstiil
618115,sissekootud muster,tekstiil
618118,puuvill,tekstiil
618136,lehtpuu,puit
618136,nahk,puit
618136,pael,puit
618137,kuusk,puit
618139,lehtpuu,puit
618140,kask,puit
618141,metall,tekstiil
618141,puuvill,tekstiil
618142,lehtpuu,puit
618143,savi,keraamika
618144,lehtpuu,puit
618144,raud,metall
618145,lehtpuu,puit
618145,raud,metall
618145,õunapuu,puit
618146,metall,metall
618147,raud,metall
618148,lehtpuu,puit
618148,raud,metall
618151,lehtpuu,puit
618151,raud,metall
618152,linane,tekstiil
618152,lõng,tekstiil
618152,villane,tekstiil
618153,kask,puit
618153,kuusk,puit
618153,vits,puit
618154,kuusk,puit
618155,savi,keraamika
618155,toht,keraamika
618156,mänd,puit
618157,savi,keraamika
618157,toht,keraamika
618158,mänd,puit
618159,kask,puit
618160,kuusk,puit
618161,metall,metall
618161,puit,puit
618161,sirel,puit
618162,kask,puit
618163,hark,puit
618163,mänd,puit
618163,paju,puit
618164,kude,tekstiil
618164,villane,tekstiil
618165,lõng,tekstiil
618165,punane,tekstiil
618165,sinine ja valge,tekstiil
618166,linane,tekstiil
618166,valge,tekstiil
618167,toht,puit
618168,toht,puit
618169,kask,puit
618169,kolk,puit
618169,kuusk,puit
618169,nahk,puit
618169,rihm,puit
618169,vars,puit
618170,toht,puit
618171,kuusk,puit
618172,kask,puit
618173,lina,tekstiil
618173,riie,tekstiil
618173,vill,tekstiil
618174,linane,tekstiil
618174,litrid,tekstiil
618174,pael,tekstiil
618174,punane riie,tekstiil
618174,puuvillane,tekstiil
618174,punane puuvillane,tekstiil
618174,must samet,tekstiil
618174,kard,tekstiil
618174,sik-sak,tekstiil
618174,roheline ja must),tekstiil
618174,pärlid,tekstiil
618174,roheline,tekstiil
618174,punane,tekstiil
618174,sinine lõng,tekstiil
618174,valge riie,tekstiil
618174,vask,tekstiil
618174,villane,tekstiil
618175,linane,tekstiil
618175,litrid,tekstiil
618175,pael,tekstiil
618175,puuvillane,tekstiil
618175,sik-sak,tekstiil
618175,kard,tekstiil
618175,valge kangas,tekstiil
618175,valge,tekstiil
618175,punane,tekstiil
618175,must,tekstiil
618175,roheline kangas,tekstiil
618175,vask,tekstiil
618176,paju,puit
618177,kude,tekstiil
618177,linane,tekstiil
618177,lõim,tekstiil
618177,villane,tekstiil
618178,toht,puit
618182,atlasriie,tekstiil
618182,pael,tekstiil
618182,punane lilleline,tekstiil
618182,puuvillane,tekstiil
618182,sik-sak,tekstiil
618182,valge vooder,tekstiil
618183,lõng,tekstiil
618183,puuvillane,tekstiil
618184,kask,puit
618184,kuusk,puit
618185,kask,puit
618185,kolk,puit
618185,kuusk,puit
618185,nahk,puit
618185,rihm,puit
618185,vars,puit
618186,kopikas,tekstiil
618186,linane,tekstiil
618186,lõng,tekstiil
618186,metall,tekstiil
618186,must,tekstiil
618186,sinine sik-sak,tekstiil
618186,kard,tekstiil
618186,pael,tekstiil
618186,pärlid,tekstiil
618186,valge riie,tekstiil
618186,villane,tekstiil
618187,vooder,tekstiil
618187,kopikas,metall
618187,linane,tekstiil
618187,metall,metall
618187,puuvillane,tekstiil
618187,pärlid,luu
618187,riie,tekstiil
618187,rohelised,
618187,sinine,
618188,kude,tekstiil
618188,linane,tekstiil
618188,lõim,tekstiil
618188,villane,tekstiil
618189,linane,tekstiil
618189,litrid,tekstiil
618189,pael,tekstiil
618189,roosa ja roheline,tekstiil
618189,valge kangas,tekstiil
618189,vask,tekstiil
618190,linane,tekstiil
618190,pärlid,tekstiil
618190,siid,tekstiil
618190,valge riie,tekstiil
618190,värviline lõng,tekstiil
618191,linane,tekstiil
618191,riie,tekstiil
618192,kalev (riidesort),tekstiil
618192,klaas,tekstiil
618192,kudrused,tekstiil
618192,litrid,tekstiil
618192,metall,tekstiil
618192,must,tekstiil
618192,pael,tekstiil
618192,plekist nööbid,tekstiil
618192,roosa ja hall lõng,tekstiil
618192,sinine,tekstiil
618192,roosa ja kirju,tekstiil
618192,villane,tekstiil
618193,koor,puit
618193,puit,puit
618194,haak,tekstiil
618194,linane,tekstiil
618194,metall,tekstiil
618194,ruuduline,tekstiil
618195,haak,tekstiil
618195,linane,tekstiil
618195,metall,tekstiil
618195,punane riideriba,tekstiil
618195,puuvillane,tekstiil
618195,ruuduline,tekstiil
618196,kangas,tekstiil
618196,niit,tekstiil
618196,puuvillane,tekstiil
618197,linane,tekstiil
618197,ruuduline,tekstiil
618198,linane,tekstiil
618198,ruuduline,tekstiil
618199,hõbe,metall
618199,kivim,kivim
618199,klaas,klaas
618199,rahad,metall
618200,raud,metall
618201,puit,puit
618201,pöök,puit
618202,hani,nahk
618202,kalev (riidesort),tekstiil
618202,sits (riidesort),tekstiil
618202,krepp,paber
618202,nahk,nahk
618202,papp,paber
618202,sulg,nahk
618202,tekstiil,tekstiil
618203,juured,puit
618203,kask,puit
618203,sang,puit
618203,seeder,puit
618203,toht,puit
618203,toomingas,puit
618204,seeder,puit
618205,mänd,puit
618210,karusnahk,tekstiil
618210,põder,tekstiil
618211,lehtpuu,puit
618211,lina,puit
618211,nahk,puit
618211,niit,puit
618211,toht,puit
618211,võru,puit
618213,puit,puit
618213,raud,metall
618214,kask,puit
618214,nahk,nahk
618214,raud,metall
618214,vask,metall
618219,metall,metall
618219,nahk,nahk
618219,plekk,metall
618219,alumiinium ja vasktraat,metall
618219,puit,puit
618219,puuvill,tekstiil
618219,raud,metall
618220,lehtpuu,puit
618220,lina,puit
618220,nahk,puit
618220,niit,puit
618220,toht,puit
618220,võru,puit
618221,nahk,puit
618221,okaspuit,puit
618221,toht,puit
618224,kask,puit
618224,linane,puit
618224,nahk,puit
618224,nöör,puit
618224,raud,puit
618224,rihm,puit
618224,tera,puit
618224,vibukaar,puit
618224,toru,puit
618225,kask,puit
618225,raud,metall
618226,kask,puit
618226,raud,metall
618227,elektrijuhe,plastik
618227,puit,puit
618227,tehismaterjal,plastik
618227,toht,puit
618230,kask,puit
618230,nahk,nahk
618230,raud,metall
618231,kask,puit
618231,penoplastist pea,plastik
618231,tehismaterjal,plastik
618232,kask,puit
618233,kask,puit
618234,kuusk,puit
618235,okaspuit,puit
618237,sarv,luu
618238,haab,puit
618238,juured,puit
618238,kaas,puit
618238,kuusk,puit
618238,puit,puit
618239,kask,puit
618240,kuusk,puit
618241,kuusk,puit
618242,raud,puit
618243,mänd,puit
618243,teras,metall
618244,kuusk,puit
618245,mänd,puit
618246,toht,puit
618247,kuusk,puit
618248,kask,puit
618248,raud,metall
618249,kuusk,puit
618249,raud,puit
618250,vask,metall
618251,vask,metall
618252,metall,metall
618253,lõng,tekstiil
618253,villane,tekstiil
618256,kask,puit
618258,savi,keraamika
618259,kask,puit
618259,raud,metall
618260,kivim,kivim
618260,toomingas,puit
618261,kask,puit
618261,raud,metall
618262,raud,metall
618262,sang,puit
618262,vask,metall
618263,kask,puit
618263,raud,metall
618264,lõng,tekstiil
618264,villane,tekstiil
618265,loomanahk,nahk
618265,pargitud,nahk
618266,paju,puit
618266,toht,puit
618266,vars,puit
618267,kask,puit
618267,ketas,
618267,kuusk,puit
618267,nahk,nahk
618267,raud,metall
618267,vars,
618267,vask,metall
618270,juured,puit
618270,kuusk,puit
618270,paju,puit
618270,vits,puit
618271,kuusk,puit
618272,juured,puit
618272,kuusk,puit
618272,paju,puit
618272,vits,puit
618273,mänd,puit
618274,kask,puit
618274,kolk,puit
618274,kuusk,puit
618274,nahk,puit
618274,rihm,puit
618274,vars,puit
618275,metall,metall
618275,nahk,nahk
618275,rihm,nahk
618275,vasetatud raudplekk,metall
618276,raud,metall
618277,metall,metall
618277,toht,metall
618277,vasetatud raudplekk,metall
618279,haab,puit
618279,kask,puit
618279,metall,metall
618279,riba,puit
618279,võru,puit
618280,puit,puit
618281,karusnahk,nahk
618281,koer,nahk
618282,kask,puit
618282,kuusk,puit
618282,põikpuu,puit
618282,vars,puit
618283,kask,puit
618283,kuusk,puit
618283,küljelaud,puit
618283,otsalauad,puit
618284,kask,puit
618284,kuusk,puit
618284,vars,puit
618286,lina,puit
618286,nöör,puit
618286,toht,puit
618287,lina,tekstiil
618287,nahk,nahk
618287,nöör,tekstiil
618287,paju,puit
618287,rihm,nahk
618287,takk,puit
618287,toht,puit
618287,vits,puit
618288,haab,puit
618288,kask,puit
618288,laast,puit
618288,lina,tekstiil
618288,nahk,nahk
618288,toht,puit
618291,kask,puit
618292,kask,puit
618292,metall,metall
618292,nahk,nahk
618292,raudplekk,metall
618293,kask,puit
618294,lõng,tekstiil
618294,villane,tekstiil
618298,linane,tekstiil
618298,ruuduline,tekstiil
618300,linane,tekstiil
618303,lõng,tekstiil
618303,villane,tekstiil
618325,kalev (riidesort),tekstiil
618325,karusnahk,tekstiil
618325,nahk,tekstiil
618326,kask,puit
618327,kask,puit
618328,lehis,puit
618329,kask,puit
618331,lehis,puit
618332,lehis,puit
618333,karusnahk,nahk
618333,nahk,nahk
618333,pargitud naharibad,nahk
618333,põhjapõder,nahk
618334,karusnahk,nahk
618335,kask,puit
618336,karusnahk,nahk
618336,põhjapõder,nahk
618337,kalev (riidesort),tekstiil
618337,karusnahk,nahk
618338,metall,metall
618338,puuvill,tekstiil
618339,kalev (riidesort),tekstiil
618339,karusnahk,nahk
618340,plast,plastik
618340,tamiil ja helmed,plastik
618344,plast,plastik
618344,tamiil ja helmed,plastik
618348,lehtpuu,puit
618348,metall,puit
618348,okaspuit,puit
618348,pulgad,puit
618349,okaspuit,puit
618350,kask,puit
618350,käepide,metall
618350,raud,metall
618351,mänd,puit
618351,raud,metall
618352,mänd,puit
618353,okaspuit,puit
618354,kalev (riidesort),tekstiil
618354,karusnahk,nahk
618354,põhjapõder ja lammas,nahk
618355,haab,puit
618355,kuusk,metall
618355,laba,
618355,polt,metall
618355,raud,metall
618355,vars,puit
618356,,
618356,kask,puit
618356,kivim,kivim
618356,konks,metall
618356,linane,tekstiil
618356,raud,metall
618356,õngenöör,plastik
618357,kask,puit
618357,metall,metall
618357,papp,paber
618357,traat,metall
618358,mänd,puit
618358,raud,metall
618358,vask,metall
618359,kask,puit
618359,raud,metall
618360,kask,puit
618360,raud,metall
618361,metall,metall
618361,mänd,puit
618362,kask,puit
618363,kask,puit
618363,kuusk,puit
618363,tald,puit
618364,kask,puit
618365,mänd,puit
618366,kuusk,puit
618367,kivim,puit
618367,kork,puit
618367,lina,puit
618367,mänd,puit
618367,puit,puit
618367,pulgad,puit
618367,tina,puit
618368,kask,puit
618368,mänd,puit
618368,tald,puit
618369,kanep,puit
618369,kask,puit
618369,metall,metall
618370,mänd,puit
618370,raud,metall
618371,haab,puit
618371,jalg,puit
618371,lauad,puit
618371,mänd,puit
618372,kask,puit
618373,mänd,puit
618374,haab,puit
618374,raud,puit
618396,labane kangas,tekstiil
618396,linane,tekstiil
618398,hall kude,tekstiil
618398,kanep,tekstiil
618398,lõim,tekstiil
618398,villane,tekstiil
618401,kask,puit
618402,kask,puit
618403,lina,tekstiil
618403,nöör,tekstiil
618403,puit,puit
618404,kask,puit
618404,lina,tekstiil
618404,nöör,puit
618405,kask,puit
618406,kask,puit
618407,kuusk,puit
618407,,puit
618407,toht,puit
618409,kask,puit
618409,lina,puit
618409,mänd,puit
618409,piid,puit
618409,suga,puit
618409,takk,puit
618410,kuusk,puit
618411,kask,puit
618412,kask,puit
618412,kuusk,puit
618412,külje- ja põhjalauad,puit
618412,otsalauad,puit
618413,kask,puit
618413,mänd,puit
618413,piid,puit
618413,raam,puit
618414,kask,puit
618414,lina,puit
618414,nöör,puit
618415,kuusk,puit
618415,nahk,puit
618416,kask,puit
618417,kask,puit
618418,kask,puit
618419,kask,puit
618420,kask,puit
618421,klaas,klaas
618421,metall,metall
618422,kuusk,puit
618423,kask,puit
618424,mänd,puit
618425,kuusk,puit
618426,raud,metall
618427,klaas,klaas
618427,kuusk,puit
618427,nahk,nahk
618428,lina,tekstiil
618428,toht,tekstiil
618429,toht,puit
618430,toht,puit
618431,toht,puit
618432,savi,keraamika
618433,raud,metall
618434,savi,keraamika
618435,kask,puit
618436,kask,puit
618436,raud,metall
618436,vars,puit
618437,nahk,nahk
618437,raud,metall
618437,savi,keraamika
618438,kuusk,puit
618438,metall,metall
618438,sang,puit
618439,kask,puit
618440,kask,puit
618441,kask,puit
618441,kolk,puit
618441,kuusk,puit
618441,nahk,puit
618441,rihm,puit
618441,vars,puit
618442,kask,puit
618442,raud,metall
618443,kask,puit
618443,kivim,puit
618443,köis,puit
618443,ujukid,puit
618444,lina,puit
618444,paju,puit
618445,juured,puit
618445,kuusk,puit
618446,paju,puit
618448,jalased,puit
618448,kask,puit
618448,kodarad,puit
618448,kuusk,puit
618448,liist,puit
618448,painardid,puit
618448,pihlakas,puit
618448,toomingas,puit
618451,raud,metall
618452,raud,metall
618453,raud,metall
618454,raud,metall
618456,raud,metall
618457,kask,puit
618457,raud,metall
618458,kuusk,puit
618459,paju,puit
618460,kask,puit
618460,metall,metall
618461,kask,puit
618461,raud,metall
618462,metall,metall
618462,mänd,puit
618462,traat,metall
618463,labane kangas,tekstiil
618463,linane,tekstiil
618463,nöör,tekstiil
618463,pael,tekstiil
618463,punane kangas,tekstiil
618463,puuvillane,tekstiil
618463,siid,tekstiil
618463,villane,tekstiil
618464,kangas,tekstiil
618464,labane kangas,tekstiil
618464,linane,tekstiil
618464,lõng,tekstiil
618464,puuvillane,tekstiil
618464,riba,tekstiil
618464,satiin,tekstiil
618464,villane,tekstiil
618465,labane kangas,tekstiil
618465,looduslik kiud,tekstiil
618465,lõng,tekstiil
618465,niit,tekstiil
618465,pael,tekstiil
618465,puuvillane,tekstiil
618465,riideriba,tekstiil
618465,satiin,tekstiil
618465,siid,tekstiil
618465,villane,tekstiil
618466,labane kangas,tekstiil
618466,linane,tekstiil
618466,niit,tekstiil
618466,pael,tekstiil
618466,punane kangas,tekstiil
618466,puuvillane,tekstiil
618466,satiin,tekstiil
618466,siid,tekstiil
618467,kude,tekstiil
618467,linane,tekstiil
618467,lõim,tekstiil
618467,punane kude,tekstiil
618467,puuvillane,tekstiil
618467,villane,tekstiil
618468,labane kangas,tekstiil
618468,linane,tekstiil
618469,flanell (riidesort),tekstiil
618469,kangas,tekstiil
618469,labane kangas,tekstiil
618469,looduslik kiud,tekstiil
618469,lõng,tekstiil
618469,puuvillane,tekstiil
618470,lõng,tekstiil
618470,villane,tekstiil
618471,labane kangas,tekstiil
618471,looduslik kiud,tekstiil
618471,lõng,tekstiil
618471,puuvillane,tekstiil
618471,riideriba,tekstiil
618472,labasekoeline riie,tekstiil
618472,linane,tekstiil
618472,punane satään,tekstiil
618472,puuvillane,tekstiil
618472,värviline lõng,tekstiil
618473,labane kangas,tekstiil
618473,looduslik kiud,tekstiil
618473,lõng,tekstiil
618473,puuvillane,tekstiil
618473,riideriba,tekstiil
618474,klaas,tekstiil
618474,labane kangas,tekstiil
618474,looduslik kiud,tekstiil
618474,lõng,tekstiil
618474,nööp,tekstiil
618474,puuvillane,tekstiil
618474,pärlid,tekstiil
618474,riie,tekstiil
618474,vask,tekstiil
618475,kangas,tekstiil
618475,linane,tekstiil
618484,kanep,puit
618484,kask,puit
618485,kanep,puit
618485,vaher,puit
618486,metall,metall
618486,plekk,metall
618486,vaher,puit
618489,kask,puit
618490,kanep,puit
618490,kask,puit
618492,pärn,puit
618500,looduslik kiud,tekstiil
618500,puuvill,tekstiil
618500,puuvillane,tekstiil
618503,niin,puit
618518,paju,puit
618519,paju,puit
618615,puit,puit
618616,pärn,puit
618617,saar,puit
618618,lehtpuu,puit
618619,lehtpuu,puit
618620,kask,puit
618621,kask,puit
618622,harjas,nahk
618622,kanep,puit
618622,nöör,tekstiil
618622,tekstiil,tekstiil
618622,siga,nahk
618623,saar,puit
618624,mänd,puit
618624,nahk,puit
618625,raud,metall
618626,lehtpuu,puit
618627,mänd,puit
618628,lehtpuu,puit
618629,mänd,puit
618630,kask,puit
618631,lehtpuu,puit
618632,puit,puit
618633,lehtpuu,puit
618634,lehtpuu,puit
618634,metall,metall
618635,saar,puit
618636,lehtpuu,puit
618637,lehtpuu,puit
618638,kask,puit
618639,lehtpuu,puit
618640,lehtpuu,puit
618641,puit,puit
618642,lehtpuu,puit
618643,kivim,kivim
618644,kivim,kivim
618645,harjas,nahk
618645,kanep,tekstiil
618645,nöör,tekstiil
618646,kanep,puit
618646,nöör,puit
618646,pärn,puit
618647,kanep,puit
618647,nöör,puit
618647,pärn,puit
618648,kanep,puit
618648,nöör,puit
618648,pärn,puit
618649,,puit
618649,kanep,puit
618649,kask,puit
618649,nöör,puit
618649,paber,puit
618650,email,metall
618650,hõbe,metall
618650,tekstiil,metall
618652,hõbe,metall
618652,metall,metall
618653,hõbe,metall
618653,metall,metall
618654,hõbe,metall
618654,metall,metall
618654,tekstiil,metall
618656,pärn,puit
618685,lehtpuu,puit
618686,raud,metall
618700,looduslik kiud,tekstiil
618700,puuvill,tekstiil
618714,kask,puit
618715,lehtpuu,puit
618715,toht,puit
618716,savi,keraamika
618718,klaas,klaas
618718,kuusk,puit
618718,metall,metall
618719,kask,puit
618719,toht,puit
618720,lehtpuu,puit
618720,nahk,puit
618722,lehtpuu,puit
618723,kuusk,puit
618724,kask,puit
618725,kask,puit
618725,lehtpuu,puit
618725,pink,puit
618725,,puit
618726,heegelniit,tekstiil
618726,puuvillane,tekstiil
618727,karusnahk,nahk
618727,nahk,nahk
618727,põdranahk,nahk
618727,vooder,nahk
618728,linane,tekstiil
618728,trükitud,tekstiil
618729,linane,tekstiil
618729,valge riie,tekstiil
618730,villane,tekstiil
618731,villane,tekstiil
618732,villane,tekstiil
618733,lõng,tekstiil
618733,villane,tekstiil
618734,linane,tekstiil
618734,ruuduline kangas,tekstiil
618735,linane,tekstiil
618735,riie,tekstiil
618736,linane,tekstiil
618736,poepits,tekstiil
618736,puuvillane,tekstiil
618736,ruuduline riie,tekstiil
618737,lõng,tekstiil
618737,villane,tekstiil
618738,lõng,tekstiil
618738,villane,tekstiil
618739,linane,tekstiil
618739,puuvillane,tekstiil
618739,riie,tekstiil
618739,ruuduline,tekstiil
618739,villane,tekstiil
618739,vooder,tekstiil
618740,linane,tekstiil
618740,ruuduline,tekstiil
618740,takk,tekstiil
618741,lõng,tekstiil
618741,villane,tekstiil
618742,linane,tekstiil
618742,lõng,tekstiil
618742,puuvillane,tekstiil
618743,lõng,tekstiil
618743,villane,tekstiil
618744,lõng,tekstiil
618744,villane,tekstiil
618745,kadakas,puit
618745,kuusk,puit
618745,vits,puit
618746,kangas,tekstiil
618746,kant,tekstiil
618746,labane riie,tekstiil
618746,linane,tekstiil
618746,villane,tekstiil
618747,aas,nahk
618747,kits,nahk
618747,linane,nahk
618747,nahk,nahk
618747,tasku vooder ja riie,nahk
618748,kangas,tekstiil
618748,linane,tekstiil
618750,kude,tekstiil
618750,linane,tekstiil
618750,lõim,tekstiil
618750,villane,tekstiil
618751,puuvillane,tekstiil
618751,valge,tekstiil
618752,puuvillane,tekstiil
618752,roosa valgega lõng,tekstiil
618753,linane,tekstiil
618754,linane,tekstiil
618754,ruuduline,tekstiil
618755,kask,tekstiil
618756,kant,nahk
618756,lammas,nahk
618756,linane,nahk
618756,metall,nahk
618756,nahk,nahk
618756,nööp,nahk
618757,kits,nahk
618757,nahk,nahk
618758,klaas,klaas
618758,metall,metall
618758,tekstiil,tekstiil
618760,kask,puit
618761,kask,puit
618762,kask,puit
618763,savi,keraamika
618764,savi,keraamika
618765,puit,puit
618765,raud,metall
618766,raud,metall
618766,vineer,puit
618767,niin,puit
618768,kask,puit
618769,savi,keraamika
618770,haab,puit
618771,haab,puit
618772,jäme toimne kude,tekstiil
618772,linane,tekstiil
618773,linane,tekstiil
618773,toimne,tekstiil
618774,kork,puit
618774,kuusk,puit
618774,toht,puit
618775,kuusk,puit
618775,nahk,puit
618775,pöör,puit
618775,toht,puit
618776,kask,puit
618776,nöör,puit
618776,puuvill,puit
618777,kask,puit
618777,okaspuit,puit
618778,kask,puit
618778,raud,metall
618779,lehtpuu,puit
618779,raud,metall
618780,raud,metall
618781,puit,puit
618781,pulgad,puit
618781,toht,puit
618782,raud,metall
618783,kask,puit
618783,raud,metall
618784,kask,puit
618784,raud,metall
618785,kask,puit
618785,raud,metall
618785,tina,metall
618786,hõbe,metall
618787,kask,puit
618788,kuusk,puit
618789,kuusk,puit
618790,mänd,puit
618791,kara,metall
618791,raud,metall
618791,vask,metall
618792,raud,metall
618793,raud,metall
618794,kask,puit
618794,raud,metall
618795,kivim,kivim
618795,toht,puit
618796,kask,puit
618796,teras,metall
618797,jõhv,nahk
618798,kuusk,puit
618798,raud,metall
618800,toht,puit
618801,kask,puit
618802,kuusk,puit
618803,mänd,puit
618804,karv,tekstiil
618804,lõng,tekstiil
618804,villane,tekstiil
618805,vask,metall
618806,haab,puit
618807,mänd,puit
618808,kask,puit
618809,kumm,plastik
618809,nahk,nahk
618809,tehismaterjal,plastik
618809,toht,puit
618810,kuusk,puit
618810,,puit
618810,kaas,puit
618810,toht,puit
618811,kask,puit
618811,nahk,nahk
618811,nöör,tekstiil
618811,puuvill,tekstiil
618811,raud,metall
618811,tupp,nahk
618812,kask,puit
618813,kask,puit
618813,raud,metall
618814,toht,puit
618815,kask,puit
618816,kask,puit
618818,kivim,kivim
618819,kask,puit
618820,kuusk,puit
618820,raud,metall
618820,tera,metall
618820,vars,
618821,kask,puit
618822,kask,puit
618823,raud,metall
618824,kask,puit
618824,raud,metall
618825,juured,puit
618825,kuusk,puit
618825,lehtpuu,puit
618825,paju,puit
618825,pulk,puit
618825,vits,puit
618826,lina,puit
618826,mänd,puit
618826,nöör,puit
618827,raud,metall
618828,lehtpuu,puit
618829,kask,puit
618830,kask,puit
618830,kivim,kivim
618830,raam,puit
618831,kask,puit
618831,raud,metall
618832,toht,puit
618833,kask,puit
618834,mänd,puit
618835,mänd,puit
618836,kask,puit
618836,raud,metall
618837,kask,puit
618837,raud,metall
618838,linane,tekstiil
618838,toimne,tekstiil
618840,lina,tekstiil
618840,vill,tekstiil
618841,linane,tekstiil
618841,puuvillane,tekstiil
618843,lõng,tekstiil
618843,villane,tekstiil
618846,puuvillane,tekstiil
618846,valge pits,tekstiil
618846,valge riie,tekstiil
618848,kask,puit
618849,hall,tekstiil
618849,hall,tekstiil
618849,kude,tekstiil
618849,linane,tekstiil
618849,lõim,tekstiil
618849,villane,tekstiil
618849,villane,tekstiil
618850,lina,nahk
618850,nahk,nahk
618850,puit,nahk
618851,paju,puit
618853,haavlikott,puit
618853,kask,puit
618853,kuusk,puit
618853,metall,puit
618853,püssirohunõu,puit
618853,tekstiil,puit
618855,kaas,puit
618855,,puit
618855,okaspuit,puit
618855,sang,puit
618855,toht,puit
618855,toomingas,puit
618858,juured,puit
618858,kuusk,puit
618859,raud,metall
618859,sang,puit
618859,vask,metall
618860,kuusk,puit
618860,,puit
618860,kaas,puit
618860,toht,puit
618861,kask,puit
618861,kuusk,puit
618861,metall,metall
618861,traat,metall
618867,lõng,tekstiil
618867,villane,tekstiil
618869,metall,metall
618869,mänd,puit
618869,raudplekk,metall
618870,kuusk,
618870,raud,
618870,toomingas,
618870,vits,
618872,kask,puit
618872,kivim,kivim
618872,kott,tekstiil
618872,linane,tekstiil
618872,niit,tekstiil
618872,pullud,puit
618872,puuvillane,tekstiil
618872,selis,puit
618873,kask,puit
618875,metall,metall
618875,mänd,puit
618875,raudplekk,metall
618875,vormimise puu,puit
618896,kuusk,puit
618896,raud,metall
618897,kuusk,puit
618898,kask,puit
618898,lina,tekstiil
618898,nöör,tekstiil
618899,kask,puit
618899,raud,metall
618900,kask,puit
618900,raud,metall
618901,kask,puit
618903,mänd,puit
618904,kask,puit
618905,savi,keraamika
618906,savi,keraamika
618907,raud,keraamika
618908,savi,keraamika
618909,savi,keraamika
618910,mänd,puit
618910,vineer,puit
618911,kask,puit
618911,raud,metall
618912,mänd,puit
618913,mänd,puit
618914,raud,metall
618915,kask,puit
618916,mänd,puit
618917,aas,metall
618917,raud,metall
618917,vask,metall
618918,savi,keraamika
618919,savi,keraamika
618920,savi,keraamika
618921,savi,keraamika
618922,kask,puit
618923,jalg,puit
618923,kask,puit
618923,kuusk,puit
618923,mänd,puit
618923,vits,puit
618924,kask,puit
618925,linaõlivärv,puit
618925,metall,puit
618925,okaspuit,puit
618925,raudplekk,puit
618925,õlivärv,puit
618926,kuusk,puit
618927,lina,tekstiil
618927,lõng,tekstiil
618927,puuvill,tekstiil
618927,riie,tekstiil
618928,kivim,kivim
618928,lina,tekstiil
618928,nöör,tekstiil
618929,kask,puit
618929,metall,metall
618930,kuusk,puit
618930,lina,puit
618930,mänd,puit
618930,nöör,puit
618930,piid,puit
618931,lina,puit
618931,mänd,puit
618932,kask,puit
618933,,puit
618933,kuusk,puit
618933,mänd,puit
618933,raam,puit
618934,kalev (riidesort),tekstiil
618934,karusnahk,tekstiil
618935,sits (riidesort),tekstiil
618936,karusnahk,nahk
618938,kalev (riidesort),tekstiil
618939,kunstsiid,tekstiil
618939,riidesort,tekstiil
618939,sits (riidesort),tekstiil
618940,sits (riidesort),tekstiil
618941,karusnahk,nahk
618942,juured,puit
618942,vits,puit
618943,kork,plastik
618943,plast,plastik
618944,puit,puit
618945,kask,puit
618946,savi,keraamika
618947,kuusk,puit
618948,klaas,klaas
618948,kuusk,puit
618948,metall,metall
618949,kask,puit
618949,lina,tekstiil
618949,nöör,tekstiil
618949,raud,metall
618950,niin,puit
618951,niin,puit
618952,nööp,tekstiil
618952,linane,tekstiil
618952,plastmass,tekstiil
618952,puuvillane,tekstiil
618952,riie,tekstiil
618952,labane kangas,tekstiil
618952,sits,tekstiil
618956,okaspuit,puit
618957,pilliroog,puit
618958,metall,metall
618958,niin,metall
618958,pilliroog,metall
618958,traat,metall
618959,raud,metall
618960,kask,puit
618960,raud,metall
618961,kask,puit
618961,raud,metall
618962,kask,puit
618962,raud,metall
618963,kask,puit
618963,raud,metall
618964,kuusk,puit
618964,paju,puit
618964,vits,puit
618965,kask,puit
618965,kuusk,puit
618965,metall,metall
618965,vändavõll,
618966,kuusk,puit
618966,metall,metall
618967,klaas,klaas
618967,metall,metall
618968,toht,puit
618972,raud,puit
618973,kude,tekstiil
618973,linane,tekstiil
618973,lõim,tekstiil
618974,lõng,tekstiil
618974,villane,tekstiil
618977,kude,tekstiil
618977,lõim,tekstiil
618977,puuvillane,tekstiil
618977,villane,tekstiil
618978,niin,puit
618979,kask,puit
618983,kuusk,puit
618984,okaspuit,puit
618985,kuusk,puit
618986,kask,puit
618987,kask,puit
618988,kask,puit
618991,puuvill,tekstiil
618992,kuusk,puit
618993,kask,puit
618994,kuusk,puit
618995,lammas,luu
618995,luu,luu
618996,kask,puit
618998,hõbe,metall
618998,lõng,tekstiil
618998,tekstiil,tekstiil
618999,hõbe,metall
619000,hõbe,metall
619000,vask,metall
619001,kuusk,puit
619002,lina,tekstiil
619003,kude,tekstiil
619003,linane,tekstiil
619003,lõim,tekstiil
619003,punane lõng,tekstiil
619003,puuvillane,tekstiil
619004,kude,tekstiil
619004,linane,tekstiil
619004,lõim,tekstiil
619004,punane lõng,tekstiil
619004,puuvillane,tekstiil
619005,kude,tekstiil
619005,linane,tekstiil
619005,lõim,tekstiil
619005,punane lõng,tekstiil
619005,puuvillane,tekstiil
619006,kude,tekstiil
619006,linane,tekstiil
619006,lõim,tekstiil
619009,flanell (riidesort),puit
619009,niin,puit
619009,vooder,puit
619014,lina,tekstiil
619014,vill,tekstiil
619019,puuvillane,tekstiil
619019,riie punast värvi,tekstiil
619019,satään (riidesort),tekstiil
619019,siid,tekstiil
619019,sünteetika,tekstiil
619022,kask,puit
619023,linane,tekstiil
619023,puuvillane,tekstiil
619023,riie,tekstiil
619023,värviline lõng,tekstiil
619023,värvilise lõngaga tikand,tekstiil
619024,lina,tekstiil
619024,vill,tekstiil
619026,klaas,klaas
619026,lina,klaas
619026,mineraal,klaas
619027,niin,puit
619027,vill,puit
619031,kask,puit
619032,kask,puit
619033,lina,tekstiil
619033,vill,tekstiil
619054,lina,tekstiil
619054,puuvill,tekstiil
619055,lina,tekstiil
619055,puuvill,tekstiil
619068,kask,puit
619070,lõng,tekstiil
619070,villane,tekstiil
619074,lehtpuu,puit
619074,raud,metall
619087,lina,tekstiil
619087,puuvill,tekstiil
619095,hõbe,metall
619095,metall,metall
619095,tekstiil,tekstiil
619171,puit,puit
619172,puit,puit
619173,lehtpuu,puit
619174,hani,luu
619174,luu,luu
619175,mänd,puit
619176,klots,
619176,haab,puit
619176,kapron,tekstiil
619176,lehis,puit
619176,niit,tekstiil
619176,nöör,tekstiil
619176,seeder,puit
619176,vibukaar,puit
619176,,
619179,kask,puit
619179,toht,puit
619180,aas,puit
619180,kapron,puit
619180,kask,puit
619180,nahk,puit
619180,niit,puit
619180,tohust,puit
619183,seeder,puit
619184,lehtpuu,puit
619185,lehtpuu,puit
619185,pea,puit
619185,kael,puit
619185,plast,puit
619188,lepp,puit
619192,lehtpuu,puit
619193,linane,metall
619193,nöör,metall
619193,raud,metall
619194,raud,metall
619195,raud,metall
619196,raud,metall
619197,niit,puit
619197,kask,puit
619197,linane,puit
619197,nahk,puit
619197,niit,puit
619197,tohust,puit
619198,vaher,puit
619204,linane,metall
619204,niit,metall
619204,nöör,metall
619204,raud,metall
619205,lina,puit
619205,niit,puit
619205,puit,puit
619205,puuvill,puit
619205,toht,puit
619206,kask,puit
619206,linane,puit
619206,nahk,puit
619206,niit,puit
619206,puit,puit
619206,raud,puit
619206,rõngad,puit
619206,tekstiil,puit
619206,tohust,puit
619208,kapron,puit
619208,okaspuit,puit
619208,vibunöör,puit
619209,puit,puit
619210,toht,puit
619211,kuusk,puit
619212,kuusk,puit
619213,kuusk,puit
619214,mänd,puit
619224,puit,puit
619225,pärn,puit
619226,savi,keraamika
619227,savi,keraamika
619228,puit,puit
619229,lehtpuu,puit
619229,metall,metall
619230,savi,puit
619231,pärn,puit
619239,kuusk,puit
619239,käepide,puit
619239,lehtpuu,puit
619239,raud,puit
619239,vars,puit
619240,mänd,puit
619241,lõng,tekstiil
619241,villane,tekstiil
619243,lõng,tekstiil
619243,villane,tekstiil
619244,lõng,tekstiil
619244,villane,tekstiil
619245,lehtpuu,puit
619245,raud,metall
619246,lehtpuu,puit
619247,alumiinium,metall
619248,alumiinium,metall
619249,alumiinium,metall
619251,alumiinium,metall
619252,alumiinium,metall
619253,alumiinium,metall
619254,alumiinium,metall
619255,alumiinium,metall
619256,lina,puit
619256,paju,puit
619257,lehtpuu,puit
619257,lina,puit
619258,puit,puit
619260,puit,puit
619261,kask,puit
619261,lina,puit
619261,paju,puit
619262,niin,puit
619263,metall,metall
619263,raudplekk,metall
619264,okaspuit,puit
619265,jõhv,tekstiil
619265,tekstiil,tekstiil
619266,jõhv,tekstiil
619266,tekstiil,tekstiil
619268,klaas,klaas
619268,nahk,nahk
619268,okaspuit,puit
619268,sang,puit
619269,lehtpuu,puit
619269,raud,metall
619270,lehtpuu,puit
619270,raud,metall
619271,okaspuit,puit
619271,raud,metall
619272,lehtpuu,puit
619272,okaspuit,puit
619272,raud,metall
619273,klaas,klaas
619274,metall,metall
619274,okaspuit,puit
619275,lina,puit
619275,lõng,puit
619275,paju,puit
619275,pajukoor,puit
619278,lehtpuu,puit
619279,okaspuit,puit
619281,okaspuit,puit
619287,puuvillane,tekstiil
619287,riie ja lõng,tekstiil
619288,linane,tekstiil
619288,puuvillane,tekstiil
619288,rombid ja ristid punase lõngaga,tekstiil
619289,linane,tekstiil
619289,punane lõng,tekstiil
619289,puuvillane,tekstiil
619289,riie,tekstiil
619290,lõng,tekstiil
619290,villane,tekstiil
619291,kask,puit
619292,lõng,tekstiil
619292,villane,tekstiil
619293,lina,tekstiil
619293,metall,metall
619294,vask,metall
619295,vask,metall
619296,toht,puit
619297,raud,metall
619298,kask,puit
619300,kuusk,puit
619301,kask,puit
619302,kask,puit
619304,värvilised riideribad,tekstiil
619304,looduslik kiud,tekstiil
619304,lõim,tekstiil
619304,puuvill,tekstiil
619305,katteriie,tekstiil
619305,pael,tekstiil
619305,roosa puuvillane,tekstiil
619305,siid,tekstiil
619306,poepael,tekstiil
619306,puuvillane,tekstiil
619306,sits (riidesort),tekstiil
619307,kask,puit
619307,lina,puit
619307,nahk,puit
619308,kask,puit
619308,käepide,
619308,raud,metall
619309,kask,puit
619309,raud,metall
619310,mänd,puit
619311,puit,puit
619312,lina,puit
619312,puit,puit
619313,linane,puit
619313,nöör,puit
619313,puit,puit
619314,tamm,puit
619315,raud,metall
619316,kivim,kivim
619316,toht,kivim
619317,kuusk,puit
619318,kask,puit
619318,kuusk,puit
619319,toht,puit
619320,kodukootud kangas,tekstiil
619320,linane,tekstiil
619321,mänd,puit
619322,haab,puit
619322,mänd,puit
619322,,puit
619322,kaas,puit
619323,kask,puit
619324,mänd,puit
619324,nöör,puit
619324,puuvillane,puit
619325,klaas,klaas
619325,kuusk,puit
619326,metall,puit
619326,puit,puit
619327,kask,puit
619327,toht,puit
619328,kask,puit
619329,lina,tekstiil
619329,pluusi,tekstiil
619329,puuvill,tekstiil
619329,,tekstiil
619330,lina,tekstiil
619330,piha,tekstiil
619330,puuvill,tekstiil
619330,,tekstiil
619331,kask,puit
619331,mänd,puit
619331,sang,puit
619332,lina,puit
619332,puit,puit
619333,puit,puit
619334,savi,keraamika
619336,lina,tekstiil
619336,nööp,tekstiil
619336,piha,tekstiil
619336,puuvill,tekstiil
619336,,tekstiil
619336,tehismaterjal,tekstiil
619337,hall,tekstiil
619337,villane,tekstiil
619338,raud,metall
619339,lehtpuu,puit
619345,kuusk,puit
619346,kuusk,puit
619347,kuusk,puit
619348,raud,metall
619349,haab,puit
619349,kadakas,puit
619349,kuusk,puit
619349,,puit
619349,vits,puit
619350,lõng,tekstiil
619350,villane,tekstiil
619351,savi,keraamika
619352,kask,puit
619352,raud,metall
619353,raud,metall
619354,raud,metall
619354,sang,
619354,vask,metall
619355,raud,metall
619356,vask,metall
619357,toht,puit
619358,kuusk,puit
619359,kuusk,puit
619360,kuusk,puit
619361,kask,puit
619361,nahk,nahk
619361,,
619361,kork,puit
619361,rihm,
619361,sarv,luu
619362,kuusk,puit
619362,nahk,nahk
619362,,
619362,rihm,
619362,sarv,luu
619362,veis,
619363,karusnahk,nahk
619363,nahk,nahk
619363,pargitud,nahk
619363,rebasenahk,nahk
619363,,nahk
619364,kask,puit
619364,raud,metall
619365,kuusk,puit
619366,raud,metall
619367,kask,puit
619367,nahk,nahk
619368,kask,puit
619368,raud,metall
619369,kask,puit
619369,kuusk,puit
619369,käepide,
619369,liikuv,
619369,metall,metall
619370,kuusk,puit
619371,raud,metall
619372,raud,metall
619373,malm,metall
619374,kork,puit
619374,kuusk,puit
619374,toht,puit
619375,raud,metall
619376,savi,keraamika
619376,toht,keraamika
619377,kask,puit
619378,kask,puit
619379,raud,metall
619380,kask,puit
619380,kuusk,puit
619380,,puit
619381,luu,luu
619381,sulg,luu
619382,raud,metall
619383,kuusk,puit
619384,mänd,puit
619385,liist,puit
619385,mänd,puit
619385,toht,puit
619386,toht,puit
619387,kask,puit
619387,raud,metall
619388,linane,tekstiil
619388,puuvillane,tekstiil
619389,linane,tekstiil
619389,puuvillane,tekstiil
619391,kask,puit
619392,lehtpuu,puit
619393,kask,puit
619393,metall,metall
619393,raudplekk,metall
619394,kask,puit
619394,kuusk,puit
619394,vars,puit
619395,kuusk,puit
619396,kask,puit
619396,kolk,puit
619396,lehtpuu,puit
619396,nahk,puit
619396,rihm,puit
619396,sirel,puit
619396,vars,puit
619397,kask,puit
619397,okaspuit,puit
619397,vars,puit
619398,mänd,puit
619398,nöör,puit
619398,takk,puit
619399,kask,puit
619400,lehtpuu,puit
619400,raud,metall
619401,lehtpuu,puit
619401,raud,metall
619402,kadakas,puit
619402,kuusk,puit
619402,toomingas,puit
619402,vits,puit
619403,kask,puit
619403,mänd,puit
619403,pulgad,puit
619404,lehtpuu,puit
619404,raud,metall
619405,kuusk,puit
619405,raud,metall
619406,mänd,puit
619407,kask,puit
619407,nahk,puit
619407,rihm,puit
619408,kask,puit
619409,kadakas,puit
619409,kask,puit
619409,mänd,puit
619409,vits,puit
619410,kett,
619410,käepide,puit
619410,metall,metall
619410,nahk,nahk
619410,noatupp ja kott,
619410,sarv,luu
619411,kapslite kestad,puit
619411,kapslitoos,puit
619411,luu,puit
619411,nahk,puit
619411,puit,puit
619411,püssirohutoos,puit
619411,rihm,puit
619411,haavlikott,puit
619411,vask,puit
619412,toht,puit
619412,toomingas,puit
619412,võru,puit
619413,toht,puit
619415,kask,puit
619416,kask,puit
619417,kask,puit
619418,nahk,puit
619418,puit,puit
619418,juured,puit
619418,rihm,puit
619419,kask,puit
619419,paju,puit
619419,toht,puit
619419,vits,puit
619420,niit,puit
619420,puuvill,puit
619420,toht,puit
619420,toomingas,puit
619420,võru,puit
619421,niit,puit
619421,puuvill,puit
619421,toht,puit
619423,kask,puit
619424,kask,puit
619424,mänd,puit
619425,kask,puit
619425,nahk,puit
619426,kask,puit
619426,nahk,nahk
619426,pannal,metall
619426,nuga,metall
619426,põdrasarvest plaat kotil,luu
619426,raud,metall
619426,rihm,nahk
619426,kott,nahk
619426,sarv,luu
619426,tupp,nahk
619426,noapide,puit
619427,luu,luu
619427,põhjapõder,luu
619428,kask,puit
619428,niit,tekstiil
619428,puuvill,tekstiil
619429,kask,puit
619432,kask,puit
619433,kask,puit
619433,niit,puit
619433,nöör,puit
619433,sang,puit
619433,toht,puit
619434,kask,puit
619435,toht,puit
619437,kask,puit
619460,savi,keraamika
619461,savi,keraamika
619462,toht,puit
619463,mänd,puit
619463,nöör,puit
619463,puuvill,puit
619464,kask,metall
619465,kuusk,puit
619465,metall,metall
619466,kask,puit
619466,raud,metall
619466,vars,
619468,kuusk,puit
619469,metall,metall
619469,nöör,tekstiil
619469,puit,puit
619470,puuvill,puit
619470,rihm,puit
619470,toht,puit
619471,mänd,puit
619471,nöör,puit
619471,puuvill,tekstiil
619472,jalg,puit
619472,kuusk,puit
619472,mänd,puit
619472,raud,puit
619473,paju,puit
619474,lehtpuu,puit
619474,raud,metall
619475,okaspuit,puit
619475,punn,puit
619475,toht,puit
619477,linane,tekstiil
619478,linane,tekstiil
619479,kask,puit
619480,savi,keraamika
619481,toht,puit
619482,kask,puit
619482,käepide,
619482,raud,metall
619482,tera,metall
619483,toht,puit
619484,kask,puit
619484,nöör,puit
619484,puuvill,puit
619484,takk,puit
619490,kuusk,puit
619490,nahk,nahk
619490,raud,metall
619491,kadakas,puit
619491,kuusk,puit
619491,vits,puit
619492,savi,keraamika
619493,kask,puit
619493,raud,metall
619493,tera,metall
619493,vars,
619494,kuusk,puit
619495,kask,puit
619495,keder,puit
619495,mänd,puit
619495,vars,puit
619496,lehtpuu,puit
619497,kask,puit
619498,toht,puit
619499,klaas,klaas
619500,mänd,puit
619501,kask,puit
619502,kommipaber,plastik
619502,niit,tekstiil
619502,nöör,tekstiil
619502,paber,paber
619502,puuvill,tekstiil
619502,õlg,puit
619503,kask,puit
619504,mänd,puit
619504,paju,puit
619504,sang,puit
619505,mänd,puit
619505,paju,puit
619505,sang,puit
619507,kask,puit
619509,toht,puit
619510,brokaat (riidesort),tekstiil
619510,lina,tekstiil
619510,siid,tekstiil
619511,karakul,nahk
619511,karusnahk,nahk
619511,lammas,nahk
619511,nahk,nahk
619511,pruun niit,nahk
619511,puuvill,nahk
619512,lina,tekstiil
619512,vill,tekstiil
619513,puuvill,tekstiil
619514,lina,tekstiil
619514,puuvill,tekstiil
619515,kask,puit
619516,kask,puit
619517,kask,puit
619518,kask,puit
619519,niin,puit
619519,sang,puit
619519,toht,puit
619520,kask,puit
619521,kuusk,puit
619522,kask,puit
619523,toht,puit
619524,heegelpits,tekstiil
619524,labasekoeline riie,tekstiil
619524,linane,tekstiil
619524,puuvill,tekstiil
619524,puuvillane,tekstiil
619524,riideriba,tekstiil
619525,kask,puit
619532,kaas,puit
619532,kask,puit
619532,kuusk,puit
619532,,puit
619532,vineer,puit
619544,villane,tekstiil
619545,kangas,tekstiil
619545,linane,tekstiil
619545,lõng,tekstiil
619545,niit,tekstiil
619545,puuvillane,tekstiil
619546,linane,tekstiil
619546,villane,tekstiil
619547,geomeetriline muster,tekstiil
619547,linane,tekstiil
619547,ruuduline kangas,tekstiil
619547,villane,tekstiil
619548,labane kangas,tekstiil
619548,linane,tekstiil
619548,lõng,tekstiil
619548,puuvillane,tekstiil
619548,riie,tekstiil
619549,heegelpits,tekstiil
619549,linane,tekstiil
619549,punane riie,tekstiil
619549,puuvillane,tekstiil
619549,valge kangas,tekstiil
619550,kude,tekstiil
619550,linane,tekstiil
619550,lõim,tekstiil
619550,villane,tekstiil
619551,kude,tekstiil
619551,linane,tekstiil
619551,lõim,tekstiil
619551,villane,tekstiil
619566,kude,tekstiil
619566,linane,tekstiil
619566,lõim,tekstiil
619566,punane lõng,tekstiil
619566,puuvillane,tekstiil
619570,niin,puit
619570,toht,puit
619571,niin,puit
619572,kask,puit
619572,raud,metall
619573,niin,puit
619573,toht,puit
619574,kask,puit
619575,kask,puit
619576,kask,puit
619577,kask,puit
619578,niin,puit
619579,toht,puit
619580,kask,puit
619581,kask,puit
619582,niin,puit
619582,toht,puit
619583,kask,puit
619584,kask,puit
619585,kask,puit
619587,kask,puit
619588,puit,puit
619588,vits,puit
619590,niin,puit
619591,lõng,tekstiil
619591,villane,tekstiil
619594,niin,puit
619596,kude,tekstiil
619596,linane,tekstiil
619596,lõim,tekstiil
619596,punane lõng,tekstiil
619596,puuvillane,tekstiil
619599,hõbe,metall
619600,kask,puit
619601,kask,puit
619601,raud,metall
619609,vill,tekstiil
619618,harjas,nahk
619618,lina,tekstiil
619621,paju,puit
619622,paju,puit
619623,paju,puit
619624,paju,puit
619625,paju,puit
619626,toht,puit
619627,toht,puit
619628,toht,puit
619629,toht,puit
619630,toht,puit
619631,lina,tekstiil
619632,malm,metall
619633,malm,metall
619634,kuusk,puit
619635,kuusk,puit
619636,haab,puit
619637,metall,metall
619637,puit,puit
619638,kask,puit
619639,kask,puit
619639,lina,tekstiil
619639,nahk,nahk
619640,kask,puit
619640,kuusk,puit
619640,lina,puit
619640,nöör,puit
619640,peeled,puit
619640,sõlg,puit
619640,piid,puit
619641,toht,puit
619642,kuusk,puit
619642,nöör,puit
619642,takk,puit
619643,raud,metall
619644,kask,puit
619645,kuusk,puit
619645,raud,metall
619646,kanep,tekstiil
619646,kude,tekstiil
619646,lõim,tekstiil
619646,villane,tekstiil
619647,kanep,tekstiil
619647,kude,tekstiil
619647,lõim,tekstiil
619647,villane,tekstiil
619649,kask,puit
619649,kuusk,puit
619650,kask,puit
619650,kuusk,puit
619651,kuusk,puit
619762,kanep,tekstiil
619762,kodukootud kangas,tekstiil
619762,lõng,tekstiil
619762,puuvill,tekstiil
619762,tikand,tekstiil
619762,vill,tekstiil
619762,värviline lõng,tekstiil
619764,kanep,tekstiil
619764,kanep,tekstiil
619764,kodukootud kangas,tekstiil
619764,punane riie,tekstiil
619764,puuvillane,tekstiil
619764,riie,tekstiil
619764,vill,tekstiil
619764,värviline lõng,tekstiil
619765,kanep,tekstiil
619765,kodukootud kangas,tekstiil
619765,tikand,tekstiil
619765,vill,tekstiil
619767,kanep,tekstiil
619767,kanep,tekstiil
619767,kodukootud kangas,tekstiil
619769,kanep,tekstiil
619769,kodukootud kangas,tekstiil
619769,vill,tekstiil
619770,kanep,tekstiil
619770,kodukootud kangas,tekstiil
619770,tikand,tekstiil
619770,vill,tekstiil
619771,kanep,tekstiil
619771,vill,tekstiil
619773,vill,tekstiil
619774,lõng,tekstiil
619774,villane,tekstiil
619775,puuvill,tekstiil
619775,vill,tekstiil
619776,klaas,tekstiil
619776,metall,tekstiil
619776,vill,tekstiil
619777,lõng,tekstiil
619777,villane,tekstiil
619785,mänd,puit
619786,metall,metall
619786,nahk,nahk
619786,puit,puit
619787,saviglasuur,keraamika
619788,kuusk,puit
619790,saviglasuur,keraamika
619797,kask,puit
619797,kuusk,puit
619797,laba,puit
619797,vars,puit
619798,kanep,metall
619798,nöör,metall
619798,raud,metall
619798,tila,metall
619798,rõngas,metall
619798,vask,metall
619799,kask,puit
619800,kartong,paber
619800,metall,metall
619802,mänd,puit
619802,raud,metall
619803,lehtpuu,
619803,present,
619803,tekstiil,
619804,lõng,tekstiil
619804,villane,tekstiil
619805,lõng,tekstiil
619805,villane,tekstiil
619806,lõng,tekstiil
619806,villane,tekstiil
619807,lehtpuu,puit
619808,kanep,puit
619808,okaspuit,puit
619808,puuvill,puit
619808,selis,puit
619808,ujukid,puit
619808,võrk,puit
619810,lõng,tekstiil
619810,villane,tekstiil
619811,lõng,tekstiil
619811,villane,tekstiil
619812,lõng,tekstiil
619812,villane,tekstiil
619813,õunapuu,puit
619814,õunapuu,puit
619816,savi,keraamika
619817,kasetoht,puit
619817,kask,puit
619817,kork,puit
619817,linane,puit
619817,puuvillane,puit
619817,selis,puit
619817,aluspael,puit
619817,ujukid,puit
619817,võrguniit,puit
619818,okaspuit,puit
619819,okaspuit,puit
619822,okaspuit,puit
619845,niin,puit
619859,niin,puit
619859,pärnaniin,puit
619860,käepide,
619860,pärn,puit
619860,raud,metall
619861,metall,metall
619861,puit,metall
619862,metall,metall
619862,puit,metall
619865,kuusk,puit
619866,raud,metall
619866,vits,metall
619867,puit,puit
619868,kask,puit
619869,juured,puit
619869,mänd,puit
619870,kuusk,puit
619871,kask,puit
619871,nöör,puit
619872,raud,metall
619873,raud,puit
619874,kask,puit
619875,kask,puit
619876,kask,puit
619877,kask,puit
619877,metall,metall
619878,kask,puit
619878,raud,metall
619879,kask,puit
619879,metall,metall
619880,kask,puit
619880,mänd,puit
619880,riiv,puit
619881,okaspuit,puit
619882,kask,puit
619882,kuusk,puit
619882,käepide,
619882,nahk,nahk
619882,raud,metall
619882,soonega kitsas laud,puit
619882,toht,puit
619883,lina,tekstiil
619883,puit,puit
619884,kask,puit
619884,kuusk,puit
619884,laba,puit
619884,vars,puit
619885,kask,puit
619885,raud,metall
619886,kask,puit
619886,nöör,puit
619887,juured,puit
619887,kuusk,puit
619887,nöör,puit
619887,,puit
619888,kask,puit
619889,kask,puit
619890,kask,puit
619891,saar,puit
619892,tamm,puit
619893,saar,puit
619894,õunapuu,puit
619895,õunapuu,puit
619896,kask,puit
619897,õunapuu,puit
619898,kask,puit
619899,kask,puit
619900,tamm,puit
619901,kask,puit
619901,kuusk,puit
619901,raud,metall
619902,lehtpuu,puit
619903,kask,puit
619904,kask,puit
619904,raud,puit
619905,kask,puit
619905,kuusk,puit
619905,pea,
619905,pulgad,puit
619905,saar,puit
619905,vars,
619906,haab,puit
619906,haar,puit
619906,kask,puit
619907,kask,puit
619907,kuusk,puit
619907,pea,puit
619907,piid,puit
619907,saar,puit
619907,vars,puit
619908,mänd,puit
619909,lepp,puit
619909,nöör,puit
619910,haab,puit
619910,kask,puit
619910,kuusk,puit
619910,lepp,puit
619910,pulgad,puit
619910,raam,puit
619910,saar,puit
619911,iste,puit
619911,kask,puit
619911,kuusk,puit
619912,kask,puit
619913,okaspuit,puit
619913,raud,metall
619914,metall,metall
619914,okaspuit,puit
619914,traat,metall
619915,kask,puit
619915,klaas,klaas
619915,kuusk,puit
619915,,
619915,raamid,
619915,raud,metall
619915,ukseraam,puit
619916,saar,puit
619917,kivim,kivim
619917,toht,puit
619918,kask,puit
619918,lint,
619918,raam,puit
619918,tekstiil,tekstiil
619918,vask,metall
619918,võru,puit
619919,kuusk,puit
619919,metall,metall
619919,nahk,nahk
619920,kuusk,puit
619920,raud,metall
619921,mänd,puit
619921,,puit
619921,kaas,puit
619921,toht,puit
619922,toht,puit
619923,toht,puit
619924,toht,puit
619925,toht,puit
619926,liist,puit
619926,toht,puit
619926,toomingas,puit
619927,toht,puit
619937,raud,metall
619938,kask,puit
619938,nael,metall
619938,nahk,nahk
619938,põhjapõder,nahk
619938,raud,metall
619939,kask,puit
619939,nahk,nahk
619939,raud,metall
619940,nahk,puit
619940,nöör,puit
619940,puit,puit
619940,pulgad,puit
619940,puuvill,puit
619940,rihm,puit
619940,toht,puit
619941,karusnahk,nahk
619941,puuvillane,nahk
619941,põhjapõder,nahk
619941,riideriba,nahk
619941,villane,nahk
619942,elektrijuhe,plastik
619942,karusnahk,nahk
619942,plastmass,plastik
619942,puuvillane,tekstiil
619942,põhjapõder,nahk
619942,riideriba,tekstiil
619942,riie,tekstiil
619942,villane,tekstiil
619943,nahk,nahk
619943,põhjapõder,nahk
619943,riideriba,nahk
619943,villane,nahk
619944,poeriie,tekstiil
619944,puuvillane,tekstiil
619946,juured,puit
619946,kuusk,puit
619946,vits,puit
619947,seeder,puit
619950,vask,metall
619954,kask,puit
619954,mänd,puit
619955,seeder,puit
619956,seeder,puit
619957,kask,puit
619957,käepide,
619957,tupp,puit
619957,nahk,nahk
619957,raud,metall
619957,tera,metall
619958,kask,puit
619958,nahk,nahk
619959,konservikarp,metall
619959,metall,metall
619959,nahk,nahk
619959,plaat,
619959,puit,puit
619959,raud,metall
619959,vask,metall
619960,alumiinium,metall
619960,puit,puit
619961,alumiinium,metall
619961,okaspuit,puit
619961,,
619961,kaas,
619962,seeder,puit
619963,kask,puit
619963,nahk,nahk
619963,raud,metall
619964,kask,puit
619965,kask,puit
619965,käepide,
619965,tupp,
619965,raud,metall
619965,tera,metall
619966,kask,puit
619966,ristipulk,puit
619966,seeder,puit
619967,kask,puit
619967,,puit
619967,toht,puit
619967,toomingas,puit
619967,võru,puit
619970,karusnahk,nahk
619970,nahk,nahk
619971,nahk,nahk
619973,kask,puit
619974,toht,puit
619974,toomingas,puit
619974,võru,puit
619975,kask,puit
619976,kuusk,puit
619976,nahk,puit
619977,kask,puit
619977,nahk,nahk
619977,toht,puit
619977,toomingas,puit
619977,võru,puit
619978,seeder,puit
619980,kuusk,puit
619981,lehtpuu,puit
619981,nöör,tekstiil
619981,pulk,puit
619981,puuvill,tekstiil
619982,metall,metall
619982,puuvill,metall
619982,traat,metall
619983,rõngas,
619983,pullud,
619983,puuvill,tekstiil
619983,raud,metall
619983,toht,puit
619983,võrk,tekstiil
619984,toht,puit
619984,toomingas,puit
619984,vits,puit
619985,mänd,puit
619985,toomingas,puit
619985,vits,puit
619986,raud,metall
619987,mänd,puit
619987,vask,metall
619987,võrk,tekstiil
619988,raud,puit
619989,kuusk,puit
619990,mänd,puit
619990,toomingas,puit
619990,vits,puit
619991,savi,keraamika
619992,niit,puit
619992,puuvill,puit
619992,toht,puit
619993,raud,metall
619994,toht,puit
619995,nahk,nahk
619995,niit,tekstiil
619995,puuvill,tekstiil
619996,nahk,nahk
619996,niit,tekstiil
619996,puuvill,tekstiil
619997,savi,keraamika
619998,pullud,puit
619998,puuvill,tekstiil
619998,raud,metall
619998,rõngad,puit
619998,toht,puit
619999,kaladi,puit
619999,piirits,puit
619999,kask,puit
619999,kuusk,puit
619999,pulk,puit
619999,puuvill,puit
620000,puit,puit
620000,tehismaterjal,puit
620000,vakstust istmekate,puit
620001,kask,puit
620001,raud,metall
620003,kask,puit
620004,mänd,puit
620005,lina,puit
620005,nöör,puit
620005,toht,puit
620006,savi,keraamika
620007,alusraam,
620007,kuusk,puit
620007,lõiketera,metall
620007,raud,metall
620008,kask,puit
620008,käepide,
620008,malm,metall
620008,metall,metall
620010,koor,puit
620010,mänd,puit
620011,kork,puit
620011,puit,puit
620012,kork,puit
620012,puit,puit
620013,koorik,puit
620013,kork,puit
620014,koorik,puit
620014,kork,puit
620015,savi,keraamika
620016,savi,keraamika
620039,toht,puit
620040,savi,keraamika
620040,toht,puit
620041,vask,metall
620041,vaskplekk,metall
620043,niit,puit
620043,nöör,puit
620043,okaspuit,puit
620043,puuvill,puit
620043,takk,puit
620044,linane,tekstiil
620044,lõng,tekstiil
620044,niit,tekstiil
620044,puuvillane,tekstiil
620044,villane,tekstiil
620044,vooder,tekstiil
620045,kunstsiid,tekstiil
620045,niit,tekstiil
620046,mänd,puit
620047,lehtpuu,puit
620048,kask,puit
620048,kuusk,puit
620048,nahk,nahk
620048,põikpuu,puit
620048,raud,metall
620049,okaspuit,puit
620050,horisontaalne puu,puit
620050,kask,puit
620050,kuusk,puit
620051,kadakas,puit
620051,kuusk,puit
620051,vits,puit
620052,kask,puit
620053,kask,puit
620054,lehtpuu,puit
620054,toht,puit
620055,kask,puit
620055,liist,puit
620055,mänd,puit
620055,tald,puit
620056,savi,keraamika
620057,kuusk,puit
620057,raud,metall
620058,toht,puit
620060,kask,puit
620061,raud,metall
620062,lina,tekstiil
620064,lina,tekstiil
620064,linane,tekstiil
620064,loomne materjal,tekstiil
620064,niit,tekstiil
620069,linane,tekstiil
620069,lõng,tekstiil
620069,puuvillane,tekstiil
620070,linane,tekstiil
620070,lõng,tekstiil
620070,puuvillane,tekstiil
620078,savi,keraamika
620083,metall,metall
620083,savi,metall
620083,traat,metall
620084,kuusk,puit
620084,luisk,puit
620084,tasku,puit
620084,toht,puit
620085,niin,puit
620085,raud,metall
620085,takk,puit
620086,kask,puit
620087,vask,metall
620088,lina,tekstiil
620088,puuvill,tekstiil
620089,lõng,tekstiil
620089,puuvillane,tekstiil
620089,villane,tekstiil
620090,lõng,tekstiil
620090,villane,tekstiil
620091,kude,tekstiil
620091,linane,tekstiil
620091,lõim,tekstiil
620091,villane,tekstiil
620092,villane,tekstiil
620096,mänd,puit
620097,kask,puit
620098,lehtpuu,puit
620103,kalev (riidesort),puit
620103,niin,puit
620103,pael,puit
620103,vill,puit
620107,brokaat (riidesort),tekstiil
620107,kangas,tekstiil
620107,pael,tekstiil
620107,samet,tekstiil
620120,kangas,tekstiil
620120,linane,tekstiil
620129,lõng,tekstiil
620129,villane,tekstiil
620132,lina,tekstiil
620132,puuvill,tekstiil
620134,linane,tekstiil
620134,puuvillane,tekstiil
620134,riie,tekstiil
620134,tikand,tekstiil
620140,kask,puit
620140,raud,metall
620141,kask,puit
620141,raud,metall
620142,kask,puit
620142,kuusk,puit
620142,,puit
620143,kask,puit
620144,kask,puit
620145,kask,puit
620146,kask,puit
620147,kask,puit
620148,seeder,puit
620149,kask,puit
620150,kask,puit
620151,kask,puit
620151,raud,metall
620152,kask,puit
620152,nahk,puit
620152,rihm,puit
620153,kask,puit
620153,nöör,puit
620153,takk,puit
620154,litrid,tekstiil
620154,looduslik kiud,tekstiil
620154,vask,tekstiil
620154,vill,tekstiil
620160,litrid,metall
620160,looduslik kiud,tekstiil
620160,vask,metall
620160,vill,tekstiil
620161,nahk,tekstiil
620161,nööbid ja aasad,tekstiil
620161,pargitud lambanahk,tekstiil
620161,puuvill,tekstiil
620161,riie,tekstiil
620161,orav,tekstiil
620164,litrid,tekstiil
620164,looduslik kiud,tekstiil
620164,puuvill,tekstiil
620164,vask,tekstiil
620164,vill,tekstiil
620168,kask,puit
620169,kanep,tekstiil
620169,karv,nahk
620169,nöör,tekstiil
620169,seaharjased,nahk
620170,kask,puit
620170,raud,metall
620171,lehtpuu,puit
620172,kanep,tekstiil
620172,karv,nahk
620172,nöör,tekstiil
620172,seaharjased,nahk
620176,kask,puit
620176,pool,puit
620176,süstik,puit
620176,vaher,puit
620177,niin,puit
620181,jalakas,puit
620182,niin,puit
620183,jalakas,puit
620184,pärn,puit
620185,kask,puit
620186,kask,puit
620187,lehtpuu,puit
620187,raud,metall
620187,vask,metall
620188,savi,keraamika
620189,toot,tekstiil
620189,kude,tekstiil
620189,linane,tekstiil
620189,lõim,tekstiil
620189,puuvillane,tekstiil
620190,kude,tekstiil
620190,linane,tekstiil
620190,lõim,tekstiil
620190,villane,tekstiil
620192,kude,tekstiil
620192,linane,tekstiil
620192,lõim,tekstiil
620192,villane,tekstiil
620193,,tekstiil
620193,toot,tekstiil
620193,puuvillane,tekstiil
620194,lina,puit
620194,nöör,puit
620194,toht,puit
620198,malm,metall
620198,puit,puit
620201,raud,metall
620202,metall,metall
620202,plekk,metall
620208,raud,metall
620209,raud,metall
620210,raud,metall
620210,vask,metall
620211,kask,puit
620211,metall,metall
620212,raud,metall
620213,haab,puit
620213,kodarad,puit
620213,pärn,puit
620215,nööbid ja litrid,metall
620215,puuvill,tekstiil
620215,vask,metall
620215,vill,tekstiil
620218,niin,puit
620219,brokaat (riidesort),tekstiil
620219,puuvill,tekstiil
620219,vask,metall
620219,vill,tekstiil
620220,lina,tekstiil
620220,litrid,klaas
620220,vask,metall
620220,vill,tekstiil
620223,kanep,tekstiil
620223,labane kangas,tekstiil
620223,litrid,tekstiil
620223,lõng,tekstiil
620223,vask,tekstiil
620223,villane,tekstiil
620227,kanep,tekstiil
620227,looduslik kiud,tekstiil
620227,puuvill,tekstiil
620228,kanep,tekstiil
620228,looduslik kiud,tekstiil
620228,puuvill,tekstiil
620231,kask,puit
620231,raud,metall
620232,raud,metall
620233,lehtpuu,puit
620234,kask,puit
620235,kanep,puit
620235,kask,puit
620235,kuusk,puit
620235,nöör,puit
620236,kanep,puit
620236,kask,puit
620236,kuusk,puit
620236,nöör,puit
620326,vill,tekstiil
620327,alumiinium,metall
620327,metall,metall
620327,plast,metall
620327,puuvill,metall
620327,vill,metall
620328,hõbe,metall
620328,linane,metall
620328,münt,metall
620329,hõbe,metall
620329,linane,metall
620329,metall,metall
620332,alumiinium,metall
620333,lina,tekstiil
620334,puuvill,tekstiil
620335,kanep,tekstiil
620337,puuvill,tekstiil
620338,puuvill,tekstiil
620339,puuvill,tekstiil
620340,litrid,klaas
620340,metall,tekstiil
620340,puuvill,tekstiil
620340,vill,tekstiil
620341,lehtpuu,puit
620342,metall,tekstiil
620342,münt,tekstiil
620342,nööp,tekstiil
620342,plast,tekstiil
620342,puuvill,tekstiil
620342,vill,tekstiil
620343,kunstsiid,tekstiil
620343,puuvill,tekstiil
620343,riidesort,tekstiil
620344,puuvill,tekstiil
620345,puit,puit
620346,puuvill,tekstiil
620347,puuvill,tekstiil
620348,kard,tekstiil
620348,metallkiud,tekstiil
620348,puuvill,tekstiil
620355,haak,tekstiil
620355,kude,tekstiil
620355,lina,tekstiil
620355,metall,tekstiil
620355,puuvill,tekstiil
620355,kanep,tekstiil
620357,lina,tekstiil
620358,lina,tekstiil
620359,vill,tekstiil
620363,haak,tekstiil
620363,kodukootud kangas,tekstiil
620363,linane,tekstiil
620363,metall,tekstiil
620365,kodukootud kangas,tekstiil
620365,lina,tekstiil
620366,lina,tekstiil
620366,puuvill,tekstiil
620367,pärn,puit
620368,okaspuit,puit
620369,okaspuit,puit
620370,okaspuit,puit
620387,linane,tekstiil
620387,lõng,tekstiil
620387,puuvillane,tekstiil
620387,riie,tekstiil
620388,puuvill,tekstiil
620392,kangas,tekstiil
620392,linane,tekstiil
620392,lõng,tekstiil
620392,puuvillane,tekstiil
620393,lina,tekstiil
620393,puuvill,tekstiil
620394,lina,tekstiil
620394,puuvill,tekstiil
620401,puuvill,tekstiil
620416,pärn,puit
620424,puuvill,tekstiil
620437,nahk,nahk
620439,lina,tekstiil
620439,puuvill,tekstiil
620439,vill,tekstiil
620451,kask,puit
620451,mänd,puit
620451,tiivikud,puit
620452,mänd,puit
620453,kuusk,puit
620454,kuusk,puit
620455,kask,puit
620456,saar,puit
620457,lehtpuu,puit
620457,okaspuit,puit
620458,kuusk,puit
620459,nahk,nahk
620460,kuusk,puit
620461,lant,metall
620461,mänd,puit
620461,nöör,tekstiil
620461,puuvillane,tekstiil
620461,tina,metall
620462,kask,puit
620463,kask,puit
620463,kuusk,puit
620463,vits,puit
620464,raud,metall
620465,kork,puit
620465,käbad,puit
620465,nöör,tekstiil
620465,puit,puit
620465,puuvillane,tekstiil
620466,kivim,puit
620466,nöör,puit
620466,puuvill,puit
620467,kask,puit
620468,kuusk,puit
620469,puit,puit
620469,raud,metall
620470,kuusk,puit
620471,kuusk,puit
620471,lepp,puit
620471,vits,puit
620472,kuusk,puit
620473,kuusk,puit
620474,kuusk,puit
620474,raud,metall
620475,haab,puit
620475,raud,metall
620476,mänd,puit
620477,mänd,puit
620478,kiududest võrk,tekstiil
620478,küljed,
620478,lepp,puit
620478,lina,tekstiil
620478,metall,metall
620478,paik võrgul,
620478,traat,metall
620478,vineer,puit
620479,jõhv,nahk
620479,kere,
620479,metall,metall
620479,mänd,puit
620479,traat,metall
620479,võrk,tekstiil
620480,kask,puit
620481,külgpuu,puit
620481,mänd,puit
620481,raud,metall
620481,ristpuud,puit
620481,saar,puit
620481,telg,
620482,raud,metall
620483,kuusk,puit
620483,lehtpuu,puit
620483,linane,puit
620483,nöör,puit
620483,,puit
620483,rihm,puit
620483,toomingas,puit
620483,vineer,puit
620484,jõhv,nahk
620484,kork,puit
620484,kuusk,puit
620484,mänd,puit
620484,raud,metall
620484,saar,puit
620484,vits,puit
620485,kork,puit
620485,linane,tekstiil
620485,nöör,tekstiil
620485,okaspuit,puit
620485,raud,metall
620486,kask,puit
620486,liist,puit
620486,mänd,puit
620486,raud,metall
620486,vars,
620487,okaspuit,puit
620487,plaat,
620487,raud,metall
620487,vask,metall
620488,kask,puit
620488,metall,puit
620488,traat,puit
620489,haab,puit
620490,haab,puit
620490,lepp,puit
620490,vits,puit
620491,nöör,metall
620491,raud,metall
620492,raud,metall
620493,metall,metall
620493,puit,puit
620494,metall,metall
620494,puit,puit
620495,klaas,klaas
620495,metall,metall
620495,puit,puit
620496,kask,puit
620496,raud,metall
620497,kuusk,puit
620498,kuusk,puit
620499,iste,puit
620499,kask,puit
620499,kuusk,puit
620500,kuusk,puit
620501,kuusk,puit
620503,kask,puit
620503,nahk,nahk
620503,raud,metall
620504,seeder,puit
620505,seeder,puit
620506,teras,metall
620506,vikatiteras,metall
620507,kask,puit
620507,nahk,nahk
620507,põhjapõder,nahk
620507,raud,metall
620519,niit,tekstiil
620519,puuvillane,tekstiil
620521,kanep,tekstiil
620521,puuvill,tekstiil
620525,kask,puit
620526,kask,puit
620527,kask,puit
620528,kanep,tekstiil
620528,riie,tekstiil
620539,okaspuit,puit
620540,kask,puit
620540,raud,metall
620547,puuvillane,tekstiil
620547,riie,tekstiil
620547,roheline,tekstiil
620547,punane,tekstiil
620547,must lõng,tekstiil
620547,villane,tekstiil
620549,niin,puit
620555,helmed,klaas
620555,hõbe,metall
620555,klaas,klaas
620555,nööp,plastik
620555,plastmass,plastik
620555,villane,tekstiil
620556,savi,keraamika
620557,savi,keraamika
620558,kumm,tekstiil
620558,paju,puit
620558,tekstiil,tekstiil
620559,kask,puit
620560,kask,puit
620561,metall,metall
620561,mänd,puit
620562,metall,metall
620562,mänd,puit
620563,kuusk,puit
620564,kask,puit
620565,kuusk,puit
620566,kask,puit
620567,metall,metall
620567,mänd,puit
620568,vaher,puit
620569,labasekoeline riie,tekstiil
620569,linane,tekstiil
620569,villane,tekstiil
620569,värviline geomeetriline kiri,tekstiil
620570,kadakas,puit
620570,mänd,puit
620570,sang,puit
620571,kask,puit
620571,mänd,puit
620571,peerud,puit
620571,kask,puit
620572,mänd,puit
620572,mänd,puit
620573,mänd,puit
620573,mänd,puit
620575,kask,puit
620575,kuusk,puit
620575,vars,puit
620576,kask,puit
620576,raud,metall
620577,kuusk,puit
620579,lina,puit
620579,nöör,puit
620579,paju,puit
620579,,puit
620579,tamm,puit
620580,haab,puit
620581,kask,puit
620581,raud,metall
620582,nöör,puit
620582,pulgad,puit
620582,raskus,puit
620582,saar,puit
620582,takk,puit
620582,tina,metall
620583,kuusk,puit
620584,kuusk,puit
620585,mänd,puit
620585,tamm,puit
620586,mänd,puit
620587,alumiinium,metall
620587,savi,keraamika
620587,traat,metall
620588,haab,puit
620588,lina,tekstiil
620588,nahk,nahk
620588,nöör,tekstiil
620588,rihm,nahk
620589,kaigas,puit
620589,kurika käepide,puit
620589,kask,puit
620589,kurikas,puit
620589,saar,puit
620592,koor,puit
620592,niin,puit
620592,nöör,puit
620592,puit,puit
620592,takk,puit
620601,kalev (riidesort),tekstiil
620601,puuvill,tekstiil
620626,labane kangas,tekstiil
620626,linane,tekstiil
620626,puuvillane,tekstiil
620626,riideriba,tekstiil
620627,raud,metall
620628,kude,tekstiil
620628,lõim,tekstiil
620628,puuvillane,tekstiil
620629,lõng,tekstiil
620629,puuvillane,tekstiil
620629,villane,tekstiil
620630,puuvillane,tekstiil
620630,valge kude,tekstiil
620630,värviline lõim,tekstiil
620631,must kude,tekstiil
620631,puuvillane,tekstiil
620631,värviline lõim,tekstiil
620632,puuvill,tekstiil
620633,kant,tekstiil
620633,labane riie,tekstiil
620633,nööp,tekstiil
620633,plastik,tekstiil
620633,puuvillane,tekstiil
620636,kask,puit
620637,kask,puit
620637,raud,metall
620638,kask,puit
620638,raud,metall
620639,raud,metall
620640,kask,puit
620640,nahk,nahk
620640,niin,puit
620640,paju,puit
620640,takk,puit
620640,toht,puit
620640,vineer,puit
620641,lina,tekstiil
620642,lina,tekstiil
620642,puuvill,tekstiil
620643,aas,tekstiil
620643,lina,tekstiil
620643,metall,tekstiil
620643,niit,tekstiil
620644,kude,tekstiil
620644,lina,tekstiil
620644,linane,tekstiil
620644,lõim,tekstiil
620644,metall,tekstiil
620644,puuvill,tekstiil
620644,riie,tekstiil
620644,traat,tekstiil
620645,lina,tekstiil
620645,puuvill,tekstiil
620646,lina,tekstiil
620646,puuvill,tekstiil
620650,puuvill,tekstiil
620652,lina,tekstiil
620652,puuvill,tekstiil
620657,labane valge riie,tekstiil
620657,linane,tekstiil
620658,kask,puit
620658,raud,metall
620659,kask,puit
620659,raud,metall
620660,kask,puit
620660,raud,metall
620662,linane,tekstiil
620662,takk,tekstiil
620663,lina,tekstiil
620666,pärn,puit
620670,brokaat (riidesort),tekstiil
620670,lina,tekstiil
620670,puuvill,tekstiil
620670,vabrikupits (riidesort),tekstiil
620677,kude,tekstiil
620677,linane,tekstiil
620677,lõim,tekstiil
620677,villane,tekstiil
620682,brokaat (riidesort),tekstiil
620682,sits (riidesort),tekstiil
620682,linane,tekstiil
620682,pael,tekstiil
620682,peenvillane,tekstiil
620682,puuvillane,tekstiil
620682,pärlid,tekstiil
620682,riideriba,tekstiil
620682,riie,tekstiil
620682,siid,tekstiil
620682,villane,tekstiil
620693,lehtpuu,puit
620694,puit,puit
620695,lehtpuu,puit
620702,kuusk,puit
620703,vask,metall
620705,kuusk,puit
620706,toht,puit
620707,kuusk,puit
620707,raud,metall
620708,nöör,tekstiil
620708,puuvill,tekstiil
620708,sanglepp,puit
620709,niin,puit
620709,pärn,puit
620710,kanep,puit
620710,lehtpuu,puit
620710,nöör,puit
620711,puit,puit
620711,toht,puit
620712,kuusk,puit
620713,kuusk,puit
620713,,puit
620713,toht,puit
620714,lehtpuu,puit
620714,lina,puit
620714,nöör,puit
620715,kanep,puit
620715,nöör,puit
620715,niied,puit
620715,puit,puit
620716,pärn,puit
620718,lehtpuu,puit
620718,toht,puit
620719,kanep,tekstiil
620719,metall,metall
620719,niin,puit
620719,nöör,tekstiil
620719,pärn,puit
620719,tekstiil,tekstiil
620719,toht,puit
620719,traat,puit
620720,pärn,puit
620721,kask,puit
620721,pärn,puit
620722,lehtpuu,puit
620722,sulg,puit
620722,takk,puit
620723,niin,puit
620723,pärn,puit
620724,kask,puit
620724,klaas,klaas
620724,kuusk,puit
620724,küljed,
620724,metall,metall
620724,,
620730,kanep,tekstiil
620730,kude,tekstiil
620730,lõim,tekstiil
620730,villane,tekstiil
620731,poeriie,tekstiil
620731,puuvillane,tekstiil
620732,nahk,tekstiil
620733,kude,tekstiil
620733,linane,tekstiil
620733,lõim,tekstiil
620733,villane,tekstiil
620737,poeriie,tekstiil
620737,puuvillane,tekstiil
620739,lõng,tekstiil
620739,villane,tekstiil
620745,kanep,tekstiil
620745,kude,tekstiil
620745,lõim,tekstiil
620745,villane,tekstiil
620746,lõng,tekstiil
620746,villane,tekstiil
620747,lõng,tekstiil
620747,villane,tekstiil
620751,kanep,
620751,niin,
620751,nöör,
620751,pärn,
620752,poeriie,tekstiil
620752,puuvillane,tekstiil
620754,niin,tekstiil
620754,pärn,tekstiil
620755,kanep,tekstiil
620759,mänd,puit
620769,looduslik kiud,tekstiil
620769,vask,metall
620769,vill,tekstiil
620774,lina,tekstiil
620774,metall,metall
620774,vill,tekstiil
620776,hõbe,metall
620776,klaas,klaas
620776,metall,metall
620776,tekstiil,tekstiil
620779,hõbe,metall
620779,metall,metall
620779,tekstiil,metall
620780,lõng,tekstiil
620780,villane,tekstiil
620782,kalev (riidesort),nahk
620782,karusnahk,nahk
620783,pesusamet,tekstiil
620783,puuvillane,tekstiil
620784,kalev (riidesort),nahk
620784,karusnahk,nahk
620784,nahk,nahk
620784,poronahk,nahk
620784,värvilised riideribad,nahk
620785,kask,puit
620785,lehtpuu,puit
620785,niit,puit
620785,tohust,puit
620785,vits,puit
620785,õmblus,puit
620785,kandenöör,puit
620786,kask,puit
620787,kask,puit
620788,okaspuit,puit
620789,kask,puit
620789,pahk,puit
620790,kollane,tekstiil
620790,sits (riidesort),tekstiil
620790,nööp,tekstiil
620790,plastmass,tekstiil
620790,puuvillane,tekstiil
620791,nahk,nahk
620791,pargitud poronahk,nahk
620794,kuusk,puit
620795,graniit,kivim
620795,kask,kivim
620795,toht,kivim
620796,malm,metall
620796,raud,metall
620797,kalev (riidesort),nahk
620797,nahk,nahk
620797,poronahk,nahk
620797,punane lõng,nahk
620797,villane,nahk
620797,villane,nahk
620800,nahk,nahk
620800,nahk,nahk
620801,nahk,nahk
620801,pargitud,nahk
620807,mänd,tekstiil
620807,niit,tekstiil
620807,puuvill,tekstiil
620809,mänd,puit
620809,,puit
620809,toht,puit
620810,lehtpuu,puit
620810,toht,puit
620811,toht,puit
620812,kask,puit
620813,toht,puit
620815,toht,puit
620816,toht,puit
620817,lehtpuu,puit
620817,nöör,puit
620817,takk,puit
620819,lehtpuu,puit
620819,nöör,puit
620819,takk,puit
620820,kask,puit
620820,kuusk,puit
620820,liist,puit
620820,peeled,puit
620820,piid,puit
620820,vaher,puit
620821,kuusk,puit
620821,nöör,puit
620821,takk,puit
620822,kask,puit
620822,okaspuit,puit
620903,lõng,tekstiil
620903,villane,tekstiil
620904,saar,puit
620905,saar,puit
620907,saar,puit
620908,puit,puit
620909,puit,puit
620910,puit,puit
620913,linane,tekstiil
620913,valge riie,tekstiil
620914,kask,puit
620914,toht ja niineribad,puit
620915,kask,puit
620915,nahk,puit
620915,nöör,puit
620915,takk,puit
620915,toht,puit
620923,kangas,tekstiil
620923,linane,tekstiil
620926,niin,puit
620926,tald,puit
620926,toht,puit
620927,niin,puit
620929,kask,puit
620929,paber,puit
620929,toht,puit
620930,looduslik kiud,tekstiil
620930,puuvill,tekstiil
620932,lina,tekstiil
620932,sits (riidesort),tekstiil
620932,vabrikutöö,tekstiil
620933,labasekoelisest ruudulisest riidest,tekstiil
620933,metall,tekstiil
620933,nööp,tekstiil
620933,puuvillane,tekstiil
620934,okaspuit,puit
620936,lina,tekstiil
620936,linane,tekstiil
620936,looduslik kiud,tekstiil
620936,puuvill,tekstiil
620937,kuusk,puit
620937,lehtpuu,puit
620937,,
620937,raud,metall
620937,vits,puit
620938,puit,puit
620939,kanep,tekstiil
620939,kask,puit
620939,kunstnahk,tekstiil
620939,rihm,nahk
620939,toht,puit
620940,mänd,puit
620940,raud,metall
620941,kask,puit
620941,kolk,puit
620941,nahk,nahk
620941,okaspuit,puit
620941,vars,puit
620942,puit,puit
620943,lehtpuu,puit
620943,okaspuit,puit
620944,lehtpuu,puit
620945,kuusk,puit
620945,raud,metall
620946,savi,keraamika
620947,puit,puit
620951,kask,puit
620951,nahk,puit
620952,lehtpuu,puit
620954,lehtpuu,puit
620954,raud,metall
620955,lehtpuu,puit
620955,raud,metall
620956,okaspuit,puit
620956,raud,metall
620957,klaas,klaas
620957,metall,metall
620958,okaspuit,puit
620958,raud,metall
620959,puit,puit
620961,kadakas,puit
620962,kask,puit
620962,köis,tekstiil
620962,takk,puit
620963,käepide,
620963,puit,puit
620963,raud,metall
620965,lehtpuu,puit
620965,raud,metall
620966,raud,metall
620967,raud,metall
620969,külg,puit
620969,niin,puit
620969,okaspuit,puit
620969,pärnaniinest punutud põhi,puit
620970,saviglasuur,keraamika
620971,saviglasuur,keraamika
620972,mänd,puit
620975,saviglasuur,keraamika
620977,saviglasuur,keraamika
620978,mänd,puit
620979,mänd,puit
620980,mänd,puit
620981,mänd,puit
620982,mänd,puit
620983,mänd,puit
620984,kask,puit
620985,toht,puit
620986,savi,keraamika
620987,saviglasuur,keraamika
620990,lehtpuu,puit
620990,metall,metall
620990,nahk,nahk
620991,lehtpuu,puit
620991,metall,metall
620991,okaspuit,puit
620992,kask,puit
620993,raud,metall
620994,lehtpuu,puit
620994,nöör,tekstiil
620994,vars,puit
620995,okaspuit,puit
620995,raud,metall
621023,kuusk,puit
621023,metall,metall
621023,saar,puit
621023,ülaosa,
621024,kuusk,puit
621024,raud,metall
621025,haab,puit
621025,kask,puit
621025,konks,puit
621026,kuusk,puit
621027,kask,puit
621027,okaspuit,puit
621027,pea,puit
621027,vars,puit
621028,puit,puit
621029,lina,tekstiil
621029,nöör,tekstiil
621029,vask,metall
621030,metall,metall
621031,mänd,puit
621032,puit,puit
621033,kuusk,puit
621033,raud,metall
621034,kask,puit
621034,raud,metall
621034,vars,
621035,mänd,puit
621036,liist,
621036,metall,metall
621036,mänd,puit
621036,saar,puit
621037,kuusk,puit
621037,raud,metall
621038,raud,metall
621038,tamm,puit
621039,kuusk,puit
621040,kask,puit
621041,kask,puit
621042,mänd,puit
621043,kask,puit
621044,kask,puit
621045,kuusk,puit
621045,raud,metall
621046,puit,puit
621046,vits,puit
621047,okaspuit,puit
621047,puuvill,tekstiil
621048,okaspuit,puit
621048,puuvill,tekstiil
621049,okaspuit,puit
621050,kala,
621050,konks,metall
621050,nöör,tekstiil
621050,plaat,
621050,puuvillane,tekstiil
621050,raud,metall
621050,vask,metall
621050,vineer,puit
621051,juured,puit
621051,puit,puit
621052,puit,puit
621053,kuusk,puit
621054,kuusk,puit
621055,metall,metall
621055,saar,puit
621055,vaskplekk,metall
621056,kuusk,puit
621057,iste,puit
621057,kask,puit
621057,kuusk,puit
621058,kask,puit
621058,raud,metall
621059,okaspuit,puit
621059,raud,metall
621060,okaspuit,puit
621061,kuusk,puit
621062,puit,puit
621063,raud,metall
621064,mänd,puit
621065,kuusk,puit
621066,nöör,tekstiil
621066,raud,metall
621066,takk,puit
621067,kuusk,puit
621067,raud,metall
621068,kuusk,puit
621069,kask,puit
621069,nahk,puit
621070,kuslapuu,puit
621070,kuusk,puit
621070,piid,puit
621071,kask,puit
621071,mänd,puit
621071,otsapulgad,puit
621071,äärepulk,puit
621072,raud,metall
621072,saar,puit
621073,kuusk,puit
621073,raud,metall
621074,helmed,klaas
621074,hõbe,metall
621074,kanep,puit
621074,klaas,klaas
621075,helmed,klaas
621075,hõbe,metall
621075,kett,metall
621075,klaas,klaas
621075,metall,metall
621075,puuvillane,tekstiil
621076,helmed,metall
621076,hõbe,metall
621076,kanep,tekstiil
621076,klaas,klaas
621076,puuvillane,tekstiil
621077,hõbe,metall
621077,nahk,nahk
621077,puuvillane,tekstiil
621078,helmed,metall
621078,hõbe,metall
621078,klaas,klaas
621078,linane,tekstiil
621078,münt,metall
621078,nöör,tekstiil
621078,valge metall,metall
621079,hõbe,metall
621079,kett,metall
621079,metall,metall
621079,münt,metall
621079,valge metall,metall
621081,puit,puit
621082,kask,puit
621082,toht,puit
621084,põhjapõder,luu
621084,sarv,luu
621088,põder,luu
621088,sarv,luu
621092,põder,luu
621092,sarv,luu
621093,põder,luu
621093,sarv,luu
621094,põder,luu
621094,sarv,luu
621095,põder,luu
621095,sarv,luu
621096,luu,luu
621098,puit,puit
621100,puit,puit
621102,kalev (riidesort),nahk
621102,karusnahk,nahk
621102,punane,nahk
621102,kollane ja sinine,nahk
621102,põhjapõder,nahk
621103,karusnahk,nahk
621103,põhjapõder,nahk
621104,karusnahk,nahk
621104,põhjapõder,nahk
621107,seeder,puit
621108,kask,puit
621108,puuvill,puit
621108,toht,puit
621109,juured,puit
621109,,puit
621109,seeder,puit
621109,vineer,puit
621110,puit,puit
621110,raud,metall
621111,kask,puit
621111,raud,metall
621112,seeder,puit
621113,seeder,puit
621114,puit,puit
621114,toomingas,puit
621115,lehtpuu,puit
621115,mänd,puit
621116,kuusk,puit
621116,lehis,puit
621116,metall,metall
621116,nool,puit
621116,nooleots,metall
621116,nöör,tekstiil
621116,pingutuspulk,puit
621116,puuvill,tekstiil
621124,kalev (riidesort),tekstiil
621124,puuvill,tekstiil
621131,lina,tekstiil
621131,vill,tekstiil
621134,lina,tekstiil
621134,vill,tekstiil
621136,labane riie,tekstiil
621136,linane,tekstiil
621136,punane lõng,tekstiil
621136,puuvillane,tekstiil
621137,kask,puit
621138,kask,puit
621139,kunstsiid,tekstiil
621139,lõng,tekstiil
621141,lina,tekstiil
621141,puuvill,tekstiil
621142,labane riie,tekstiil
621142,linane,tekstiil
621142,lõng,tekstiil
621142,puuvillane,tekstiil
621143,labane riie,tekstiil
621143,linane,tekstiil
621143,lõng,tekstiil
621143,puuvillane,tekstiil
621148,lõng,tekstiil
621148,villane,tekstiil
621158,lina,tekstiil
621158,puuvill,tekstiil
621159,kask,puit
621159,metall,metall
621159,traat,metall
621160,kask,puit
621162,flanell (riidesort),tekstiil
621163,kask,puit
621163,raud,metall
621164,kask,puit
621165,puuvill,tekstiil
621167,kask,puit
621169,kask,puit
621169,raud,metall
621193,raud,metall
621195,kude,tekstiil
621195,linane,tekstiil
621195,lõim,tekstiil
621195,punane lõng,tekstiil
621195,puuvillane,tekstiil
621202,labane valge riie,tekstiil
621202,linane,tekstiil
621202,punane,tekstiil
621202,must,tekstiil
621202,puuvillane,tekstiil
621204,linane,tekstiil
621204,lõng,tekstiil
621204,riie,tekstiil
621204,villane,tekstiil
621208,kivim,kivim
621208,klaas,klaas
621208,metall,metall
621208,plast,plastik
621208,rahad,metall
621209,kivim,kivim
621209,metall,metall
621209,rahad,metall
621210,lina,tekstiil
621210,lõng,tekstiil
621210,riie,tekstiil
621210,vill,tekstiil
621212,lina,tekstiil
621212,puuvill,tekstiil
621214,kude,tekstiil
621214,linane,tekstiil
621214,lõim,tekstiil
621214,villane,tekstiil
621215,lina,tekstiil
621215,puuvill,tekstiil
621217,haab,puit
621217,kuusk,puit
621217,külgpuu,puit
621217,ristpuud,puit
621217,laskepuu,puit
621217,mänd,puit
621217,okaspuit,puit
621217,riidepakk,puit
621217,lõimpakk,puit
621217,tallalauad,puit
621219,vask,metall
621220,kuusk,puit
621220,lehtpuu,puit
621220,vars,
621221,haab,puit
621222,kask,puit
621223,kask,puit
621223,konks,metall
621223,raud,metall
621225,niin,puit
621225,pärn,puit
621225,õmblus,puit
621225,nöör,puit
621226,lehtpuu,puit
621227,haab,puit
621227,kuusk,puit
621227,,puit
621228,haab,puit
621228,niin,puit
621228,niit,tekstiil
621228,nöör,puit
621228,okaspuit,puit
621228,otsalauad,puit
621228,takk,puit
621229,raud,metall
621231,lina,tekstiil
621232,niin,puit
621232,pärn,puit
621232,toht,puit
621235,kask,puit
621236,kask,puit
621236,käepide,puit
621236,mänd,puit
621237,hark,puit
621237,kask,puit
621237,köis,puit
621237,niin,puit
621237,raud,puit
621237,vaher,puit
621238,kask,puit
621238,raud,metall
621239,kuusk,puit
621239,raud,metall
621240,puit,puit
621241,niin,puit
621241,pärn,puit
621241,toht,puit
621242,metall,puit
621242,nahk,puit
621242,nöör,puit
621242,pärn,puit
621242,rõngas,puit
621243,niin,puit
621243,pärn,puit
621243,toht,puit
621247,lehtpuu,puit
621248,niin,puit
621248,nöör,puit
621248,puit,puit
621249,niin,puit
621249,pärn,puit
621249,viisupaelad,puit
621249,vill,puit
621251,kuusk,puit
621251,pihlakas,puit
621251,vits,puit
621252,lepp,puit
621252,pärn,puit
621252,tald,puit
621252,vars,puit
621253,pärn,puit
621254,pärn,puit
621256,pärn,puit
621257,hõbe,metall
621257,metall,metall
621258,nahk,nahk
621258,puit,puit
621258,raud,metall
621259,kask,puit
621259,metall,metall
621259,vineer,puit
621261,niit,puit
621261,puuvill,puit
621261,toht,puit
621262,kapron,puit
621262,kask,puit
621262,lehtpuu,puit
621262,pulk,puit
621262,sang,puit
621262,tehismaterjal,puit
621262,toht,puit
621266,lõng,tekstiil
621266,villane,tekstiil
621267,lõng,tekstiil
621267,villane,tekstiil
621269,kalev (riidesort),tekstiil
621269,klaas,klaas
621269,papp,paber
621270,lõng,tekstiil
621270,villane,tekstiil
621271,lõng,tekstiil
621271,villane,tekstiil
621272,raud,metall
621273,raud,metall
621274,raud,metall
621275,pael,tekstiil
621275,puuvill,tekstiil
621275,puuvillane,tekstiil
621275,riidesort,tekstiil
621276,kivim,kivim
621276,toht,puit
621277,kuusk,puit
621278,tamm,puit
621279,riidesort,tekstiil
621279,siid,tekstiil
621280,kuusk,puit
621281,karusnahk,nahk
621288,kapron,puit
621288,seeder,puit
621288,tehismaterjal,puit
621289,kalev (riidesort),tekstiil
621289,karusnahk,tekstiil
621289,puuvill,tekstiil
621295,hõbe,metall
621295,nöör,metall
621295,vask,metall
621297,lammas,nahk
621297,nahk,nahk
621297,nööp,nahk
621298,litrid,tekstiil
621298,looduslik kiud,tekstiil
621298,vask,tekstiil
621298,vill,tekstiil
621300,kuusk,puit
621301,kuusk,puit
621302,kuusk,puit
621303,kuusk,puit
621304,pulk,puit
621304,kask,puit
621304,kuusk,puit
621305,kask,puit
621306,kask,puit
621306,kuusk,puit
621306,lina,tekstiil
621306,nöör,tekstiil
621306,teras,metall
621307,kask,puit
621307,nahk,puit
621307,rihm,puit
621308,kuusk,puit
621309,kask,puit
621310,kuusk,puit
621311,kask,puit
621312,kask,puit
621312,metall,metall
621313,kask,puit
621313,kuusk,puit
621313,pea,puit
621313,pulgad,puit
621313,vars,puit
621314,õlg,puit
621315,savi,keraamika
621316,kuusk,puit
621317,kask,puit
621317,lina,puit
621317,niit,puit
621317,toomingas,puit
621318,haab,puit
621319,kivim,kivim
621319,toht,puit
621320,kuusk,puit
621321,kuusk,puit
621322,kuusk,puit
621324,toht,puit
621325,toht,puit
621326,kask,puit
621326,nahk,puit
621327,kask,puit
621328,kuusk,puit
621329,puit,puit
621329,vits,puit
621330,kask,puit
621331,kask,puit
621331,käepide,
621331,raud,metall
621333,labasekoeline riie,tekstiil
621333,linane,tekstiil
621337,kask,puit
621338,savi,keraamika
621339,kask,puit
621339,käepide,
621339,metall,metall
621339,plekk,metall
621339,raud,metall
621340,savi,keraamika
621341,toht,puit
621342,luu,luu
621343,puit,puit
621344,lehm,luu
621344,sarv,luu
621345,kask,puit
621348,lina,tekstiil
621348,puuvill,tekstiil
621349,lina,tekstiil
621349,puuvill,tekstiil
621349,vabrikupits (riidesort),tekstiil
621350,lina,tekstiil
621350,puuvill,tekstiil
621355,lina,tekstiil
621355,niin,puit
621355,savi,keraamika
621355,toht,puit
621356,niin,puit
621357,toht,puit
621358,raud,metall
621359,kodukootud kangas,tekstiil
621359,linane,tekstiil
621359,nööp,tekstiil
621359,plastmass,tekstiil
621360,linane,tekstiil
621360,lõng,tekstiil
621360,puuvillane,tekstiil
621360,sinine ja punane,tekstiil
621362,lehtpuu,puit
621362,metall,metall
621364,savi,keraamika
621365,toht,puit
621366,pärn,puit
621367,kask,puit
621368,kask,puit
621371,kude,tekstiil
621371,linane,tekstiil
621371,lõim,tekstiil
621371,villane,tekstiil
621372,kude,tekstiil
621372,linane,tekstiil
621372,lõim,tekstiil
621372,villane,tekstiil
621375,puit,puit
621376,kask,puit
621377,kask,puit
621378,kask,puit
621379,toht,puit
621380,lehtpuu,puit
621381,toht,puit
621382,metall,puit
621382,puit,puit
621384,kude,tekstiil
621384,linane,tekstiil
621384,lõim,tekstiil
621384,villane,tekstiil
621387,juured,puit
621387,mänd,puit
621388,juured,puit
621388,lepp,puit
621388,mänd,puit
621388,oksad,puit
621389,lina,tekstiil
621389,puuvill,tekstiil
621478,kuusk,puit
621480,haab,puit
621484,metall,metall
621484,puit,puit
621485,raud,metall
621487,metall,metall
621495,klambrid,metall
621495,aas,
621495,lehtpuu,puit
621495,metall,metall
621497,saviglasuur,keraamika
621501,malm,metall
621501,metall,metall
621501,sang,
621501,kett,metall
621502,metall,metall
621503,kask,puit
621503,metall,metall
621504,kask,puit
621504,metall,metall
621506,kask,puit
621507,kask,puit
621508,lehtpuu,puit
621509,lehtpuu,puit
621510,lehtpuu,puit
621511,toht,puit
621512,kask,puit
621512,raud,metall
621514,lehtpuu,puit
621515,lehtpuu,puit
621516,kask,puit
621517,kask,puit
621518,lehtpuu,puit
621526,lehtpuu,puit
621527,klaas,klaas
621527,metall,metall
621529,lehtpuu,puit
621529,raud,metall
621530,raud,metall
621531,lehtpuu,puit
621531,vask,metall
621532,hinged,puit
621532,kuusk,puit
621532,metall,puit
621533,kask,puit
621536,puuvill,tekstiil
621538,lehtpuu,puit
621538,metall,metall
621540,mänd,puit
621541,raud,metall
621542,saviglasuur,keraamika
621543,saviglasuur,keraamika
621544,kask,puit
621545,lehtpuu,puit
621545,metall,metall
621546,kask,puit
621546,kunstnahk,tekstiil
621546,metall,metall
621548,lõng,tekstiil
621548,villane,tekstiil
621550,lõng,tekstiil
621550,villane,tekstiil
621552,lõng,tekstiil
621552,lõng,tekstiil
621552,villane,tekstiil
621553,lõng,tekstiil
621553,villane,tekstiil
621648,lehtpuu,puit
621650,kude,tekstiil
621650,lõim,tekstiil
621650,puuvillane,tekstiil
621651,okaspuit,puit
621652,toht,puit
621653,savi,keraamika
621653,toht,keraamika
621654,metall,metall
621654,nöör,tekstiil
621654,takk,tekstiil
621654,vask,metall
621655,kask,puit
621656,lehtpuu,puit
621657,lehtpuu,puit
621658,okaspuit,puit
621659,okaspuit,puit
621660,lehtpuu,puit
621661,lehtpuu,puit
621662,lehtpuu,puit
621663,lehtpuu,puit
621664,kuusk,puit
621667,linane,tekstiil
621667,nahk,nahk
621667,niit,tekstiil
621668,lina,tekstiil
621668,nahk,nahk
621668,niit,tekstiil
621669,toht,puit
621670,kask,puit
621671,kuusk,puit
621672,luu,luu
621672,nöör,tekstiil
621672,põdrasõrgadest,luu
621672,tehismaterjal,plastik
621674,plast,plastik
621674,karusnahk,nahk
621676,metall,metall
621677,hõbe,metall
621677,klaas,klaas
621679,hõbe,metall
621679,klaas,klaas
621680,hõbe,metall
621680,klaas,klaas
621683,kask,puit
621684,savi,keraamika
621684,saviglasuur,keraamika
621685,kask,puit
621687,lõng,tekstiil
621687,villane,tekstiil
621688,lõng,tekstiil
621688,villane,tekstiil
621692,kask,puit
621693,kell,metall
621693,nahk,nahk
621693,raud,metall
621693,rihm,nahk
621693,tila,metall
621693,vask,metall
621694,vask,metall
621695,juured,puit
621695,puit,puit
621696,klaas,klaas
621696,tumepunased,tekstiil
621696,sinine,tekstiil
621696,rohelised,tekstiil
621696,kollane,tekstiil
621696,must,tekstiil
621696,roosa,tekstiil
621696,valged ja värvitud väikesed klaashelmed.,klaas
621697,niin,puit
621697,pärnaniin,puit
621697,,puit
621699,hallikas-valge,tekstiil
621699,vilt,tekstiil
621700,puit,puit
621702,kaunistus,nahk
621702,kollased ja punased villase riide ribad,nahk
621702,nahk,nahk
621702,põhjapõder,nahk
621702,villane,nahk
621702,ülaosa,nahk
621706,okaspuit,puit
621706,takk,puit
621707,puit,puit
621708,linane,tekstiil
621708,lõim,tekstiil
621708,tumesinine,tekstiil
621708,tume lõheroosa,tekstiil
621709,kere,puit
621709,lauad,puit
621709,puit,puit
621709,raud,puit
621709,sang,puit
621709,jäme traat,puit
621709,vask,puit
621709,vits,puit
621709,väiksem)   peenem traat,puit
621709,vits,puit
621709,traat,puit
621710,raud,metall
621711,raud,metall
622176,kask,puit
622179,kask,puit
622180,savi,keraamika
622181,savi,keraamika
622182,savi,keraamika
622183,savi,keraamika
622184,savi,keraamika
622187,nahk,nahk
622187,seeder,puit
622188,seeder,puit
622192,kepiots,
622192,käenöör,tekstiil
622192,plastmass,plastik
622192,puuvill,tekstiil
622192,sarapuu,puit
622193,nöör,tekstiil
622193,,
622193,puit,puit
622193,tekstiil,tekstiil
622194,raud,metall
622195,saviglasuur,keraamika
622196,nahk,nahk
622196,puit,puit
622196,raud,metall
622197,puuvillane,tekstiil
622197,valgel põhjal muster,tekstiil
622197,,tekstiil
622198,punasel põhjal muster,tekstiil
622198,roosad ja rohekassinised diagonaaltriibud.,tekstiil
622198,puuvillane,tekstiil
622200,puuvillane,tekstiil
622200,,tekstiil
622640,karusnahk,nahk
622640,nahk,nahk
622640,põhjapõder,nahk
622640,sinine,nahk
622640,roheline ja tumepunane,nahk
622640,valge ja pruun,nahk
622640,villane,nahk
622641,kalev (riidesort),nahk
622641,karusnahk,nahk
622641,punae,nahk
622641,kollane,nahk
622641,roheline riideriba,nahk
622641,põhjapõder,nahk
622646,kalev (riidesort),tekstiil
622647,karusnahk,nahk
622647,puuvillane,nahk
622647,põhjapõder,nahk
622647,sinine riie,nahk
622652,helmed,tekstiil
622652,ketas,tekstiil
622652,klaas,tekstiil
622652,kunstkiudmaterjal,tekstiil
622652,kunstsiid,tekstiil
622652,plastmass,tekstiil
622652,traat,tekstiil
622652,valge metall,tekstiil
622652,vask,tekstiil
622654,karusnahk,tekstiil
622654,katteriie,tekstiil
622654,puuvillane,tekstiil
622654,rebase,tekstiil
622654,villane,tekstiil
622654,vooder,tekstiil
622656,toht,puit
622657,lehtpuu,puit
622658,kuusk,puit
622659,savi,keraamika
622660,pärn,puit
622666,puuvill,tekstiil
622667,puuvill,tekstiil
622668,polüester,tekstiil
622668,puuvill,tekstiil
622669,puuvill,tekstiil
622670,puuvill,tekstiil
622670,vill,tekstiil
622671,puuvill,tekstiil
622671,vill,tekstiil
622672,puuvill,tekstiil
622672,vill,tekstiil
622673,alumiinium,metall
622673,plast,plastik
622673,puuvill,tekstiil
622674,kangas,tekstiil
622674,kett,tekstiil
622674,puuvill,tekstiil
622674,vask,tekstiil
622675,peenvillane,tekstiil
622675,vill,tekstiil
622676,puuvill,tekstiil
622676,vill,tekstiil
622677,puuvill,tekstiil
622678,puuvill,tekstiil
622679,puuvill,tekstiil
622680,puuvill,tekstiil
622681,puuvill,tekstiil
622682,kunstsiid,tekstiil
622682,puuvill,tekstiil
622683,kunstsiid,tekstiil
622683,puuvill,tekstiil
622684,kunstsiid,tekstiil
622684,puuvill,tekstiil
623107,kivim,kivim
623107,lina,tekstiil
623107,nöör,tekstiil
623111,savi,keraamika
623112,mänd,puit
623113,raud,metall
623114,tsement,kivim
623117,kivim,kivim
623117,šamottkivi,kivim
623124,kask,puit
623125,savi,keraamika
623126,saviglasuur,keraamika
623127,kask,puit
623127,klaas,klaas
623128,klaas,klaas
623128,metall,metall
623129,puit,puit
623129,raam,puit
623130,saviglasuur,keraamika
623131,kask,puit
623135,kuusk,puit
623135,paju,puit
623135,vits,puit
623136,hark,puit
623136,horisontaalne puu,puit
623136,kask,puit
623136,kuusk,puit
623167,puuvill,tekstiil
623167,vill,tekstiil
623168,kalev (riidesort),tekstiil
623168,karusnahk,tekstiil
623168,punane,tekstiil
623169,puuvill,tekstiil
623170,puuvill,tekstiil
623171,puuvill,tekstiil
623172,puuvill,tekstiil
623173,kunstsiid,tekstiil
623173,puuvill,tekstiil
623174,kunstsiid,tekstiil
623174,puuvill,tekstiil
623175,kunstsiid,tekstiil
623176,kunstsiid,tekstiil
623177,trükitud,tekstiil
623177,vill,tekstiil
623178,lõng,tekstiil
623178,vill,tekstiil
623179,vill,tekstiil
623180,lõng,tekstiil
623180,vill,tekstiil
623180,villane,tekstiil
623181,lõng,tekstiil
623181,vill,tekstiil
623182,vill,tekstiil
623183,lõng,tekstiil
623183,vill,tekstiil
623184,puuvill,tekstiil
623185,puuvill,tekstiil
623186,mänd,puit
623186,sang,puit
623186,toomingas,puit
623187,mänd,puit
623188,klaas,klaas
623188,metall,metall
623189,klaas,klaas
623189,metall,metall
623190,hõbe,metall
623191,katteriie,tekstiil
623191,kunstnahk,tekstiil
623191,puuvill,tekstiil
623191,vooder ja pael,tekstiil
623192,nahk,nahk
623192,pargitud,nahk
623193,katteriie,tekstiil
623193,nööp,tekstiil
623193,plast,tekstiil
623193,puuvill,tekstiil
623193,vill,tekstiil
623193,vooder,tekstiil
623195,nahk,nahk
623197,puuvill,tekstiil
623198,puuvill,tekstiil
623199,lina,tekstiil
623200,lina,tekstiil
623201,lõng,tekstiil
623201,vill,tekstiil
623202,puuvill,tekstiil
623203,lehtpuu,tekstiil
623204,puuvill,tekstiil
623205,puuvill,tekstiil
623206,vill,tekstiil
623207,kumm,puit
623207,nahk,puit
623207,tehismaterjal,puit
623207,õunapuu,puit
623208,puuvill,tekstiil
623209,puuvill,tekstiil
623210,tehiskiud,tekstiil
623210,vill,tekstiil
623211,siid,tekstiil
623212,puuvill,tekstiil
623213,saviglasuur,keraamika
623214,lehtpuu,puit
623215,puuvill,tekstiil
623215,riie,tekstiil
623215,vatt,tekstiil
623216,hinged,
623216,metall,metall
623216,okaspuit,puit
623217,lehtpuu,puit
623677,kask,puit
623678,kask,puit
623679,kask,puit
623679,raud,metall
623682,lõng,tekstiil
623682,villane,tekstiil
623684,lõng,tekstiil
623684,villane,tekstiil
623685,saviglasuur,keraamika
623693,kask,puit
623694,raud,metall
623695,kuusk,puit
623695,raud,metall
623696,kuusk,puit
623696,raud,metall
623697,kuusk,puit
623697,raud,metall
623699,kuusk,puit
623699,raud,metall
623700,kuusk,puit
623700,raud,metall
623701,kuusk,puit
623701,raud,metall
623702,kask,puit
623713,kuusk,puit
623713,nahk,puit
623713,raud,puit
623714,mänd,puit
623715,kask,puit
623715,lina,puit
623715,nöör,puit
623717,savi,keraamika
623718,lina,tekstiil
623718,nahk,nahk
623718,nöör,tekstiil
623718,raud,metall
623747,lehtpuu,puit
623747,metall,metall
623747,paber,paber
623748,vill,tekstiil
623749,puuvill,tekstiil
623750,paber,paber
623751,paber,paber
623756,vill,tekstiil
623756,vineer,puit
623757,nöör,tekstiil
623757,okaspuit,puit
623757,papp,paber
623757,raud,metall
623757,võru,
623758,saviglasuur,keraamika
623759,lehtpuu,puit
623760,vill,tekstiil
623761,tekstiil,tekstiil
623762,puuvill,tekstiil
623763,puuvill,tekstiil
623764,puuvill,tekstiil
623765,puuvill,tekstiil
623766,puuvill,tekstiil
623767,puuvill,tekstiil
623768,puuvill,tekstiil
623769,puuvill,tekstiil
623770,puuvill,tekstiil
623771,puuvill,tekstiil
623772,puuvill,tekstiil
623773,lõng,tekstiil
623773,vill,tekstiil
623774,mänd,puit
623775,lehtpuu,puit
623776,lehtpuu,puit
623776,lina,tekstiil
623777,kask,puit
623777,käepide,
623777,malm,metall
623778,puuvill,tekstiil
623779,atlassiid,tekstiil
623779,riidesort,tekstiil
623780,puuvill,tekstiil
623781,puuvill,tekstiil
623782,puuvill,tekstiil
623783,puuvill,tekstiil
623784,puuvill,tekstiil
623785,bemberg (riidesort),tekstiil
623786,puuvill,tekstiil
623787,kude,tekstiil
623787,lina,tekstiil
623787,lõim,tekstiil
623787,vill,tekstiil
623788,puuvill,tekstiil
623789,puuvill,tekstiil
623790,puuvill,tekstiil
623791,puuvill,tekstiil
623792,puuvill,tekstiil
623793,puuvill,tekstiil
623794,puuvill,tekstiil
623795,puuvill,tekstiil
624238,must pael,tekstiil
624238,puuvillane,tekstiil
624238,sits (riidesort),tekstiil
624238,trikotaazh,tekstiil
624240,raud,metall
624244,lõng,tekstiil
624244,villane,tekstiil
624247,kask,puit
624247,metall,metall
624250,lehtpuu,puit
624251,,puit
624251,kask,puit
624251,kuusk,puit
624252,metall,metall
624253,lehtpuu,puit
624254,toht,puit
624254,toomingas,puit
624254,vits,puit
624255,niit,puit
624255,puuvill,puit
624255,toht,puit
624256,kask,puit
624256,kuusk,puit
624256,käepide,puit
624259,kask,puit
624260,kuusk,puit
624261,mänd,puit
624262,,tekstiil
624262,lõng,tekstiil
624262,villane,tekstiil
624264,haab,puit
624264,kuusk,puit
624264,küljed,puit
624264,niit,puit
624264,puuvill,puit
624264,,puit
624264,kaas,puit
624265,juured,puit
624265,mänd,puit
624268,lõng,tekstiil
624268,villane,tekstiil
624269,,tekstiil
624269,lõng,tekstiil
624269,villane,tekstiil
624270,lõng,tekstiil
624270,lõng,tekstiil
624270,villane,tekstiil
624272,kude,tekstiil
624272,linane,tekstiil
624272,lõim,tekstiil
624273,juured,puit
624273,mänd,puit
624274,mänd,puit
624274,nöör,puit
624274,puuvill,puit
624275,mänd,puit
624275,nöör,puit
624275,puuvill,puit
624276,mänd,puit
624277,mänd,puit
624311,puuvill,tekstiil
624312,puuvill,tekstiil
624313,puuvill,tekstiil
624314,puuvill,tekstiil
624315,puuvill,tekstiil
624316,puuvill,tekstiil
624317,puuvill,tekstiil
624318,puuvill,tekstiil
624319,puuvill,tekstiil
624320,puuvill,tekstiil
624321,puuvill,tekstiil
624322,puuvill,tekstiil
624323,puuvill,tekstiil
624324,puuvill,tekstiil
624325,metall,metall
624325,plast,plastik
624326,vill,tekstiil
624327,metall,metall
624327,puuvill,puit
624327,vineer,puit
624328,vask,metall
624329,polüester,tekstiil
624330,polüester,tekstiil
624331,polüester,tekstiil
624332,polüester,tekstiil
624333,nailon,tekstiil
624334,nahk,nahk
624335,polüester,tekstiil
624336,polüamiid,tekstiil
624339,haak,tekstiil
624339,metall,tekstiil
624339,rõhtnööp,tekstiil
624339,vabrikuriie,tekstiil
624339,vill,tekstiil
624340,vill,tekstiil
624341,tekstiil,tekstiil
624341,vabrikuriie,tekstiil
624342,tekstiil,tekstiil
624343,puuvill,tekstiil
624344,polüamiid,tekstiil
624345,puuvill,tekstiil
624346,lakknahk,nahk
624347,lehtpuu,puit
624348,raud,metall
624349,raud,metall
624350,raud,metall
624351,kask,puit
624352,metall,metall
624352,okaspuit,puit
624352,plekist raam,metall
624353,fajanss,keraamika
624354,puuvill,tekstiil
624355,okaspuit,puit
624356,puuvill,tekstiil
624357,metall,metall
624357,nöör,tekstiil
624357,okaspuit,puit
624357,plekk,metall
624357,puuvill,tekstiil
624358,kask,puit
624358,metall,metall
624358,okaspuit,puit
624358,vineer,puit
624833,lehtpuu,puit
624833,okaspuit,puit
624833,piid,puit
624833,raam,metall
624834,kuusk,puit
624841,värviline,tekstiil
624841,linane,tekstiil
624841,lõim,tekstiil
624841,villane,tekstiil
624842,kude,tekstiil
624842,linane,tekstiil
624842,lõim,tekstiil
624842,villane,tekstiil
624843,kivim,tekstiil
624843,kuusk,tekstiil
624843,nahk,tekstiil
624843,raud,tekstiil
624845,kaigas,puit
624845,kask,puit
624845,kurikas,puit
624845,kuusk,puit
624846,lõng,tekstiil
624846,villane,tekstiil
624847,labane kangas,tekstiil
624847,linane,tekstiil
624850,kude,tekstiil
624850,linane,tekstiil
624850,lõim,tekstiil
624852,kask,puit
624852,metall,metall
624853,lõng,tekstiil
624853,lõng,tekstiil
624853,nahk,tekstiil
624853,villane,tekstiil
624854,mänd,puit
624855,mänd,puit
624857,puuvillane,tekstiil
624857,toimne,tekstiil
624857,valge,tekstiil
624861,haak,tekstiil
624861,kumm,tekstiil
624861,metall,tekstiil
624861,pael,tekstiil
624861,puuvillane,tekstiil
624861,triibuline,tekstiil
624864,puuvillane,tekstiil
624864,triibuline,tekstiil
624868,lehtpuu,puit
624869,kask,puit
624869,metall,metall
624870,kask,puit
624871,mänd,puit
624872,metall,metall
624873,metall,metall
624902,lehtpuu,puit
624903,lehtpuu,puit
624904,puit,puit
624905,puit,puit
624906,puit,puit
624907,puit,puit
624908,puit,puit
624909,puit,puit
624910,puit,puit
624916,hõbe,metall
624916,klaas,klaas
624916,korall,luu
624916,metall,metall
624916,tekstiil,tekstiil
624940,hõbe,metall
624940,metall,metall
624940,nahk,nahk
624941,lõng,tekstiil
624941,puuvillane,tekstiil
624941,riie,tekstiil
624941,siid,tekstiil
624942,kunstsiid,tekstiil
624942,sünteetika,tekstiil
624943,koelõng,tekstiil
624943,puuvillane,tekstiil
624943,värviline lõim,tekstiil
624944,puuvill,tekstiil
624944,riie ja niit,tekstiil
624945,peenvillane,tekstiil
624945,vill,tekstiil
624946,kanep,tekstiil
624946,puuvill,tekstiil
624946,vill,tekstiil
624947,kanep,tekstiil
624947,puuvill,tekstiil
624948,kanep,tekstiil
624948,puuvill,tekstiil
624948,vill,tekstiil
625440,metall,metall
625441,metall,metall
625442,kask,puit
625442,kuusk,puit
625442,nahk,nahk
625442,pulk,puit
625444,lehtpuu,puit
625444,raud,metall
625444,vars,
625446,kuusk,puit
625447,okaspuit,puit
625449,lehtpuu,puit
625449,okaspuit,puit
625449,piid,puit
625449,raam,puit
625450,lehtpuu,puit
625450,okaspuit,puit
625450,sõlg,puit
625451,okaspuit,puit
625452,okaspuit,puit
625453,kuusk,puit
625456,saviglasuur,keraamika
625457,puit,puit
625457,puuvill,puit
625458,kanep,puit
625458,nöör,puit
625458,puit,puit
625459,kanep,puit
625459,nöör,puit
625459,puit,puit
625460,metall,metall
625460,puit,puit
625461,kanep,puit
625461,kask,puit
625461,metall,metall
625461,nöör,puit
625461,traat,metall
625462,savi,keraamika
625463,okaspuit,puit
625463,raud,puit
625464,lehtpuu,puit
625465,lehtpuu,puit
625466,metall,metall
625468,kask,puit
625470,okaspuit,puit
625471,saviglasuur,keraamika
625473,savi,keraamika
625479,savi,keraamika
625481,kuusk,puit
625482,kuusk,puit
625484,lina,tekstiil
625484,puuvill,tekstiil
625484,vabrikupits (riidesort),tekstiil
625485,lina,tekstiil
625485,puuvill,tekstiil
625486,lina,tekstiil
625486,puuvill,tekstiil
625486,vill,tekstiil
625487,lina,tekstiil
625487,puuvill,tekstiil
625487,vabrikupits (riidesort),tekstiil
625488,pronks,metall
625497,kask,puit
625498,kask,puit
625500,lehtpuu,puit
625501,lehtpuu,puit
625516,savi,keraamika
625517,niin,puit
625517,pärn,puit
625518,lehtpuu,puit
625520,looduslik kiud,tekstiil
625520,puuvill,tekstiil
625523,lina,tekstiil
625523,puuvill,tekstiil
625523,vabrikupits (riidesort),tekstiil
625524,puuvill,tekstiil
625531,puuvill,tekstiil
625531,riie,tekstiil
625531,pits ja tikand,tekstiil
625536,puuvill,tekstiil
625537,puuvill,tekstiil
625538,puuvill,tekstiil
625539,broderii,tekstiil
625539,puuvill,tekstiil
625540,kanep,tekstiil
625540,vill,tekstiil
625541,helmed,klaas
625541,klaas,klaas
625541,lina,tekstiil
625541,litrid,klaas
625541,metall,metall
625541,puuvill,tekstiil
625541,vill,tekstiil
625542,puuvill,tekstiil
625542,siid,tekstiil
625542,vill,tekstiil
625543,puuvill,tekstiil
625543,tikand,tekstiil
625543,vill,tekstiil
625544,puuvill,tekstiil
625544,tikand,tekstiil
625544,vill,tekstiil
625545,nahk,nahk
625546,lehtpuu,puit
625547,kanep,tekstiil
625548,puuvill,tekstiil
625549,toimne kangas,tekstiil
625549,valge-mustakirju sits,tekstiil
625549,vatt,tekstiil
625549,hall,tekstiil
625549,puuvill,tekstiil
625550,lina,tekstiil
625550,puuvill,tekstiil
625550,vooder,tekstiil
625551,puuvill,tekstiil
625552,pael,tekstiil
625552,puuvill,tekstiil
625552,siid,tekstiil
625553,lina,tekstiil
625553,puuvill,tekstiil
625553,siid,tekstiil
625554,nahk,nahk
625554,veis,nahk
625555,harjas,puit
625555,kanep,puit
625556,puuvill,tekstiil
625556,siid,tekstiil
625557,pael,tekstiil
625557,puuvill,tekstiil
625557,siid,tekstiil
625558,puuvill,tekstiil
625558,siid,tekstiil
625559,puuvill,tekstiil
625559,siid,tekstiil
625559,vill,tekstiil
625560,puuvill,tekstiil
625561,puuvill,tekstiil
625562,puuvill,tekstiil
625563,puuvill,tekstiil
625564,puuvill,tekstiil
625565,puuvill,tekstiil
625566,puuvill,tekstiil
625567,metall,tekstiil
625567,siid,tekstiil
625568,pael,tekstiil
625568,puuvill,tekstiil
625568,siid,tekstiil
625568,tikand,tekstiil
625568,vill,tekstiil
625569,puuvill,tekstiil
625569,siid,tekstiil
625569,vill,tekstiil
625570,brokaat (riidesort),tekstiil
625570,helmed,tekstiil
625570,klaas,tekstiil
625570,pael,tekstiil
625570,plast,tekstiil
625570,puuvill,tekstiil
625570,siid,tekstiil
625571,hinged,metall
625571,lukuplaat,
625571,juured,puit
625571,kuusk,puit
625571,puit,puit
625571,raud,metall
625572,hõbe,metall
625572,tekstiil,tekstiil
625573,puuvill,tekstiil
625574,lina,tekstiil
625574,siid,tekstiil
625575,siid,tekstiil
626055,õunapuu,puit
626056,raud,metall
626058,raud,metall
626060,kuusk,puit
626061,puit,puit
626061,raud,metall
626061,vask,metall
626064,kivim,kivim
626064,lehtpuu,puit
626064,lina,tekstiil
626066,raud,metall
626067,kunstnahk,tekstiil
626067,metall,metall
626067,plekk,metall
626067,vineer,puit
626068,puit,puit
626068,raud,metall
626069,puit,puit
626069,raud,metall
626072,kuusk,puit
626073,raud,metall
626074,lina,puit
626074,puit,puit
626082,kuusk,puit
626084,kuusk,puit
626085,savi,keraamika
626086,haab,puit
626087,savi,keraamika
626090,fajanss,keraamika
626091,lõng,tekstiil
626091,lõng,tekstiil
626091,villane,tekstiil
626092,lõng,tekstiil
626092,villane,tekstiil
626096,klaas,klaas
626096,nääriehe,klaas
626099,kanep,tekstiil
626100,kanep,tekstiil
626102,harjas,nahk
626102,kanep,tekstiil
626102,nöör,tekstiil
626102,riie,tekstiil
626102,puit,puit
626102,siga,nahk
626103,metall,metall
626103,vaskplekk,metall
626104,niin,puit
626105,kanep,tekstiil
626106,niin,puit
626106,pärn,puit
626108,tamm,puit
626109,pärn,puit
626112,looduslik kiud,tekstiil
626112,puuvill,tekstiil
626115,savi,keraamika
626116,tamm,puit
626117,kuusk,puit
626118,lehtpuu,puit
626124,niin,puit
626125,puuvill,tekstiil
626125,vabrikupits (riidesort),tekstiil
626127,kask,puit
626130,puuvill,tekstiil
626134,helmed,klaas
626134,klaas,klaas
626139,pärn,puit
626141,niin,puit
626141,pärn,puit
626142,kanep,puit
626142,nöör,puit
626142,pärn,puit
626144,siid,tekstiil
626144,tikand,tekstiil
626144,vill,tekstiil
626145,puuvill,tekstiil
626146,lina,tekstiil
626146,siid,tekstiil
626147,siid,tekstiil
626147,tikand,tekstiil
626147,vill,tekstiil
626148,puuvill,tekstiil
626148,siid,tekstiil
626149,puuvill,tekstiil
626150,puuvill,tekstiil
626151,vill,tekstiil
626152,vill,tekstiil
626153,nailon,tekstiil
626153,pits,tekstiil
626153,puuvill,tekstiil
626154,puuvill,tekstiil
626156,helmed,plastik
626156,plast,plastik
626156,siid,tekstiil
626156,vill,tekstiil
626157,puuvill,tekstiil
626158,hõbe,metall
626158,metall,metall
626158,tekstiil,tekstiil
626159,kask,puit
626160,kask,puit
626161,kask,puit
626162,metall,metall
626163,kuusk,puit
626163,paju,puit
626163,toestuskepid,puit
626163,vits,puit
626164,puuvill,tekstiil
626165,haak ja aas,tekstiil
626165,metall,tekstiil
626165,puuvill,tekstiil
626166,puuvill,tekstiil
626167,puuvill,tekstiil
626168,niin,puit
626168,pärn,puit
626168,sidumisnöör,puit
626169,niin,puit
626169,pärn,puit
626169,sidumisnöör,puit
626170,kask,puit
626170,okaspuit,puit
626170,,
626170,raud,metall
626170,võru,metall
626171,kanep,tekstiil
626171,vill,tekstiil
626172,kanep,tekstiil
626173,kanep,tekstiil
626174,vill,tekstiil
626175,metall,metall
626175,münt,metall
626176,paju,puit
626177,paju,puit
626177,pesunöör,puit
626177,tehismaterjal,puit
626179,puuvill,tekstiil
626180,nööp,tekstiil
626180,pael,tekstiil
626180,plast,tekstiil
626180,puuvill,tekstiil
626180,siid,tekstiil
626180,tikand,tekstiil
626180,vill,tekstiil
626181,puuvill,tekstiil
626181,vill,tekstiil
626182,lina,tekstiil
626182,puuvill,tekstiil
626183,lina,tekstiil
626183,mulinee,tekstiil
626183,puuvill,tekstiil
626184,haak ja aas,tekstiil
626184,lõng,tekstiil
626184,metall,tekstiil
626184,puuvill,tekstiil
626184,vill,tekstiil
626185,kanep,tekstiil
626185,klaas,tekstiil
626185,looduslik kiud,tekstiil
626185,metall,tekstiil
626185,puuvill,tekstiil
626185,riie ja lõng,tekstiil
626186,puuvill,tekstiil
626186,toimne,tekstiil
626187,lina,tekstiil
626187,riidesort,tekstiil
626187,satiin,tekstiil
626188,puuvill,tekstiil
626188,riie ja mulinee,tekstiil
626189,puuvill,tekstiil
626189,riie,tekstiil
626191,kanep,tekstiil
626192,kanep,tekstiil
626694,kanep,tekstiil
626694,lina,tekstiil
626694,looduslik kiud,tekstiil
626694,puuvill,tekstiil
626695,niin,puit
626699,puuvillane,tekstiil
626699,vabrikuriie,tekstiil
626701,jalakas,puit
626702,jalakas,puit
626704,lõng,tekstiil
626704,villane,tekstiil
626710,puit,puit
626711,kuusk,puit
626712,karusnahk,nahk
626712,nahk,nahk
626712,pael,nahk
626712,riba,nahk
626712,puuvillane,nahk
626712,põhjapõder,nahk
626712,riideriba,nahk
626712,villane,nahk
626715,karusnahk,nahk
626715,lõng,nahk
626715,põhjapõder,nahk
626715,vill,nahk
626728,lõng,tekstiil
626728,villane,tekstiil
626729,looduslik kiud,tekstiil
626729,puuvill,tekstiil
626735,puuvill,tekstiil
626735,tüll (riidesort),tekstiil
626745,kask,puit
626745,nahk,puit
626747,lehtpuu,puit
626747,niin,puit
626756,lehtpuu,puit
626756,niin,puit
626757,niin,puit
626757,puit,puit
626759,kask,puit
626761,puuvill,tekstiil
626762,kanep,tekstiil
626762,puuvill,tekstiil
626763,kanep,tekstiil
626763,puuvill,tekstiil
626764,puit,puit
626764,sarv,puit
626764,vill,puit
626765,lina,tekstiil
626766,puuvill,tekstiil
626767,kanep,tekstiil
626768,puuvill,tekstiil
626769,puuvill,tekstiil
626770,saviglasuur,keraamika
626771,puuvill,tekstiil
626772,puuvill,tekstiil
626774,puuvill,tekstiil
626775,puuvill,tekstiil
626776,krepp,tekstiil
626776,vill,tekstiil
626777,puit,puit
626777,raud,metall
626777,raudplekk,metall
626777,vasesulam,metall
626777,vask,metall
626778,konks,metall
626778,lehtpuu,puit
626778,metall,metall
626778,nöör,metall
626778,tehismaterjal,plastik
626779,puit,puit
626779,raud,metall
626780,savi,keraamika
626780,saviglasuur,keraamika
626781,saviglasuur,keraamika
626782,kuusk,puit
626782,raud,metall
626783,puuvill,tekstiil
626784,puuvill,tekstiil
626785,lõng,tekstiil
626785,vill,tekstiil
626786,flanell (riidesort),tekstiil
626786,puuvill,tekstiil
626787,nööp,tekstiil
626787,puuvill,tekstiil
626787,tehismaterjal,tekstiil
626788,nööp,tekstiil
626788,puuvill,tekstiil
626788,tehismaterjal,tekstiil
626789,nööp,tekstiil
626789,puuvill,tekstiil
626789,tehismaterjal,tekstiil
626790,puuvill,tekstiil
626791,puuvill,tekstiil
626792,puuvill,tekstiil
626793,puuvill,tekstiil
626794,puuvill,tekstiil
626795,lina,tekstiil
626796,puuvill,tekstiil
626797,nahk,nahk
626798,vask,metall
626799,plüüs (riidesort),tekstiil
626800,kunstsiid,tekstiil
626801,siid,tekstiil
626802,puuvill,tekstiil
626803,puuvill,tekstiil
626804,metall,metall
626804,plast,plastik
626805,metall,metall
626805,plast,plastik
626806,savi,keraamika
626806,saviglasuur,keraamika
626807,tehismaterjal,plastik
626808,metall,metall
626808,plast,plastik
626808,tehismaterjal,plastik
626809,savi,keraamika
627327,lehtpuu,puit
627338,pärn,puit
627340,pärn,puit
627343,pärn,puit
627344,pärn,puit
627345,savi,keraamika
627348,pärn,puit
627359,lõng,tekstiil
627359,villane,tekstiil
627360,lõng,tekstiil
627360,villane,tekstiil
627361,lõng,tekstiil
627361,villane,tekstiil
627363,kapron,puit
627363,lehtpuu,puit
627363,nöör,puit
627364,puit,puit
627365,plast,plastik
627366,metall,metall
627372,kapron,tekstiil
627372,kude,tekstiil
627372,kaltsud,tekstiil
627372,lõim,tekstiil
627372,puuvillane,tekstiil
627397,puuvillane,tekstiil
627401,tehiskiud,tekstiil
627402,klaas,tekstiil
627403,puuvill,tekstiil
627404,plast,tekstiil
627404,puuvill,tekstiil
627405,vill,tekstiil
627406,trikoo (riidesort),tekstiil
627407,trikoo (riidesort),tekstiil
627408,puuvill,tekstiil
627409,puuvill,tekstiil
627410,metall,tekstiil
627410,trikoo (riidesort),tekstiil
627413,vill,tekstiil
627414,puit,puit
627416,kask,puit
627417,puuvill,tekstiil
627418,kask,puit
627419,nahk,nahk
627420,kask,puit
627421,kivim,kivim
627422,metall,metall
627423,kask,puit
627423,raud,metall
627424,raud,metall
627425,paju,puit
627426,kuusk,puit
627427,jõhv,metall
627427,metall,metall
627428,lehtpuu,puit
627428,nailon,tekstiil
627428,tehismaterjal,tekstiil
627429,metall,metall
627430,malm,metall
627431,alumiinium,metall
627431,toht,puit
627431,traat,metall
627432,lehtpuu,puit
627433,kask,puit
627433,malm,metall
627433,raud,metall
627434,teras,metall
627435,raud,metall
627435,saar,puit
627436,kask,puit
627437,lehtpuu,puit
627437,metall,metall
627438,raud,metall
627439,raud,metall
627440,teras,metall
627441,plast,plastik
627441,traat,metall
627441,vahtplast,plastik
627441,vask,metall
627442,metall,metall
627442,plast,plastik
627442,vahtplast,plastik
627443,lehtpuu,puit
627443,plast,plastik
627444,lehtpuu,puit
627444,metall,metall
627445,kask,puit
627446,kask,puit
627447,vill,tekstiil
627448,puuvill,tekstiil
627449,kask,puit
627450,vill,tekstiil
627961,puit,puit
627962,puit,puit
627963,puit,puit
627964,puit,puit
627965,puit,puit
627966,puit,puit
627967,puit,puit
627970,toht,puit
627971,kuusk,puit
627971,toht,puit
627989,siid,tekstiil
627995,lina,tekstiil
628001,puuvillane,tekstiil
628001,vabrikuriie,tekstiil
628002,puuvillane,tekstiil
628002,valge riie,tekstiil
628003,looduslik materjal,tekstiil
628003,metall,metall
628003,rasv,toit
628003,tekstiil,tekstiil
628017,riie,tekstiil
628017,villane,tekstiil
628020,siid,tekstiil
628022,savi,keraamika
628031,lina,tekstiil
628038,metall,metall
628038,metall,metall
628039,metall,metall
628039,metall,metall
628040,puuvill,tekstiil
628041,vill,tekstiil
628042,karusnahk,nahk
628042,koer,nahk
628043,puuvill,tekstiil
628044,puuvill,tekstiil
628045,riie,tekstiil
628045,vill,tekstiil
628046,linane,tekstiil
628048,lõng,tekstiil
628048,puuvillane,tekstiil
628048,riie,tekstiil
628049,sünteetika,tekstiil
628050,klaas,klaas
628050,metall,metall
628050,pärl,luu
628050,metall,metall
628051,metall,metall
628052,metall,metall
628053,metall,metall
628054,klaas,klaas
628054,metall,metall
628055,klaas,klaas
628055,metall,metall
628056,metall,metall
628056,nahk,nahk
628056,puit,puit
628057,vill,tekstiil
628063,email,keraamika
628063,savi,keraamika
628064,savi,keraamika
628065,email,keraamika
628065,savi,keraamika
628066,email,keraamika
628066,savi,keraamika
628067,email,keraamika
628067,savi,keraamika
628068,email,keraamika
628068,savi,keraamika
628069,email,keraamika
628069,savi,keraamika
628070,email,keraamika
628070,savi,keraamika
628071,email,keraamika
628071,savi,keraamika
628072,email,keraamika
628072,savi,keraamika
628073,email,keraamika
628073,savi,keraamika
628074,raud,metall
628075,luga,puit
628075,taimne kiud,puit
628575,savi,keraamika
628577,savi,keraamika
628578,savi,keraamika
628579,savi,keraamika
628580,savi,keraamika
628581,savi,keraamika
628582,savi,keraamika
628584,savi,keraamika
628585,savi,keraamika
628586,savi,keraamika
628587,savi,keraamika
628594,kalev (riidesort),tekstiil
628595,messing,metall
628597,kalev (riidesort),tekstiil
628598,kalev (riidesort),tekstiil
628599,kalev (riidesort),tekstiil
628600,kalev (riidesort),tekstiil
628600,puuvill,tekstiil
628601,kalev (riidesort),tekstiil
628601,sits (riidesort),tekstiil
628609,saviglasuur,keraamika
628610,fajanss,keraamika
628611,fajanss,keraamika
628612,saviglasuur,keraamika
628613,lõng,tekstiil
628613,villane,tekstiil
628614,puit,puit
628628,karv,tekstiil
628628,kunstnahk,tekstiil
628628,must,tekstiil
628628,puuvillane,tekstiil
628637,lõng,tekstiil
628637,villane,tekstiil
628640,hall,tekstiil
628640,must,tekstiil
628640,fliis,tekstiil
628640,puuvillane,tekstiil
628640,vatt,tekstiil
628648,puuvill,tekstiil
628652,luga,tekstiil
628652,taimne kiud,tekstiil
628654,savi,keraamika
628655,luga,puit
628655,taimne kiud,puit
628656,paju,puit
628657,paju,puit
628659,plast,plastik
628659,puuvill,tekstiil
628659,vill,tekstiil
628660,plast,plastik
628660,puuvill,tekstiil
628660,vill,tekstiil
628662,paju,puit
628663,paju,puit
628666,klaas,klaas
628666,metall,metall
628666,puit,puit
628667,puuvill,tekstiil
628667,vill,tekstiil
628668,puuvill,tekstiil
628669,email,keraamika
628669,savi,keraamika
628670,email,keraamika
628670,savi,keraamika
628671,email,keraamika
628671,savi,keraamika
628674,puuvill,tekstiil
628676,puuvill,tekstiil
628676,vill,tekstiil
628677,lina,tekstiil
628677,puuvill,tekstiil
628678,lina,tekstiil
628678,puuvill,tekstiil
628679,lina,tekstiil
628680,lina,tekstiil
628680,puuvill,tekstiil
628680,vill,tekstiil
628681,lina,tekstiil
628681,puuvill,tekstiil
628682,lina,tekstiil
628682,vabrikupits (riidesort),tekstiil
628683,haak,tekstiil
628683,metall,tekstiil
628683,puuvill,tekstiil
628683,vabrikuriie,tekstiil
628684,pael,tekstiil
628684,riie,tekstiil
628684,sits (riidesort),tekstiil
628685,sits (riidesort),tekstiil
628686,sits (riidesort),tekstiil
628687,sits (riidesort),tekstiil
628688,vill,tekstiil
628689,vill,tekstiil
628690,lina,tekstiil
628690,lõng,tekstiil
628690,vill,tekstiil
628691,puuvill,tekstiil
628692,lina,tekstiil
628692,puuvill,tekstiil
628693,lina,tekstiil
628693,puuvill,tekstiil
628697,kuusk,puit
628697,,puit
628697,kaas,puit
628697,toht,puit
629170,kalev (riidesort),tekstiil
629170,puuvill,tekstiil
629171,vill,tekstiil
629172,kalev (riidesort),nahk
629172,karusnahk,nahk
629174,vill,tekstiil
629175,puuvill,tekstiil
629175,vill,tekstiil
629175,vooder,tekstiil
629176,puuvill,tekstiil
629176,vill,tekstiil
629190,kalev (riidesort),tekstiil
629190,puuvill,tekstiil
629191,metall,metall
629191,nahk,nahk
629192,lehm,nahk
629192,messing,metall
629192,nahk,nahk
629192,puit,puit
629192,teras,metall
629213,vabrikuriie,tekstiil
629213,kumm,tekstiil
629213,pael,tekstiil
629213,viskoos,tekstiil
629237,kuusk,puit
629238,mänd,puit
629239,mänd,puit
629240,lõng,tekstiil
629240,villane,tekstiil
629241,lehtpuu,puit
629241,nahk,nahk
629241,võru,metall
629242,teras,metall
629243,kuusk,puit
629243,käepide,
629243,lehtpuu,puit
629243,raud,metall
629244,saviglasuur,keraamika
629246,vask,metall
629247,metall,metall
629248,lehtpuu,puit
629249,lehtpuu,puit
629250,lehtpuu,puit
629250,raud,metall
629251,mänd,puit
629252,kask,puit
629253,raud,metall
629258,labane riie,tekstiil
629258,pael,tekstiil
629258,puuvillane,tekstiil
629263,kask,puit
629263,käepide,
629263,malm,metall
629267,kanep,tekstiil
629268,kanep,tekstiil
629268,mulinee,tekstiil
629268,punasepõhjaline,tekstiil
629268,puuvillane,tekstiil
629268,ruuduline,tekstiil
629268,sünteetika,tekstiil
629268,volang,tekstiil
629273,puuvillane,tekstiil
629273,riie,tekstiil
629273,villane,tekstiil
629273,värviline,tekstiil
629275,helmed,tekstiil
629275,kanep,tekstiil
629275,klaas,tekstiil
629275,kodukootud kangas,tekstiil
629275,nööp,tekstiil
629275,plastmass,tekstiil
629276,lõng,tekstiil
629276,villane,tekstiil
629285,kanep,tekstiil
629285,puuvill,tekstiil
629286,puuvill,tekstiil
629287,puuvill,tekstiil
629288,puuvillane,tekstiil
629290,puuvill,tekstiil
629291,puuvill,tekstiil
629292,puuvill,tekstiil
629296,helmed,tekstiil
629296,plastmass,tekstiil
629296,puuvillane,tekstiil
629296,riie ja paelad,tekstiil
629297,puuvill,tekstiil
629298,puuvill,tekstiil
629303,niin,puit
629303,pärn,puit
629305,mineraal,kivim
629305,vill,tekstiil
629306,puuvill,tekstiil
629780,kask,puit
629781,kask,puit
629782,niin,puit
629786,niin,puit
629787,paju,puit
629811,vask,puit
629811,vineer,puit
629813,puuvillane,tekstiil
629813,tumepunane,tekstiil
629814,puuvill,tekstiil
629815,lina,tekstiil
629816,looduslik kiud,tekstiil
629817,puuvill,tekstiil
629817,vill,tekstiil
629818,lina,tekstiil
629818,puuvill,tekstiil
629818,siid,tekstiil
629819,lina,tekstiil
629820,puuvill,tekstiil
629821,lina,tekstiil
629821,puuvill,tekstiil
629821,vooder,tekstiil
629822,puuvill,tekstiil
629822,vill,tekstiil
629823,lina,tekstiil
629823,puuvill,tekstiil
629823,siid,tekstiil
629824,lina,tekstiil
629824,puuvill,tekstiil
629825,lina,tekstiil
629825,puuvill,tekstiil
629826,puuvill,tekstiil
629826,ruuduline,tekstiil
629827,lina,tekstiil
629827,puuvill,tekstiil
629828,juured,puit
629828,vits,puit
629828,puit,puit
629829,juured,puit
629829,vits,puit
629829,puit,puit
629830,puuvill,tekstiil
629831,puuvill,tekstiil
629832,brokaat (riidesort),tekstiil
629832,hõbe,tekstiil
629832,kangas,tekstiil
629832,pael,tekstiil
629832,puuvill,tekstiil
629832,rahad,tekstiil
629833,kuusk,puit
629834,labane kangas,tekstiil
629834,,tekstiil
629834,lina,tekstiil
629834,puuvill,tekstiil
629834,ülaosa,tekstiil
629835,lepp,puit
629835,sang,puit
629835,toht,puit
629836,kask,puit
629838,lõng,tekstiil
629838,vill,tekstiil
629839,lõng,tekstiil
629839,vill,tekstiil
629841,loomanahk,nahk
629841,nahk,nahk
629841,puuvillane,nahk
629841,vooder,nahk
629842,kude,tekstiil
629842,lõim,tekstiil
629842,puuvillane,tekstiil
629843,kude,tekstiil
629843,linane,tekstiil
629843,lõim,tekstiil
629843,villane,tekstiil
629844,kuusk,puit
629845,kaas,puit
629845,kask,puit
629845,kuusk,puit
629845,,puit
629845,toht,puit
629846,kaas,puit
629846,kask,puit
629846,okaspuit,puit
629846,,puit
629846,toht,puit
629847,kask,puit
629848,kask,puit
629848,metall,metall
629849,kuusk,puit
629850,kaas,puit
629850,kask,puit
629850,kuusk,puit
629850,,puit
629850,toht,puit
629852,puuvillane,tekstiil
629852,roheline kangas,tekstiil
629853,kalev (riidesort),tekstiil
629853,katteriie,tekstiil
629853,lina,tekstiil
629853,sits (riidesort),tekstiil
629853,vooder,tekstiil
629855,lõng,tekstiil
629855,puuvillane,tekstiil
629855,villane,tekstiil
629856,kask,puit
629856,klaas,klaas
629856,nahk,nahk
629856,pahk,puit
629856,pudel,klaas
629856,püssirohusarv,luu
629856,rihm,nahk
629856,haavlikott,nahk
629856,pudeli vutlar,nahk
629856,sarv,luu
629858,kumm,luu
629858,sarv,luu
629858,tehismaterjal,luu
629859,pael,tekstiil
629859,punane,tekstiil
629859,puuvillane,tekstiil
629859,sik-sak,tekstiil
629859,valge pits,tekstiil
629859,villane,tekstiil
629860,lina,tekstiil
629860,puuvill,tekstiil
629861,puuvill,tekstiil
629865,puuvill,tekstiil
629865,siid,tekstiil
629866,plast,plastik
629866,vill,plastik
629867,plast,plastik
629867,vill,plastik
629868,puuvill,tekstiil
629869,siid,tekstiil
629870,saviglasuur,keraamika
629871,metall,metall
629871,puit,puit
629872,nailon,tekstiil
629872,pannal,tekstiil
629872,pits,tekstiil
629872,plast,tekstiil
629872,puuvill,tekstiil
629873,puuvill,tekstiil
629874,puuvill,tekstiil
629875,akrüül,tekstiil
629876,puuvill,tekstiil
629877,puuvill,tekstiil
629878,metall,metall
629879,email,keraamika
629879,savi,keraamika
629880,metall,metall
629881,klaas,klaas
629881,metall,metall
629882,metall,metall
629882,nahk,metall
629882,trukk,metall
629883,metall,metall
629883,puit,puit
629884,klaas,klaas
629884,metall,metall
629885,metall,metall
629886,nahk,nahk
629887,vill,tekstiil
629888,metall,metall
629890,metall,metall
629891,siid,tekstiil
629893,vill,tekstiil
629894,raud,metall
629895,puit,puit
629895,raud,metall
629896,puit,puit
629896,raud,metall
629897,puit,puit
629897,raud,metall
629898,puit,puit
629898,takk,puit
629899,puit,puit
629899,raud,metall
629900,raud,metall
629901,metall,metall
629902,puit,puit
629903,puit,puit
629904,puuvill,tekstiil
630417,kask,puit
630417,vill,tekstiil
630419,haab,puit
630421,vask,metall
630422,lehtpuu,puit
630422,lina,puit
630422,okaspuit,puit
630422,soa piid,puit
630422,soa raam,puit
630422,niied,puit
630423,metall,metall
630424,toht,puit
630426,vask,metall
630427,kuusk,puit
630428,metall,metall
630429,vask,metall
630430,kõrkjad,puit
630430,taimne kiud,puit
630433,linane,tekstiil
630433,ruuduline,tekstiil
630434,toht,puit
630435,kask,puit
630436,toht,puit
630437,kuusk,puit
630437,toht,puit
630438,kuusk,puit
630438,,puit
630438,kaas,puit
630438,toht,puit
630439,kuusk,puit
630439,pärn,puit
630439,,puit
630440,lõng,tekstiil
630440,puuvillane,tekstiil
630440,riie,tekstiil
630442,lõng,tekstiil
630442,villane,tekstiil
630443,käepide,
630443,lehtpuu,puit
630443,metall,metall
630443,mänd,puit
630444,alumiinium,metall
630445,lehtpuu,puit
630445,nahk,nahk
630445,nöör,tekstiil
630445,present,plastik
630445,takk,tekstiil
630445,tekstiil,tekstiil
630445,toht,tekstiil
630446,toht,puit
630447,lehtpuu,puit
630447,okaspuit,puit
630447,pool,puit
630448,lehtpuu,puit
630448,nahk,nahk
630450,kask,puit
630451,vill,tekstiil
630452,lehtpuu,puit
630452,raud,metall
630453,linane,tekstiil
630453,loomanahk,nahk
630453,niit,tekstiil
630453,pargitud,nahk
630453,punutud nöör,tekstiil
630453,villane,tekstiil
630454,toht,puit
630455,lina,tekstiil
630455,nahk,nahk
630455,niit,tekstiil
630456,kask,puit
630456,metall,metall
630456,nahk,nahk
630457,okaspuit,puit
630457,,puit
630457,kaas,puit
630457,toht,puit
630458,lehtpuu,puit
630458,metall,metall
630459,lehtpuu,puit
630461,kuusk,puit
630461,riie,tekstiil
630461,takk,puit
630461,toht,puit
630462,lõng,tekstiil
630462,villane,tekstiil
630465,lehtpuu,puit
630466,lehtpuu,puit
630467,lehtpuu,puit
630468,juured,puit
630468,puit,puit
630469,puuvill,tekstiil
630470,puuvill,tekstiil
630471,savi,keraamika
630473,puuvill,tekstiil
630474,nahk,tekstiil
630474,polüester,tekstiil
630474,vooder,tekstiil
630476,nahk,nahk
630476,puuvillane,nahk
630476,riie,nahk
630479,karusnahk,nahk
630479,põder,nahk
630479,riie,nahk
630479,sünteetika,nahk
630479,villane,nahk
630479,vilt,nahk
630480,puuvillane,nahk
630480,riie,nahk
630480,sünteeskiud,nahk
630480,vilt,nahk
630481,nahk,nahk
630483,karusnahk,nahk
630483,põhjapõder,nahk
630483,valge,nahk
630483,pruun,nahk
630483,küljed ja ülaäär   labases koes,nahk
630483,villane,nahk
630483,nahk,nahk
630483,nöör,nahk
630483,puuvillane,nahk
630483,villane,nahk
630483,vooder,nahk
630484,nahk,nahk
630484,põhjapõder,nahk
630485,kask,puit
630485,nahk,nahk
630485,raud,puit
630485,rihm,nahk
630485,tera,puit
630485,tupp,nahk
630485,käepide,puit
630486,alumiinium,metall
630486,puit,puit
630486,raud,metall
630486,tekstiil,tekstiil
630486,tera,metall
630486,traat,metall
630486,tupp,metall
630486,käepide,
630487,kask,puit
630487,nahk,nahk
630488,nahk,nahk
630488,puuvillane riie,tekstiil
630488,pearätik,tekstiil
630488,puuvillane,tekstiil
630489,nahk,nahk
630491,puuvill,tekstiil
630492,puuvill,tekstiil
630493,kask,puit
630493,nahk,nahk
630493,raud,metall
630493,rihm,
630493,tera,metall
630493,tupp,nahk
630493,käepide,puit
630494,kask,puit
630495,nahk,nahk
630495,present,tekstiil
630495,sünteetika,tekstiil
630495,tald,
630497,kalev (riidesort),nahk
630497,karusnahk,nahk
630497,nahk,nahk
630497,põhjapõder,nahk
630497,riideriba,nahk
630499,pilliroog,puit
630499,taimne kiud,puit
630500,pilliroog,puit
630500,taimne kiud,puit
630502,niin,puit
630502,pärn,puit
630504,lina,tekstiil
630504,puuvill,tekstiil
630946,toht,puit
630947,lina,tekstiil
630947,lõim,tekstiil
630947,vill,tekstiil
630947,valge,tekstiil
630948,puit,puit
630949,puit,puit
630950,puit,puit
630951,puit,puit
630952,puit,puit
630953,puit,puit
630988,lina,tekstiil
630988,puuvill,tekstiil
630988,puuvillane,tekstiil
630988,labane valge riie,tekstiil
630988,valge riie,tekstiil
630989,linane,tekstiil
630989,punase lõngaga,tekstiil
630989,puuvillane,tekstiil
630989,riie,tekstiil
630990,toht,puit
630992,kask,puit
630993,metall,metall
630993,puit,puit
630993,teravik,metall
630994,puit,puit
630994,raud,metall
630995,raud,puit
630996,kask,puit
630996,klots,puit
630996,kuusk,puit
630996,raud,puit
630997,raud,puit
630998,puit,puit
630998,raud,metall
630999,raud,metall
631000,kude,tekstiil
631000,lõim,tekstiil
631000,puuvillane,tekstiil
631000,siid,tekstiil
631007,labane riie,tekstiil
631007,linane,tekstiil
631007,puuvillane,tekstiil
631007,tikand,tekstiil
631007,tikand ja narmad,tekstiil
631007,villane,tekstiil
631008,lilleline,tekstiil
631008,labane riie,tekstiil
631008,linane,tekstiil
631008,puuvillane,tekstiil
631009,linane,tekstiil
631009,puuvillane,tekstiil
631009,riie,tekstiil
631009,riie punase vöökirjaga,tekstiil
631009,sinine satäänlint,tekstiil
631010,puuvillane,tekstiil
631010,tikand,tekstiil
631011,linane,tekstiil
631011,ruuduline,tekstiil
631012,nahk,nahk
631012,raud,metall
631012,savi,keraamika
631013,puuvill,tekstiil
631013,toht,puit
631014,kask,puit
631014,metall,metall
631014,nahk,nahk
631015,kask,puit
631016,toht,puit
631017,haab,puit
631018,toht,puit
631019,metall,metall
631019,tamm,puit
631020,lina,puit
631020,toht,puit
631021,kandepael,nahk
631021,lina,nahk
631021,metall,nahk
631021,nahk,nahk
631021,puit,nahk
631021,pulk,nahk
631021,rõngas,nahk
631023,kuusk,puit
631024,kuusk,puit
631025,kask,puit
631026,kask,puit
631027,kask,puit
631027,kolk,puit
631027,kuusk,puit
631027,nahk,puit
631027,vars,puit
631028,aluspadi,puit
631028,kask,puit
631028,kuusk,puit
631028,raud,puit
631029,kask,puit
631030,metall,metall
631030,saar,puit
631031,kask,puit
631031,kuusk,puit
631031,külgpuu,puit
631031,telg,puit
631634,labane riie,tekstiil
631634,lina,tekstiil
631637,kanep,tekstiil
631637,lina,tekstiil
631638,luu,luu
631638,metall,metall
631638,nahk,metall
631638,puit,puit
631639,puit,puit
631641,toht,puit
631642,toht,puit
631643,brokaat (riidesort),tekstiil
631643,labane kangas,tekstiil
631643,linane,tekstiil
631643,pael,tekstiil
631643,siid,tekstiil
631644,labane kangas,tekstiil
631644,linane,tekstiil
631644,pael,tekstiil
631644,siid,tekstiil
631646,labane kangas,tekstiil
631646,linane,tekstiil
631648,puit,puit
631649,messing,metall
631649,puit,puit
631650,kask,puit
631651,mänd,puit
631652,kask,puit
631653,okaspuit,puit
631654,lehtpuu,puit
631655,kadakas,puit
631656,tamm,puit
631657,haab,puit
631658,haab,puit
631658,puuvill,puit
631659,haab,puit
631659,puuvill,puit
631660,lehtpuu,puit
631661,puit,puit
631662,lina,puit
631662,puit,puit
631663,kask,puit
631664,puit,puit
631665,puit,puit
631666,puit,puit
631667,kask,puit
631668,harjas,nahk
631668,nöör,tekstiil
631668,vaik,puit
631669,harjas,nahk
631669,nöör,tekstiil
631669,vaik,puit
631670,mänd,puit
631670,saar,puit
631670,sulg,puit
631672,kanep,tekstiil
631672,riie,tekstiil
631672,siid,tekstiil
631672,tikand,tekstiil
631672,tumepunane,tekstiil
631672,villane,tekstiil
631721,jalakas,puit
631721,kaigas,puit
631721,kask,puit
631721,kurikas,puit
631722,mänd,puit
631723,kuusk,puit
631723,lauad,puit
631723,nahk,nahk
631723,pakk,
631723,raud,metall
631723,saar,puit
631724,puit,puit
631725,puit,puit
631727,haab,puit
631727,niin,puit
631728,metall,metall
631729,kask,puit
631729,raud,metall
631730,metall,metall
631731,metall,metall
631732,metall,metall
631732,nahk,nahk
631732,pannal,metall
631732,vask,metall
631733,kuusk,puit
631733,,puit
631733,vineer,puit
631734,puit,puit
631736,haab,puit
631736,kuusk,puit
631736,niin,puit
631737,mänd,puit
631738,kask,puit
631739,kadakas,puit
631740,kask,puit
631741,kask,puit
631742,kask,puit
631743,kuusk,puit
631743,mänd,puit
631744,riie,tekstiil
631744,puuvillane,tekstiil
631744,roheline riie,tekstiil
631744,siid,tekstiil
631745,labane riie,tekstiil
631745,linane,tekstiil
631745,punane lõng,tekstiil
631745,puuvillane,tekstiil
631746,niit,tekstiil
631746,puuvillane,tekstiil
631746,riideräbalad,tekstiil
631747,kask,puit
631748,kask,puit
631749,kask,puit
631749,raud,metall
631750,geomeetriline muster,tekstiil
631750,linane,tekstiil
631750,puuvillane,tekstiil
631750,riie,tekstiil
631751,linane,tekstiil
631752,linane,tekstiil
631752,niit,tekstiil
631752,riie,tekstiil
631753,metall,metall
631753,nahk,nahk
631753,savi,keraamika
631754,lina,tekstiil
631754,sarapuu,puit
631755,linane,tekstiil
631755,lõng,tekstiil
631755,pleegitamata,tekstiil
631755,puuvillane,tekstiil
631756,linane,tekstiil
631756,lõng,tekstiil
631756,puuvillane,tekstiil
631756,riie,tekstiil
631757,linane,tekstiil
631757,pleegitatud labane kangas,tekstiil
631757,puuvillane,tekstiil
631757,värviline lõng,tekstiil
631758,linane,tekstiil
631758,lõng,tekstiil
631758,puuvillane,tekstiil
631758,riie,tekstiil
631760,kootud,tekstiil
631760,linane,tekstiil
631760,lõng,tekstiil
631760,puuvillane,tekstiil
631762,koot,puit
631762,kuusk,puit
631762,lehtpuu,puit
631762,nahk,nahk
631762,rihm,nahk
631762,vars,puit
631763,nöör,puit
631763,puit,puit
631763,pulk,puit
631763,takk,puit
631763,toht,puit
631765,toht,puit
631766,toht,puit
631767,kuusk,puit
632345,puit,puit
632346,puit,puit
632348,metall,metall
632348,puit,puit
632352,saar,puit
632353,kask,puit
632353,raud,metall
632354,paju,puit
632355,paju,puit
632356,paju,puit
632357,lepp,puit
632358,lepp,puit
632359,puit,puit
632360,puit,puit
632361,sarv,puit
632361,tamm,puit
632362,kask,puit
632363,lepp,puit
632364,lepp,puit
632365,lepp,puit
632366,metall,metall
632366,puit,puit
632367,puit,puit
632367,vokipool,puit
632368,puit,puit
632368,vokipooli kettast,puit
632369,nöör,tekstiil
632369,puit,puit
632369,raud,metall
632369,takk,puit
632370,saar,puit
632371,raud,metall
632372,raud,metall
632372,saar,puit
632373,raud,metall
632374,merevaik (fossiilvaik),puit
632374,puit,puit
632374,sarv,luu
632375,nöör,tekstiil
632375,raud,metall
632376,puit,puit
632377,puit,puit
632378,kadakas,puit
632379,mänd,puit
632380,kadakas,puit
632381,puit,puit
632382,raud,metall
632383,lehtpuu,puit
632384,mänd,puit
632385,juured,puit
632385,mänd,puit
632386,mänd,puit
632386,paju,puit
632386,sang,puit
632387,mänd,puit
632388,puit,puit
632389,mänd,puit
632390,nöör,tekstiil
632390,puit,puit
632391,kuusk,puit
632391,raud,metall
632391,vars,
632392,raud,metall
632393,puit,puit
632394,raud,metall
632395,kanep,puit
632395,nöör,tekstiil
632395,sarapuu,puit
632396,lina,tekstiil
632396,pael,tekstiil
632396,paju,puit
632449,lehtpuu,puit
632449,lina,puit
632449,vahtrast või kuslapuust piid,puit
632450,kask,puit
632450,raud,puit
632451,puuvill,tekstiil
632451,toht,tekstiil
632452,toht,puit
632453,mänd,puit
632454,toht,puit
632455,palmik,puit
632455,sarapuu,puit
632455,õlg,puit
632456,pärn,puit
632457,lehtpuu,puit
632458,tamm,puit
632459,kasetoht,puit
632459,kask,puit
632459,tamm,puit
632460,kasetoht,puit
632460,kask,puit
632460,tamm,puit
632461,toht,puit
632462,tekstiil,tekstiil
632462,toht,puit
632463,kask,puit
632466,jäme toimne kude,tekstiil
632466,linane,tekstiil
633033,valge,tekstiil
633033,sinine,tekstiil
633033,suitsukarvahall ja must,tekstiil
633033,villane,tekstiil
633037,kude,tekstiil
633037,lõim,tekstiil
633037,puuvillane,tekstiil
633037,villane,tekstiil
633038,villane,tekstiil
633039,pikitriibuline,tekstiil
633039,villane,tekstiil
633040,villane,tekstiil
633042,juured,puit
633042,puit,puit
633044,puit,puit
633053,lõng,tekstiil
633053,vill,tekstiil
633054,kude,tekstiil
633054,lõim,tekstiil
633054,puuvillane,tekstiil
633054,villane,tekstiil
633055,kude,tekstiil
633055,lõim,tekstiil
633055,puuvillane,tekstiil
633055,villane,tekstiil
633056,kude,tekstiil
633056,lõim,tekstiil
633056,puuvillane,tekstiil
633056,villane,tekstiil
633057,värviline,tekstiil
633057,lõim,tekstiil
633057,puuvillane,tekstiil
633059,kude,tekstiil
633059,lõim,tekstiil
633059,puuvillane,tekstiil
633059,villane,tekstiil
633060,lõim,tekstiil
633060,puuvillane,tekstiil
633062,pits,tekstiil
633062,puuvill,tekstiil
633062,riidesort,tekstiil
633062,sits (riidesort),tekstiil
633063,klaas,klaas
633063,metall,metall
633063,pael,tekstiil
633063,pärlid,luu
633063,siid,tekstiil
633063,tsingitud raudplekk,metall
633064,pael,tekstiil
633064,siid,tekstiil
633066,klaas,tekstiil
633066,pael ja rosett,tekstiil
633066,pärlid,tekstiil
633066,siid,tekstiil
633067,puuvill,tekstiil
633067,sits (riidesort),tekstiil
633068,kalev (riidesort),tekstiil
633068,loogakujuline,tekstiil
633068,luu,tekstiil
633068,loomanahk,tekstiil
633068,nahk,tekstiil
633068,villane,tekstiil
633069,kalev (riidesort),tekstiil
633069,lind,tekstiil
633069,puuvillane,tekstiil
633069,sulg,tekstiil
633069,valge pleekimata riie,tekstiil
633069,villane,tekstiil
633070,kalev (riidesort),tekstiil
633070,kude,tekstiil
633070,lõim,tekstiil
633070,punane,tekstiil
633070,puuvillane,tekstiil
633070,villane,tekstiil
633071,villane,tekstiil
633072,villane,tekstiil
633073,valge ja pruun,tekstiil
633073,villane,tekstiil
633074,kalev (riidesort),tekstiil
633074,punane,tekstiil
633074,sinine,tekstiil
633074,,tekstiil
633074,villane,tekstiil
633747,villane,tekstiil
633748,,tekstiil
633748,kalev (riidesort),tekstiil
633748,karusnahk,tekstiil
633748,sits (riidesort),tekstiil
633748,puuvillane,tekstiil
633748,sinine,tekstiil
633749,kalev (riidesort),tekstiil
633749,pael,tekstiil
633749,pits,tekstiil
633749,punane,tekstiil
633749,puuvillane,tekstiil
633749,siid,tekstiil
633750,karusnahk,tekstiil
633750,põdravasikas,tekstiil
633751,kalev (riidesort),nahk
633751,karusnahk,nahk
633751,põdranahk,nahk
633752,kalev (riidesort),tekstiil
633752,karusnahk,nahk
633752,kingad,
633752,puu,puit
633752,puit,puit
633752,umbkuub,tekstiil
633753,kalev (riidesort),tekstiil
633753,karusnahk,nahk
633753,kingad,nahk
633753,puu,puit
633753,puit,puit
633753,umbkuub,tekstiil
633761,puit,puit
633762,põder,luu
633762,sarv,luu
633766,nöör,tekstiil
633766,papp,paber
633766,takk,tekstiil
633767,nöör,tekstiil
633767,puuvill,tekstiil
633767,raud,metall
633767,tina,metall
633768,raud,metall
633769,puit,puit
633771,puit,puit
633772,puit,puit
633773,puit,puit
633774,puit,puit
633775,kask,puit
633776,vilt,tekstiil
633777,tekstiil,tekstiil
633778,saar,puit
633779,saar,puit
633780,saar,puit
633781,raud,metall
633782,mänd,puit
633783,mänd,puit
634444,kalev (riidesort),tekstiil
634446,puuvillane,tekstiil
634446,riie,tekstiil
634451,karusnahk,nahk
634452,karusnahk,nahk
634452,villane,nahk
634453,kalev (riidesort),nahk
634453,nahk,nahk
634453,pargitud kollakaspruuni õhuke,nahk
634453,punane ja tumesinine,nahk
634455,kalev (riidesort),tekstiil
634455,nahk,nahk
634455,pargitud,nahk
634455,riie,tekstiil
634456,karusnahk,nahk
634457,lõng,tekstiil
634457,villane,tekstiil
634459,kalev (riidesort),tekstiil
634459,karusnahk,nahk
634459,punane,
634459,kollane ja sinine,
634460,haak,
634460,kalev (riidesort),
634460,lilleline,
634460,metall,
634460,puuvillane,
634460,õhuke,
634461,kalev (riidesort),
634461,karusnahk,
634461,lõng,
634461,põder,
634461,põdranahk,
634461,riie,
634461,villane,
634462,kalev (riidesort),
634462,karusnahk,
634462,lõng,
634462,pael,
634462,põhjapõder,
634462,villane,
634464,karusnahk,
634464,nahk,
634464,pargitud,
634464,põder,
634465,karusnahk,
634465,nahk,
634466,kalev (riidesort),
634466,pael,
634466,punane,
634466,puuvillane,
634467,luu,
634467,lõng,
634467,neet,
634467,vask,
634467,villane,
634468,kalev (riidesort),
634468,nahk,
634468,pael,
634468,pargitud,
634471,sarv,
634472,kask,
634472,pahk,
634473,kask,
634474,kask,
634474,pahk,
634475,kask,
634475,pahk,
635101,kask,puit
635101,pahk,puit
635102,puit,puit
635103,puit,puit
635103,raud,metall
635104,hinged,metall
635104,messing,metall
635104,puit,puit
635104,raud,metall
635104,rõngas,
635105,kanep,tekstiil
635105,nöör,tekstiil
635105,rõngas,puit
635105,sarv,luu
635106,nahk,nahk
635106,puit,puit
635107,nahk,nahk
635107,pargitud,nahk
635107,puit,puit
635107,puuvillane,tekstiil
635107,riie,tekstiil
635107,villane,tekstiil
635108,puuvillane,tekstiil
635108,riie,tekstiil
635108,sulg,tekstiil
635109,puit,puit
635113,luu,luu
635115,kude,
635115,valge,
635115,luu,luu
635115,lõim,
635115,sinine ja punane,
635115,nael,metall
635115,puuvillane,tekstiil
635115,vask,metall
635115,villane,tekstiil
635116,villane,tekstiil
635116,vöökiri,tekstiil
635117,kask,puit
635118,põder,luu
635118,sarv,luu
635122,kivim,kivim
635122,lina,tekstiil
635122,toht,puit
635127,mänd,puit
635129,haak,tekstiil
635129,kalev (riidesort),tekstiil
635129,luu,tekstiil
635129,pael,tekstiil
635129,punane,tekstiil
635129,kollane,tekstiil
635129,puuvillane,tekstiil
635129,sinine,tekstiil
635129,vooder,tekstiil
635130,kalev (riidesort),tekstiil
635130,punane pael,tekstiil
635130,kollane,tekstiil
635131,toimne riie,tekstiil
635131,villane,tekstiil
635132,puuvill,tekstiil
635132,ruuduline,tekstiil
635132,toimne,tekstiil
635132,vill,tekstiil
635133,puuvillane,tekstiil
635134,värvel,tekstiil
635134,kalev (riidesort),tekstiil
635134,karusnahk,tekstiil
635134,nahk,tekstiil
635134,põhjapõder,tekstiil
635135,kalev (riidesort),tekstiil
635135,karusnahk,tekstiil
635135,polster,tekstiil
635135,puuvillane,tekstiil
635135,põdranahk,tekstiil
635135,riie,tekstiil
635135,sulg,tekstiil
635135,vooder,tekstiil
635136,nahk,nahk
635136,pargitud,nahk
635764,puuvillane,tekstiil
635765,linane,luu
635765,luu,luu
635765,lõng,luu
635765,villane,luu
635765,vooder,luu
635767,kalev (riidesort),tekstiil
635767,nahk,nahk
635767,nöör,tekstiil
635767,puit,puit
635767,rõngad,metall
635767,vask,metall
635767,vöö,nahk
635768,nahk,nahk
635768,puit,puit
635769,hüljes,
635769,luu,luu
635769,nahk,nahk
635769,pulk,puit
635770,kalev (riidesort),tekstiil
635770,metall,metall
635774,kalev (riidesort),tekstiil
635774,nahk,nahk
635775,mänd,puit
635777,puit,puit
635778,labane kangas,tekstiil
635778,linane,tekstiil
635779,labane kangas,tekstiil
635779,lina,tekstiil
635780,klaas,tekstiil
635780,nööp,tekstiil
635780,tumesinine,tekstiil
635780,villane,tekstiil
635782,luu,tekstiil
635782,must riie,tekstiil
635782,nööp,tekstiil
635782,villane,tekstiil
635783,must riie,tekstiil
635783,nööp,tekstiil
635783,puuvillane,tekstiil
635783,pärlmutter,tekstiil
635783,ruuduline vooder ja seljatagune,tekstiil
635783,villane,tekstiil
635784,luu,tekstiil
635784,must riie,tekstiil
635784,nööp,tekstiil
635784,pael,tekstiil
635784,valgel põhjal muster,tekstiil
635784,sinine ja roosa muster,tekstiil
635784,villane,tekstiil
635785,lõng,tekstiil
635785,villane,tekstiil
635786,lõng,tekstiil
635786,villane,tekstiil
635790,mänd,puit
635791,raud,metall
635792,metall,metall
635793,raud,metall
635794,raud,metall
635795,raud,metall
635795,tamm,puit
635796,mänd,puit
635797,,tekstiil
635797,villane,tekstiil
635798,kude,tekstiil
635798,linane,tekstiil
635798,lõim,tekstiil
635798,villane,tekstiil
635799,villane,tekstiil
635820,lina,tekstiil
635820,linane,tekstiil
635820,riie,tekstiil
635820,vill,tekstiil
635822,lina,tekstiil
635822,vill,tekstiil
635824,lina,tekstiil
635824,vill,tekstiil
635826,lina,tekstiil
635826,vill,tekstiil
635837,lina,tekstiil
635837,vill,tekstiil
636399,litrid,plastik
636399,lina,tekstiil
636399,lõng,tekstiil
636399,puit,puit
636399,riie ja lõng,tekstiil
636399,vask,metall
636399,vill,tekstiil
636400,lina,tekstiil
636400,litrid,klaas
636400,puuvill,tekstiil
636400,riidest vooder,tekstiil
636400,riie,tekstiil
636400,vask,metall
636401,helmed,klaas
636401,punased ja roosad,tekstiil
636401,klaas,klaas
636401,mitmevärviline siid,tekstiil
636401,pael,tekstiil
636401,puuvillane,tekstiil
636401,pärl,luu
636401,valge pits,tekstiil
636401,valge riie,tekstiil
636401,violett ja kullakarva,tekstiil
636402,mänd,puit
636403,mänd,puit
636404,mänd,puit
636405,mänd,puit
636406,mänd,puit
636407,mänd,puit
636408,looduslik materjal,nahk
636408,loomne materjal,nahk
636409,mänd,puit
636410,lammas,luu
636410,luu,luu
636410,nöör,tekstiil
636410,puuvill,tekstiil
636411,lammas,luu
636411,luu,luu
636411,nöör,tekstiil
636411,puuvill,tekstiil
636412,raud,metall
636413,raud,metall
636414,raud,metall
636416,kask,puit
636417,kask,puit
636429,mänd,puit
636430,lammas,nahk
636430,nahk,nahk
636430,puit,puit
636431,kuusk,puit
636431,lina,tekstiil
636431,metall,metall
636431,traat,metall
636432,metall,metall
636433,puit,puit
636434,lina,tekstiil
636434,mänd,puit
636434,pulgad,puit
636434,võrgulõng,tekstiil
636435,kask,puit
636436,puit,puit
636437,vill,tekstiil
636438,lammas,tekstiil
636438,vilt,tekstiil
636439,villane,tekstiil
636441,raud,metall
636441,saar,puit
636442,raud,metall
636445,puit,puit
636446,linane,tekstiil
636446,riie,tekstiil
636447,lõng,tekstiil
636447,villane,tekstiil
636448,lõng,tekstiil
636448,villane,tekstiil
636449,raud,metall
636463,lina,tekstiil
636463,vill,tekstiil
637031,labane riie,tekstiil
637031,lina,tekstiil
637031,riie,tekstiil
637031,tikand,tekstiil
637031,vill,tekstiil
637031,värviline tikand,tekstiil
637032,labane riie,tekstiil
637032,lina,tekstiil
637032,litrid,plastik
637032,punane pael,tekstiil
637032,puuvill,tekstiil
637032,valgest labasest riidest,tekstiil
637032,vask,metall
637032,vill,tekstiil
637032,värviline tikand,tekstiil
637033,lina,tekstiil
637033,valge ja punane,tekstiil
637033,vill,tekstiil
637035,puit,puit
637037,puit,puit
637038,puit,puit
637039,kask,puit
637041,kask,puit
637042,hinged,metall
637042,nahk,nahk
637042,puit,puit
637042,raud,metall
637042,tripp,nahk
637043,kalev (riidesort),nahk
637043,lõng,nahk
637043,nahk,nahk
637043,pargitud,nahk
637043,riie,nahk
637043,villane,nahk
637044,kalev (riidesort),tekstiil
637044,punane pael,tekstiil
637044,kollane,tekstiil
637044,riie,tekstiil
637045,karu,nahk
637045,karusnahk,nahk
637045,pael,nahk
637045,puuvillane,nahk
637045,riie,nahk
637045,villane,nahk
637046,nahk,nahk
637046,põhjapõder,nahk
637047,nahk,nahk
637047,põhjapõder,nahk
637048,nahk,nahk
637048,põhjapõder,nahk
637052,toht,puit
637053,toht,puit
637054,toht,puit
637055,toht,puit
637056,toht,puit
637057,nahk,puit
637057,puit,puit
637057,rihm,puit
637057,tohusugad,puit
637058,toht,puit
637060,puit,puit
637061,puit,puit
637062,puit,puit
637063,puit,puit
637064,puit,puit
637065,mänd,puit
637066,kivim,kivim
637066,puit,puit
637067,metall,metall
637067,puit,puit
637068,metall,metall
637068,puit,puit
637069,metall,metall
637069,puit,puit
637070,metall,metall
637070,puit,puit
637071,mänd,puit
637073,jalg,metall
637073,,
637073,pilak,puit
637073,puit,puit
637073,raud,metall
637074,puit,puit
637090,lina,tekstiil
637090,puit,puit
637090,sulg,nahk
637090,õmblus,tekstiil
637095,metall,metall
637095,münt,metall
637096,nahk,nahk
637097,karusnahk,nahk
637098,looduslik kiud,tekstiil
637098,siid,tekstiil
637101,vask,metall
637102,pronks,metall
637102,raud,metall
637668,hõbe,metall
637668,kard,tekstiil
637668,litrid,klaas
637668,tikand,tekstiil
637668,vask,metall
637668,villane,tekstiil
637669,kodukootud kangas,tekstiil
637669,linane,tekstiil
637669,villane,tekstiil
637669,värviline lõng,tekstiil
637670,brokaat (riidesort),tekstiil
637670,kard,tekstiil
637670,linane,tekstiil
637670,litrid,klaas
637670,riie,tekstiil
637670,värviline tikand,tekstiil
637670,vask,metall
637670,villane,tekstiil
637671,kodukootud kangas,tekstiil
637671,linane,tekstiil
637671,litrid,klaas
637671,vask,metall
637672,taimne kiud,tekstiil
637672,õlg,tekstiil
637673,taimne kiud,tekstiil
637673,õlg,tekstiil
637674,lõng,tekstiil
637674,villane,tekstiil
637675,metall,metall
637675,puit,puit
637676,metall,metall
637676,puit,puit
637677,puit,puit
637678,toht,puit
637679,puit,puit
637679,toht,puit
637680,kadakas,puit
637680,kask,puit
637680,sang,puit
637681,puit,puit
637681,toht,puit
637682,toht,puit
637683,puit,puit
637684,puit,puit
637685,puit,puit
637686,lõng,tekstiil
637686,metall,metall
637686,villane,tekstiil
637687,lõng,tekstiil
637687,metall,metall
637687,villane,tekstiil
637688,lõng,tekstiil
637688,metall,metall
637688,villane,tekstiil
637690,kask,puit
637690,kuulikott,nahk
637690,lehter,puit
637690,metall,metall
637690,nahk,nahk
637690,sarv,luu
637690,toos,puit
637690,vask,metall
637696,puit,puit
637697,kivim,kivim
637697,toht,puit
637698,kivim,kivim
637698,toht,puit
637699,kivim,kivim
637699,toht,puit
637700,toht,puit
637701,toht,puit
637702,toht,puit
637703,puit,puit
637703,toht,puit
637705,puit,puit
637706,puit,puit
637706,raud,metall
637707,raud,metall
637708,metall,metall
637708,nahk,nahk
637709,nahk,nahk
637710,metall,metall
637710,puit,puit
637711,metall,metall
637712,metall,metall
637713,puit,puit
637714,tamm,puit
637715,metall,metall
637715,puit,puit
637716,metall,metall
637717,jõhv,metall
637717,raskus,metall
637717,raud,metall
637717,tina,metall
637718,raud,metall
638294,lina,tekstiil
638294,riie,tekstiil
638294,vill,tekstiil
638294,värviline tikand,tekstiil
638295,lina,tekstiil
638295,must tikand,tekstiil
638295,riie,tekstiil
638295,vill,tekstiil
638295,villane,tekstiil
638295,värviline tikand,tekstiil
638296,lina,tekstiil
638296,riie,tekstiil
638296,vill,tekstiil
638296,värviline tikand,tekstiil
638297,labane kangas,tekstiil
638297,lina,tekstiil
638297,tikand,tekstiil
638297,vill,tekstiil
638298,lina,tekstiil
638298,vill,tekstiil
638299,labane riie,tekstiil
638299,lina,tekstiil
638299,tikand,tekstiil
638299,vill,tekstiil
638302,härg,
638302,nahk,nahk
638302,puit,puit
638302,,
638302,punn,puit
638302,sarv,luu
638303,metall,metall
638303,puit,puit
638305,puit,puit
638306,kask,puit
638307,kuusk,puit
638308,kask,puit
638310,jõhv,puit
638310,kadakas,puit
638310,kanep,puit
638310,nöör,puit
638311,mänd,puit
638312,mänd,puit
638313,toht,puit
638315,nahk,nahk
638315,toht,puit
638316,puit,puit
638317,jõhv,nahk
638317,kett,metall
638317,messing,metall
638317,puit,puit
638317,raud,metall
638318,kott,nahk
638318,nahk,nahk
638318,raud,metall
638319,toht,puit
638320,mänd,puit
638320,nahk,nahk
638321,metall,metall
638321,puit,puit
638322,puit,puit
638323,puit,puit
638324,puit,puit
638325,puit,puit
638326,puit,puit
638327,puit,puit
638328,toht,puit
638329,nahk,nahk
638329,pael,tekstiil
638329,toht,puit
638330,lõng,tekstiil
638330,villane,tekstiil
638331,lõng,tekstiil
638331,villane,tekstiil
638332,lõng,tekstiil
638332,villane,tekstiil
638333,labane kangas,tekstiil
638333,linane,tekstiil
638333,puuvillane,tekstiil
638333,valkjaspunane geomeetriline ornament,tekstiil
638336,labane kangas,tekstiil
638336,linane,tekstiil
638336,punane stiliseeritud loom-ja taimornanendiga tikand,tekstiil
638336,puuvillane,tekstiil
638341,labane kangas,tekstiil
638341,linane,tekstiil
638341,punane lõng,tekstiil
638890,labane kangas,tekstiil
638890,lina,tekstiil
638890,linane,tekstiil
638890,litrid,tekstiil
638890,tikand,tekstiil
638890,vask,tekstiil
638890,vill,tekstiil
638891,labane kangas,tekstiil
638891,lina,tekstiil
638891,linane,tekstiil
638891,litrid,tekstiil
638891,tikand,tekstiil
638891,vask,tekstiil
638891,vill,tekstiil
638892,labane kangas,tekstiil
638892,lina,tekstiil
638892,lõng,tekstiil
638892,vill,tekstiil
638893,labane kangas,tekstiil
638893,lina,tekstiil
638893,lõng,tekstiil
638893,villane,tekstiil
638894,labane kangas,tekstiil
638894,lina,tekstiil
638894,lõng,tekstiil
638894,villane,tekstiil
638895,kangas,tekstiil
638895,lina,tekstiil
638896,lina,tekstiil
638896,riie,tekstiil
638896,vill,tekstiil
638896,värviline tikand,tekstiil
638897,linane,tekstiil
638897,peen labane,tekstiil
638897,puuvillane,tekstiil
638897,tumepunane lõng,tekstiil
638898,brokaat (riidesort),tekstiil
638898,linane,tekstiil
638898,riie,tekstiil
638898,vooder,tekstiil
638899,kant,tekstiil
638899,pael,tekstiil
638899,puuvillane,tekstiil
638899,punane riie,tekstiil
638900,toht,puit
638901,vooder,tekstiil
638901,kollane,tekstiil
638901,kant,tekstiil
638901,pael,tekstiil
638901,punane riie,tekstiil
638901,puuvillane,tekstiil
638901,siid,tekstiil
638902,brokaat (riidesort),tekstiil
638902,katteriie,tekstiil
638902,labane vooder,tekstiil
638902,linane,tekstiil
638903,must,tekstiil
638903,pael,tekstiil
638903,tekstiil,tekstiil
638903,tumeroheline katteriie,tekstiil
638905,siid,tekstiil
638906,lõng,tekstiil
638906,puuvillane,tekstiil
638906,siid,tekstiil
638906,vooder,tekstiil
638908,punane vöökiri,tekstiil
638908,puuvillane,tekstiil
638908,valge,tekstiil
638908,villane,tekstiil
638909,puuvillane,tekstiil
638909,lõng,tekstiil
638909,valge riie,tekstiil
638910,must lõng,tekstiil
638910,puuvillane,tekstiil
638910,valge riie,tekstiil
638911,kask,puit
638911,metall,metall
638912,kask,puit
638912,nahk,nahk
638913,puit,puit
638914,kask,puit
638915,kask,puit
638915,mänd,puit
638915,vars,puit
638916,puit,puit
638917,metall,puit
638917,puit,puit
638918,puit,puit
638919,puit,puit
638920,puit,puit
638921,puit,puit
638922,puit,puit
638923,puit,puit
638924,puit,puit
638926,puit,puit
638927,kask,puit
638927,messing,metall
638927,pahk,puit
638929,kask,puit
638930,hein,puit
638930,looduslik materjal,puit
638931,puit,puit
638932,karusnahk,nahk
638932,lõng,nahk
638932,põhjapõder,nahk
638932,villane,nahk
638933,kanep,tekstiil
638933,luu,luu
638933,nahk,nahk
638933,nöör,tekstiil
638933,silmus,tekstiil
638933,tups,tekstiil
638934,juured,puit
638934,puit,puit
638935,nahk,
638935,puit,
638935,villane,
638937,haak,tekstiil
638937,hõbe,tekstiil
638937,kalev (riidesort),tekstiil
638937,krae,tekstiil
638937,metall,tekstiil
638937,nahk,tekstiil
638937,satiin,tekstiil
638937,sinine,tekstiil
638937,spiraaltraat,tekstiil
638937,vooder,tekstiil
638938,kalev (riidesort),tekstiil
638938,pael,tekstiil
638938,punane kalev,tekstiil
638938,satiin,tekstiil
638938,sinine,tekstiil
638938,vooder,tekstiil
638945,punane lõng,tekstiil
638945,vill,tekstiil
638946,kalev (riidesort),tekstiil
638946,lina,tekstiil
638946,lõng,tekstiil
638946,punane,tekstiil
638946,takk,tekstiil
638946,vooder,tekstiil
638946,villane,tekstiil
638947,lina,tekstiil
638947,pael,tekstiil
638947,roheline pael,tekstiil
638947,siid,tekstiil
638947,tumesinine,tekstiil
638947,vill,tekstiil
638948,lina,tekstiil
638948,puuvill,tekstiil
638948,vill,tekstiil
638949,kalev (riidesort),tekstiil
638949,lina,tekstiil
638950,lõng,tekstiil
638950,villane,tekstiil
638958,lina,tekstiil
638958,vill,tekstiil
638960,labane linane,tekstiil
638960,linane,tekstiil
638960,pael,tekstiil
638960,pael,tekstiil
638960,riie,tekstiil
638960,siid,tekstiil
638960,villane,tekstiil
638969,linane,tekstiil
638969,pael,tekstiil
638969,pael,tekstiil
638969,punane,tekstiil
638969,siid,tekstiil
638969,tumesinine,tekstiil
638972,lõng,tekstiil
638972,villane,tekstiil
639521,labane kangas,tekstiil
639521,lina,tekstiil
639521,tikand ja  kardlõng,tekstiil
639521,vill,tekstiil
639522,labane kangas,tekstiil
639522,lina,tekstiil
639522,tikand,tekstiil
639522,vill,tekstiil
639523,labane kangas,tekstiil
639523,lina,tekstiil
639523,vill,tekstiil
639523,värviline lõng,tekstiil
639524,labane kangas,tekstiil
639524,lina,tekstiil
639524,litrid,tekstiil
639524,vask,tekstiil
639524,vill,tekstiil
639524,värviline tikand,tekstiil
639525,labane kangas,tekstiil
639525,lina,tekstiil
639525,vill,tekstiil
639525,värviline lõng,tekstiil
639526,linane,tekstiil
639526,litrid,plastik
639526,lõng,tekstiil
639526,valge labane,tekstiil
639526,vask,metall
639526,villane,tekstiil
639527,nöör,tekstiil
639527,kanep,tekstiil
639527,nahk,nahk
639531,kalev (riidesort),tekstiil
639531,pael,tekstiil
639531,punane ja kollane,tekstiil
639531,sinine,tekstiil
639532,kalev (riidesort),tekstiil
639532,lakitud nokk,tekstiil
639532,lõng,tekstiil
639532,nahk,tekstiil
639532,sinine,tekstiil
639532,villane,tekstiil
639533,kalev (riidesort),tekstiil
639533,sinine riie,tekstiil
639534,helepunase põhjaga,tekstiil
639534,sissetrükitud kirjadega,tekstiil
639534,kalev (riidesort),tekstiil
639534,punane ja kollane,tekstiil
639534,puuvillane,tekstiil
639534,satiin,tekstiil
639534,vooder,tekstiil
639535,nahk,nahk
639535,punane,nahk
639535,kollane ja sinine,nahk
639535,villane,nahk
639539,messing,metall
639542,mänd,puit
639543,mänd,puit
639544,mänd,puit
639545,mänd,puit
639546,mänd,puit
639547,mänd,puit
639548,mänd,puit
639549,mänd,puit
639554,toht,puit
639555,pael,tekstiil
639555,puit,puit
639555,siid,tekstiil
639556,kalev (riidesort),tekstiil
639556,karusnahk,tekstiil
639556,punane,tekstiil
639556,põhjapõder,tekstiil
639557,kask,puit
639557,tamm,puit
639557,võti,puit
639558,haab,puit
639558,sulg,puit
639558,õmblus,puit
639558,sulg,puit
639559,haab,puit
639559,sulg,puit
639559,õmblus,puit
639559,sulg,puit
639560,kask,puit
639560,laast,puit
639561,juured,puit
639561,õmblus,puit
639561,kadakas,puit
639561,kask,puit
639561,mänd,puit
639561,puit,puit
639561,,puit
639561,sang,puit
639562,puit,puit
639563,puit,puit
639564,kanep,tekstiil
639564,kivim,kivim
639564,lina,tekstiil
639564,selis,
639564,toht,puit
639564,võrk,tekstiil
639565,juured,puit
639565,kuusk,puit
639566,lõng,tekstiil
639566,puuvillane,tekstiil
639567,lõng,tekstiil
639567,puuvillane,tekstiil
639570,messing,metall
639571,puit,puit
639571,raud,metall
639574,lina,tekstiil
639574,puuvill,tekstiil
639574,vill,tekstiil
639575,kask,puit
639575,toht,puit
639576,puit,puit
639576,raud,metall
639577,lina,tekstiil
639577,puuvill,tekstiil
639577,vill,tekstiil
639578,pael,tekstiil
639578,poepael,tekstiil
639578,puuvillane,tekstiil
639578,sakkpael,tekstiil
639578,siid,tekstiil
639578,villane,tekstiil
639583,klaas,klaas
639583,linane,tekstiil
639583,niit,tekstiil
639583,pärlid,luu
639584,klaas,klaas
639584,krepp,paber
639584,linane,tekstiil
639584,niit,tekstiil
639584,pael,tekstiil
639584,pärlid,luu
639584,ribad: roosa-oranž-helesinine-tumesinine,tekstiil
639584,riideriba,tekstiil
639584,siid,tekstiil
639584,villane,tekstiil
639586,brokaat (riidesort),tekstiil
639586,kask,tekstiil
639586,vooder,tekstiil
639586,pael,tekstiil
639586,puuvillane,tekstiil
639586,toht,tekstiil
639588,lõng,tekstiil
639588,lina,tekstiil
639588,riie,tekstiil
639588,vill,tekstiil
639589,brokaat (riidesort),tekstiil
639589,lina,tekstiil
639589,puuvill,tekstiil
639589,siid,tekstiil
639589,vill,tekstiil
639590,lina,tekstiil
639590,puuvill,tekstiil
639590,vask,metall
639590,vill,tekstiil
639591,lina,tekstiil
639591,litrid,plastik
639591,riie,tekstiil
639591,vask,metall
639591,vill,tekstiil
639591,värviline tikand,tekstiil
639593,labane riie,tekstiil
639593,lina,tekstiil
639593,villane,tekstiil
639593,värviline lõng,tekstiil
639595,lina,tekstiil
639595,riie,tekstiil
639595,vill,tekstiil
639595,värviline lõng,tekstiil
639596,puuvill,tekstiil
639596,riie,tekstiil
639597,lina,tekstiil
639597,riie,tekstiil
639597,vill,tekstiil
639598,hõbe-ja kuldkardpael,tekstiil
639598,lõng,tekstiil
639598,pael,tekstiil
639598,värviline tikand,tekstiil
639599,lina,tekstiil
639599,looduslik materjal,
639599,mineraal,kivim
639599,vill,tekstiil
639600,geomeetriline muster,tekstiil
639600,lina,tekstiil
639600,vill,tekstiil
639601,litrid,metall
639601,pael,tekstiil
639601,puuvill,tekstiil
639601,riie,tekstiil
639601,siid,tekstiil
639601,vask,metall
639602,kasetoht,puit
639602,kask,puit
639603,kudrused,metall
639603,lina,tekstiil
639603,metall,metall
639603,punane,
639603,roheline,
639603,vill,tekstiil
639605,lina,tekstiil
639605,riie,tekstiil
639605,samet,tekstiil
639605,vill,tekstiil
639608,lina,tekstiil
639609,lina,tekstiil
639609,vill,tekstiil
639610,linane,tekstiil
639610,villane,tekstiil
640142,labane kangas,tekstiil
640142,lina,tekstiil
640142,vill,tekstiil
640142,värviline lõng,tekstiil
640143,labane kangas,tekstiil
640143,lina,tekstiil
640143,looduslik materjal,tekstiil
640143,metall,metall
640143,vill,tekstiil
640143,värviline lõng,tekstiil
640144,labane kangas,tekstiil
640144,linane,tekstiil
640144,villane,tekstiil
640144,värviline tikand,tekstiil
640145,looduslik materjal,tekstiil
640145,lõng,tekstiil
640145,nööp,plastik
640145,seibid,metall
640145,vask,metall
640145,vill,tekstiil
640146,labane kangas,tekstiil
640146,linane,tekstiil
640146,villane,tekstiil
640147,helmed,klaas
640147,lina,tekstiil
640147,metall,metall
640147,mineraal,kivim
640147,vill,tekstiil
640147,värviline tikand,tekstiil
640148,helmed,klaas
640148,klaas,klaas
640148,labane kangas,tekstiil
640148,linane,tekstiil
640148,litrid,klaas
640148,narmad,tekstiil
640148,puuvillane,tekstiil
640148,vask,metall
640148,villane,tekstiil
640148,vooder,tekstiil
640150,kivim,kivim
640150,metall,metall
640150,vill,tekstiil
640151,litrid,klaas
640151,lõng,tekstiil
640151,nahk,nahk
640151,vask,metall
640151,villane,tekstiil
640152,linane,tekstiil
640152,lõng,tekstiil
640152,poeriie,tekstiil
640152,vill,tekstiil
640152,villane,tekstiil
640159,klaas,klaas
640159,vask,metall
640164,lõhmuse,tekstiil
640164,niin,tekstiil
640165,sarv,luu
640166,puit,puit
640167,toht,puit
640170,puit,puit
640171,,
640171,lõng,tekstiil
640171,mitmevärviline siid,tekstiil
640171,papp,paber
640171,siid,tekstiil
640171,sinine riie,tekstiil
640175,puit,puit
640176,puit,puit
640177,puit,puit
640178,puit,puit
640179,puit,puit
640180,puit,puit
640181,puit,puit
640182,puit,puit
640183,puit,puit
640184,puit,puit
640185,puit,puit
640186,toht,puit
640187,puit,puit
640188,puit,puit
640189,puit,puit
640190,puit,puit
640191,puit,puit
640192,puit,puit
640193,puit,puit
640194,puit,puit
640195,puit,puit
640196,puit,puit
640197,toht,puit
640198,toht,puit
640199,toht,puit
640200,toht,puit
640201,puit,puit
640202,puit,puit
640202,pulk,puit
640202,toht,puit
640203,toht,puit
640204,toht,puit
640205,toht,puit
640206,puit,puit
640207,puit,puit
640208,toht,puit
640209,toht,puit
640211,toht,puit
640212,sarv,luu
640213,puit,puit
640214,kask,puit
640214,toht,puit
640215,toht,puit
640216,koor,puit
640216,paju,puit
640222,kask,puit
640222,põikpuu,puit
640222,sarapuu,puit
640222,vars,puit
640224,kuusk,puit
640225,kask,puit
640225,raud,metall
640225,tera,metall
640225,vars,puit
640226,haab,puit
640227,kask,puit
640227,kuusk,puit
640227,piid,puit
640227,reha selg,puit
640227,tamm,puit
640227,vars,puit
640228,haab,puit
640229,niin,puit
640229,toht,puit
640229,vööpael,puit
640230,metall,metall
640231,kuusk,puit
640232,kanep,puit
640232,kuusk,puit
640232,laast,puit
640232,nöör,puit
640233,niin,puit
640233,pärn,puit
640234,puit,puit
640235,kask,puit
640240,kontsa all,
640240,kuusk,puit
640240,nahk,nahk
640244,kivim,kivim
640244,liiv,kivim
640244,toht,puit
640247,kask,puit
640248,kask,puit
640248,lina,tekstiil
640250,metall,metall
640250,tamm,puit
640251,raud,metall
640254,kolk,puit
640254,kuusk,puit
640254,nahk,puit
640254,pihlakas,puit
640254,rihm,puit
640254,vars,puit
640255,kask,puit
640257,lina,tekstiil
640257,värviline lõng,tekstiil
640257,peenekoeline ja takune riie,tekstiil
640257,puuvill,tekstiil
640257,riie,tekstiil
640257,vill,tekstiil
640258,linane,tekstiil
640258,riie,tekstiil
640259,linane,tekstiil
640259,lõng,tekstiil
640259,puuvillane,tekstiil
640259,riie,tekstiil
640840,tikand,tekstiil
640840,villane,tekstiil
640841,villane,tekstiil
640844,vill,tekstiil
640845,lina,tekstiil
640845,litrid,plastik
640845,sinine-valge triibuline vooder,tekstiil
640845,vask,metall
640845,vill,tekstiil
640845,värviline lõng,tekstiil
640845,värviline muster,tekstiil
640846,lina,tekstiil
640846,sinine,tekstiil
640847,labane riie,tekstiil
640847,lina,tekstiil
640847,litrid,tekstiil
640847,riie,tekstiil
640847,vask,tekstiil
640848,labane riie,tekstiil
640848,lina,tekstiil
640848,raha,metall
640848,tikand ja tupsud,tekstiil
640848,vask,metall
640848,vill,tekstiil
640849,lõng,tekstiil
640849,vill,tekstiil
640850,lõng,tekstiil
640850,villane,tekstiil
640851,kett,metall
640851,linane,tekstiil
640851,litrid ja kett,metall
640851,lõng,tekstiil
640851,poeriie,tekstiil
640851,riidesort,tekstiil
640851,vask,metall
640851,villane,tekstiil
640856,linane,tekstiil
640856,riie,tekstiil
640856,tikand,tekstiil
640856,villane,tekstiil
640856,vooder,tekstiil
640857,labane riie,tekstiil
640857,labane valge riie,tekstiil
640857,linane,tekstiil
640857,värviline tikand,tekstiil
640857,tikand,tekstiil
640857,villane,tekstiil
640858,lina,tekstiil
640858,puuvill,tekstiil
640858,riie,tekstiil
640860,brokaat (riidesort),tekstiil
640860,linane,tekstiil
640860,narmad ja tupsud,tekstiil
640860,riideriba,tekstiil
640860,vask,tekstiil
640860,villane,tekstiil
640862,helmed ja kudrused,klaas
640862,klaas,klaas
640862,linane,tekstiil
640862,pael,tekstiil
640863,helmed,klaas
640863,klaas,klaas
640863,plaat,metall
640863,traat ja kett,metall
640863,vask,metall
640865,linane,tekstiil
640865,lõng,tekstiil
640865,värviline,tekstiil
640865,riie,tekstiil
640865,villane,tekstiil
640867,kivim,kivim
640867,klaas,klaas
640867,lina,tekstiil
640868,lina,tekstiil
640868,villane,tekstiil
640869,helmed ja kudrused,klaas
640869,klaas,klaas
640869,lõng,tekstiil
640869,villane,tekstiil
640873,labane riie,tekstiil
640873,linane,tekstiil
640873,litrid,tekstiil
640873,lõng,tekstiil
640873,pael,tekstiil
640873,punane riie,tekstiil
640873,siid,tekstiil
640873,vask,tekstiil
640873,villane,tekstiil
640874,labane riie,tekstiil
640874,lina,tekstiil
640874,linane,tekstiil
640874,pael ja tikand,tekstiil
640874,riie,tekstiil
640874,vill,tekstiil
640875,labane riie,tekstiil
640875,linane,tekstiil
640875,pael,tekstiil
640875,puuvillane,tekstiil
640875,siid,tekstiil
640875,tikand,tekstiil
640875,villane,tekstiil
640876,labane riie,tekstiil
640876,linane,tekstiil
640876,villane,tekstiil
640876,värviline tikand,tekstiil
640877,helmed,klaas
640877,klaas,klaas
640877,loomne materjal,nahk
640877,metall,metall
640877,naak,
640877,varras,
640877,narmad,tekstiil
640877,teokarbid,luu
640877,villane,tekstiil
640881,kett,metall
640881,labane riie,tekstiil
640881,linane,tekstiil
640881,vask,metall
640882,puit,puit
640883,puit,puit
640884,puit,puit
640885,metall,metall
640885,puit,puit
640886,lina,tekstiil
640886,puit,puit
640887,puit,puit
640888,puit,puit
640889,puit,puit
640890,puit,puit
640894,puit,puit
640894,raud,metall
640895,nahk,nahk
640895,puit,puit
640895,rihm,nahk
640896,puit,puit
640897,puit,puit
640898,nahk,nahk
640898,puit,puit
640899,puit,puit
640900,puit,puit
640901,puit,puit
640902,puit,puit
640903,puit,puit
640904,pronks,metall
640905,puit,puit
640906,puit,puit
640907,puit,puit
640908,puit,puit
640909,puit,puit
640910,puit,puit
640911,puit,puit
640912,puit,puit
640913,nahk,puit
640914,puit,puit
640914,raud,metall
640915,toht,puit
640916,puit,puit
640917,puit,puit
640918,puit,puit
640918,raud,metall
640919,raud,puit
640920,puit,puit
640920,raud,metall
640921,raud,puit
640922,puit,puit
640923,raud,metall
640923,toht,puit
640924,metall,puit
640924,nahk,puit
640924,puit,puit
640925,toht,puit
640926,linane,tekstiil
640926,lõng,tekstiil
640926,puuvillane,tekstiil
640926,riie,tekstiil
640927,lina,tekstiil
640927,riie,tekstiil
640928,linane,tekstiil
640928,puuvillane,tekstiil
640928,riie,tekstiil
640928,värviline lõng,tekstiil
640931,kask,puit
640932,linane,tekstiil
640932,lõng,tekstiil
640932,villane,tekstiil
640932,villane,tekstiil
640932,vooder,tekstiil
640934,linane,tekstiil
640934,riie,tekstiil
640935,klaas,klaas
640935,kudrused,tekstiil
640935,linane,tekstiil
640935,riideriba,tekstiil
640936,linane,tekstiil
640936,lõng,tekstiil
640936,riie,tekstiil
640936,villane,tekstiil
640937,kask,puit
640938,kask,puit
640939,kuusk,puit
640940,kadakas,puit
640940,toht,puit
640941,kask,puit
640942,raud,metall
640943,raud,metall
640944,puit,puit
640945,laast,puit
640945,puit,puit
640945,sulg,puit
640945,hanesulg,puit
640946,lina,puit
640946,pilliroog,puit
640953,,tekstiil
640953,kude,tekstiil
640953,lõim,tekstiil
640953,must lõng,tekstiil
640953,papp,tekstiil
640953,puuvillane,tekstiil
640953,siid,tekstiil
640953,sinine,tekstiil
640953,roosa,tekstiil
640953,punane,tekstiil
640953,,tekstiil
640956,lõng,tekstiil
640956,vill,tekstiil
640957,labane kangas,tekstiil
640957,linane,tekstiil
640957,lõng,tekstiil
640957,pael,tekstiil
640957,siid,tekstiil
640957,villane,tekstiil
640958,brokaat (riidesort),tekstiil
640958,kangas,tekstiil
640958,linane,tekstiil
640958,lõng,tekstiil
640958,pael,tekstiil
640958,villane,tekstiil
640958,vooder,tekstiil
640960,kude helepunane ja roheline,tekstiil
640960,linane,tekstiil
640960,sinine lõim,tekstiil
640960,villane,tekstiil
640961,,tekstiil
640961,toot,tekstiil
640961,kude,tekstiil
640961,helepunene ja tumedam roheline,tekstiil
640961,linane,tekstiil
640961,lõim,tekstiil
640961,villane,tekstiil
640962,kude,tekstiil
640962,linane,tekstiil
640962,lõim,tekstiil
640962,valge toimne,tekstiil
640962,villane,tekstiil
640963,haak ja aas,tekstiil
640963,kude,tekstiil
640963,kumm,tekstiil
640963,linane,tekstiil
640963,sinine lõim,tekstiil
640963,metall,tekstiil
640963,pael,tekstiil
640963,villane,tekstiil
640965,kude tumelilla ja helepunane,tekstiil
640965,linane,tekstiil
640965,lõim,tekstiil
640965,villane,tekstiil
640966,lõng,tekstiil
640966,villane,tekstiil
640967,lõng,tekstiil
640967,villane,tekstiil
640969,kask,puit
640969,toht,puit
640971,linane,tekstiil
640971,labane valge riie,tekstiil
640974,lõng,tekstiil
640974,villane,tekstiil
640975,lõng,tekstiil
640975,villane,tekstiil
641550,lina,tekstiil
641550,valge riie,tekstiil
641550,vill,tekstiil
641550,värviline tikand,tekstiil
641551,lina,tekstiil
641551,metall,metall
641551,vill,tekstiil
641552,lina,tekstiil
641552,vill,tekstiil
641553,kivim,kivim
641553,lina,tekstiil
641553,metall,metall
641557,haak,metall
641557,kett,metall
641557,klaas,klaas
641557,linane,tekstiil
641557,metall,metall
641557,punane riie,tekstiil
641557,punased kudrused,metall
641558,helmed,klaas
641558,sinine ja heleroheline,klaas
641558,klaas,klaas
641558,metall,metall
641558,kett,metall
641558,plaat,metall
641558,vask,metall
641559,helmed,metall
641559,klaas,metall
641559,metall,metall
641559,vask,metall
641560,haak,metall
641560,helmed,klaas
641560,klaas,klaas
641560,messing,metall
641561,lina,tekstiil
641561,puuvill,tekstiil
641561,riie,tekstiil
641561,tikand,tekstiil
641561,tumesinine,tekstiil
641562,puuvill,tekstiil
641562,valge riie ja lõng,tekstiil
641563,lina,tekstiil
641563,puuvill,tekstiil
641564,lina,tekstiil
641564,puuvill,tekstiil
641565,lina,tekstiil
641565,puuvill,tekstiil
641567,brokaat (riidesort),tekstiil
641567,litrid,tekstiil
641567,metall,tekstiil
641567,puuvill,tekstiil
641567,siid,tekstiil
641568,helmed,tekstiil
641568,klaas,tekstiil
641568,litrid,tekstiil
641568,metall,tekstiil
641568,siid,tekstiil
641568,vill,tekstiil
641569,lina,tekstiil
641571,puuvill,tekstiil
641577,kalingur,tekstiil
641577,lõng,tekstiil
641577,punane-sinine-kollane siidlõng,tekstiil
641577,valge,tekstiil
641578,lammas,tekstiil
641578,lõng,tekstiil
641578,nahk,tekstiil
641578,nööp,tekstiil
641578,seemisnahk,tekstiil
641578,siid,tekstiil
641583,savi,keraamika
641584,savi,keraamika
641585,savi,keraamika
641586,kaas,puit
641586,kask,puit
641586,keeled,puit
641586,kuusk,puit
641586,vask,puit
641587,puit,puit
641590,puit,puit
641591,taimne kiud,toit
641594,lina,tekstiil
641594,vill,tekstiil
641598,liiv,puit
641598,puit,puit
641599,puit,puit
641600,puit,puit
641601,puit,puit
641602,puit,puit
641603,metall,metall
641603,puit,puit
641604,puit,puit
641605,puit,puit
641606,puit,puit
641607,puit,puit
641607,raud,metall
641608,puit,puit
641608,raud,metall
641609,puit,puit
641609,toht,puit
641613,toht,puit
641614,puit,puit
641614,sulg,puit
641615,puit,puit
641617,nahk,nahk
641617,toht,puit
641618,metall,metall
641618,sarv,luu
641619,nahk,nahk
641619,puit,puit
641620,sarv,luu
641621,metall,metall
641621,puit,puit
641622,vask,metall
641623,metall,metall
641624,puit,puit
641625,pael,tekstiil
641625,puuvillane,tekstiil
641625,roosa lilleline vooder,tekstiil
641625,roosidega punane katteriie,tekstiil
641625,siid,tekstiil
641625,siid,tekstiil
641626,puit,puit
641627,puit,puit
641628,puit,puit
641629,puit,puit
641630,puit,puit
641631,kollane,tekstiil
641631,lõng,tekstiil
641631,pael,tekstiil
641631,siid,tekstiil
641631,siid,tekstiil
641631,sinine,tekstiil
641631,pruun,tekstiil
641631,siid,tekstiil
641632,puit,puit
641633,puit,puit
641634,puit,puit
641635,,
641635,,
641635,,
641635,,
641635,,
641635,,
641635,metall,metall
641635,nahk,nahk
641635,puit,puit
641635,sarv,luu
685578,lina,tekstiil
685578,pihaosa on puuvillasest riidest,tekstiil
685578,valgel põhjal muster,tekstiil
685578,linane,tekstiil
685578,puuvill,tekstiil
685578,tekstiil,tekstiil
685579,plastmass,tekstiil
685579,puuvillane,tekstiil
685580,kolmnurksed osad - tumesinisel põhjal valged mummud,tekstiil
685580,valgest lillelisest kangaribast ääris,tekstiil
685580,pael,tekstiil
685580,tekstiil,tekstiil
709575,metall,metall
709575,plastmass,plastik
709575,ripats   läbipaistev,plastik
709575,sisse pressitud värviline pilt,plastik
709575,rõngas   valge metall,metall
709576,lill,metall
709576,,metall
709576,südamiku poolt pruunid,metall
709576,tolmukad valged,metall
709576,keraamika,metall
709576,metall,metall
709576,nõel,metall
709577,lill,metall
709577,,metall
709577,südamiku poolt pruunid,metall
709577,tolmukad valged,metall
709577,keraamika,metall
709577,metall,metall
709577,nõel,metall
711404,kask,puit
765735,tikandid mitmevärvilised,tekstiil
765735,villane,tekstiil
765736,narmad,tekstiil
765736,värviline tikand,tekstiil
765736,villane,tekstiil
765737,kalev (riidesort),tekstiil
765738,atlasriie,tekstiil
765738,tekstiil,tekstiil
765739,metall,metall
765739,nahk,nahk
765740,nahk,nahk
765740,metall,metall
766002,metall,metall
802282,põdranahk,nahk
802282,nahk,nahk
802283,põhjapõdra jalg,nahk
802283,nahk,nahk
808601,patsid,tekstiil
808601,lisatud erinevatest metallidest ripatseid ja kette.,metall
808601,kalev (riidesort),tekstiil
808602,krae,nahk
808602,kalev (riidesort),tekstiil
808603,sünteetika,tekstiil
808604,kunstnahk,nahk
808605,pärlid,klaas
890221,puuvillane,tekstiil
891323,linane,tekstiil
894361,villane,tekstiil
894361,värviline lõng,tekstiil
894663,sünteetika,tekstiil
894663,toimne riie,tekstiil
894663,lamee,tekstiil
894663,puuvillane,tekstiil
894664,kõõlus,luu
894664,kõõlus,luu
894664,luu,luu
894665,põdranahk,luu
894665,kõõlus,luu
894666,sünteetika,tekstiil
894666,puuvillane,tekstiil
894892,põdranahk,luu
894892,kõõlus,luu
894892,luu,luu
894893,põdranahk,luu
894893,kõõlus,luu
902234,puit,puit
902235,metall,metall
902235,puit,puit
902236,metall,metall
902236,nahk,nahk
902236,puit,puit
902237,metall,metall
902237,puit,puit
902238,metall,metall
902238,puit,puit
902239,metall,metall
902239,puit,puit
902240,puit,puit
902241,present,tekstiil
902241,puuvill,tekstiil
902242,savi,keraamika
902243,savi,keraamika
902244,savi,keraamika
902244,toht,keraamika
902245,puit,puit
902246,tekstiil,tekstiil
902246,toht,tekstiil
902247,puit,puit
902248,puit,puit
902249,puit,puit
902250,puit,puit
902251,puit,puit
902252,metall,metall
902252,puit,puit
902253,toht,puit
902254,raud,metall
902255,raud,metall
902256,vilt,tekstiil
902257,nahk,nahk
902258,puit,puit
902460,puit,puit
902545,puit,puit
902546,puit,puit
902547,puit,puit
902548,puit,puit
902548,tekstiil,tekstiil
902549,puit,puit
902550,puit,puit
902551,puit,puit
902552,puit,puit
902553,puit,puit
902554,plastmass,plastik
902555,plastmass,plastik
902556,metall,metall
902556,puit,puit
902557,metall,metall
902557,puit,puit
902558,metall,metall
902558,puit,puit
902559,puit,puit
902560,puit,puit
902561,savi,puit
902562,puit,puit
902563,puit,puit
902564,puit,puit
902565,puit,puit
902566,puit,puit
902567,puit,puit
902568,puit,puit
902569,puit,puit
902570,puit,puit
902571,puit,puit
902572,villane,tekstiil
1118475,klaas,klaas
1118475,paber,paber
1118475,papp,paber
1118476,liimpuit,puit
1118476,metall,metall
1118476,metall,metall
1118476,paber,paber
1118476,papp,paber
1118476,puit,puit
1119454,hiina mustriga,tekstiil
1119454,siid,tekstiil
1207513,karusnahk,nahk
1207513,taimpark,nahk
1207513,lammas,nahk
1207514,puuvillane,tekstiil
1207514,sits (riidesort),tekstiil
1207514,trapp,tekstiil
1207514,villane,tekstiil
1207516,kude,tekstiil
1207516,lõim,tekstiil
1207516,puuvillane,tekstiil
1207516,villane,tekstiil
1208150,kanep,tekstiil
1208150,kude,tekstiil
1208150,lõim,tekstiil
1208150,puuvillane,tekstiil
1208150,villane,tekstiil
1208154,kaelatagune,tekstiil
1208154,kanep,tekstiil
1208154,puuvillane,tekstiil
1208154,villane,tekstiil
1208169,kangas,tekstiil
1208169,tikand,tekstiil
1208169,puuvillane,tekstiil
1290067,puit,puit
1290075,juured,puit
1290075,seeder,puit
1290092,tekstiil,tekstiil
1290101,puuvillane,tekstiil
1290143,tekstiil,tekstiil
1332250,puuvillane,tekstiil
1332251,linane,tekstiil
1332252,metall,metall
1332253,pronks,metall
1332254,pronks,metall
1332255,pronks,metall
1332256,pronks,metall
1332257,pronks,metall
1332258,pronks,metall
1332259,pronks,metall
1332260,pronks,metall
1332261,pronks,metall
1332262,pronks,metall
1426010,nööp,tekstiil
1426010,plastmass,tekstiil
1426010,siid,tekstiil
1426011,broderii,tekstiil
1426011,pits,tekstiil
1426011,puuvillane,tekstiil
1426012,flanell (riidesort),tekstiil
1426012,lõng,tekstiil
1426012,puuvillane,tekstiil
1426012,villane,tekstiil
1426013,flanell (riidesort),tekstiil
1426013,kangas,tekstiil
1426013,vabrikupits (riidesort),tekstiil
1426013,lõng,tekstiil
1426013,puuvillane,tekstiil
1426013,villane,tekstiil
1426014,paber,puit
1426014,puit,puit
1443185,haak,tekstiil
1443185,puuvillane,tekstiil
1443185,samet,tekstiil
1443185,siid,tekstiil
1443185,traat,tekstiil
1443185,vatiin (riidesort),tekstiil
1443185,vooder,tekstiil
1443186,linane,tekstiil
1443186,puuvillane,tekstiil
1443186,taimne kiud,tekstiil
1443186,takk,tekstiil
1443186,,tekstiil
1443187,kaunistus,tekstiil
1443187,litrid,tekstiil
1443187,kaunistus,tekstiil
1443187,kunstkiudmaterjal,tekstiil
1443187,nööp,tekstiil
1443187,plastmass,tekstiil
1443187,puuvillane,tekstiil
1443187,siid,tekstiil
1443188,haaknõel,tekstiil
1443188,traat,tekstiil
1443188,villane,tekstiil
1443189,haak,tekstiil
1443189,puuvillane,tekstiil
1443189,siid,tekstiil
1443189,traat,tekstiil
1443189,vooder,tekstiil
1443190,puuvill,tekstiil
1443190,põllepaelad,tekstiil
1443190,vill,tekstiil
1443192,linane,tekstiil
1443192,puuvillane,tekstiil
1443192,heegelniit,tekstiil
1443193,puuvillane,tekstiil
1443194,linane,tekstiil
1443194,puuvillane,tekstiil
1443194,tikkimisniit,tekstiil
1443194,narmad,tekstiil
1443195,linane,tekstiil
1443204,linane,tekstiil
1443205,linane,tekstiil
1443206,lõng,tekstiil
1443206,villane,tekstiil
1443209,kard,tekstiil
1443209,litrid,tekstiil
1443209,kunstkiudmaterjal,tekstiil
1443209,puuvillane,tekstiil
1443209,samet,tekstiil
1443209,siid,tekstiil
1443209,vatiin (riidesort),tekstiil
1443209,vooder,tekstiil
1443210,fliis,tekstiil
1443210,kaunistus,tekstiil
1443210,nööp,tekstiil
1443210,plastmass,tekstiil
1443210,puuvillane,tekstiil
1443210,samet,tekstiil
1443210,siid,tekstiil
1443211,atlasriie,tekstiil
1443211,haak,tekstiil
1443211,puuvillane,tekstiil
1443211,samet,tekstiil
1443211,traat,tekstiil
1443211,vatiin (riidesort),tekstiil
1443211,vooder,tekstiil
1443212,nööp,tekstiil
1443212,plastmass,tekstiil
1443212,puuvillane,tekstiil
1443212,samet,tekstiil
1443212,siid,tekstiil
1443212,vooder,tekstiil
1443213,atlasriie,tekstiil
1443213,kaunistus,tekstiil
1443213,linane,tekstiil
1443213,puuvillane,tekstiil
1443213,taimne kiud,tekstiil
1443213,takk,tekstiil
1443213,,tekstiil
1443214,atlasriie,tekstiil
1443214,kinnitus,tekstiil
1443214,värvel,tekstiil
1443214,puuvillane,tekstiil
1443215,kangas,tekstiil
1443215,kinnitus,tekstiil
1443215,lõng,tekstiil
1443215,puuvillane,tekstiil
1443215,sünteetika,tekstiil
1443215,sünteetika,tekstiil
1443215,kaunistus,tekstiil
1443216,kinnitus,tekstiil
1443216,puuvillane,tekstiil
1443216,siid,tekstiil
1443217,heegelniit,tekstiil
1443217,linane,tekstiil
1443217,puuvillane,tekstiil
1443218,heegelniit,tekstiil
1443218,linane,tekstiil
1443218,puuvillane,tekstiil
1443219,heegelniit,tekstiil
1443219,linane,tekstiil
1443219,puuvillane,tekstiil
1443220,heegelniit,tekstiil
1443220,linane,tekstiil
1443220,puuvillane,tekstiil
1443221,heegelniit,tekstiil
1443221,linane,tekstiil
1443221,puuvillane,tekstiil
1443222,linane,tekstiil
1443222,puuvillane,tekstiil
1443222,heegelniit,tekstiil
1443223,linane,tekstiil
1443223,puuvillane,tekstiil
1443223,heegelniit,tekstiil
1443224,heegelniit,tekstiil
1443224,linane,tekstiil
1443224,puuvillane,tekstiil
1443225,broderii,tekstiil
1443225,linane,tekstiil
1443225,pits,tekstiil
1443226,lõng,tekstiil
1443226,villane,tekstiil
1443227,lõng,tekstiil
1443227,pael,tekstiil
1443227,siid,tekstiil
1443227,villane,tekstiil
1443228,siid,tekstiil
1443229,narmad,tekstiil
1443229,tikkimisniit,tekstiil
1443229,puuvillane,tekstiil
1443229,siid,tekstiil
1443230,lõng,tekstiil
1443230,villane,tekstiil
1443231,lõng,tekstiil
1443231,villane,tekstiil
1443232,lõng,tekstiil
1443232,villane,tekstiil
1443233,linane,tekstiil
1443233,puuvillane,tekstiil
1443233,tikkimisniit,tekstiil
1443233,narmad,tekstiil
1443234,linane,tekstiil
1443235,linane,tekstiil
1587417,puuvillane,tekstiil
1587418,juuksed,tekstiil
1587418,juuksenõelad,tekstiil
1587418,pael,tekstiil
1587418,niit,tekstiil
1587418,kangas,tekstiil
1587418,puuvillane,tekstiil
1587418,traat,tekstiil
1596966,metallisulam,metall
1597817,puit,puit
1597817,tekstiil,tekstiil
1597820,kaltsud,tekstiil
1597820,narmad,tekstiil
1597820,nöör,tekstiil
1597820,puuvillane,tekstiil
1597821,keeled,
1597821,mänd,puit
1597821,puit,puit
1597821,traat,metall
1597832,kumm,
1597832,kunstnahk,tekstiil
1597832,metall,metall
1597832,papp,paber
1597832,sisetald,tekstiil
1597832,kannatugevdus,
1597832,tald,
1597832,õhutusava,
1598139,metallisulam,metall
1853504,loomanahk,nahk
1853504,põhjapõder,nahk
1983695,haak,tekstiil
1983695,kaunistus,tekstiil
1983695,kunstkiudmaterjal,tekstiil
1983695,puuvillane,tekstiil
1983695,samet,tekstiil
1983695,traat,tekstiil
1983695,vatiin (riidesort),tekstiil
1983695,vooder,tekstiil
1983696,haak,tekstiil
1983696,kard,tekstiil
1983696,litrid,tekstiil
1983696,kaunistus,tekstiil
1983696,kunstkiudmaterjal,tekstiil
1983696,puuvillane,tekstiil
1983696,samet,tekstiil
1983696,siid,tekstiil
1983696,traat,tekstiil
1983696,vooder,tekstiil
1983697,puuvill,tekstiil
1983698,puuvillane,tekstiil
1983699,heegelniit,tekstiil
1983699,linane,tekstiil
1983699,puuvillane,tekstiil
1983700,villane,tekstiil
1983701,puuvillane,tekstiil
1983702,kontsaplekid,nahk
1983702,metall,nahk
1983702,nahk,nahk
1983703,kontsaplekid,nahk
1983703,kumm,nahk
1983703,nahk,nahk
1983704,haak,tekstiil
1983704,kangas,tekstiil
1983704,kaunistus,tekstiil
1983704,kard,tekstiil
1983704,kunstkiudmaterjal,tekstiil
1983704,puuvillane,tekstiil
1983704,siid,tekstiil
1983704,traat,tekstiil
1983704,vooder,tekstiil
1983705,puuvillane,tekstiil
2149845,savi,keraamika
2149846,keraamika,keraamika
2149846,metallisulam,metall
2149846,pael,tekstiil
2149846,tekstiil,tekstiil
2149847,keraamika,keraamika
2149847,metallisulam,metall
2149847,tekstiil,tekstiil
2149847,traat,metall
2149848,nahk,nahk
2149848,savi,keraamika
2149850,metall,metall
2149850,savi,keraamika
2150119,keraamika,keraamika
2150119,nahk,nahk
2150119,traat,metall
2879598,lina,tekstiil
2879598,puuvill,tekstiil
2879599,lina,tekstiil
2879599,puuvill,tekstiil
2879600,lina,tekstiil
2879601,puuvill,tekstiil
2879602,vill,tekstiil
2879603,tehismaterjal,tekstiil
2879604,akrüül,tekstiil
2879605,akrüül,tekstiil
2879606,klaas,klaas
2879607,klaas,klaas
2879608,puit,puit
2879609,metall,metall
2879610,metall,metall
2879610,pael,tekstiil
2879610,puuvill,tekstiil
2879611,akrüül,tekstiil
2879612,magnet,metall
2879613,magnet,"plast, metall"
2879613,plast,"plast, metall"
2879614,karv,nahk
2879614,keraamika,keraamika
2879614,magnet,metall
2879614,põhjapõder,nahk
2879615,magnet,"plast, metall"
2879615,plast,"plast, metall"
2879616,puuvill,tekstiil
2903575,kask,puit
2903575,toht,puit
2903575,toomingas,puit
2903614,savi,keraamika
2903615,savi,keraamika
2903616,,
2903616,helmed,klaas
2903616,kalev (riidesort),tekstiil
2903616,karusnahk,nahk
2903616,kaunistus,
2903616,klaas,klaas
2903616,lina,tekstiil
2903616,papp,paber
2903616,pea,
2903616,puit,puit
2946872,puuvill,tekstiil
2946872,vill,tekstiil
2983917,metall,metall
3122525,metall,metall
3122525,puit,puit
3161261,savi,keraamika
3161262,kunstsiid,tekstiil
3161262,metall,metall
3161262,vill,tekstiil
3161321,puuvill,tekstiil
3161321,tehiskiud,tekstiil
3161333,nööp,tekstiil
3161333,plast,tekstiil
3161333,puuvill,tekstiil
3161338,metallkiud,tekstiil
3161338,puuvill,tekstiil
3161338,vill,tekstiil
3161340,karusnahk,nahk
3161340,kunstsiid,tekstiil
3161340,nahk,nahk
3161340,vill,tekstiil
3161342,helmed,klaas
3161342,karusnahk,nahk
3161342,mineraal,kivim
3161342,nahk,nahk
3161342,polüester,tekstiil
3161342,vill,tekstiil
3161350,kalev (riidesort),tekstiil
3161350,puuvill,tekstiil
3161350,vask,metall
3161351,kalev (riidesort),tekstiil
3161351,klaas,klaas
3161351,polüester,tekstiil
3161351,pärlid,luu
3161353,kalev (riidesort),tekstiil
3161353,klaas,klaas
3161353,pärlid,luu
3161356,kalev (riidesort),tekstiil
3161356,klaas,klaas
3161356,pärlid,luu
3161356,vill,tekstiil
3161385,kalev (riidesort),tekstiil
3161385,kunstsiid,tekstiil
3161391,kalev (riidesort),tekstiil
3161391,puuvill,tekstiil
3161391,vill,tekstiil
3161394,kalev (riidesort),tekstiil
3161394,puuvill,tekstiil
3161394,vill,tekstiil
3161406,helmed,klaas
3161406,kalev (riidesort),tekstiil
3161406,karusnahk,nahk
3161406,klaas,klaas
3161406,vill,tekstiil
3285902,kask,puit
3302917,kuusk,puit
3347220,nahk,nahk
3347220,nahk,nahk
3481599,atlasriie,tekstiil
3481599,metall,metall
3481599,nahk,nahk
3481599,seemisnahk,nahk
3481599,siid,tekstiil
3481599,trukk,metall
3481600,kaunistus,
3481600,nahk,nahk
3481600,plast,plastik
3481600,puuvill,tekstiil
3481600,seemisnahk,nahk
3481600,vooder,tekstiil
3481666,metall,metall
3481666,nahk,nahk
3481666,puit,puit
3481666,tekstiil,tekstiil
3481666,tõmblukk,
3481666,vahekangas,tekstiil
3481666,vatiin (riidesort),tekstiil
3481666,vill,tekstiil
3629810,toht,puit
3629926,puit,puit
3629926,tekstiil,tekstiil
3736652,kanep,tekstiil
3736652,lina,tekstiil
3736652,puuvill,tekstiil
3736653,kanep,tekstiil
3736653,lina,tekstiil
3736653,puuvill,tekstiil
3736654,kanep,tekstiil
3736654,lina,tekstiil
3736654,puuvill,tekstiil
3741703,taimne kiud,tekstiil
3781631,karusnahk,nahk
3781631,nahk,nahk
3781631,plast,plastik
3781632,nahk,nahk
3781632,plast,plastik
3781641,puit,puit
3951372,tehismaterjal,tekstiil
3952228,plast,plastik
3952229,plast,plastik
3952230,plast,plastik
3952231,plast,plastik
3952231,puit,puit
3952232,plast,plastik
3952232,puit,puit
3952233,plast,plastik
3952233,puit,puit
3952234,plast,plastik
3952235,plast,plastik
3952236,plast,plastik
3957082,luu,luu
3972067,magnet,"plast, metall"
3972067,plast,"plast, metall"
3972068,magnet,"plast, metall"
3972068,plast,"plast, metall"
3972069,magnet,"plast, metall"
3972069,plast,"plast, metall"
3972070,magnet,"plast, metall"
3972070,plast,"plast, metall"
3972077,magnet,"plast, metall"
3972077,plast,"plast, metall"
3972078,metall,metall
3972079,metall,metall
3972080,metall,metall
3972081,metall,metall
3972081,nahk,nahk
3972081,pael,tekstiil
3972082,nahk,nahk
3972082,tekstiil,tekstiil
3972082,vooder,tekstiil
3972083,kasetoht,puit
3972083,kask,puit
3972083,metall,metall
3972083,plast,plastik
3972084,metall,metall
3972084,papp,paber
3972085,metall,metall
3972086,keraamika,keraamika
4235997,konks,metall
4235997,kuusk,puit
4235997,metall,metall
4235998,kask,puit
4235998,klaas,klaas
4235998,kuusk,puit
4235998,liist,
4235998,metall,metall
4235998,,
4235998,raam,
4235998,vineer,puit
4235999,kask,puit
4304450,karusnahk,nahk
4304450,metall,metall
4304450,nahk,nahk
4304450,puit,puit
4304450,tekstiil,tekstiil
