object_id,museaali_number,eseme_nimi,material,material_category
518063,ERM B 225:9,ilukäterätik,linane,tekstiil
518064,ERM B 225:10,jakk,,tekstiil
518064,ERM B 225:10,jakk,koekirjaline kangas,tekstiil
518064,ERM B 225:10,jakk,puuvill,tekstiil
518064,ERM B 225:10,jakk,,tekstiil
518065,ERM B 225:11,jakk,,tekstiil
518065,ERM B 225:11,jakk,puuvill,tekstiil
518065,ERM B 225:11,jakk,,tekstiil
518066,ERM B 225:12,ilukäterätik,linane,tekstiil
518066,ERM B 225:12,ilukäterätik,tikand,tekstiil
518066,ERM B 225:12,ilukäterätik,,tekstiil
518513,ERM B 225:13,"särk, naiste",lina,tekstiil
518513,ERM B 225:13,"särk, naiste",puuvill,tekstiil
518514,ERM B 225:14,"särk, naiste",puuvill,tekstiil
518515,ERM B 225:15,põrandavaip,,tekstiil
518515,ERM B 225:15,põrandavaip,,tekstiil
518517,ERM B 225:16,"särk, naiste",puuvill,tekstiil
518518,ERM B 225:17,voodikaunistus,pits,tekstiil
518518,ERM B 225:17,voodikaunistus,puuvill,tekstiil
518519,ERM B 225:18,puukauss,puit,puit
518521,ERM B 225:19,triivvõrk,lina,tekstiil
519423,ERM B 225:20,pits,,tekstiil
519423,ERM B 225:20,pits,linane,tekstiil
519424,ERM B 225:21,lusikas,puit,puit
519425,ERM B 225:22,lusikas,puit,puit
519426,ERM B 225:23,värten,puit,puit
519427,ERM B 225:24,värten,puit,puit
519428,ERM B 225:25,ornamendi näidis,linane,tekstiil
519428,ERM B 225:25,ornamendi näidis,,tekstiil
519429,ERM B 225:26,ornamendi näidis,linane,tekstiil
519429,ERM B 225:26,ornamendi näidis,,tekstiil
519430,ERM B 225:27,mänguasi,toht,puit
519431,ERM B 225:28/ab,saapad,nahk,tekstiil
519431,ERM B 225:28/ab,saapad,põhjapõder,tekstiil
519433,ERM B 225:6,kleit,,tekstiil
519433,ERM B 225:6,kleit,,tekstiil
519433,ERM B 225:6,kleit,pärl,tekstiil
519433,ERM B 225:6,kleit,,tekstiil
519433,ERM B 225:6,kleit,,tekstiil
519433,ERM B 225:6,kleit,pärl,tekstiil
519433,ERM B 225:6,kleit,,tekstiil
519800,ERM B 226:2,"rüü, naiste",,tekstiil
519800,ERM B 226:2,"rüü, naiste",,tekstiil
519800,ERM B 226:2,"rüü, naiste",,tekstiil
519800,ERM B 226:2,"rüü, naiste",,tekstiil
519800,ERM B 226:2,"rüü, naiste",,tekstiil
519800,ERM B 226:2,"rüü, naiste",,tekstiil
520181,ERM B 226:3,"rüü, naiste",linane,tekstiil
520181,ERM B 226:3,"rüü, naiste",,tekstiil
520182,ERM B 226:4,"särk, naiste",lina,tekstiil
520182,ERM B 226:4,"särk, naiste",puuvill,tekstiil
520183,ERM B 226:5,"särk, naiste",lina,tekstiil
520184,ERM B 226:6,"särk, naiste",lina,tekstiil
520184,ERM B 226:6,"särk, naiste",puuvill,tekstiil
520185,ERM B 226:7,põll,puuvill,tekstiil
520186,ERM B 226:8,linik,linane,tekstiil
520186,ERM B 226:8,linik,,tekstiil
520187,ERM B 226:9,linik,,tekstiil
520187,ERM B 226:9,linik,kootud,tekstiil
520187,ERM B 226:9,linik,,tekstiil
520187,ERM B 226:9,linik,,tekstiil
520188,ERM B 226:10,linik,linane,tekstiil
520188,ERM B 226:10,linik,,tekstiil
520189,ERM B 226:11,kleidiriie,,tekstiil
520190,ERM B 226:12,"särk, meeste",lina,tekstiil
520190,ERM B 226:12,"särk, meeste",puuvill,tekstiil
520191,ERM B 225:1/ab,"saapad, naiste",,tekstiil
520191,ERM B 225:1/ab,"saapad, naiste",nahk,tekstiil
520193,ERM B 225:2,"särk, naiste",lina,tekstiil
520193,ERM B 225:2,"särk, naiste",puuvill,tekstiil
520193,ERM B 225:2,"särk, naiste",,tekstiil
520194,ERM B 225:3/ab,"umbkasukas umbkuuega, naiste",nahk,tekstiil
520194,ERM B 225:3/ab,"umbkasukas umbkuuega, naiste",,tekstiil
520194,ERM B 225:3/ab,"umbkasukas umbkuuega, naiste",umbkuub,tekstiil
520194,ERM B 225:3/ab,"umbkasukas umbkuuega, naiste",karv,nahk
520194,ERM B 225:3/ab,"umbkasukas umbkuuega, naiste",puuvill,tekstiil
520196,ERM B 225:4/ab,"umbkasukas umbkuuega, lapse",nahk,nahk
520196,ERM B 225:4/ab,"umbkasukas umbkuuega, lapse",puuvill,tekstiil
520196,ERM B 225:4/ab,"umbkasukas umbkuuega, lapse",umbkuub,nahk
520196,ERM B 225:4/ab,"umbkasukas umbkuuega, lapse",karv,tekstiil
520196,ERM B 225:4/ab,"umbkasukas umbkuuega, lapse",,tekstiil
520196,ERM B 225:4/ab,"umbkasukas umbkuuega, lapse",,tekstiil
520603,ERM B 225:5,"trumm, pulgad",koer,nahk
520603,ERM B 225:5,"trumm, pulgad",kunstnahk,nahk
520603,ERM B 225:5,"trumm, pulgad",nahk,nahk
520603,ERM B 225:5,"trumm, pulgad",,puit
520603,ERM B 225:5,"trumm, pulgad",,puit
520603,ERM B 225:5,"trumm, pulgad",pärn,puit
520603,ERM B 225:5,"trumm, pulgad",rihm,puit
520617,ERM B 225:7,sarafan,linane,tekstiil
520617,ERM B 225:7,sarafan,,tekstiil
520617,ERM B 225:7,sarafan,mari,tekstiil
520617,ERM B 225:7,sarafan,,tekstiil
521055,ERM B 225:8/ab,sukad,vill,tekstiil
521362,ERM B 218:22,palvenöör,lina,tekstiil
521363,ERM B 218:23,palvenöör,sünteetika,tekstiil
521363,ERM B 218:23,palvenöör,puuvill,tekstiil
521366,ERM B 218:24,jooginõu,vask,metall
521368,ERM B 218:25,sõel,puit,puit
521370,ERM B 218:26,niidirull käepidemega,puit,puit
521371,ERM B 218:27,"vöö, meeste",segakiud,tekstiil
521371,ERM B 218:27,"vöö, meeste",sünteetika,tekstiil
521372,ERM B 218:28,värten,puit,puit
521373,ERM B 218:29,vöötihv,puit,puit
521374,ERM B 218:30,värten,puit,puit
521375,ERM B 220:12,liud,puit,puit
521376,ERM B 220:13,kauss,puit,puit
521377,ERM B 220:14,nõu,puit,puit
521377,ERM B 220:14,nõu,vits,puit
521378,ERM B 220:15,käterätt,lina,tekstiil
521378,ERM B 220:15,käterätt,puuvill,tekstiil
521379,ERM B 220:16,laudlina,linane,tekstiil
521379,ERM B 220:16,laudlina,kangas,tekstiil
521380,ERM B 220:17,püssirohusalv kotikese ja mõõduga,,tekstiil
521380,ERM B 220:17,püssirohusalv kotikese ja mõõduga,lina,tekstiil
521380,ERM B 220:17,püssirohusalv kotikese ja mõõduga,,tekstiil
521380,ERM B 220:17,püssirohusalv kotikese ja mõõduga,,tekstiil
521380,ERM B 220:17,püssirohusalv kotikese ja mõõduga,nahk,nahk
521380,ERM B 220:17,püssirohusalv kotikese ja mõõduga,nöör,tekstiil
521380,ERM B 220:17,püssirohusalv kotikese ja mõõduga,puit,puit
521381,ERM B 220:18/ab 1-6,uksehinged koos naeltega,raud,metall
521382,ERM B 220:19/abc,ukseriiv,raud,metall
521383,ERM B 220:20,õllelehter,puit,puit
521384,ERM B 220:21,kauss,savi,keraamika
521385,ERM B 220:22,valtshöövel,puit,puit
521385,ERM B 220:22,valtshöövel,raud,metall
521386,ERM B 220:23,puur,,puit
521386,ERM B 220:23,puur,,puit
521386,ERM B 220:23,puur,puit,puit
521386,ERM B 220:23,puur,raud,puit
521387,ERM B 220:24,püünisraud,raud,metall
521388,ERM B 220:25,kedervars,puit,puit
521389,ERM B 220:26,kedervars,puit,puit
521390,ERM B 220:27,kedervars,puit,puit
521555,ERM B 223:2,"kingad, naiste",nahk,nahk
521555,ERM B 223:2,"kingad, naiste",nahk,nahk
521555,ERM B 223:2,"kingad, naiste",sünteetika,tekstiil
521555,ERM B 223:2,"kingad, naiste",,nahk
521580,ERM B 215:9,kinnas,karusnahk,nahk
521580,ERM B 215:9,kinnas,nahk,nahk
521581,ERM B 215:10/ab,"vibu, nool, mänguasi",kask,puit
521581,ERM B 215:10/ab,"vibu, nool, mänguasi",sünteetika,tekstiil
521581,ERM B 215:10/ab,"vibu, nool, mänguasi",tehismaterjal,plastik
521646,ERM B 219:1/ab,tohukarp,kasetoht,puit
521646,ERM B 219:1/ab,tohukarp,kask,puit
521647,ERM B 219:2,kott,nahk,nahk
521647,ERM B 219:2,kott,põhjapõder,nahk
521647,ERM B 219:2,kott,,nahk
521647,ERM B 219:2,kott,,nahk
521647,ERM B 219:2,kott,kangas,nahk
521648,ERM B 219:3,vöö,,tekstiil
521648,ERM B 219:3,vöö,,tekstiil
521649,ERM B 219:4,vöö,,tekstiil
521649,ERM B 219:4,vöö,ripskude,tekstiil
521649,ERM B 219:4,vöö,,tekstiil
521650,ERM B 219:5,vöö,,tekstiil
521650,ERM B 219:5,vöö,ripskude,tekstiil
521650,ERM B 219:5,vöö,,tekstiil
521651,ERM B 219:6,pealinik,linane,tekstiil
521651,ERM B 219:6,pealinik,tikand,tekstiil
521651,ERM B 219:6,pealinik,helmed,tekstiil
521652,ERM B 219:7,pealiniku katke,linane,tekstiil
521652,ERM B 219:7,pealiniku katke,,tekstiil
521652,ERM B 219:7,pealiniku katke,poepits,tekstiil
521688,ERM B 218:31,karjakell,metall,metall
521689,ERM B 218:32/ab,kingad,nahk,nahk
521689,ERM B 218:32/ab,kingad,pael,nahk
521689,ERM B 218:32/ab,kingad,,nahk
521690,ERM B 218:33/ab,lamp,klaas,klaas
521690,ERM B 218:33/ab,lamp,metall,metall
521691,ERM B 218:34,lambarauad,metall,metall
521692,ERM B 218:35/ab,sukad,vill,tekstiil
521693,ERM B 218:36,sarafan,lina,tekstiil
521698,ERM B 218:37/ab,"suusad, jahimehe",metall,metall
521698,ERM B 218:37/ab,"suusad, jahimehe",nahk,nahk
521698,ERM B 218:37/ab,"suusad, jahimehe",puit,puit
521699,ERM B 218:38,tuur-kepp,metall,metall
521699,ERM B 218:38,tuur-kepp,puit,puit
521699,ERM B 218:38,tuur-kepp,,metall
521701,ERM B 220:28,kedervars,puit,puit
521702,ERM B 220:29,kedervars,puit,puit
521703,ERM B 220:30,kedervars,puit,puit
521704,ERM B 220:31,kedervars,puit,puit
521705,ERM B 220:32,kedervars,puit,puit
521706,ERM B 220:33,kedervars,puit,puit
521707,ERM B 220:34,kahvel,,metall
521707,ERM B 220:34,kahvel,,puit
521707,ERM B 220:34,kahvel,metall,metall
521707,ERM B 220:34,kahvel,puit,puit
521708,ERM B 220:35,kahvel,,metall
521708,ERM B 220:35,kahvel,,puit
521708,ERM B 220:35,kahvel,metall,metall
521708,ERM B 220:35,kahvel,puit,puit
521709,ERM B 220:36,kahvel,,metall
521709,ERM B 220:36,kahvel,,puit
521709,ERM B 220:36,kahvel,metall,metall
521709,ERM B 220:36,kahvel,puit,puit
521710,ERM B 220:37,"kuljus, lamba",metall,metall
521711,ERM B 220:38,kelluke,metall,metall
521712,ERM B 220:39,oherdi,raud,metall
521713,ERM B 220:40,"pluus, naiste",atlasriie,tekstiil
521713,ERM B 220:40,"pluus, naiste",,tekstiil
521713,ERM B 220:40,"pluus, naiste",,tekstiil
521713,ERM B 220:40,"pluus, naiste",puuvill,tekstiil
521714,ERM B 220:41,"pluus, naiste",puuvill,tekstiil
521714,ERM B 220:41,"pluus, naiste",,tekstiil
521715,ERM B 220:42,"pluus, naiste",puuvill,tekstiil
521715,ERM B 220:42,"pluus, naiste",kangas,tekstiil
521993,ERM B 219:8,"kasukas, naiste",põder,nahk
521993,ERM B 219:8,"kasukas, naiste",sulg,nahk
521993,ERM B 219:8,"kasukas, naiste",,nahk
521993,ERM B 219:8,"kasukas, naiste",,nahk
521993,ERM B 219:8,"kasukas, naiste",nahk,nahk
521994,ERM B 219:9/ab,"talvejalatsid, naiste",nahk,nahk
521994,ERM B 219:9/ab,"talvejalatsid, naiste",põhjapõder,nahk
521994,ERM B 219:9/ab,"talvejalatsid, naiste",,nahk
521994,ERM B 219:9/ab,"talvejalatsid, naiste",nahk,nahk
521995,ERM B 219:10/ab,"talvejalatsid, meeste",nahk,nahk
521995,ERM B 219:10/ab,"talvejalatsid, meeste",põhjapõder,nahk
521996,ERM B 219:11,käsitöökott,nahk,nahk
521996,ERM B 219:11,käsitöökott,põhjapõder,nahk
522002,ERM B 219:12,teki tükk,poolvillane,tekstiil
522002,ERM B 219:12,teki tükk,kuderipstehnikas,tekstiil
522002,ERM B 219:12,teki tükk,,tekstiil
522002,ERM B 219:12,teki tükk,,tekstiil
522003,ERM B 219:13,teki tükk,poolvillane,tekstiil
522003,ERM B 219:13,teki tükk,kuderipstehnikas,tekstiil
522003,ERM B 219:13,teki tükk,,tekstiil
522003,ERM B 219:13,teki tükk,,tekstiil
522051,ERM B 218:43,värten,puit,puit
522052,ERM B 218:44/ab,tohukarp,kask,puit
522053,ERM B 218:45/ab,tohukarp,kask,puit
522062,ERM B 220:43,"särk, naiste",lina,tekstiil
522064,ERM B 220:45,pearätt,siid,tekstiil
522064,ERM B 220:45,pearätt,,tekstiil
522064,ERM B 220:45,pearätt,,tekstiil
522065,ERM B 220:46,pearätt,,tekstiil
522065,ERM B 220:46,pearätt,,tekstiil
522065,ERM B 220:46,pearätt,puuvill,tekstiil
522066,ERM B 220:47,pearätt,,tekstiil
522066,ERM B 220:47,pearätt,puuvill,tekstiil
522067,ERM B 220:48,pearätt,labane kangas,tekstiil
522067,ERM B 220:48,pearätt,,tekstiil
522067,ERM B 220:48,pearätt,,tekstiil
522067,ERM B 220:48,pearätt,,tekstiil
522067,ERM B 220:48,pearätt,vill,tekstiil
522068,ERM B 220:49,rätt,,tekstiil
522068,ERM B 220:49,rätt,vill,tekstiil
522069,ERM B 220:50,laudlina,labane kangas,tekstiil
522069,ERM B 220:50,laudlina,,tekstiil
522069,ERM B 220:50,laudlina,linane,tekstiil
522069,ERM B 220:50,laudlina,lõng,tekstiil
522069,ERM B 220:50,laudlina,puuvill,tekstiil
522070,ERM B 220:51,liud,puit,puit
522071,ERM B 220:52,kapsaraud,raud,metall
522072,ERM B 220:53,"tuur, ots",raud,metall
522073,ERM B 220:54,liud,savi,keraamika
522074,ERM B 220:55,kauss,savi,keraamika
522723,ERM B 221:1,sedelgas,nahk,nahk
522723,ERM B 221:1,sedelgas,puit,puit
522723,ERM B 221:1,sedelgas,,tekstiil
522723,ERM B 221:1,sedelgas,vask,metall
523449,ERM B 226:14,ilukäterätik,linane,tekstiil
523449,ERM B 226:14,ilukäterätik,ornament,tekstiil
523449,ERM B 226:14,ilukäterätik,,tekstiil
523449,ERM B 226:14,ilukäterätik,,tekstiil
523449,ERM B 226:14,ilukäterätik,niit,tekstiil
523449,ERM B 226:14,ilukäterätik,puuvill,tekstiil
523450,ERM B 226:15,ilukäterätik,linane,tekstiil
523450,ERM B 226:15,ilukäterätik,ornament,tekstiil
523450,ERM B 226:15,ilukäterätik,puuvill,tekstiil
523451,ERM B 226:16,ilukäterätik,linane,tekstiil
523451,ERM B 226:16,ilukäterätik,ornament,tekstiil
523451,ERM B 226:16,ilukäterätik,vill,tekstiil
523452,ERM B 226:17,ilukäterätik,linane,tekstiil
523452,ERM B 226:17,ilukäterätik,ornament,tekstiil
523452,ERM B 226:17,ilukäterätik,puuvill,tekstiil
524027,ERM B 216:1,nukk,,tekstiil
524027,ERM B 216:1,nukk,,tekstiil
524027,ERM B 216:1,nukk,,tekstiil
524027,ERM B 216:1,nukk,,tekstiil
524028,ERM B 216:2,nukk,,tekstiil
524028,ERM B 216:2,nukk,,tekstiil
524028,ERM B 216:2,nukk,,tekstiil
524028,ERM B 216:2,nukk,,tekstiil
524029,ERM B 216:3,nukk,,tekstiil
524029,ERM B 216:3,nukk,,tekstiil
524029,ERM B 216:3,nukk,,tekstiil
524029,ERM B 216:3,nukk,,tekstiil
524030,ERM B 216:4,nukk,,tekstiil
524030,ERM B 216:4,nukk,,tekstiil
524030,ERM B 216:4,nukk,,tekstiil
524030,ERM B 216:4,nukk,,tekstiil
524031,ERM B 216:5,nukk,,tekstiil
524031,ERM B 216:5,nukk,,tekstiil
524031,ERM B 216:5,nukk,,tekstiil
524031,ERM B 216:5,nukk,,tekstiil
524032,ERM B 216:6,nukk,,tekstiil
524032,ERM B 216:6,nukk,,tekstiil
524032,ERM B 216:6,nukk,,tekstiil
524033,ERM B 216:7,nukk,,tekstiil
524033,ERM B 216:7,nukk,,tekstiil
524033,ERM B 216:7,nukk,,tekstiil
524034,ERM B 216:8,nukk,,tekstiil
524034,ERM B 216:8,nukk,,tekstiil
524034,ERM B 216:8,nukk,,tekstiil
524035,ERM B 216:9,nukk,,tekstiil
524035,ERM B 216:9,nukk,,tekstiil
524035,ERM B 216:9,nukk,,tekstiil
524035,ERM B 216:9,nukk,,tekstiil
524438,ERM B 216:11,tubakakott,,tekstiil
524438,ERM B 216:11,tubakakott,,
524438,ERM B 216:11,tubakakott,,
524441,ERM B 216:12,rinnaehe,,
524441,ERM B 216:12,rinnaehe,,
524441,ERM B 216:12,rinnaehe,helmed,klaas
524441,ERM B 216:12,rinnaehe,pärl,luu
524445,ERM B 216:13,käsitöökott,karusnahk,nahk
524445,ERM B 216:13,käsitöökott,,nahk
524445,ERM B 216:13,käsitöökott,nahk,nahk
524687,ERM B 226:1/ab1-2c,paberinuga karbi ja kaaskirjaga,,paber
524687,ERM B 226:1/ab1-2c,paberinuga karbi ja kaaskirjaga,,plastik
524687,ERM B 226:1/ab1-2c,paberinuga karbi ja kaaskirjaga,,plastik
524687,ERM B 226:1/ab1-2c,paberinuga karbi ja kaaskirjaga,metall,metall
524687,ERM B 226:1/ab1-2c,paberinuga karbi ja kaaskirjaga,,metall
524687,ERM B 226:1/ab1-2c,paberinuga karbi ja kaaskirjaga,paber,paber
524687,ERM B 226:1/ab1-2c,paberinuga karbi ja kaaskirjaga,plast,plastik
524794,ERM B 221:2,põhjapõdrakammits,puit,puit
525187,ERM B 221:3,põhjapõdrakammits,puit,puit
525920,ERM B 217:2,dekoratiivne taldrik,puit,puit
526325,ERM B 222:1/ab,sukad,lõng,tekstiil
526325,ERM B 222:1/ab,sukad,sünteetika,tekstiil
526325,ERM B 222:1/ab,sukad,vill,tekstiil
526326,ERM B 222:2/ab,kindad,,tekstiil
526326,ERM B 222:2/ab,kindad,vill,tekstiil
526326,ERM B 222:2/ab,kindad,vill,tekstiil
526326,ERM B 222:2/ab,kindad,vill,tekstiil
526327,ERM B 222:3,koonlapuu,puit,puit
526328,ERM B 222:4,kangaspuu detail,puit,puit
526329,ERM B 222:5,ropsimõõk,puit,puit
526330,ERM B 222:6,peitel,,
526330,ERM B 222:6,peitel,metall,metall
526330,ERM B 222:6,peitel,puit,puit
526330,ERM B 222:6,peitel,,
526331,ERM B 222:7,"vöö, jahimehe",,
526331,ERM B 222:7,"vöö, jahimehe",nahk,nahk
526331,ERM B 222:7,"vöö, jahimehe",puit,puit
526331,ERM B 222:7,"vöö, jahimehe",,nahk
526331,ERM B 222:7,"vöö, jahimehe",sarv,luu
526331,ERM B 222:7,"vöö, jahimehe",,nahk
526331,ERM B 222:7,"vöö, jahimehe",,nahk
526331,ERM B 222:7,"vöö, jahimehe",vask,metall
526332,ERM B 222:8,"jahipaelad, komplekt",jõhv,
526332,ERM B 222:8,"jahipaelad, komplekt",,
526332,ERM B 222:8,"jahipaelad, komplekt",pael,tekstiil
526332,ERM B 222:8,"jahipaelad, komplekt",puit,puit
526333,ERM B 222:9,tass,savi,keraamika
526334,ERM B 222:10,taldrik,savi,keraamika
526335,ERM B 222:11,kangaspuude detail,puit,puit
526336,ERM B 222:12,käised,pits,tekstiil
526336,ERM B 222:12,käised,puuvill,tekstiil
526337,ERM B 222:13,soonesaag,metall,metall
526337,ERM B 222:13,soonesaag,,
526337,ERM B 222:13,soonesaag,puit,puit
526337,ERM B 222:13,soonesaag,,metall
526338,ERM B 222:14,pinal,puit,puit
526338,ERM B 222:14,pinal,vineer,puit
526581,ERM B 226:13,riiulikardin,ornament,tekstiil
526581,ERM B 226:13,riiulikardin,,tekstiil
526581,ERM B 226:13,riiulikardin,segakiud,tekstiil
526581,ERM B 226:13,riiulikardin,kanvaa,tekstiil
526581,ERM B 226:13,riiulikardin,,tekstiil
526675,ERM B 218:1,jooginõu,vask,metall
526676,ERM B 218:2,heina kokkutõmbamise rõngas,puit,puit
526677,ERM B 218:3,jooginõu,vask,metall
526678,ERM B 218:4/ab,"suss-saapad, jahimehe",nahk,nahk
526678,ERM B 218:4/ab,"suss-saapad, jahimehe",põhjapõder,nahk
526679,ERM B 218:5/ab,kätepesunõu,hõbe,metall
526679,ERM B 218:5/ab,kätepesunõu,vask,metall
526680,ERM B 218:6,kauss,puit,puit
526680,ERM B 218:6,kauss,,puit
526681,ERM B 218:7/a1-2 b1-2,"saapad, meeste",kalev (riidesort),tekstiil
526681,ERM B 218:7/a1-2 b1-2,"saapad, meeste",nahk,tekstiil
526681,ERM B 218:7/a1-2 b1-2,"saapad, meeste",puuvill,tekstiil
526681,ERM B 218:7/a1-2 b1-2,"saapad, meeste",sidumisnöör,tekstiil
526681,ERM B 218:7/a1-2 b1-2,"saapad, meeste",vill,tekstiil
526681,ERM B 218:7/a1-2 b1-2,"saapad, meeste",,tekstiil
526682,ERM B 218:8/ab,"kingad, naiste",kalev (riidesort),tekstiil
526682,ERM B 218:8/ab,"kingad, naiste",,tekstiil
526682,ERM B 218:8/ab,"kingad, naiste",lõng,tekstiil
526682,ERM B 218:8/ab,"kingad, naiste",nahk,tekstiil
526682,ERM B 218:8/ab,"kingad, naiste",,tekstiil
526682,ERM B 218:8/ab,"kingad, naiste",vill,tekstiil
526682,ERM B 218:8/ab,"kingad, naiste",vilt,tekstiil
526683,ERM B 222:15/ab,"saapad, naiste",metall,nahk
526683,ERM B 222:15/ab,"saapad, naiste",nahk,nahk
526683,ERM B 222:15/ab,"saapad, naiste",,nahk
526684,ERM B 222:16,nõu,toht,puit
526685,ERM B 222:17,seelik,puuvill,tekstiil
526689,ERM B 222:18,seelik,,tekstiil
526689,ERM B 222:18,seelik,puuvill,tekstiil
526690,ERM B 222:19,koonlapuu,puit,puit
526691,ERM B 222:20,toidu segamise vahend,puit,puit
526692,ERM B 222:21,kulp,puit,puit
526692,ERM B 222:21,kulp,,puit
526692,ERM B 222:21,kulp,toht,puit
526693,ERM B 222:22,suveniir-kalender,kasetoht,puit
526693,ERM B 222:22,suveniir-kalender,nahk,nahk
526693,ERM B 222:22,suveniir-kalender,kask,puit
526694,ERM B 224:1,"nõu, kasetohust",kask,puit
526694,ERM B 224:1,"nõu, kasetohust",puit,puit
526694,ERM B 224:1,"nõu, kasetohust",,puit
526694,ERM B 224:1,"nõu, kasetohust",toht,puit
526695,ERM B 224:2,vahukulp,puit,puit
526696,ERM B 224:3,kedervars,puit,puit
526697,ERM B 224:4,võrguujuk,puit,puit
526698,ERM B 224:5,võrguujuk,puit,puit
526699,ERM B 224:6,sarafan,damast (riidesort),tekstiil
526880,ERM B 215:1,kleit,tikand,tekstiil
526880,ERM B 215:1,kleit,puuvill,tekstiil
526881,ERM B 215:2,põll,atlasriie,tekstiil
526881,ERM B 215:2,põll,puuvill,tekstiil
526884,ERM B 215:5,rüü,linane,tekstiil
526884,ERM B 215:5,rüü,,tekstiil
526884,ERM B 215:5,rüü,,tekstiil
526884,ERM B 215:5,rüü,,tekstiil
526884,ERM B 215:5,rüü,kodukootud kangas,tekstiil
526885,ERM B 215:6,kleit,linane,tekstiil
526885,ERM B 215:6,kleit,,tekstiil
526885,ERM B 215:6,kleit,,tekstiil
526885,ERM B 215:6,kleit,,tekstiil
526885,ERM B 215:6,kleit,,tekstiil
526886,ERM B 215:7,põll,lina,tekstiil
526886,ERM B 215:7,põll,vill,tekstiil
526991,ERM B 223:1/1-6,"nukk, matrjoška",lehtpuu,puit
527010,ERM B 218:9/ab,"kingad, naiste",kalev (riidesort),nahk
527010,ERM B 218:9/ab,"kingad, naiste",nahk,nahk
527010,ERM B 218:9/ab,"kingad, naiste",vill,nahk
527010,ERM B 218:9/ab,"kingad, naiste",vilt,nahk
527010,ERM B 218:9/ab,"kingad, naiste",,nahk
527011,ERM B 218:10/ab,vakk,puit,puit
527012,ERM B 218:11,märss,kask,puit
527012,ERM B 218:11,märss,puuvill,tekstiil
527012,ERM B 218:11,märss,rihm,puit
527013,ERM B 218:12,soolanõu,juured,puit
527013,ERM B 218:12,soolanõu,puit,puit
527014,ERM B 218:13,kauss,puit,puit
527015,ERM B 218:14,lusikas,puit,puit
527016,ERM B 218:15,"aluspesu, alussärk",lina,tekstiil
527016,ERM B 218:15,"aluspesu, alussärk",puuvill,tekstiil
527017,ERM B 218:16/ab,kindad,hüljes,nahk
527017,ERM B 218:16/ab,kindad,nahk,nahk
527017,ERM B 218:16/ab,kindad,,nahk
527017,ERM B 218:16/ab,kindad,,nahk
527018,ERM B 218:17/ab,vakk,puit,puit
527019,ERM B 218:18,kauss,puit,puit
527020,ERM B 218:19,"kast, laastudest",laast,puit
527020,ERM B 218:19,"kast, laastudest",pärn,puit
527021,ERM B 218:20,kauss,puit,puit
527022,ERM B 218:21,kelluke,metall,metall
527022,ERM B 218:21,kelluke,pael,metall
527022,ERM B 218:21,kelluke,puuvill,metall
527022,ERM B 218:21,kelluke,traat,metall
527022,ERM B 218:21,kelluke,vask,metall
527023,ERM B 224:7,kauss,puit,puit
527024,ERM B 224:8,"sirutusraam, sokkide",puit,puit
527025,ERM B 224:9,vaalikurikas,puit,puit
527026,ERM B 224:10,vahukulp,puit,puit
527027,ERM B 224:11,võrguhui,lina,puit
527027,ERM B 224:11,võrguhui,niit,puit
527027,ERM B 224:11,võrguhui,puit,puit
527028,ERM B 224:12,jahipaelte hoidmise riist,puit,puit
527028,ERM B 224:12,jahipaelte hoidmise riist,sünteetika,tekstiil
527028,ERM B 224:12,jahipaelte hoidmise riist,tehismaterjal,plastik
527029,ERM B 220:1,sarafan,,tekstiil
527029,ERM B 220:1,sarafan,lina,tekstiil
527029,ERM B 220:1,sarafan,nööp,tekstiil
527029,ERM B 220:1,sarafan,puuvill,tekstiil
527029,ERM B 220:1,sarafan,vask,tekstiil
527030,ERM B 220:2,höövel,puit,puit
527030,ERM B 220:2,höövel,raud,puit
527031,ERM B 220:3,soolavakk,kasetoht,puit
527031,ERM B 220:3,soolavakk,kask,puit
527031,ERM B 220:3,soolavakk,puit,puit
527031,ERM B 220:3,soolavakk,,puit
527031,ERM B 220:3,soolavakk,,puit
527032,ERM B 220:4,peahari,harjas,nahk
527032,ERM B 220:4,peahari,lina,nahk
527032,ERM B 220:4,peahari,siga,nahk
527033,ERM B 220:5,taldrik,vask,metall
527034,ERM B 220:6,kauss,savi,keraamika
527035,ERM B 220:7,jooginõu,puit,puit
527036,ERM B 220:8,triikraud,puit,metall
527036,ERM B 220:8,triikraud,raud,metall
527037,ERM B 220:9,potialus,raud,metall
527038,ERM B 220:10,jooginõu,vask,metall
527039,ERM B 220:11,liud,puit,puit
530016,ERM B 227:1/ab,kindad,lõng,tekstiil
530016,ERM B 227:1/ab,kindad,lõng,tekstiil
530016,ERM B 227:1/ab,kindad,vill,tekstiil
545845,ERM B 228:1,"jakk, naiste",samet,tekstiil
545845,ERM B 228:1,"jakk, naiste",,tekstiil
545845,ERM B 228:1,"jakk, naiste",samet,tekstiil
545846,ERM B 228:2,"vest, naiste",kalev (riidesort),tekstiil
545846,ERM B 228:2,"vest, naiste",,tekstiil
545846,ERM B 228:2,"vest, naiste",niit,tekstiil
545846,ERM B 228:2,"vest, naiste",,tekstiil
545847,ERM B 228:3/ab,"särk, naiste",lina,tekstiil
545847,ERM B 228:3/ab,"särk, naiste",puuvill,tekstiil
545848,ERM B 228:4,seelik,puuvill,tekstiil
545848,ERM B 228:4,seelik,,tekstiil
545848,ERM B 228:4,seelik,,tekstiil
545849,ERM B 228:5,põll,puuvill,tekstiil
545850,ERM B 228:6,rätik,,tekstiil
545850,ERM B 228:6,rätik,,tekstiil
545850,ERM B 228:6,rätik,pits,tekstiil
545851,ERM B 228:7,"püksid, meeste",kalev (riidesort),tekstiil
545852,ERM B 228:8,"vest, meeste",kalev (riidesort),tekstiil
545852,ERM B 228:8,"vest, meeste",,tekstiil
545852,ERM B 228:8,"vest, meeste",vask,tekstiil
545853,ERM B 228:9,"särk, meeste",nööp,tekstiil
545853,ERM B 228:9,"särk, meeste",plast,tekstiil
545853,ERM B 228:9,"särk, meeste",,tekstiil
545853,ERM B 228:9,"särk, meeste",,tekstiil
545854,ERM B 228:10,"kübar, meeste",,tekstiil
545854,ERM B 228:10,"kübar, meeste",vilt,tekstiil
547884,ERM B 213:1,käterätt,lina,tekstiil
547884,ERM B 213:1,käterätt,puuvill,tekstiil
555487,ERM B 213:2,käterätt,,tekstiil
555489,ERM B 213:3,käterätt,lina,tekstiil
555489,ERM B 213:3,käterätt,puuvill,tekstiil
555493,ERM B 213:4,seinavaip,,tekstiil
555493,ERM B 213:4,seinavaip,,tekstiil
555498,ERM B 213:5/1-13,linik salvrättidega,,tekstiil
555498,ERM B 213:5/1-13,linik salvrättidega,,tekstiil
555505,ERM B 213:6/1-7,linik salvrättidega,,tekstiil
555505,ERM B 213:6/1-7,linik salvrättidega,,tekstiil
555900,ERM B 213:7,vöö,,tekstiil
555900,ERM B 213:7,vöö,,tekstiil
555900,ERM B 213:7,vöö,,tekstiil
555900,ERM B 213:7,vöö,,tekstiil
555900,ERM B 213:7,vöö,,tekstiil
555903,ERM B 213:8,vöö,,tekstiil
555903,ERM B 213:8,vöö,,tekstiil
555903,ERM B 213:8,vöö,,tekstiil
555903,ERM B 213:8,vöö,,tekstiil
555903,ERM B 213:8,vöö,,tekstiil
555905,ERM B 213:9,vöö,,tekstiil
555905,ERM B 213:9,vöö,,
555905,ERM B 213:9,vöö,,
555905,ERM B 213:9,vöö,,
555905,ERM B 213:9,vöö,,
555905,ERM B 213:9,vöö,,tekstiil
555906,ERM B 213:10,vöö,,tekstiil
555906,ERM B 213:10,vöö,,tekstiil
555906,ERM B 213:10,vöö,,tekstiil
555906,ERM B 213:10,vöö,,tekstiil
555906,ERM B 213:10,vöö,,tekstiil
557262,ERM B 214:1,seinataldrik,savi,keraamika
557272,ERM B 214:2,seinataldrik,savi,keraamika
557695,ERM B 214:3,dekoratiivtaldrik,puit,puit
563425,ERM B 227:2,särk,lina,tekstiil
563425,ERM B 227:2,särk,puuvill,tekstiil
563747,ERM B 227:3,lahtseelik,,tekstiil
563747,ERM B 227:3,lahtseelik,,tekstiil
563747,ERM B 227:3,lahtseelik,linane,tekstiil
563759,ERM B 227:4,vöö,lõng,tekstiil
563759,ERM B 227:4,vöö,sünteetika,tekstiil
563759,ERM B 227:4,vöö,vill,tekstiil
585979,ERM B 229:9,häll,kask,puit
585979,ERM B 229:9,häll,nahk,puit
585979,ERM B 229:9,häll,pael,puit
585979,ERM B 229:9,häll,puit,puit
585979,ERM B 229:9,häll,,puit
585979,ERM B 229:9,häll,,puit
585979,ERM B 229:9,häll,toht,puit
585979,ERM B 229:9,häll,vask,puit
585980,ERM B 229:10,kalaliud,puit,puit
585981,ERM B 229:11,noatupp,kask,puit
585981,ERM B 229:11,noatupp,nahk,puit
585981,ERM B 229:11,noatupp,pael,puit
585981,ERM B 229:11,noatupp,puit,puit
585981,ERM B 229:11,noatupp,toht,puit
585981,ERM B 229:11,noatupp,traat,puit
585981,ERM B 229:11,noatupp,vask,puit
585982,ERM B 229:12/ab,sussid,karv,nahk
585982,ERM B 229:12/ab,sussid,nahk,nahk
587814,ERM B 230:1,särk,lina,tekstiil
587814,ERM B 230:1,särk,puuvill,tekstiil
587815,ERM B 230:2,särk,lina,tekstiil
587815,ERM B 230:2,särk,puuvill,tekstiil
587817,ERM B 230:4,vööehe,helmed,metall
587817,ERM B 230:4,vööehe,kivim,metall
587817,ERM B 230:4,vööehe,klaas,metall
587817,ERM B 230:4,vööehe,,metall
587817,ERM B 230:4,vööehe,linane,metall
587817,ERM B 230:4,vööehe,metall,metall
587817,ERM B 230:4,vööehe,niit,metall
587817,ERM B 230:4,vööehe,nööp,metall
588412,ERM B 230:5,aknaraam,puit,puit
588413,ERM B 230:6/1-2,katusekaunistus,puit,puit
588415,ERM B 230:8/ab,viisud,niin,puit
588416,ERM B 230:9/ab,säärised,lõng,tekstiil
588416,ERM B 230:9/ab,säärised,vill,tekstiil
588417,ERM B 230:10/ab,sääremähised,kude,tekstiil
588417,ERM B 230:10/ab,sääremähised,linane,tekstiil
588417,ERM B 230:10/ab,sääremähised,lõim,tekstiil
588417,ERM B 230:10/ab,sääremähised,puuvill,tekstiil
588417,ERM B 230:10/ab,sääremähised,,tekstiil
588418,ERM B 230:11,käevõru,metall,metall
588418,ERM B 230:11,käevõru,pronks,metall
588418,ERM B 230:11,käevõru,,metall
588419,ERM B 230:12,käevõru,metall,metall
588419,ERM B 230:12,käevõru,pronks,metall
588419,ERM B 230:12,käevõru,,metall
588420,ERM B 230:13,sõlg,painutatud vasktraat,metall
588420,ERM B 230:13,sõlg,vask,metall
588422,ERM B 230:15/1-2,sõrmus,,metall
588422,ERM B 230:15/1-2,sõrmus,vask,metall
592808,ERM B 229:1,T-särk,puuvill,tekstiil
592809,ERM B 229:2,laualipp,,tekstiil
592810,ERM B 229:3,märk,metall,metall
592816,ERM B 229:4/ab,kindad,lõng,tekstiil
592816,ERM B 229:4/ab,kindad,vill,tekstiil
592816,ERM B 229:4/ab,kindad,vill,tekstiil
592818,ERM B 229:5/ab,kindad,kunstkiudmaterjal,tekstiil
592818,ERM B 229:5/ab,kindad,,tekstiil
592818,ERM B 229:5/ab,kindad,,tekstiil
592818,ERM B 229:5/ab,kindad,,tekstiil
592818,ERM B 229:5/ab,kindad,,tekstiil
592818,ERM B 229:5/ab,kindad,,tekstiil
592818,ERM B 229:5/ab,kindad,,tekstiil
592818,ERM B 229:5/ab,kindad,,tekstiil
592818,ERM B 229:5/ab,kindad,vill,tekstiil
592818,ERM B 229:5/ab,kindad,vill,tekstiil
592819,ERM B 229:6/ab,kindad,lõng,tekstiil
592819,ERM B 229:6/ab,kindad,vill,tekstiil
592819,ERM B 229:6/ab,kindad,vill,tekstiil
592820,ERM B 229:7/ab,kindad,lõng,tekstiil
592820,ERM B 229:7/ab,kindad,vill,tekstiil
592820,ERM B 229:7/ab,kindad,vill,tekstiil
592821,ERM B 229:8/ab,kindad,,tekstiil
592821,ERM B 229:8/ab,kindad,vill,tekstiil
592821,ERM B 229:8/ab,kindad,vill,tekstiil
596931,ERM B 229:13,värten,puit,puit
596932,ERM B 229:14,värten,puit,puit
596933,ERM B 229:15,värten,puit,puit
596934,ERM B 229:16,värten,puit,puit
599952,ERM B 25:26,ahke,,puit
599952,ERM B 25:26,ahke,nahk,puit
599952,ERM B 25:26,ahke,puit,puit
599952,ERM B 25:26,ahke,raud,puit
599952,ERM B 25:26,ahke,toht,puit
599952,ERM B 25:26,ahke,,puit
599952,ERM B 25:26,ahke,,puit
612334,ERM B 171:154,pesukurikas,okaspuit,puit
612335,ERM B 171:155,pott,savi,keraamika
612336,ERM B 171:156/ab,labakindad,lõng,tekstiil
612336,ERM B 171:156/ab,labakindad,vill,tekstiil
612339,ERM B 171:159,pott,savi,keraamika
612340,ERM B 171:160,lõikelaud,kask,puit
612340,ERM B 171:160,lõikelaud,vineer,puit
612341,ERM B 171:161/ab,labakindad,lõng,tekstiil
612341,ERM B 171:161/ab,labakindad,vill,tekstiil
612342,ERM B 171:162/ab,labakindad,lõng,tekstiil
612342,ERM B 171:162/ab,labakindad,vill,tekstiil
612343,ERM B 171:163/ab,labakindad,lõng,tekstiil
612343,ERM B 171:163/ab,labakindad,vill,tekstiil
612344,ERM B 171:164,sirp,kask,puit
612344,ERM B 171:164,sirp,metall,metall
612346,ERM B 171:165,ankur,raud,metall
612347,ERM B 171:166/ab,"labakindad, laste",lõng,tekstiil
612347,ERM B 171:166/ab,"labakindad, laste",lõng,tekstiil
612347,ERM B 171:166/ab,"labakindad, laste",vill,tekstiil
612348,ERM B 171:167/ab,"labakindad, laste",lõng,tekstiil
612348,ERM B 171:167/ab,"labakindad, laste",,tekstiil
612348,ERM B 171:167/ab,"labakindad, laste",vill,tekstiil
612351,ERM B 171:170,häll,kuusk,puit
612352,ERM B 171:171,"puuvasar, seinte sammaldamise",mänd,puit
612357,ERM B 171:176,lambakäärid,raud,metall
612358,ERM B 171:177,võrguhark,kask,puit
612358,ERM B 171:177,võrguhark,puuvill,puit
612358,ERM B 171:177,võrguhark,võrk,puit
612359,ERM B 171:178,plokk,kask,puit
612359,ERM B 171:178,plokk,raud,metall
612360,ERM B 171:179,kaelkoogud,kask,puit
612360,ERM B 171:179,kaelkoogud,raud,puit
612361,ERM B 171:180,pesukurikas,kask,puit
612362,ERM B 171:181,korv,mänd,puit
612363,ERM B 171:182,ujuk,toht,puit
612364,ERM B 171:183,puuvasar,kuusk,puit
612366,ERM B 171:184,hui,lehm,luu
612366,ERM B 171:184,hui,luu,luu
612366,ERM B 171:184,hui,niit,luu
612366,ERM B 171:184,hui,puuvill,luu
612367,ERM B 171:185,hui,plast,plastik
612368,ERM B 171:186,hui,plast,plastik
612369,ERM B 171:187,hui,plast,plastik
612370,ERM B 171:188,hui,õunapuu,puit
612400,ERM B 178:16,pealinik,kapron,tekstiil
612400,ERM B 178:16,pealinik,litrid,tekstiil
612400,ERM B 178:16,pealinik,pael,tekstiil
612400,ERM B 178:16,pealinik,puuvill,tekstiil
612400,ERM B 178:16,pealinik,satään,tekstiil
612400,ERM B 178:16,pealinik,sünteetika,tekstiil
612400,ERM B 178:16,pealinik,vask,tekstiil
612403,ERM B 178:19,korv,lepp,puit
612403,ERM B 178:19,korv,mänd,puit
612404,ERM B 178:20,korv,lina,puit
612404,ERM B 178:20,korv,metall,puit
612404,ERM B 178:20,korv,niit,puit
612404,ERM B 178:20,korv,plast,puit
612404,ERM B 178:20,korv,,puit
612404,ERM B 178:20,korv,toht,puit
612404,ERM B 178:20,korv,traat,puit
612405,ERM B 178:21,värten,lehtpuu,puit
612411,ERM B 178:26/ab,tops,metall,metall
612412,ERM B 178:27,korv,niin,puit
612412,ERM B 178:27,korv,,puit
612412,ERM B 178:27,korv,toht,puit
612413,ERM B 178:28/ab,viisud,niin,puit
612414,ERM B 178:29,korv,puit,puit
612415,ERM B 178:30/ab,niiepöörad,lehtpuu,puit
612416,ERM B 178:31,värten,okaspuit,puit
612417,ERM B 178:32,värten,lehtpuu,puit
612419,ERM B 68:145,sõel,metall,metall
612419,ERM B 68:145,sõel,mänd,metall
612419,ERM B 68:145,sõel,traat,metall
612420,ERM B 68:146,kruus,savi,keraamika
612421,ERM B 68:147,süstik,kask,puit
612421,ERM B 68:147,süstik,,puit
612421,ERM B 68:147,süstik,saar,puit
612422,ERM B 68:148,ahing,raud,metall
612423,ERM B 68:149,astjakraap,raud,metall
612424,ERM B 68:150,kauss,savi,keraamika
612425,ERM B 68:151/ab,voodi,kask,puit
612425,ERM B 68:151/ab,voodi,,puit
612425,ERM B 68:151/ab,voodi,mänd,puit
612425,ERM B 68:151/ab,voodi,okaspuit,puit
612425,ERM B 68:151/ab,voodi,,puit
612425,ERM B 68:151/ab,voodi,,puit
612426,ERM B 68:152,kulp,vask,metall
612427,ERM B 68:153,hobusehari,jõhv,tekstiil
612427,ERM B 68:153,hobusehari,kask,puit
612427,ERM B 68:153,hobusehari,nahk,puit
612428,ERM B 68:154,kaevulabidas,kask,puit
612428,ERM B 68:154,kaevulabidas,kuusk,puit
612428,ERM B 68:154,kaevulabidas,metall,puit
612428,ERM B 68:154,kaevulabidas,saar,puit
612428,ERM B 68:154,kaevulabidas,,puit
612429,ERM B 68:155,"silt, Lakši talu",mänd,puit
612430,ERM B 68:156,"hark, kalavarda tõstmise",kuusk,puit
612431,ERM B 68:157/1-3,"vardad, kalasuitsetamise",kask,puit
612432,ERM B 68:158,ankur,raud,metall
612433,ERM B 68:159,paadi takutamise raud,raud,metall
612434,ERM B 68:160,vikati lüsi,kask,puit
612435,ERM B 68:161,reha,kuusk,puit
612436,ERM B 68:162,võrguhark,kask,puit
612437,ERM B 68:163/a-d,võimasin,kuusk,puit
612438,ERM B 68:164,vikatinuga,raud,metall
612438,ERM B 68:164,vikatinuga,saar,puit
612439,ERM B 68:165,kann,savi,keraamika
612440,ERM B 68:166,niks,kask,puit
612441,ERM B 68:167,kangatempel,kuusk,puit
612442,ERM B 68:168,"õngeliin, õngehoidja",linane,tekstiil
612442,ERM B 68:168,"õngeliin, õngehoidja",nöör,tekstiil
612442,ERM B 68:168,"õngeliin, õngehoidja",raud,metall
612442,ERM B 68:168,"õngeliin, õngehoidja",,metall
612443,ERM B 68:169,põletusraud,raud,metall
612444,ERM B 68:170,võrguhark,mänd,puit
612445,ERM B 68:171,kapp,kuusk,puit
612446,ERM B 68:172,voodisirm,kuusk,puit
612446,ERM B 68:172,voodisirm,paju,puit
612446,ERM B 68:172,voodisirm,raud,puit
612447,ERM B 68:173,"villakraas, kastiga",,puit
612447,ERM B 68:173,"villakraas, kastiga",,puit
612447,ERM B 68:173,"villakraas, kastiga",kuusk,puit
612447,ERM B 68:173,"villakraas, kastiga",metall,puit
612447,ERM B 68:173,"villakraas, kastiga",mänd,puit
612447,ERM B 68:173,"villakraas, kastiga",nahk,puit
612448,ERM B 68:174,kühvel,kask,puit
612449,ERM B 68:175,saapasulane,,puit
612449,ERM B 68:175,saapasulane,kuusk,puit
612449,ERM B 68:175,saapasulane,,puit
612449,ERM B 68:175,saapasulane,mänd,puit
612450,ERM B 68:176,hark,raud,metall
612451,ERM B 68:177,leivanõu,lehtpuu,puit
612452,ERM B 68:178,seaküna,mänd,puit
612453,ERM B 68:179,kirst,okaspuit,puit
612453,ERM B 68:179,kirst,raud,puit
612454,ERM B 68:180,tool,kuusk,puit
612454,ERM B 68:180,tool,saar,puit
612455,ERM B 69:1,seinaplaat Kuusk,kuusk,puit
612456,ERM B 69:2,piimanõu,kask,puit
612456,ERM B 69:2,piimanõu,kuusk,puit
612456,ERM B 69:2,piimanõu,,puit
612457,ERM B 69:3,alusseelik,linane,tekstiil
612458,ERM B 69:4,seelik,,tekstiil
612458,ERM B 69:4,seelik,linane,tekstiil
612458,ERM B 69:4,seelik,puuvill,tekstiil
612458,ERM B 69:4,seelik,riie,tekstiil
612458,ERM B 69:4,seelik,,tekstiil
612459,ERM B 69:5,alusseelik,,tekstiil
612459,ERM B 69:5,alusseelik,linane,tekstiil
612459,ERM B 69:5,alusseelik,puuvill,tekstiil
612459,ERM B 69:5,alusseelik,riie,tekstiil
612459,ERM B 69:5,alusseelik,vill,tekstiil
612461,ERM B 70:1,pealinik,lina,tekstiil
612461,ERM B 70:1,pealinik,puuvill,tekstiil
612461,ERM B 70:1,pealinik,vill,tekstiil
612462,ERM B 70:2,"särk, naiste",lina,tekstiil
612462,ERM B 70:2,"särk, naiste",vill,tekstiil
612464,ERM B 70:4,pealinik,linane,tekstiil
612464,ERM B 70:4,pealinik,lõng,tekstiil
612464,ERM B 70:4,pealinik,pael,tekstiil
612464,ERM B 70:4,pealinik,,tekstiil
612464,ERM B 70:4,pealinik,pits,tekstiil
612464,ERM B 70:4,pealinik,,tekstiil
612464,ERM B 70:4,pealinik,poeriie,tekstiil
612464,ERM B 70:4,pealinik,puuvill,tekstiil
612464,ERM B 70:4,pealinik,riie,tekstiil
612464,ERM B 70:4,pealinik,siid,tekstiil
612464,ERM B 70:4,pealinik,vill,tekstiil
612464,ERM B 70:4,pealinik,vill,tekstiil
612468,ERM B 70:8,"vöö, meeste",kude,tekstiil
612468,ERM B 70:8,"vöö, meeste",puuvill,tekstiil
612468,ERM B 70:8,"vöö, meeste",lõim,tekstiil
612468,ERM B 70:8,"vöö, meeste",vill,tekstiil
612469,ERM B 70:9,pealinik,,tekstiil
612471,ERM B 87:122/ab,"viisud, suveniir",niin,puit
612473,ERM B 87:124,kedervars,kask,puit
612493,ERM B 87:144,vöö,lõng,tekstiil
612493,ERM B 87:144,vöö,metall,tekstiil
612493,ERM B 87:144,vöö,nööp,tekstiil
612493,ERM B 87:144,vöö,pärl,tekstiil
612493,ERM B 87:144,vöö,vill,tekstiil
612494,ERM B 87:145,vöö,vill,tekstiil
612500,ERM B 88:1,"rinnaehe, rahadega",hõbe,metall
612500,ERM B 88:1,"rinnaehe, rahadega",klaas,klaas
612500,ERM B 88:1,"rinnaehe, rahadega",münt,metall
612501,ERM B 88:2,pealinik,kanep,tekstiil
612501,ERM B 88:2,pealinik,kodukootud kangas,tekstiil
612502,ERM B 88:3,pealinik,kanep,tekstiil
612502,ERM B 88:3,pealinik,riie,tekstiil
612502,ERM B 88:3,pealinik,kodukootud kangas,tekstiil
612503,ERM B 88:4,pealinik,kanep,tekstiil
612503,ERM B 88:4,pealinik,riie,tekstiil
612503,ERM B 88:4,pealinik,kodukootud kangas,tekstiil
612504,ERM B 88:5,pealinik,kanep,tekstiil
612504,ERM B 88:5,pealinik,niit,tekstiil
612504,ERM B 88:5,pealinik,,tekstiil
612504,ERM B 88:5,pealinik,lõng,tekstiil
612504,ERM B 88:5,pealinik,puuvill,tekstiil
612504,ERM B 88:5,pealinik,riie,tekstiil
612504,ERM B 88:5,pealinik,kodukootud kangas,tekstiil
612504,ERM B 88:5,pealinik,vill,tekstiil
612505,ERM B 88:6,pealinik,kanep,tekstiil
612505,ERM B 88:6,pealinik,niit,tekstiil
612505,ERM B 88:6,pealinik,,tekstiil
612505,ERM B 88:6,pealinik,,tekstiil
612505,ERM B 88:6,pealinik,,tekstiil
612505,ERM B 88:6,pealinik,,tekstiil
612505,ERM B 88:6,pealinik,lõng,tekstiil
612505,ERM B 88:6,pealinik,puuvill,tekstiil
612505,ERM B 88:6,pealinik,riie,tekstiil
612505,ERM B 88:6,pealinik,kodukootud kangas,tekstiil
612505,ERM B 88:6,pealinik,vill,tekstiil
612506,ERM B 88:7,pealinik,kanep,tekstiil
612506,ERM B 88:7,pealinik,kangas,tekstiil
612506,ERM B 88:7,pealinik,lõng,tekstiil
612506,ERM B 88:7,pealinik,niit,tekstiil
612506,ERM B 88:7,pealinik,pael,tekstiil
612506,ERM B 88:7,pealinik,puuvill,tekstiil
612506,ERM B 88:7,pealinik,vill,tekstiil
612507,ERM B 88:8,peaehe,hõbe,metall
612508,ERM B 88:9,pealiniku ots,kanep,tekstiil
612508,ERM B 88:9,pealiniku ots,kangas,tekstiil
612508,ERM B 88:9,pealiniku ots,niit,tekstiil
612508,ERM B 88:9,pealiniku ots,pael,tekstiil
612508,ERM B 88:9,pealiniku ots,puuvill,tekstiil
612508,ERM B 88:9,pealiniku ots,vill,tekstiil
612509,ERM B 88:10,pealinik,kanep,tekstiil
612509,ERM B 88:10,pealinik,kangas,tekstiil
612509,ERM B 88:10,pealinik,labane kangas,tekstiil
612509,ERM B 88:10,pealinik,lõng,tekstiil
612509,ERM B 88:10,pealinik,niit,tekstiil
612509,ERM B 88:10,pealinik,pael,tekstiil
612509,ERM B 88:10,pealinik,puuvill,tekstiil
612509,ERM B 88:10,pealinik,vill,tekstiil
612510,ERM B 88:11,peapael,lõng,tekstiil
612510,ERM B 88:11,peapael,pits,tekstiil
612510,ERM B 88:11,peapael,puuvill,tekstiil
612510,ERM B 88:11,peapael,vill,tekstiil
612511,ERM B 88:12,vöörätt,kanep,tekstiil
612511,ERM B 88:12,vöörätt,labane kangas,tekstiil
612511,ERM B 88:12,vöörätt,lõng,tekstiil
612511,ERM B 88:12,vöörätt,niit,tekstiil
612511,ERM B 88:12,vöörätt,puuvill,tekstiil
612511,ERM B 88:12,vöörätt,vill,tekstiil
612512,ERM B 88:13/ab,korv,toht,puit
612513,ERM B 88:14/ab,"viisud, naiste",pärn,puit
612514,ERM B 88:15/ab,"viisud, meeste",pärn,puit
612515,ERM B 88:16,pealinik,kanep,tekstiil
612516,ERM B 88:17,"kaelakett, rahadega",hõbe,metall
612516,ERM B 88:17,"kaelakett, rahadega",kett,metall
612516,ERM B 88:17,"kaelakett, rahadega",münt,metall
612516,ERM B 88:17,"kaelakett, rahadega",valge metall,metall
612517,ERM B 88:18,"kaelaehe, rahadega",hõbe,metall
612517,ERM B 88:18,"kaelaehe, rahadega",kangas,metall
612517,ERM B 88:18,"kaelaehe, rahadega",,metall
612518,ERM B 88:19,"vöö, naiste",kude,tekstiil
612518,ERM B 88:19,"vöö, naiste",lõim,tekstiil
612518,ERM B 88:19,"vöö, naiste",puuvill,tekstiil
612519,ERM B 88:20,särgi kinnise kant,labane kangas,tekstiil
612519,ERM B 88:20,särgi kinnise kant,niit,tekstiil
612519,ERM B 88:20,särgi kinnise kant,puuvill,tekstiil
612520,ERM B 88:21,peapael,atlasriie,tekstiil
612520,ERM B 88:21,peapael,labane kangas,tekstiil
612520,ERM B 88:21,peapael,mulinee,tekstiil
612520,ERM B 88:21,peapael,pael,tekstiil
612520,ERM B 88:21,peapael,puuvill,tekstiil
612520,ERM B 88:21,peapael,siid,tekstiil
612520,ERM B 88:21,peapael,,tekstiil
612521,ERM B 88:22,särgi kinnise kant,,tekstiil
612521,ERM B 88:22,särgi kinnise kant,labane kangas,tekstiil
612521,ERM B 88:22,särgi kinnise kant,mulinee,tekstiil
612521,ERM B 88:22,särgi kinnise kant,puuvill,tekstiil
612521,ERM B 88:22,särgi kinnise kant,tikand,tekstiil
612522,ERM B 98:12,püünisrauad,raud,metall
612523,ERM B 98:13,õng,,metall
612523,ERM B 98:13,õng,paju,puit
612523,ERM B 98:13,õng,,metall
612523,ERM B 98:13,õng,raud,metall
612523,ERM B 98:13,õng,tamiil,plastik
612523,ERM B 98:13,õng,tehismaterjal,plastik
612523,ERM B 98:13,õng,tina,metall
612523,ERM B 98:13,õng,traat,metall
612523,ERM B 98:13,õng,vask,metall
612524,ERM B 98:14,vaalikurikas,kask,puit
612525,ERM B 98:15,märss,puit,puit
612525,ERM B 98:15,märss,toht,puit
612527,ERM B 98:16,kätepesuanum,vask,metall
612528,ERM B 98:17,"müts, naiste",vill,tekstiil
612528,ERM B 98:17,"müts, naiste",riie,tekstiil
612528,ERM B 98:17,"müts, naiste",siid,tekstiil
612528,ERM B 98:17,"müts, naiste",vill,tekstiil
612529,ERM B 98:18/ab,küünlajalg,klaas,klaas
612531,ERM B 98:20,käterätt,lina,tekstiil
612533,ERM B 98:22,höövel,kask,puit
612533,ERM B 98:22,höövel,raud,metall
612534,ERM B 98:23,höövel,kask,puit
612534,ERM B 98:23,höövel,raud,puit
612535,ERM B 98:24/ab,höövel,kask,puit
612536,ERM B 98:25,triikraud,raud,metall
612537,ERM B 98:26,pajakonks,raud,metall
612538,ERM B 98:27,sõnnikuhark,raud,metall
612539,ERM B 98:28,triikraud,kask,metall
612539,ERM B 98:28,triikraud,,metall
612539,ERM B 98:28,triikraud,raud,metall
612540,ERM B 98:29,lehmakrapp,metall,metall
612540,ERM B 98:29,lehmakrapp,raud,metall
612540,ERM B 98:29,lehmakrapp,raudplekk,metall
612540,ERM B 98:29,lehmakrapp,,metall
612541,ERM B 98:30,rööbits,kask,puit
612541,ERM B 98:30,rööbits,pakk,puit
612541,ERM B 98:30,rööbits,,puit
612541,ERM B 98:30,rööbits,õunapuu,puit
612543,ERM B 98:32,põll,puuvill,tekstiil
612544,ERM B 98:33,pudrumänd,mänd,puit
612550,ERM B 98:39/abc,võikirn,,puit
612550,ERM B 98:39/abc,võikirn,kadakas,puit
612550,ERM B 98:39/abc,võikirn,kask,puit
612550,ERM B 98:39/abc,võikirn,kuusk,puit
612550,ERM B 98:39/abc,võikirn,vits,puit
612553,ERM B 98:42,kirves,raud,metall
612555,ERM B 98:44,anum,kadakas,puit
612555,ERM B 98:44,anum,kuusk,puit
612555,ERM B 98:44,anum,vits,puit
612556,ERM B 98:45,lehmakell,metall,metall
612556,ERM B 98:45,lehmakell,raud,metall
612556,ERM B 98:45,lehmakell,raudplekk,metall
612556,ERM B 98:45,lehmakell,,metall
612557,ERM B 98:46,lehmakell,,metall
612557,ERM B 98:46,lehmakell,metall,metall
612557,ERM B 98:46,lehmakell,nahk,metall
612557,ERM B 98:46,lehmakell,raud,metall
612557,ERM B 98:46,lehmakell,raudplekk,metall
612557,ERM B 98:46,lehmakell,rihm,metall
612558,ERM B 98:47,hälliviburõngas,raud,metall
612560,ERM B 98:49,kauss,puit,puit
612562,ERM B 98:51/ab,kedervarre treimise pink,kask,puit
612562,ERM B 98:51/ab,kedervarre treimise pink,kiil,puit
612562,ERM B 98:51/ab,kedervarre treimise pink,kuusk,puit
612562,ERM B 98:51/ab,kedervarre treimise pink,,puit
612562,ERM B 98:51/ab,kedervarre treimise pink,,puit
612563,ERM B 98:52,höövel,kask,puit
612564,ERM B 98:53,poolivärten,kask,puit
612564,ERM B 98:53,poolivärten,pakk,puit
612564,ERM B 98:53,poolivärten,raud,metall
612565,ERM B 98:54,suga,lina,puit
612565,ERM B 98:54,suga,mänd,puit
612566,ERM B 98:55,käterätt,lina,tekstiil
612566,ERM B 98:55,käterätt,puuvill,tekstiil
612567,ERM B 98:56,kaelakoogud,kask,puit
612568,ERM B 98:57,pesukurikas,kask,puit
612569,ERM B 98:58,hark,kask,puit
612570,ERM B 98:59,koot,kask,puit
612570,ERM B 98:59,koot,kolk,puit
612570,ERM B 98:59,koot,kuusk,puit
612570,ERM B 98:59,koot,nahk,puit
612570,ERM B 98:59,koot,rihm,puit
612570,ERM B 98:59,koot,,puit
612571,ERM B 98:60,kraasimishari,harjas,nahk
612571,ERM B 98:60,kraasimishari,kask,puit
612571,ERM B 98:60,kraasimishari,metall,metall
612571,ERM B 98:60,kraasimishari,traat,metall
612599,ERM B 114:81,nõu,pärn,puit
612599,ERM B 114:81,nõu,,puit
612599,ERM B 114:81,nõu,toht,puit
612600,ERM B 114:82/ab,viisuliistud,kask,puit
612601,ERM B 114:83,nõu,kasetoht,puit
612601,ERM B 114:83,nõu,pärn,puit
612601,ERM B 114:83,nõu,,puit
612601,ERM B 114:83,nõu,toht,puit
612601,ERM B 114:83,nõu,traat,puit
612601,ERM B 114:83,nõu,vask,puit
612602,ERM B 114:84,mesilaste süleminõu,metall,puit
612602,ERM B 114:84,mesilaste süleminõu,pärn,puit
612602,ERM B 114:84,mesilaste süleminõu,traat,puit
612603,ERM B 114:85,nõu,kasetoht,puit
612603,ERM B 114:85,nõu,pärn,puit
612603,ERM B 114:85,nõu,,puit
612603,ERM B 114:85,nõu,toht,puit
612604,ERM B 114:86,uhmer,kask,puit
612605,ERM B 114:87,"nõu, õlle tegemise",haab,puit
612605,ERM B 114:87,"nõu, õlle tegemise",kuusk,puit
612605,ERM B 114:87,"nõu, õlle tegemise",,puit
612606,ERM B 114:88,võrgukäbad,niin,puit
612606,ERM B 114:88,võrgukäbad,pärn,puit
612608,ERM B 114:90,seelik,kanep,tekstiil
612608,ERM B 114:90,seelik,,tekstiil
612608,ERM B 114:90,seelik,,tekstiil
612608,ERM B 114:90,seelik,lõim,tekstiil
612609,ERM B 114:91,süstik,kask,puit
612609,ERM B 114:91,süstik,kuusk,puit
612609,ERM B 114:91,süstik,,puit
612611,ERM B 114:93,"kurn, õlle (samogonni) valmistamise",pärn,puit
612613,ERM B 114:95,"särk, meeste",linane,tekstiil
612613,ERM B 114:95,"särk, meeste",,tekstiil
612615,ERM B 114:97,"särk, rüü",kanep,tekstiil
612615,ERM B 114:97,"särk, rüü",looduslik kiud,tekstiil
612616,ERM B 114:98,sääsevari,labane kangas,tekstiil
612616,ERM B 114:98,sääsevari,linane,tekstiil
612617,ERM B 114:99,märss,metall,puit
612617,ERM B 114:99,märss,nahk,puit
612617,ERM B 114:99,märss,niin,puit
612617,ERM B 114:99,märss,,puit
612617,ERM B 114:99,märss,pärn,puit
612617,ERM B 114:99,märss,rihm,puit
612617,ERM B 114:99,märss,pael,puit
612617,ERM B 114:99,märss,,puit
612618,ERM B 114:100,korv,niin,puit
612618,ERM B 114:100,korv,pärn,puit
612618,ERM B 114:100,korv,,puit
612618,ERM B 114:100,korv,toht,puit
612619,ERM B 114:101,nõu,toht,puit
612620,ERM B 114:102,korv,juured,puit
612620,ERM B 114:102,korv,lehtpuu,puit
612620,ERM B 114:102,korv,traat,puit
612620,ERM B 114:102,korv,vask,puit
612621,ERM B 114:103/ab,pinal,kask,puit
612622,ERM B 114:104/a-d,niied,lina,tekstiil
612622,ERM B 114:104/a-d,niied,mänd,puit
612622,ERM B 114:104/a-d,niied,nöör,tekstiil
612623,ERM B 114:105,suga,kask,puit
612623,ERM B 114:105,suga,kuusk,puit
612623,ERM B 114:105,suga,,puit
612623,ERM B 114:105,suga,,puit
612623,ERM B 114:105,suga,pärn,puit
612623,ERM B 114:105,suga,,puit
612623,ERM B 114:105,suga,vaher,puit
612624,ERM B 114:106,korv,niin,puit
612624,ERM B 114:106,korv,pärn,puit
612625,ERM B 114:107,lapsekandmise korv,lina,tekstiil
612625,ERM B 114:107,lapsekandmise korv,nahk,nahk
612625,ERM B 114:107,lapsekandmise korv,niit,tekstiil
612625,ERM B 114:107,lapsekandmise korv,pärn,puit
612625,ERM B 114:107,lapsekandmise korv,nahk,nahk
612625,ERM B 114:107,lapsekandmise korv,toht,puit
612627,ERM B 114:108,peaalune laud,kask,puit
612627,ERM B 114:108,peaalune laud,kuusk,puit
612627,ERM B 114:108,peaalune laud,,puit
612627,ERM B 114:108,peaalune laud,,puit
612628,ERM B 114:109,lapsekandmise korv,,puit
612628,ERM B 114:109,lapsekandmise korv,kuusk,puit
612628,ERM B 114:109,lapsekandmise korv,lehtpuu,puit
612628,ERM B 114:109,lapsekandmise korv,niin,puit
612628,ERM B 114:109,lapsekandmise korv,nöör,puit
612628,ERM B 114:109,lapsekandmise korv,pärn,puit
612628,ERM B 114:109,lapsekandmise korv,,puit
612628,ERM B 114:109,lapsekandmise korv,pärn,puit
612628,ERM B 114:109,lapsekandmise korv,,puit
612628,ERM B 114:109,lapsekandmise korv,toht,puit
612629,ERM B 114:110,nõu,haab,puit
612630,ERM B 114:111,toidunõu,lehtpuu,puit
612631,ERM B 114:112,kalavõrk,lina,tekstiil
612631,ERM B 114:112,kalavõrk,niin,puit
612631,ERM B 114:112,kalavõrk,,puit
612631,ERM B 114:112,kalavõrk,,kivim
612631,ERM B 114:112,kalavõrk,savi,keraamika
612631,ERM B 114:112,kalavõrk,selis,puit
612631,ERM B 114:112,kalavõrk,toht,puit
612632,ERM B 114:113,käterätt,lina,tekstiil
612632,ERM B 114:113,käterätt,puuvill,tekstiil
612634,ERM B 114:115/ab,laud,kuusk,puit
612635,ERM B 114:116,pohemold,haab,puit
612636,ERM B 114:117,suga,haab,puit
612636,ERM B 114:117,suga,,puit
612636,ERM B 114:117,suga,,puit
612636,ERM B 114:117,suga,vaher,puit
612637,ERM B 114:118,suga,puit,puit
612638,ERM B 114:119,viljakühvel,haab,puit
612639,ERM B 114:120,õllenõu,haab,puit
612640,ERM B 114:121,käterätt,lina,tekstiil
612640,ERM B 114:121,käterätt,puuvill,tekstiil
612641,ERM B 114:122,käterätt,lina,tekstiil
612642,ERM B 114:123,käterätt,lina,tekstiil
612642,ERM B 114:123,käterätt,puuvill,tekstiil
612645,ERM B 114:126,seelik,,tekstiil
612645,ERM B 114:126,seelik,linane,tekstiil
612645,ERM B 114:126,seelik,metall,tekstiil
612646,ERM B 114:127,seelik,labane kangas,tekstiil
612646,ERM B 114:127,seelik,linane,tekstiil
612646,ERM B 114:127,seelik,pael,tekstiil
612646,ERM B 114:127,seelik,puuvill,tekstiil
612652,ERM B 130:26,kulp,seeder,puit
612653,ERM B 130:27,vaagen,seeder,puit
612654,ERM B 130:28,sõrmus,hõbe,metall
612658,ERM B 130:32,sõrmus,hõbe,metall
612661,ERM B 130:35,sarafan,pits,tekstiil
612661,ERM B 130:35,sarafan,puuvill,tekstiil
612661,ERM B 130:35,sarafan,riie,tekstiil
612661,ERM B 130:35,sarafan,siid,tekstiil
612661,ERM B 130:35,sarafan,,tekstiil
612662,ERM B 130:36,jakk,atlasriie,tekstiil
612662,ERM B 130:36,jakk,puuvill,tekstiil
612662,ERM B 130:36,jakk,siid,tekstiil
612663,ERM B 130:37,põll,atlasriie,tekstiil
612663,ERM B 130:37,põll,heegelpits,tekstiil
612663,ERM B 130:37,põll,pael,tekstiil
612663,ERM B 130:37,põll,puuvill,tekstiil
612663,ERM B 130:37,põll,,tekstiil
612663,ERM B 130:37,põll,siid,tekstiil
612663,ERM B 130:37,põll,,tekstiil
612664,ERM B 130:38,tanu,atlasriie,tekstiil
612664,ERM B 130:38,tanu,pael,tekstiil
612664,ERM B 130:38,tanu,puuvill,tekstiil
612664,ERM B 130:38,tanu,,tekstiil
612665,ERM B 130:39,"figuur, karu",seeder,puit
612666,ERM B 131:1,"vöö, naiste",lõng,tekstiil
612666,ERM B 131:1,"vöö, naiste",vill,tekstiil
612667,ERM B 131:2,särk,kanep,tekstiil
612667,ERM B 131:2,särk,looduslik kiud,tekstiil
612667,ERM B 131:2,särk,lõng,tekstiil
612667,ERM B 131:2,särk,vill,tekstiil
612668,ERM B 131:3,kirstu kate,kanep,tekstiil
612668,ERM B 131:3,kirstu kate,kude,tekstiil
612668,ERM B 131:3,kirstu kate,taimne kiud,tekstiil
612668,ERM B 131:3,kirstu kate,vill,tekstiil
612669,ERM B 131:4,kleit,kanep,tekstiil
612669,ERM B 131:4,kleit,looduslik kiud,tekstiil
612670,ERM B 131:5,kangaspuud,kask,puit
612671,ERM B 131:6,püstvokk,metall,metall
612671,ERM B 131:6,püstvokk,puit,puit
612672,ERM B 131:7/ab,koonlapuu,puit,puit
612673,ERM B 131:8,süstik,lehtpuu,puit
612674,ERM B 131:9,hang,kask,puit
612675,ERM B 131:10,sokk,vill,tekstiil
612676,ERM B 131:11/ab,saapad,nahk,nahk
612677,ERM B 131:12,koot,kask,puit
612677,ERM B 131:12,koot,nahk,puit
612678,ERM B 131:13/ab,"savinõu, punniga",puit,puit
612678,ERM B 131:13/ab,"savinõu, punniga",,puit
612678,ERM B 131:13/ab,"savinõu, punniga",savi,keraamika
612678,ERM B 131:13/ab,"savinõu, punniga",toht,puit
612679,ERM B 131:14,märss,takk,puit
612679,ERM B 131:14,märss,toht,puit
612680,ERM B 131:15,tohunõu,toht,puit
612681,ERM B 131:16,märss,,puit
612681,ERM B 131:16,märss,toht,puit
612683,ERM B 132:1,laudlina,lina,tekstiil
612683,ERM B 132:1,laudlina,puuvill,tekstiil
612684,ERM B 132:2,käterätt,lina,tekstiil
612684,ERM B 132:2,käterätt,puuvill,tekstiil
612685,ERM B 132:3,laudlina,lina,tekstiil
612685,ERM B 132:3,laudlina,puuvill,tekstiil
612686,ERM B 132:4,"võti, tellitav (prantsuse lukk)",kask,puit
612686,ERM B 132:4,"võti, tellitav (prantsuse lukk)",,
612686,ERM B 132:4,"võti, tellitav (prantsuse lukk)",raud,metall
612687,ERM B 132:5,höövel,kask,puit
612687,ERM B 132:5,höövel,raud,metall
612688,ERM B 132:6,künakirves,pärn,puit
612688,ERM B 132:6,künakirves,raud,metall
612689,ERM B 132:7,tünnivitsa raud,kask,puit
612689,ERM B 132:7,tünnivitsa raud,,
612689,ERM B 132:7,tünnivitsa raud,raud,metall
612689,ERM B 132:7,tünnivitsa raud,,
612690,ERM B 132:8,soolatoos,saar,puit
612690,ERM B 132:8,soolatoos,sarv,luu
612691,ERM B 132:9/ab,luisk veenõuga,,kivim
612691,ERM B 132:9/ab,luisk veenõuga,nahk,nahk
612691,ERM B 132:9/ab,luisk veenõuga,sarv,luu
612691,ERM B 132:9/ab,luisk veenõuga,tamm,puit
612691,ERM B 132:9/ab,luisk veenõuga,,puit
612693,ERM B 132:10,soolatoos,kask,luu
612693,ERM B 132:10,soolatoos,,luu
612693,ERM B 132:10,soolatoos,sarv,luu
612694,ERM B 132:11,sukaseen,pärn,puit
612695,ERM B 132:12,süstik,saar,puit
612696,ERM B 132:13,laudlina,lina,tekstiil
612696,ERM B 132:13,laudlina,puuvill,tekstiil
612697,ERM B 132:14,pulmarätt,lina,tekstiil
612697,ERM B 132:14,pulmarätt,puuvill,tekstiil
612698,ERM B 142:13,vaalikurikas,puit,puit
612699,ERM B 142:14,kedervars,kask,puit
612700,ERM B 142:15,kedervars,pärn,puit
612703,ERM B 142:18,"põll, meeste",lina,tekstiil
612705,ERM B 142:20,"korv, käekott",kõrkjad,puit
612705,ERM B 142:20,"korv, käekott",taimne kiud,puit
612707,ERM B 142:22,kasukas,karv,nahk
612707,ERM B 142:22,kasukas,,nahk
612707,ERM B 142:22,kasukas,,nahk
612707,ERM B 142:22,kasukas,,nahk
612707,ERM B 142:22,kasukas,vill,nahk
612707,ERM B 142:22,kasukas,vill,nahk
612708,ERM B 142:23,kellakapp,kuusk,puit
612709,ERM B 142:24,pesutõlv,kask,puit
612710,ERM B 142:25,vaalikurikas,pärn,puit
612711,ERM B 142:26/ab,kapsariiv,kuusk,puit
612711,ERM B 142:26/ab,kapsariiv,,puit
612711,ERM B 142:26/ab,kapsariiv,pärn,puit
612711,ERM B 142:26/ab,kapsariiv,raud,puit
612712,ERM B 142:27,tubakakott,nahk,nahk
612712,ERM B 142:27,tubakakott,vask,metall
612715,ERM B 142:30,kedervars,pärn,puit
612716,ERM B 142:31,kedervars,pärn,puit
612718,ERM B 142:33,seinataldrik,savi,keraamika
612719,ERM B 142:34,seinataldrik,savi,keraamika
612720,ERM B 142:35/ab,suveniirviisud,kõrkjad,puit
612720,ERM B 142:35/ab,suveniirviisud,taimne kiud,puit
612722,ERM B 142:37,seinavaip,labane kangas,tekstiil
612722,ERM B 142:37,seinavaip,puuvill,tekstiil
612722,ERM B 142:37,seinavaip,puuvill,tekstiil
612727,ERM B 142:42,koonlapuu tald,puit,puit
612728,ERM B 142:43,koonlapuu tald,vaher,puit
612733,ERM B 143:1,"kleit, tütarlaste",puuvill,tekstiil
612733,ERM B 143:1,"kleit, tütarlaste",vill,tekstiil
612734,ERM B 143:2,põdrakammits,kask,puit
612734,ERM B 143:2,põdrakammits,mänd,puit
612734,ERM B 143:2,põdrakammits,,puit
612735,ERM B 143:3,"vaagen, laste",seeder,puit
612736,ERM B 143:4,võrgunõel,seeder,puit
612737,ERM B 143:5,"mänguasi, vibu",kapron,puit
612737,ERM B 143:5,"mänguasi, vibu",lehtpuu,puit
612737,ERM B 143:5,"mänguasi, vibu",tehismaterjal,puit
612738,ERM B 143:6,lumekaabits,seeder,puit
612739,ERM B 143:7,kaelaehe,helmed,klaas
612739,ERM B 143:7,kaelaehe,plast,plastik
612740,ERM B 143:8,korv,kask,puit
612740,ERM B 143:8,korv,toht,puit
612741,ERM B 143:9,nõu,niit,puit
612741,ERM B 143:9,nõu,puuvill,puit
612741,ERM B 143:9,nõu,toht,puit
612742,ERM B 143:10,nõu,,puit
612742,ERM B 143:10,nõu,lina,puit
612742,ERM B 143:10,nõu,niit,puit
612742,ERM B 143:10,nõu,,puit
612742,ERM B 143:10,nõu,toht,puit
612743,ERM B 143:11,nõu,lina,puit
612743,ERM B 143:11,nõu,niit,puit
612743,ERM B 143:11,nõu,,puit
612743,ERM B 143:11,nõu,puuvill,puit
612743,ERM B 143:11,nõu,toht,puit
612746,ERM B 143:14/ab,"tubakanõu, pulgaga",kask,puit
612746,ERM B 143:14/ab,"tubakanõu, pulgaga",,puit
612746,ERM B 143:14/ab,"tubakanõu, pulgaga",nöör,puit
612746,ERM B 143:14/ab,"tubakanõu, pulgaga",okaspuit,puit
612746,ERM B 143:14/ab,"tubakanõu, pulgaga",,puit
612746,ERM B 143:14/ab,"tubakanõu, pulgaga",puuvill,puit
612747,ERM B 143:15,kulp,seeder,puit
612748,ERM B 143:16,kulp,seeder,puit
612749,ERM B 159:36/1-2,koonlapuu,puit,puit
612750,ERM B 159:37,värten,kask,puit
612751,ERM B 159:38,süstik,kask,puit
612752,ERM B 159:39,suga,kanep,puit
612752,ERM B 159:39,suga,nöör,puit
612752,ERM B 159:39,suga,saar,puit
612753,ERM B 159:40,pool,pärn,puit
612754,ERM B 159:41,seelik,kude,tekstiil
612754,ERM B 159:41,seelik,linane,tekstiil
612754,ERM B 159:41,seelik,lõim,tekstiil
612754,ERM B 159:41,seelik,vill,tekstiil
612755,ERM B 159:42,seelik,kude,tekstiil
612755,ERM B 159:42,seelik,linane,tekstiil
612755,ERM B 159:42,seelik,lõim,tekstiil
612755,ERM B 159:42,seelik,vill,tekstiil
612760,ERM B 159:47,köiepool,kask,puit
612761,ERM B 159:48,"pihikseelik, laste",kude,tekstiil
612761,ERM B 159:48,"pihikseelik, laste",linane,tekstiil
612761,ERM B 159:48,"pihikseelik, laste",lõim,tekstiil
612761,ERM B 159:48,"pihikseelik, laste",vill,tekstiil
612763,ERM B 159:50,seelik,,tekstiil
612763,ERM B 159:50,seelik,kude,tekstiil
612763,ERM B 159:50,seelik,linane,tekstiil
612763,ERM B 159:50,seelik,lõim,tekstiil
612763,ERM B 159:50,seelik,metall,tekstiil
612763,ERM B 159:50,seelik,vill,tekstiil
612764,ERM B 159:51,seelik,,tekstiil
612764,ERM B 159:51,seelik,linane,tekstiil
612764,ERM B 159:51,seelik,lõng,tekstiil
612764,ERM B 159:51,seelik,metall,tekstiil
612764,ERM B 159:51,seelik,puuvill,tekstiil
612764,ERM B 159:51,seelik,,tekstiil
612764,ERM B 159:51,seelik,riie,tekstiil
612765,ERM B 159:52,seelik,,tekstiil
612765,ERM B 159:52,seelik,kodukootud kangas,tekstiil
612765,ERM B 159:52,seelik,linane,tekstiil
612765,ERM B 159:52,seelik,metall,tekstiil
612767,ERM B 159:54,seelik,linane,tekstiil
612767,ERM B 159:54,seelik,lõng,tekstiil
612767,ERM B 159:54,seelik,vill,tekstiil
612771,ERM B 159:58,käterätt,puuvill,tekstiil
612771,ERM B 159:58,käterätt,vill,tekstiil
612772,ERM B 159:59,noodakujuline kalapüügiriist,kanep,puit
612772,ERM B 159:59,noodakujuline kalapüügiriist,puit,puit
612776,ERM B 159:62,seelik,linane,tekstiil
612776,ERM B 159:62,seelik,lõng,tekstiil
612776,ERM B 159:62,seelik,puuvill,tekstiil
612777,ERM B 159:63,laudlina,linane,tekstiil
612777,ERM B 159:63,laudlina,lõng,tekstiil
612779,ERM B 159:65,seelik,linane,tekstiil
612779,ERM B 159:65,seelik,lõng,tekstiil
612779,ERM B 159:65,seelik,puuvill,tekstiil
612779,ERM B 159:65,seelik,,tekstiil
612780,ERM B 159:66/ab,korv,juured,puit
612780,ERM B 159:66/ab,korv,mänd,puit
612782,ERM B 159:67,linahari,,
612782,ERM B 159:67,linahari,metall,metall
612782,ERM B 159:67,linahari,mänd,puit
612782,ERM B 159:67,linahari,saar,puit
612783,ERM B 159:68,kalapüügiriist,kanep,tekstiil
612783,ERM B 159:68,kalapüügiriist,raud,metall
612784,ERM B 159:69,korv,juured,puit
612784,ERM B 159:69,korv,mänd,puit
612785,ERM B 159:70,häll,niin,puit
612785,ERM B 159:70,häll,toht,puit
612786,ERM B 159:71/1-2,koonlapuu,lehtpuu,puit
612787,ERM B 159:72/ab,koonlapuu,puit,puit
612788,ERM B 159:73,niied niiepööradega,kanep,tekstiil
612788,ERM B 159:73,niied niiepööradega,saar,puit
612790,ERM B 159:74,niied niiepööradega,kanep,tekstiil
612790,ERM B 159:74,niied niiepööradega,puit,puit
612791,ERM B 159:75,pesukurikas,saar,puit
612792,ERM B 159:76,häll,kanep,puit
612792,ERM B 159:76,häll,puit,puit
612793,ERM B 159:77,ropsimõõk,saar,puit
612794,ERM B 159:78/ab,nõu,toht,puit
612892,ERM B 168:17,viipsik,kask,puit
612893,ERM B 168:18,kaalud,nöör,tekstiil
612893,ERM B 168:18,kaalud,raud,metall
612893,ERM B 168:18,kaalud,takk,puit
612894,ERM B 168:19/ab,kätepesunõu,malm,metall
612895,ERM B 168:20,"kasukas, naiste",lammas,nahk
612895,ERM B 168:20,"kasukas, naiste",nahk,nahk
612895,ERM B 168:20,"kasukas, naiste",,nahk
612898,ERM B 168:23,eesriided,puuvill,tekstiil
612899,ERM B 168:24,põrandariie,lina,tekstiil
612899,ERM B 168:24,põrandariie,puuvill,tekstiil
612900,ERM B 168:25,põrandariie,lina,tekstiil
612900,ERM B 168:25,põrandariie,puuvill,tekstiil
612901,ERM B 168:26,voodikate,lina,tekstiil
612901,ERM B 168:26,voodikate,puuvill,tekstiil
612901,ERM B 168:26,voodikate,vill,tekstiil
612902,ERM B 168:27,pildiraam,,
612902,ERM B 168:27,pildiraam,klaas,klaas
612902,ERM B 168:27,pildiraam,metall,metall
612902,ERM B 168:27,pildiraam,okaspuit,puit
612903,ERM B 168:28,särk,puuvill,tekstiil
612904,ERM B 168:29,rätik,vill,tekstiil
612905,ERM B 168:30,põll,puuvill,tekstiil
612907,ERM B 168:31,käterätt,lina,tekstiil
612907,ERM B 168:31,käterätt,puuvill,tekstiil
612908,ERM B 168:32,linik,puuvill,tekstiil
612909,ERM B 168:33,linik,puuvill,tekstiil
612910,ERM B 168:34,"müts, naiste",vill,tekstiil
612911,ERM B 168:35,seelik,puuvill,tekstiil
612911,ERM B 168:35,seelik,kangas,tekstiil
612912,ERM B 168:36,pluus,trikoo (riidesort),tekstiil
612913,ERM B 168:37,kauss,lehtpuu,puit
612915,ERM B 168:38,käterätt,lina,tekstiil
612915,ERM B 168:38,käterätt,puuvill,tekstiil
612916,ERM B 168:39,luisutasku,nahk,nahk
612916,ERM B 168:39,luisutasku,takk,puit
612916,ERM B 168:39,luisutasku,toht,puit
612917,ERM B 168:40,luisutasku,lina,tekstiil
612917,ERM B 168:40,luisutasku,nahk,nahk
612917,ERM B 168:40,luisutasku,niit,tekstiil
612917,ERM B 168:40,luisutasku,nöör,tekstiil
612917,ERM B 168:40,luisutasku,takk,puit
612917,ERM B 168:40,luisutasku,toht,puit
612918,ERM B 168:41,pott,savi,keraamika
612919,ERM B 168:42,laudlina,lina,tekstiil
612920,ERM B 168:43,suusk,kask,puit
612921,ERM B 168:44,"peakate, naiste",lina,tekstiil
612939,ERM B 171:191,pesukurikas,kask,puit
612940,ERM B 171:192,viljakühvel,lehtpuu,puit
612941,ERM B 171:193/ab,võimasin,,
612941,ERM B 171:193/ab,võimasin,,
612941,ERM B 171:193/ab,võimasin,metall,metall
612941,ERM B 171:193/ab,võimasin,okaspuit,puit
612941,ERM B 171:193/ab,võimasin,vask,metall
612941,ERM B 171:193/ab,võimasin,,puit
612942,ERM B 171:194,kurgitünn,okaspuit,puit
612945,ERM B 171:196/ab,tops,lehtpuu,puit
612946,ERM B 171:197,korv,mänd,puit
612946,ERM B 171:197,korv,nöör,puit
612946,ERM B 171:197,korv,puuvill,puit
612947,ERM B 171:198,"roigas, seakere ülesriputamise",lehtpuu,puit
612948,ERM B 171:199,"roigas, seakere ülesriputamise",lehtpuu,puit
612949,ERM B 171:200,höövel,lehtpuu,puit
612949,ERM B 171:200,höövel,raud,puit
612950,ERM B 171:201,võrguhark,kask,puit
612951,ERM B 171:202,plokk,raud,metall
612951,ERM B 171:202,plokk,tamm,puit
612953,ERM B 171:203,vokk,lehtpuu,puit
612954,ERM B 171:204,kaelkoogud,lehtpuu,puit
612956,ERM B 171:205,pesukurikas,lehtpuu,puit
612957,ERM B 171:206,maakirves,kuusk,puit
612957,ERM B 171:206,maakirves,raud,metall
612958,ERM B 171:207,käterätt,puuvill,tekstiil
612964,ERM B 171:211,seelikuriie,kude,tekstiil
612964,ERM B 171:211,seelikuriie,linane,tekstiil
612964,ERM B 171:211,seelikuriie,lõim,tekstiil
612964,ERM B 171:211,seelikuriie,vill,tekstiil
612965,ERM B 171:212,seelikuriie,kude,tekstiil
612965,ERM B 171:212,seelikuriie,linane,tekstiil
612965,ERM B 171:212,seelikuriie,lõim,tekstiil
612965,ERM B 171:212,seelikuriie,vill,tekstiil
612965,ERM B 171:212,seelikuriie,,tekstiil
612967,ERM B 171:214/ab,"labakindad, töökindad",lõng,tekstiil
612967,ERM B 171:214/ab,"labakindad, töökindad",vill,tekstiil
612969,ERM B 171:215,pott,savi,keraamika
612970,ERM B 171:216,pott,savi,keraamika
612971,ERM B 171:217,vile,savi,keraamika
612972,ERM B 171:218,"jooginõu, hanede",savi,keraamika
612973,ERM B 171:219,keeksivorm,savi,keraamika
612975,ERM B 171:221,ripats,hõbe,metall
612976,ERM B 171:222,helmed,peegelklaas,klaas
612977,ERM B 178:33/ab,õlakorv,lina,puit
612977,ERM B 178:33/ab,õlakorv,niin,puit
612977,ERM B 178:33/ab,õlakorv,nöör,puit
612978,ERM B 178:34/ab,viisud,niin,puit
612979,ERM B 178:35,sülemikulp,paju,puit
612979,ERM B 178:35,sülemikulp,toht,puit
612980,ERM B 178:36,sülemivakk,kapron,puit
612980,ERM B 178:36,sülemivakk,niin,puit
612980,ERM B 178:36,sülemivakk,puit,puit
612980,ERM B 178:36,sülemivakk,võrk,puit
612981,ERM B 178:37,süstik,pärn,puit
612983,ERM B 178:39/ab,niiepöörad,kask,puit
612984,ERM B 178:40/ab,niied,,puit
612984,ERM B 178:40/ab,niied,,puit
612984,ERM B 178:40/ab,niied,kask,puit
612984,ERM B 178:40/ab,niied,lina,puit
612984,ERM B 178:40/ab,niied,sarapuu,puit
612985,ERM B 178:41/abc,niielipid,mänd,puit
612986,ERM B 178:42/ab,viisud,niin,puit
612988,ERM B 178:43,jalarätt,linane,tekstiil
612989,ERM B 178:44,jalarätt,linane,tekstiil
612991,ERM B 178:46,koonlapuu jalg,kask,puit
612992,ERM B 178:47,koonlapuu jalg,kask,puit
612993,ERM B 178:48,koonlalaud,kask,puit
612994,ERM B 178:49,suga,kuusk,puit
612995,ERM B 178:50,"ui, kanga",haab,puit
612997,ERM B 178:51,"ui, kanga",kask,puit
612998,ERM B 178:52,korv,metall,puit
612998,ERM B 178:52,korv,niin,puit
612998,ERM B 178:52,korv,plast,puit
612998,ERM B 178:52,korv,puuvill,puit
612998,ERM B 178:52,korv,pärn,puit
612998,ERM B 178:52,korv,traat,puit
613000,ERM B 178:54,koonlalaud,saar,puit
613006,ERM B 178:59/ab,viisud,niin,puit
613007,ERM B 178:60/ab,jalarätid,linane,tekstiil
613008,ERM B 178:61/ab,viisud,niin,puit
613010,ERM B 178:63,jalarätt,labane kangas,tekstiil
613010,ERM B 178:63,jalarätt,linane,tekstiil
613011,ERM B 178:64,jalarätt,linane,tekstiil
613019,ERM B 178:71,lusikakorv,niin,puit
613020,ERM B 178:72,värten,kask,puit
613021,ERM B 178:73,suga,lehtpuu,puit
613021,ERM B 178:73,suga,takk,puit
613022,ERM B 178:74,suga,kask,puit
613022,ERM B 178:74,suga,takk,puit
613024,ERM B 70:11,"särk, naiste",lina,tekstiil
613024,ERM B 70:11,"särk, naiste",vill,tekstiil
613025,ERM B 70:12,"särk, meeste",lina,tekstiil
613025,ERM B 70:12,"särk, meeste",vill,tekstiil
613028,ERM B 71:1/ab,sussid,kalev (riidesort),nahk
613028,ERM B 71:1/ab,sussid,karusnahk,nahk
613028,ERM B 71:1/ab,sussid,põhjapõder,nahk
613029,ERM B 71:2,kandetasku,kalev (riidesort),nahk
613029,ERM B 71:2,kandetasku,karusnahk,nahk
613029,ERM B 71:2,kandetasku,nahk,nahk
613029,ERM B 71:2,kandetasku,,nahk
613029,ERM B 71:2,kandetasku,põhjapõder,nahk
613029,ERM B 71:2,kandetasku,,nahk
613030,ERM B 71:3,nõelatasku,kalev (riidesort),nahk
613030,ERM B 71:3,nõelatasku,karusnahk,nahk
613030,ERM B 71:3,nõelatasku,metall,nahk
613030,ERM B 71:3,nõelatasku,põhjapõder,nahk
613030,ERM B 71:3,nõelatasku,,nahk
613030,ERM B 71:3,nõelatasku,,nahk
613031,ERM B 71:4,narmaspõll,kudrused,tekstiil
613031,ERM B 71:4,narmaspõll,mineraal,tekstiil
613031,ERM B 71:4,narmaspõll,papp,tekstiil
613031,ERM B 71:4,narmaspõll,puuvill,tekstiil
613031,ERM B 71:4,narmaspõll,vill,tekstiil
613032,ERM B 71:5,särk,puuvill,tekstiil
613033,ERM B 71:6,narmaspõll,metall,tekstiil
613033,ERM B 71:6,narmaspõll,mineraal,tekstiil
613033,ERM B 71:6,narmaspõll,puuvill,tekstiil
613033,ERM B 71:6,narmaspõll,siid,tekstiil
613033,ERM B 71:6,narmaspõll,vill,tekstiil
613034,ERM B 71:7,särk,puuvill,tekstiil
613035,ERM B 71:8,"peakate, naiste",metall,tekstiil
613035,ERM B 71:8,"peakate, naiste",mineraal,tekstiil
613035,ERM B 71:8,"peakate, naiste",puuvill,tekstiil
613035,ERM B 71:8,"peakate, naiste",siid,tekstiil
613036,ERM B 71:9,"vöö, tuttidega",lõng,tekstiil
613036,ERM B 71:9,"vöö, tuttidega",vill,tekstiil
613037,ERM B 71:10,"vöö, tuttidega",lõng,tekstiil
613037,ERM B 71:10,"vöö, tuttidega",vill,tekstiil
613038,ERM B 71:11,põll,puuvill,tekstiil
613038,ERM B 71:11,põll,satään,tekstiil
613039,ERM B 71:12,käterätt,lina,tekstiil
613039,ERM B 71:12,käterätt,vill,tekstiil
613040,ERM B 71:13,"särk, naiste",lina,tekstiil
613040,ERM B 71:13,"särk, naiste",vill,tekstiil
613041,ERM B 71:14,"pealinik, katkend",lina,tekstiil
613041,ERM B 71:14,"pealinik, katkend",puuvill,tekstiil
613041,ERM B 71:14,"pealinik, katkend",vill,tekstiil
613042,ERM B 71:15,pael,lina,tekstiil
613042,ERM B 71:15,pael,vill,tekstiil
613043,ERM B 71:16,vöörätt,linane,tekstiil
613043,ERM B 71:16,vöörätt,,tekstiil
613044,ERM B 71:17,pealinik,linane,tekstiil
613044,ERM B 71:17,pealinik,riie,tekstiil
613044,ERM B 71:17,pealinik,siid,tekstiil
613044,ERM B 71:17,pealinik,tikand,tekstiil
613044,ERM B 71:17,pealinik,vill,tekstiil
613045,ERM B 71:18,särk,puuvill,tekstiil
613045,ERM B 71:18,särk,vill,tekstiil
613046,ERM B 71:19/ab,saapad,nahk,nahk
613047,ERM B 71:20,pearätt,vill,tekstiil
613048,ERM B 71:21/ab,"viisud, naiste",lehtpuu,puit
613049,ERM B 71:22,kulp,kuusk,puit
613050,ERM B 71:23/ab,toos,kuusk,puit
613051,ERM B 71:24/ab,viisud,niin,puit
613052,ERM B 71:25/ab,viisud,toht,puit
613053,ERM B 71:26,pasun,kask,puit
613053,ERM B 71:26,pasun,toht,puit
613054,ERM B 72:1,kiin,kask,puit
613054,ERM B 72:1,kiin,raud,puit
613055,ERM B 72:2,märss,toht,puit
613057,ERM B 72:4,"särk, naiste",puuvill,tekstiil
613058,ERM B 72:5/ab,"vikati luisk, kotiga",,puit
613058,ERM B 72:5/ab,"vikati luisk, kotiga",,puit
613058,ERM B 72:5/ab,"vikati luisk, kotiga",tamm,puit
613058,ERM B 72:5/ab,"vikati luisk, kotiga",toht,puit
613059,ERM B 72:6,nõu,toht,puit
613060,ERM B 72:7,"särk, naiste",lina,tekstiil
613061,ERM B 72:8,ülerõivas,linane,tekstiil
613061,ERM B 72:8,ülerõivas,,tekstiil
613061,ERM B 72:8,ülerõivas,,tekstiil
613062,ERM B 72:9,seelik,labane kangas,tekstiil
613062,ERM B 72:9,seelik,linane,tekstiil
613064,ERM B 72:11,poolijalg,kask,puit
613064,ERM B 72:11,poolijalg,kuusk,puit
613064,ERM B 72:11,poolijalg,,puit
613065,ERM B 72:12,koonlajalg,kuusk,puit
613066,ERM B 73:1,rätik,vill,tekstiil
613067,ERM B 73:2,särk,lina,tekstiil
613067,ERM B 73:2,särk,puuvill,tekstiil
613070,ERM B 73:5,vöö,lõng,tekstiil
613070,ERM B 73:5,vöö,puuvill,tekstiil
613071,ERM B 73:6,"särk, naiste",puuvill,tekstiil
613071,ERM B 73:6,"särk, naiste",vill,tekstiil
613072,ERM B 88:23,"särk, naiste",kanep,tekstiil
613072,ERM B 88:23,"särk, naiste",kangas,tekstiil
613073,ERM B 88:24/ab,"kõrvaehe, abielunaiste",hõbe,metall
613073,ERM B 88:24/ab,"kõrvaehe, abielunaiste",,metall
613074,ERM B 88:25/ab,"saapad, säärikud, naiste",loomanahk,nahk
613074,ERM B 88:25/ab,"saapad, säärikud, naiste",,nahk
613074,ERM B 88:25/ab,"saapad, säärikud, naiste",vask,nahk
613075,ERM B 88:26,pealinik,helmed,tekstiil
613075,ERM B 88:26,pealinik,kanep,tekstiil
613075,ERM B 88:26,pealinik,kangas,tekstiil
613075,ERM B 88:26,pealinik,klaas,tekstiil
613075,ERM B 88:26,pealinik,lõng,tekstiil
613075,ERM B 88:26,pealinik,pael,tekstiil
613075,ERM B 88:26,pealinik,puuvill,tekstiil
613077,ERM B 88:28,viljakühvel,kask,puit
613078,ERM B 88:29,kohver,,
613078,ERM B 88:29,kohver,lehtpuu,puit
613078,ERM B 88:29,kohver,lehtpuu,puit
613078,ERM B 88:29,kohver,raud,metall
613079,ERM B 88:30,"vöö, naiste",lõng,tekstiil
613079,ERM B 88:30,"vöö, naiste",niit,tekstiil
613079,ERM B 88:30,"vöö, naiste",puuvill,tekstiil
613079,ERM B 88:30,"vöö, naiste",siid,tekstiil
613080,ERM B 88:31,"vöö, naiste",niit,tekstiil
613080,ERM B 88:31,"vöö, naiste",puuvill,tekstiil
613080,ERM B 88:31,"vöö, naiste",siid,tekstiil
613081,ERM B 88:32,"vöö, naiste",niit,tekstiil
613081,ERM B 88:32,"vöö, naiste",puuvill,tekstiil
613081,ERM B 88:32,"vöö, naiste",siid,tekstiil
613082,ERM B 88:33/ab,riidetünn,lehtpuu,puit
613084,ERM B 88:35,"kaelaehe, rahadega",hõbe,metall
613084,ERM B 88:35,"kaelaehe, rahadega",,tekstiil
613085,ERM B 88:36,korv,paju,puit
613086,ERM B 88:37,korv,paju,puit
613087,ERM B 88:38,kulp,paju,puit
613088,ERM B 88:39,korv,paju,puit
613092,ERM B 88:43,"kasukas, naiste",nööp,tekstiil
613092,ERM B 88:43,"kasukas, naiste",nahk,tekstiil
613092,ERM B 88:43,"kasukas, naiste",,tekstiil
613092,ERM B 88:43,"kasukas, naiste",vask,tekstiil
613093,ERM B 88:44/ab,viisud,pärn,puit
613094,ERM B 88:45/ab,viisud,pärn,puit
613096,ERM B 88:47,vöörätt,kanep,tekstiil
613096,ERM B 88:47,vöörätt,labane kangas,tekstiil
613097,ERM B 88:48,käterätt,looduslik kiud,tekstiil
613097,ERM B 88:48,käterätt,vill,tekstiil
613101,ERM B 88:52,"kaftan, naiste",kaarusnöör,tekstiil
613101,ERM B 88:52,"kaftan, naiste",kard,tekstiil
613101,ERM B 88:52,"kaftan, naiste",vasesulam,tekstiil
613101,ERM B 88:52,"kaftan, naiste",kaurikarp,tekstiil
613101,ERM B 88:52,"kaftan, naiste",loomne materjal,tekstiil
613101,ERM B 88:52,"kaftan, naiste",,tekstiil
613101,ERM B 88:52,"kaftan, naiste",puuvill,tekstiil
613101,ERM B 88:52,"kaftan, naiste",,tekstiil
613101,ERM B 88:52,"kaftan, naiste",vask,tekstiil
613101,ERM B 88:52,"kaftan, naiste",vill,tekstiil
613101,ERM B 88:52,"kaftan, naiste",vill,tekstiil
613103,ERM B 88:54,vöö,,tekstiil
613103,ERM B 88:54,vöö,vill,tekstiil
613104,ERM B 88:55,leivataldrik,kask,puit
613105,ERM B 88:56/ab,"võikirn, männaga",kask,puit
613105,ERM B 88:56/ab,"võikirn, männaga",,puit
613105,ERM B 88:56/ab,"võikirn, männaga",mänd,puit
613105,ERM B 88:56/ab,"võikirn, männaga",kuusk,puit
613105,ERM B 88:56/ab,"võikirn, männaga",metall,puit
613105,ERM B 88:56/ab,"võikirn, männaga",vits,puit
613106,ERM B 88:57,kohver,kuusk,puit
613106,ERM B 88:57,kohver,metall,puit
613107,ERM B 88:58,vöörätt,kanep,tekstiil
613107,ERM B 88:58,vöörätt,labane kangas,tekstiil
613108,ERM B 88:59,vöörätt,kanep,tekstiil
613108,ERM B 88:59,vöörätt,labane kangas,tekstiil
613108,ERM B 88:59,vöörätt,lõng,tekstiil
613108,ERM B 88:59,vöörätt,pael,tekstiil
613108,ERM B 88:59,vöörätt,puuvill,tekstiil
613108,ERM B 88:59,vöörätt,vill,tekstiil
613109,ERM B 88:60,vöörätt,kanep,tekstiil
613109,ERM B 88:60,vöörätt,labane kangas,tekstiil
613109,ERM B 88:60,vöörätt,lõng,tekstiil
613109,ERM B 88:60,vöörätt,pael,tekstiil
613109,ERM B 88:60,vöörätt,,tekstiil
613109,ERM B 88:60,vöörätt,puuvill,tekstiil
613109,ERM B 88:60,vöörätt,pits,tekstiil
613109,ERM B 88:60,vöörätt,vill,tekstiil
613111,ERM B 88:61,vöörätt,kanep,tekstiil
613111,ERM B 88:61,vöörätt,labane kangas,tekstiil
613111,ERM B 88:61,vöörätt,lõng,tekstiil
613111,ERM B 88:61,vöörätt,pael,tekstiil
613111,ERM B 88:61,vöörätt,,tekstiil
613111,ERM B 88:61,vöörätt,vill,tekstiil
613112,ERM B 88:64,"puusaehe, rahadega",hõbe,metall
613112,ERM B 88:64,"puusaehe, rahadega",klaas,klaas
613112,ERM B 88:64,"puusaehe, rahadega",,tekstiil
613113,ERM B 88:63,"rinnaehe, rahadega",hõbe,metall
613113,ERM B 88:63,"rinnaehe, rahadega",nahk,metall
613114,ERM B 88:65,"peaehe, rahadega",hõbe,metall
613114,ERM B 88:65,"peaehe, rahadega",klaas,klaas
613114,ERM B 88:65,"peaehe, rahadega",,tekstiil
613118,ERM B 88:69,"kaelaehe, rahadega",hõbe,metall
613118,ERM B 88:69,"kaelaehe, rahadega",,tekstiil
613119,ERM B 88:70/1-9,jahikomplekt,kask,puit
613119,ERM B 88:70/1-9,jahikomplekt,kork,puit
613119,ERM B 88:70/1-9,jahikomplekt,lina,tekstiil
613119,ERM B 88:70/1-9,jahikomplekt,metall,metall
613119,ERM B 88:70/1-9,jahikomplekt,nahk,nahk
613119,ERM B 88:70/1-9,jahikomplekt,nöör,puit
613119,ERM B 88:70/1-9,jahikomplekt,sarv,luu
613123,ERM B 98:61,korv,toht,puit
613124,ERM B 98:62,maakirves,raud,metall
613125,ERM B 98:63,"pajarõngas, varrega",raud,metall
613126,ERM B 98:64/ab,nahanäpits,kuusk,puit
613128,ERM B 98:66,"müts, naiste",atlasriie,tekstiil
613128,ERM B 98:66,"müts, naiste",puuvill,tekstiil
613128,ERM B 98:66,"müts, naiste",samet,tekstiil
613130,ERM B 98:68,vakk,toht,puit
613132,ERM B 99:1,kapp,,puit
613132,ERM B 99:1,kapp,metall,puit
613132,ERM B 99:1,kapp,mänd,puit
613132,ERM B 99:1,kapp,vineer,puit
613133,ERM B 99:2,kapp,,puit
613133,ERM B 99:2,kapp,metall,puit
613133,ERM B 99:2,kapp,mänd,puit
613133,ERM B 99:2,kapp,vineer,puit
613134,ERM B 99:3,tool,kask,puit
613135,ERM B 99:4,tool,mänd,puit
613135,ERM B 99:4,tool,vineer,puit
613136,ERM B 99:5,nagi,mänd,puit
613136,ERM B 99:5,nagi,traat,puit
613136,ERM B 99:5,nagi,vask,puit
613137,ERM B 99:6,nagi,tamm,puit
613138,ERM B 99:7,nagi,metall,puit
613138,ERM B 99:7,nagi,mänd,puit
613139,ERM B 99:8,vaalikurikas,kask,puit
613140,ERM B 99:9,linahari,metall,metall
613140,ERM B 99:9,linahari,mänd,puit
613141,ERM B 99:10,kingaliist,saar,puit
613142,ERM B 99:11,kingaliistu alumine osa,kask,puit
613143,ERM B 99:12,kingaliistu alumine osa,kask,puit
613144,ERM B 99:13,kingaliistu alumine osa,kask,puit
613145,ERM B 99:14,kingaliist,mänd,puit
613145,ERM B 99:14,kingaliist,nöör,puit
613145,ERM B 99:14,kingaliist,puuvill,puit
613146,ERM B 99:15,kingaliistu ülemine osa,kask,puit
613147,ERM B 99:16,kingaliistu ülemine osa,kask,puit
613148,ERM B 99:17,kingaliistu ülemine osa,kask,puit
613149,ERM B 99:18,kingaliistu ülemine osa,kask,puit
613150,ERM B 99:19,kingaliistu ülemine osa,kask,puit
613151,ERM B 99:20/ab,häll,kuusk,puit
613152,ERM B 99:21,voodi,mänd,puit
613153,ERM B 99:22,leivanõu,mänd,puit
613154,ERM B 99:23,korv,,puit
613154,ERM B 99:23,korv,kuusk,puit
613154,ERM B 99:23,korv,paju,puit
613154,ERM B 99:23,korv,,puit
613154,ERM B 99:23,korv,raud,puit
613155,ERM B 99:24,nõu,savi,keraamika
613156,ERM B 99:25,tool,kask,puit
613156,ERM B 99:25,tool,korju,puit
613156,ERM B 99:25,tool,tamm,puit
613157,ERM B 99:26/ab,saag,kask,puit
613157,ERM B 99:26/ab,saag,,
613157,ERM B 99:26/ab,saag,mänd,puit
613157,ERM B 99:26/ab,saag,nöör,tekstiil
613157,ERM B 99:26/ab,saag,puuvill,tekstiil
613157,ERM B 99:26/ab,saag,raud,metall
613157,ERM B 99:26/ab,saag,,
613157,ERM B 99:26/ab,saag,teras,metall
613158,ERM B 99:27,linahari,lepp,puit
613158,ERM B 99:27,linahari,raud,metall
613159,ERM B 99:28,karp,saar,puit
613160,ERM B 99:29/ab,"vaalikurikas, vaalikaigas",kaigas,puit
613160,ERM B 99:29/ab,"vaalikurikas, vaalikaigas",,puit
613160,ERM B 99:29/ab,"vaalikurikas, vaalikaigas",kuusk,puit
613160,ERM B 99:29/ab,"vaalikurikas, vaalikaigas",mänd,puit
613161,ERM B 99:30,kühvel,kask,puit
613161,ERM B 99:30,kühvel,,
613161,ERM B 99:30,kühvel,metall,metall
613161,ERM B 99:30,kühvel,tsingitud raudplekk,metall
613162,ERM B 99:31,nagi,kask,puit
613163,ERM B 99:32,nõu,kuusk,puit
613163,ERM B 99:32,nõu,raud,puit
613163,ERM B 99:32,nõu,vits,puit
613164,ERM B 99:33,võrguhark,kuusk,puit
613164,ERM B 99:33,võrguhark,saar,puit
613164,ERM B 99:33,võrguhark,,puit
613164,ERM B 99:33,võrguhark,,puit
613165,ERM B 99:34,võrk,kork,puit
613165,ERM B 99:34,võrk,lina,tekstiil
613165,ERM B 99:34,võrk,nöör,tekstiil
613165,ERM B 99:34,võrk,puit,puit
613165,ERM B 99:34,võrk,puuvill,tekstiil
613165,ERM B 99:34,võrk,võrk,tekstiil
613166,ERM B 99:35,kapsanui,kask,puit
613167,ERM B 99:36,sedelgas,klambrid,metall
613167,ERM B 99:36,sedelgas,lina,tekstiil
613167,ERM B 99:36,sedelgas,nahk,nahk
613167,ERM B 99:36,sedelgas,niit,tekstiil
613167,ERM B 99:36,sedelgas,,metall
613167,ERM B 99:36,sedelgas,present,plastik
613167,ERM B 99:36,sedelgas,raud,metall
613167,ERM B 99:36,sedelgas,,tekstiil
613167,ERM B 99:36,sedelgas,vask,metall
613168,ERM B 99:37,korv,mänd,puit
613168,ERM B 99:37,korv,paju,puit
613168,ERM B 99:37,korv,,puit
613169,ERM B 99:38,kauss,savi,keraamika
613170,ERM B 99:39,villakraasi alus,kuusk,puit
613203,ERM B 114:128,"vikat, lühivarreline",puit,puit
613203,ERM B 114:128,"vikat, lühivarreline",raud,metall
613204,ERM B 114:129,latern,kask,puit
613204,ERM B 114:129,latern,klaas,klaas
613204,ERM B 114:129,latern,niin,puit
613204,ERM B 114:129,latern,,
613204,ERM B 114:129,latern,,puit
613205,ERM B 114:130/ab,pilak,kuusk,puit
613205,ERM B 114:130/ab,pilak,raud,metall
613206,ERM B 114:131,"nui, linapeade kolkimise",kask,puit
613207,ERM B 114:132,kalapüügiriist,lina,tekstiil
613207,ERM B 114:132,kalapüügiriist,nöör,tekstiil
613207,ERM B 114:132,kalapüügiriist,puit,puit
613207,ERM B 114:132,kalapüügiriist,puuvill,tekstiil
613208,ERM B 114:133/ab,"vaalikurikas, kaikaga",kaigas,puit
613208,ERM B 114:133/ab,"vaalikurikas, kaikaga",kask,puit
613208,ERM B 114:133/ab,"vaalikurikas, kaikaga",,puit
613208,ERM B 114:133/ab,"vaalikurikas, kaikaga",kuusk,puit
613209,ERM B 114:134,pakktaru raam,kuusk,puit
613211,ERM B 114:136,seelik,kude,tekstiil
613211,ERM B 114:136,seelik,linane,tekstiil
613211,ERM B 114:136,seelik,lõim,tekstiil
613211,ERM B 114:136,seelik,puuvill,tekstiil
613211,ERM B 114:136,seelik,vill,tekstiil
613211,ERM B 114:136,seelik,,tekstiil
613212,ERM B 114:137,"särk, naiste",lina,tekstiil
613212,ERM B 114:137,"särk, naiste",lõng,tekstiil
613212,ERM B 114:137,"särk, naiste",puuvill,tekstiil
613212,ERM B 114:137,"särk, naiste",riie,tekstiil
613214,ERM B 114:139,ahtehark,paju,puit
613215,ERM B 114:140,uhmer,pärn,puit
613216,ERM B 114:141/ab,poolivokk,metall,puit
613216,ERM B 114:141/ab,poolivokk,puit,puit
613217,ERM B 114:142,õmblemispuu,kask,puit
613217,ERM B 114:142,õmblemispuu,,metall
613217,ERM B 114:142,õmblemispuu,raud,metall
613218,ERM B 114:143,koot,kolk,puit
613218,ERM B 114:143,koot,kuusk,puit
613218,ERM B 114:143,koot,nahk,puit
613218,ERM B 114:143,koot,pärn,puit
613218,ERM B 114:143,koot,rihm,puit
613218,ERM B 114:143,koot,,puit
613219,ERM B 114:144,kapsaraud,kask,puit
613219,ERM B 114:144,kapsaraud,raud,metall
613220,ERM B 114:145,tampimisnui,kask,puit
613221,ERM B 114:146,viisuliist,kask,puit
613222,ERM B 114:147,room,niin,puit
613222,ERM B 114:147,room,pärn,puit
613223,ERM B 114:148,jalarätt,linane,tekstiil
613223,ERM B 114:148,jalarätt,,tekstiil
613228,ERM B 114:153,karjakell,pronks,metall
613229,ERM B 114:154,pulmakell,nahk,nahk
613229,ERM B 114:154,pulmakell,pronks,metall
613229,ERM B 114:154,pulmakell,raud,metall
613229,ERM B 114:154,pulmakell,rihm,nahk
613229,ERM B 114:154,pulmakell,,metall
613230,ERM B 114:155,põll,lina,tekstiil
613230,ERM B 114:155,põll,puuvill,tekstiil
613233,ERM B 114:158,seelik,kude,tekstiil
613233,ERM B 114:158,seelik,linane,tekstiil
613233,ERM B 114:158,seelik,lõim,tekstiil
613233,ERM B 114:158,seelik,,tekstiil
613233,ERM B 114:158,seelik,vill,tekstiil
613238,ERM B 114:163,häll,niin,puit
613238,ERM B 114:163,häll,paju,puit
613239,ERM B 114:164,kangakeha,,puit
613239,ERM B 114:164,kangakeha,kuusk,puit
613239,ERM B 114:164,kangakeha,pärn,puit
613240,ERM B 114:165,kangakeha,kuusk,puit
613240,ERM B 114:165,kangakeha,toht,puit
613241,ERM B 114:166,"vikat, lühivarreline",puit,puit
613241,ERM B 114:166,"vikat, lühivarreline",raud,metall
613242,ERM B 114:167,"vikat, lühivarreline",kask,puit
613242,ERM B 114:167,"vikat, lühivarreline",raud,metall
613243,ERM B 114:168,suga,vaher,puit
613244,ERM B 114:169/1-15,"pullud, võrguraskused",,puit
613244,ERM B 114:169/1-15,"pullud, võrguraskused",,puit
613244,ERM B 114:169/1-15,"pullud, võrguraskused",tina,metall
613244,ERM B 114:169/1-15,"pullud, võrguraskused",toht,puit
613246,ERM B 114:170,koonlalaud,,puit
613246,ERM B 114:170,koonlalaud,lehis,puit
613246,ERM B 114:170,koonlalaud,pärn,puit
613247,ERM B 114:171/ab,nõu,,puit
613247,ERM B 114:171/ab,nõu,mänd,puit
613247,ERM B 114:171/ab,nõu,toht,puit
613248,ERM B 114:172,järi,,puit
613248,ERM B 114:172,järi,kask,puit
613248,ERM B 114:172,järi,pärn,puit
613251,ERM B 115:1,korv,mänd,puit
613252,ERM B 132:15,pulmarätt,puuvill,tekstiil
613253,ERM B 132:16,pulmarätt,puuvill,tekstiil
613254,ERM B 132:17,laudlina,puuvill,tekstiil
613255,ERM B 132:18,kummutilina,lina,tekstiil
613267,ERM B 132:30,seelik,satään,tekstiil
613267,ERM B 132:30,seelik,puuvill,tekstiil
613269,ERM B 132:32,põll,puuvill,tekstiil
613270,ERM B 132:33,alusseelik,labane kangas,tekstiil
613270,ERM B 132:33,alusseelik,puuvill,tekstiil
613274,ERM B 132:37,seinataldrik,alumiinium,metall
613276,ERM B 132:39,kann,savi,keraamika
613277,ERM B 132:40,kann,savi,keraamika
613278,ERM B 132:41,käterätt,puuvill,tekstiil
613279,ERM B 132:42,põll,lina,tekstiil
613279,ERM B 132:42,põll,puuvill,tekstiil
613280,ERM B 132:43,koonlapuu alus,lehtpuu,puit
613281,ERM B 133:1,pasun,kask,puit
613290,ERM B 133:10,"vöö, meeste",lõng,tekstiil
613290,ERM B 133:10,"vöö, meeste",metall,metall
613290,ERM B 133:10,"vöö, meeste",münt,metall
613290,ERM B 133:10,"vöö, meeste",nööp,metall
613290,ERM B 133:10,"vöö, meeste",vask,metall
613290,ERM B 133:10,"vöö, meeste",vill,tekstiil
613291,ERM B 133:11,"vöö, meeste",metall,metall
613291,ERM B 133:11,"vöö, meeste",puuvill,tekstiil
613291,ERM B 133:11,"vöö, meeste",raha,metall
613291,ERM B 133:11,"vöö, meeste",vill,tekstiil
613300,ERM B 133:20,"peakate, naiste",lina,tekstiil
613300,ERM B 133:20,"peakate, naiste",metall,tekstiil
613300,ERM B 133:20,"peakate, naiste",raha,tekstiil
613300,ERM B 133:20,"peakate, naiste",riie,tekstiil
613300,ERM B 133:20,"peakate, naiste",tikand,tekstiil
613300,ERM B 133:20,"peakate, naiste",vill,tekstiil
613303,ERM B 143:17,"mõõdulaud, vene pulkade",seeder,puit
613304,ERM B 143:18,nool,alumiinium,puit
613304,ERM B 143:18,nool,lõng,puit
613304,ERM B 143:18,nool,,puit
613304,ERM B 143:18,nool,puuvill,puit
613304,ERM B 143:18,nool,seeder,puit
613304,ERM B 143:18,nool,,puit
613305,ERM B 143:19,kirst,metall,puit
613305,ERM B 143:19,kirst,okaspuit,puit
613340,ERM B 143:54,kohver,kunstnahk,tekstiil
613340,ERM B 143:54,kohver,metall,metall
613340,ERM B 143:54,kohver,papp,paber
613340,ERM B 143:54,kohver,,tekstiil
613354,ERM B 159:81,seelik,kanep,tekstiil
613354,ERM B 159:81,seelik,kangas,tekstiil
613359,ERM B 159:86,süstik,saar,puit
613360,ERM B 159:87/ab,nõu,toht,puit
613361,ERM B 159:88,värten,kask,puit
613362,ERM B 159:89/ab,viisud,niin,puit
613362,ERM B 159:89/ab,viisud,pärn,puit
613363,ERM B 159:90/ab,viisud,niin,puit
613363,ERM B 159:90/ab,viisud,pärn,puit
613364,ERM B 159:91/ab,viisud,pärn,puit
613364,ERM B 159:91/ab,viisud,,puit
613364,ERM B 159:91/ab,viisud,,puit
613365,ERM B 159:92,linahari,pärn,puit
613365,ERM B 159:92,linahari,raud,metall
613367,ERM B 159:94,käterätt,lina,tekstiil
613367,ERM B 159:94,käterätt,vill,tekstiil
613368,ERM B 159:95,kalapüügiriist,lina,tekstiil
613368,ERM B 159:95,kalapüügiriist,metall,puit
613369,ERM B 159:96,jalarätt,labane kangas,tekstiil
613369,ERM B 159:96,jalarätt,linane,tekstiil
613375,ERM B 159:102/ab,viisud,niin,puit
613375,ERM B 159:102/ab,viisud,pärn,puit
613376,ERM B 159:103,seelik,kanep,tekstiil
613376,ERM B 159:103,seelik,kodukootud kangas,tekstiil
613376,ERM B 159:103,seelik,lina,tekstiil
613380,ERM B 159:107,seelik,kanep,tekstiil
613380,ERM B 159:107,seelik,kodukootud kangas,tekstiil
613380,ERM B 159:107,seelik,linane,tekstiil
613383,ERM B 159:110,seelik,kanep,tekstiil
613383,ERM B 159:110,seelik,,tekstiil
613390,ERM B 159:116,seelik,,tekstiil
613390,ERM B 159:116,seelik,kodukootud kangas,tekstiil
613390,ERM B 159:116,seelik,linane,tekstiil
613390,ERM B 159:116,seelik,metall,tekstiil
613392,ERM B 159:118,jakk,puuvill,tekstiil
613393,ERM B 159:119/ab,"viisud, laste",niin,puit
613393,ERM B 159:119/ab,"viisud, laste",pärn,puit
613395,ERM B 159:120,pühaserätt,lina,tekstiil
613396,ERM B 159:121,kangas,lina,tekstiil
613397,ERM B 159:122/ab,sukad,lõng,tekstiil
613397,ERM B 159:122/ab,sukad,vill,tekstiil
613399,ERM B 159:123,nõu,toht,puit
613400,ERM B 159:124,nõu,kask,puit
613400,ERM B 159:124,nõu,toht,puit
613401,ERM B 159:125,süstik,kask,puit
613503,ERM B 169:14,pealinik,kanep,tekstiil
613503,ERM B 169:14,pealinik,lõng,tekstiil
613503,ERM B 169:14,pealinik,riie,tekstiil
613503,ERM B 169:14,pealinik,vill,tekstiil
613514,ERM B 169:24,"kõlavöö, rahadega",hõbe,metall
613514,ERM B 169:24,"kõlavöö, rahadega",klaas,klaas
613514,ERM B 169:24,"kõlavöö, rahadega",,tekstiil
613515,ERM B 169:25,"kaelaehe, rahadega, medaliga",hõbe,metall
613515,ERM B 169:25,"kaelaehe, rahadega, medaliga",nöör,tekstiil
613521,ERM B 169:31,pealinik,kangas,tekstiil
613521,ERM B 169:31,pealinik,linane,tekstiil
613521,ERM B 169:31,pealinik,lõng,tekstiil
613521,ERM B 169:31,pealinik,vill,tekstiil
613522,ERM B 169:32,pealinik,kanep,tekstiil
613522,ERM B 169:32,pealinik,kangas,tekstiil
613522,ERM B 169:32,pealinik,vill,tekstiil
613522,ERM B 169:32,pealinik,,tekstiil
613527,ERM B 169:37,särk,kanep,tekstiil
613527,ERM B 169:37,särk,mulinee,tekstiil
613527,ERM B 169:37,särk,puuvill,tekstiil
613527,ERM B 169:37,särk,riie,tekstiil
613534,ERM B 169:44,pealinik,kanep,tekstiil
613534,ERM B 169:44,pealinik,kangas,tekstiil
613534,ERM B 169:44,pealinik,vill,tekstiil
613534,ERM B 169:44,pealinik,lõng,tekstiil
613537,ERM B 169:47,pealinik,kangas,tekstiil
613537,ERM B 169:47,pealinik,linane,tekstiil
613537,ERM B 169:47,pealinik,lõng,tekstiil
613537,ERM B 169:47,pealinik,vill,tekstiil
613553,ERM B 171:225,korv,mänd,puit
613554,ERM B 171:226,korv,mänd,puit
613555,ERM B 171:227,süstik,okaspuit,puit
613557,ERM B 171:228/ab,"võimasin, alusega",metall,metall
613557,ERM B 171:228/ab,"võimasin, alusega",okaspuit,puit
613558,ERM B 171:229,vibupuur,lehtpuu,puit
613558,ERM B 171:229,vibupuur,nahk,nahk
613558,ERM B 171:229,vibupuur,raud,metall
613562,ERM B 171:232,"šabloon, kingakeele, meeste",nahk,nahk
613563,ERM B 171:233,"šabloon, kingakeele, naiste",nahk,nahk
613564,ERM B 171:234,ujuk,okaspuit,puit
613565,ERM B 171:235/abc,"šabloon, saapasääre laiuse määramise",kask,puit
613567,ERM B 171:236,suga,lehtpuu,puit
613569,ERM B 171:238,teelusikas,metall,metall
613570,ERM B 171:239,höövel,okaspuit,puit
613571,ERM B 171:240,höövel,okaspuit,puit
613572,ERM B 171:241,käsisaag,lehtpuu,puit
613572,ERM B 171:241,käsisaag,puit,puit
613572,ERM B 171:241,käsisaag,raud,puit
613573,ERM B 171:242,voolmed,lehtpuu,puit
613573,ERM B 171:242,voolmed,lina,tekstiil
613573,ERM B 171:242,voolmed,nöör,tekstiil
613573,ERM B 171:242,voolmed,raud,metall
613573,ERM B 171:242,voolmed,takk,puit
613574,ERM B 171:243,höövel,lehtpuu,puit
613574,ERM B 171:243,höövel,raud,metall
613575,ERM B 171:244,nahapihid,lehtpuu,puit
613576,ERM B 171:245,"haamer, kingsepa",raud,metall
613577,ERM B 171:246,võrgukonks,raud,metall
613578,ERM B 171:247/ab,saapaliist,lehtpuu,puit
613579,ERM B 171:248,saapaliist,lehtpuu,puit
613580,ERM B 171:249,saapaliist,lehtpuu,puit
613581,ERM B 171:250,saapaliist,lehtpuu,puit
613582,ERM B 171:251,kingaliist,lehtpuu,puit
613583,ERM B 171:252,uksehing,raud,metall
613584,ERM B 171:253,uksehing,raud,metall
613585,ERM B 171:254,potihark,raud,metall
613586,ERM B 171:255,karjasepasun,lehtpuu,puit
613586,ERM B 171:255,karjasepasun,toht,puit
613588,ERM B 171:257,seelik,kanep,tekstiil
613588,ERM B 171:257,seelik,kude,tekstiil
613588,ERM B 171:257,seelik,lõim,tekstiil
613588,ERM B 171:257,seelik,vill,tekstiil
613591,ERM B 178:75/a-d,niied,kanep,puit
613591,ERM B 178:75/a-d,niied,kask,puit
613592,ERM B 178:76,süstik,vaher,puit
613593,ERM B 178:77/ab,süstik,pärn,puit
613595,ERM B 178:78/ab,"niielipid, pulgaga",liist,puit
613595,ERM B 178:78/ab,"niielipid, pulgaga",,puit
613595,ERM B 178:78/ab,"niielipid, pulgaga",mänd,puit
613595,ERM B 178:78/ab,"niielipid, pulgaga",nöör,puit
613595,ERM B 178:78/ab,"niielipid, pulgaga",paju,puit
613595,ERM B 178:78/ab,"niielipid, pulgaga",takk,puit
613596,ERM B 178:79,kühvel,kask,puit
613598,ERM B 178:81/ab,soalaad,kask,puit
613599,ERM B 178:82,koot,kuusk,puit
613599,ERM B 178:82,koot,nahk,puit
613613,ERM B 179:2,viipsipuu,lehtpuu,puit
613614,ERM B 179:3,reha,kuusk,puit
613614,ERM B 179:3,reha,lehtpuu,puit
613614,ERM B 179:3,reha,,puit
613616,ERM B 179:4,nööritegemise pulk,paju,puit
613617,ERM B 179:5/1-8,katusepilpad,mänd,puit
613618,ERM B 179:6,hui,lehtpuu,puit
613619,ERM B 179:7,hui,lehtpuu,puit
613620,ERM B 179:8,naelakast,kuusk,puit
613622,ERM B 179:10,pudrumänd,kuusk,puit
613625,ERM B 179:12,hui,mänd,puit
613627,ERM B 179:13,pudrumänd,kuusk,puit
613631,ERM B 73:10,"särk, naiste",puuvill,tekstiil
613633,ERM B 73:12,vöö kaunistus,kude,tekstiil
613633,ERM B 73:12,vöö kaunistus,lõim,tekstiil
613633,ERM B 73:12,vöö kaunistus,puuvill,tekstiil
613633,ERM B 73:12,vöö kaunistus,siid,tekstiil
613635,ERM B 73:14,sääremähis,kude,tekstiil
613635,ERM B 73:14,sääremähis,lõim,tekstiil
613635,ERM B 73:14,sääremähis,puuvill,tekstiil
613635,ERM B 73:14,sääremähis,vill,tekstiil
613636,ERM B 73:15/ab,viisud,pärn,puit
613637,ERM B 73:16/ab,kedervars,kask,puit
613637,ERM B 73:16/ab,kedervars,vill,puit
613638,ERM B 73:17,suga,kask,puit
613638,ERM B 73:17,suga,,puit
613638,ERM B 73:17,suga,,puit
613638,ERM B 73:17,suga,saar,puit
613646,ERM B 75:1,"särk, naiste",lina,tekstiil
613646,ERM B 75:1,"särk, naiste",puuvill,tekstiil
613648,ERM B 75:3,käterätt,heegelpits,tekstiil
613648,ERM B 75:3,käterätt,labane kangas,tekstiil
613648,ERM B 75:3,käterätt,linane,tekstiil
613648,ERM B 75:3,käterätt,puuvill,tekstiil
613648,ERM B 75:3,käterätt,tikand,tekstiil
613649,ERM B 75:4,käterätt,labane kangas,tekstiil
613649,ERM B 75:4,käterätt,linane,tekstiil
613649,ERM B 75:4,käterätt,lõng,tekstiil
613649,ERM B 75:4,käterätt,puuvill,tekstiil
613650,ERM B 75:5,voodilina,labane kangas,tekstiil
613650,ERM B 75:5,voodilina,linane,tekstiil
613650,ERM B 75:5,voodilina,poepits,tekstiil
613650,ERM B 75:5,voodilina,,tekstiil
613650,ERM B 75:5,voodilina,puuvill,tekstiil
613651,ERM B 75:6,käterätt,lina,tekstiil
613660,ERM B 76:6,vöö,puuvill,tekstiil
613661,ERM B 76:7,särk,puuvill,tekstiil
613661,ERM B 76:7,särk,siid,tekstiil
613666,ERM B 76:9,ankur,haab,puit
613666,ERM B 76:9,ankur,kuusk,puit
613666,ERM B 76:9,ankur,metall,puit
613666,ERM B 76:9,ankur,,puit
613667,ERM B 76:10,ankur,haab,puit
613667,ERM B 76:10,ankur,kuusk,puit
613667,ERM B 76:10,ankur,metall,puit
613667,ERM B 76:10,ankur,,puit
613668,ERM B 76:11,kauss,lehtpuu,puit
613669,ERM B 76:12,pütt,haab,puit
613669,ERM B 76:12,pütt,raud,puit
613669,ERM B 76:12,pütt,vits,puit
613670,ERM B 76:13/ab,koot,lehtpuu,puit
613670,ERM B 76:13/ab,koot,nahk,puit
613683,ERM B 88:71,"särk, meeste",kanep,tekstiil
613683,ERM B 88:71,"särk, meeste",niit,tekstiil
613683,ERM B 88:71,"särk, meeste",puuvill,tekstiil
613683,ERM B 88:71,"särk, meeste",riie,tekstiil
613684,ERM B 88:72,"peaehe, rahadega",hõbe,metall
613684,ERM B 88:72,"peaehe, rahadega",,tekstiil
613685,ERM B 88:73,"puusaehe, rahadega",hõbe,metall
613685,ERM B 88:73,"puusaehe, rahadega",,metall
613686,ERM B 88:74,"käevõru, rahadega",hõbe,metall
613686,ERM B 88:74,"käevõru, rahadega",,tekstiil
613687,ERM B 88:75,"käevõru, rahadega",hõbe,metall
613690,ERM B 88:78,"kaelaehe, rahadega",hõbe,metall
613690,ERM B 88:78,"kaelaehe, rahadega",,tekstiil
613692,ERM B 88:80,"särk, naiste",lina,tekstiil
613692,ERM B 88:80,"särk, naiste",pits,tekstiil
613692,ERM B 88:80,"särk, naiste",puuvill,tekstiil
613692,ERM B 88:80,"särk, naiste",riie,tekstiil
613692,ERM B 88:80,"särk, naiste",siid,tekstiil
613692,ERM B 88:80,"särk, naiste",tikand,tekstiil
613697,ERM B 88:85,"rinnaehe, rahadega",hõbe,metall
613697,ERM B 88:85,"rinnaehe, rahadega",nahk,nahk
613697,ERM B 88:85,"rinnaehe, rahadega",,tekstiil
613702,ERM B 88:90,"pealinik, peapaelaga",linane,tekstiil
613702,ERM B 88:90,"pealinik, peapaelaga",lõng,tekstiil
613702,ERM B 88:90,"pealinik, peapaelaga",riie,tekstiil
613702,ERM B 88:90,"pealinik, peapaelaga",vill,tekstiil
613702,ERM B 88:90,"pealinik, peapaelaga",lõng,tekstiil
613704,ERM B 88:92,kirvetupp,niin,puit
613706,ERM B 88:94/ab,koonlapuu,kask,puit
613706,ERM B 88:94/ab,koonlapuu,mänd,puit
613706,ERM B 88:94/ab,koonlapuu,,puit
613706,ERM B 88:94/ab,koonlapuu,,puit
613707,ERM B 88:95/1-2,tikkimispuu,kask,puit
613707,ERM B 88:95/1-2,tikkimispuu,mänd,puit
613707,ERM B 88:95/1-2,tikkimispuu,,puit
613707,ERM B 88:95/1-2,tikkimispuu,,puit
613708,ERM B 88:96,koot,kask,puit
613708,ERM B 88:96,koot,nahk,puit
613708,ERM B 88:96,koot,nöör,puit
613708,ERM B 88:96,koot,rihm,puit
613708,ERM B 88:96,koot,takk,puit
613709,ERM B 88:97,koot,kask,puit
613709,ERM B 88:97,koot,nahk,puit
613709,ERM B 88:97,koot,rihm,puit
613710,ERM B 88:98,kõblas,kuusk,puit
613710,ERM B 88:98,kõblas,raud,metall
613711,ERM B 88:99,tikkimispuu,okaspuit,puit
613712,ERM B 88:100,lina(kanepi)hari,harjas,tekstiil
613712,ERM B 88:100,lina(kanepi)hari,jõhv,tekstiil
613712,ERM B 88:100,lina(kanepi)hari,lina,tekstiil
613712,ERM B 88:100,lina(kanepi)hari,vaik,tekstiil
613713,ERM B 88:101,lina(kanepi)hari,harjas,tekstiil
613713,ERM B 88:101,lina(kanepi)hari,lina,tekstiil
613713,ERM B 88:101,lina(kanepi)hari,loomne materjal,tekstiil
613714,ERM B 88:102,viisuliist,kask,puit
613715,ERM B 88:103,"viisuliist, lapse",kask,puit
613716,ERM B 88:104,"viisuliist, naise",mänd,puit
613717,ERM B 88:105,viisuliist,mänd,puit
613718,ERM B 88:106,viisuliist,kuusk,puit
613719,ERM B 88:107,viisuliist,mänd,puit
613720,ERM B 88:108,viisuliist,mänd,puit
613721,ERM B 88:109,viisuliist,kask,puit
613722,ERM B 88:110,õllenõu,mänd,puit
613722,ERM B 88:110,õllenõu,,puit
613722,ERM B 88:110,õllenõu,tamm,puit
613722,ERM B 88:110,õllenõu,toht,puit
613722,ERM B 88:110,õllenõu,,puit
613723,ERM B 88:111,"kulp, õlle",kask,puit
613724,ERM B 88:112,jooginõu,kask,puit
613725,ERM B 88:113,"marjanõu, laste",kask,puit
613725,ERM B 88:113,"marjanõu, laste",mänd,puit
613725,ERM B 88:113,"marjanõu, laste",,puit
613726,ERM B 88:114,"taldrik, laste",kask,puit
613727,ERM B 88:115,leivataldrik,kask,puit
613728,ERM B 99:40,villakraasi alus,kuusk,puit
613729,ERM B 99:41,karniisilaud,kuusk,puit
613730,ERM B 99:42,kaunistuslaud,kuusk,puit
613730,ERM B 99:42,kaunistuslaud,saar,puit
613731,ERM B 99:43,maakirves,raud,puit
613731,ERM B 99:43,maakirves,saar,puit
613732,ERM B 99:44,maakirves,kask,puit
613732,ERM B 99:44,maakirves,raud,metall
613733,ERM B 99:45,hang,raud,metall
613734,ERM B 99:46,lehmakell,metall,metall
613735,ERM B 99:47,kirka,kask,puit
613735,ERM B 99:47,kirka,raud,metall
613736,ERM B 99:48,põhjaõnged,kuusk,puit
613736,ERM B 99:48,põhjaõnged,metall,metall
613736,ERM B 99:48,põhjaõnged,nöör,tekstiil
613736,ERM B 99:48,põhjaõnged,puuvill,tekstiil
613737,ERM B 99:49,palgikoorimise raud,kuusk,puit
613737,ERM B 99:49,palgikoorimise raud,raud,metall
613738,ERM B 99:50,härghöövel,kask,puit
613738,ERM B 99:50,härghöövel,raud,metall
613739,ERM B 99:51,raamsaag,kask,puit
613739,ERM B 99:51,raamsaag,kuusk,puit
613739,ERM B 99:51,raamsaag,,
613739,ERM B 99:51,raamsaag,metall,metall
613739,ERM B 99:51,raamsaag,,puit
613740,ERM B 99:52/ab,kraasid,lepp,puit
613740,ERM B 99:52/ab,kraasid,metall,metall
613740,ERM B 99:52/ab,kraasid,nahk,puit
613741,ERM B 99:53/abc,kerilaud,kask,puit
613741,ERM B 99:53/abc,kerilaud,kuusk,puit
613741,ERM B 99:53/abc,kerilaud,,puit
613741,ERM B 99:53/abc,kerilaud,,puit
613742,ERM B 99:54,triikraud,kask,puit
613742,ERM B 99:54,triikraud,,
613742,ERM B 99:54,triikraud,raud,metall
613743,ERM B 99:55,nõu,haab,puit
613743,ERM B 99:55,nõu,kuusk,puit
613743,ERM B 99:55,nõu,,puit
613743,ERM B 99:55,nõu,raud,puit
613743,ERM B 99:55,nõu,vits,puit
613744,ERM B 99:56,nõu,savi,keraamika
613746,ERM B 99:57,nõu,savi,keraamika
613747,ERM B 99:58,nõu,savi,keraamika
613748,ERM B 99:59,leivanõu,mänd,puit
613748,ERM B 99:59,leivanõu,,puit
613748,ERM B 99:59,leivanõu,saar,puit
613749,ERM B 99:60,korv,mänd,puit
613749,ERM B 99:60,korv,paju,puit
613749,ERM B 99:60,korv,,puit
613753,ERM B 99:64,tool,kask,puit
613754,ERM B 99:65,kepp,lehtpuu,puit
613755,ERM B 99:66,pinnimishaamer,raud,metall
613755,ERM B 99:66,pinnimishaamer,tamm,puit
613756,ERM B 99:67,purjepoom,tamm,puit
613758,ERM B 100:1,"suvekuub, naiste",kalev (riidesort),tekstiil
613758,ERM B 100:1,"suvekuub, naiste",karusnahk,tekstiil
613758,ERM B 100:1,"suvekuub, naiste",orav,tekstiil
613758,ERM B 100:1,"suvekuub, naiste",pael,tekstiil
613758,ERM B 100:1,"suvekuub, naiste",puuvill,tekstiil
613759,ERM B 100:2,"vöö, naiste",vill,tekstiil
613759,ERM B 100:2,"vöö, naiste",lõng,tekstiil
613761,ERM B 100:4/1-2,ornamendiribad,nahk,nahk
613761,ERM B 100:4/1-2,ornamendiribad,põhjapõder,nahk
613761,ERM B 100:4/1-2,ornamendiribad,riideriba,tekstiil
613761,ERM B 100:4/1-2,ornamendiribad,vill,tekstiil
613763,ERM B 100:5,kott,nahk,nahk
613763,ERM B 100:5,kott,puuvill,nahk
613763,ERM B 100:5,kott,põhjapõder,nahk
613763,ERM B 100:5,kott,riideriba,nahk
613763,ERM B 100:5,kott,vill,nahk
613764,ERM B 100:6,kleit,puuvill,tekstiil
613764,ERM B 100:6,kleit,riie,tekstiil
613766,ERM B 100:8,kott,nahk,nahk
613766,ERM B 100:8,kott,,nahk
613766,ERM B 100:8,kott,riideriba,nahk
613766,ERM B 100:8,kott,põhjapõder,nahk
613766,ERM B 100:8,kott,vill,nahk
613768,ERM B 100:10,rinnaehe,helmed,klaas
613768,ERM B 100:10,rinnaehe,klaas,klaas
613768,ERM B 100:10,rinnaehe,looduslik kiud,tekstiil
613768,ERM B 100:10,rinnaehe,niit,tekstiil
613769,ERM B 100:11,rätik,kunstkiudmaterjal,tekstiil
613769,ERM B 100:11,rätik,kunstsiid,tekstiil
613769,ERM B 100:11,rätik,labane kangas,tekstiil
613769,ERM B 100:11,rätik,nöör,tekstiil
613769,ERM B 100:11,rätik,puuvill,tekstiil
613770,ERM B 100:12,pesuküna,kask,puit
613773,ERM B 100:15,kunstpatsid,alumiinium,metall
613773,ERM B 100:15,kunstpatsid,helmed,metall
613773,ERM B 100:15,kunstpatsid,klaas,klaas
613773,ERM B 100:15,kunstpatsid,,tekstiil
613773,ERM B 100:15,kunstpatsid,,
613773,ERM B 100:15,kunstpatsid,,
613773,ERM B 100:15,kunstpatsid,metall,metall
613773,ERM B 100:15,kunstpatsid,nööp,metall
613773,ERM B 100:15,kunstpatsid,riideriba,tekstiil
613773,ERM B 100:15,kunstpatsid,vask,metall
613773,ERM B 100:15,kunstpatsid,vill,tekstiil
613774,ERM B 100:16,kulp,kask,puit
613775,ERM B 100:17,kott,nahk,nahk
613775,ERM B 100:17,kott,põhjapõder,nahk
613775,ERM B 100:17,kott,riideriba,tekstiil
613775,ERM B 100:17,kott,vill,tekstiil
613776,ERM B 100:18,kaelaehe,helmed,klaas
613776,ERM B 100:18,kaelaehe,klaas,klaas
613776,ERM B 100:18,kaelaehe,looduslik kiud,tekstiil
613776,ERM B 100:18,kaelaehe,niit,tekstiil
613809,ERM B 115:3/1-2,võimasin,mänd,puit
613810,ERM B 115:4,räimevõrk,kask,tekstiil
613810,ERM B 115:4,räimevõrk,linane,tekstiil
613810,ERM B 115:4,räimevõrk,niit,tekstiil
613810,ERM B 115:4,räimevõrk,nöör,tekstiil
613810,ERM B 115:4,räimevõrk,,tekstiil
613810,ERM B 115:4,räimevõrk,puuvill,tekstiil
613810,ERM B 115:4,räimevõrk,,tekstiil
613811,ERM B 115:5,võrgunuga,raud,metall
613812,ERM B 115:6,liimeister,puit,puit
613812,ERM B 115:6,liimeister,raud,metall
613813,ERM B 115:7,võrguhark,kask,puit
613813,ERM B 115:7,võrguhark,nöör,puit
613814,ERM B 115:8,viipsik,kask,puit
613815,ERM B 115:9,käsikurikas,kask,puit
613816,ERM B 115:10/1-2,nahapihid,nahk,nahk
613816,ERM B 115:10/1-2,nahapihid,puit,puit
613817,ERM B 115:11/ab,saapad,nahk,nahk
613817,ERM B 115:11/ab,saapad,nael,nahk
613817,ERM B 115:11/ab,saapad,nahk,nahk
613817,ERM B 115:11/ab,saapad,puit,nahk
613817,ERM B 115:11/ab,saapad,raud,nahk
613817,ERM B 115:11/ab,saapad,,nahk
613817,ERM B 115:11/ab,saapad,,nahk
613818,ERM B 115:12,laualinik,puuvill,tekstiil
613819,ERM B 115:13,madratsikoti riie,lina,tekstiil
613819,ERM B 115:13,madratsikoti riie,puuvill,tekstiil
613821,ERM B 115:14,"aluspesu, aluspüksid, meeste",puuvill,tekstiil
613822,ERM B 115:15,"rangid, lehma",kask,puit
613822,ERM B 115:15,"rangid, lehma",nahk,puit
613823,ERM B 115:16,höövel,kask,puit
613823,ERM B 115:16,höövel,raud,puit
613824,ERM B 115:17,sirkel,haab,puit
613824,ERM B 115:17,sirkel,metall,metall
613825,ERM B 115:18,vaalikurikas,kask,puit
613826,ERM B 115:19,linahari,puit,puit
613826,ERM B 115:19,linahari,raud,metall
613827,ERM B 115:20,hui,puit,puit
613828,ERM B 115:21,suga,lina,puit
613828,ERM B 115:21,suga,nöör,puit
613828,ERM B 115:21,suga,puit,puit
613829,ERM B 115:22,suga,kuusk,puit
613830,ERM B 115:23,suga,lina,puit
613830,ERM B 115:23,suga,nöör,puit
613830,ERM B 115:23,suga,puit,puit
613831,ERM B 115:24,suga,lina,puit
613831,ERM B 115:24,suga,nöör,puit
613831,ERM B 115:24,suga,puit,puit
613832,ERM B 115:25,suga,kuusk,puit
613832,ERM B 115:25,suga,mänd,puit
613832,ERM B 115:25,suga,vaher,puit
613833,ERM B 115:26,kaltsuvaip,lina,tekstiil
613833,ERM B 115:26,kaltsuvaip,puuvill,tekstiil
613836,ERM B 115:29,kapsariiv,kuusk,puit
613836,ERM B 115:29,kapsariiv,metall,metall
613836,ERM B 115:29,kapsariiv,mänd,puit
613837,ERM B 115:30,tool,kask,puit
613837,ERM B 115:30,tool,raud,metall
613837,ERM B 115:30,tool,vineer,puit
613838,ERM B 115:31,"nagi, käteräti",puit,puit
613838,ERM B 115:31,"nagi, käteräti",vineer,puit
613839,ERM B 115:32,kaltsuvaip,lina,tekstiil
613839,ERM B 115:32,kaltsuvaip,puuvill,tekstiil
613840,ERM B 115:33,uurdesaag,kask,puit
613840,ERM B 115:33,uurdesaag,teras,metall
613841,ERM B 115:34,tõukeraud,nöör,tekstiil
613841,ERM B 115:34,tõukeraud,puuvill,tekstiil
613841,ERM B 115:34,tõukeraud,raud,metall
613843,ERM B 116:1,peibutuspart,mänd,puit
613843,ERM B 116:1,peibutuspart,raud,metall
613845,ERM B 116:2,peibutuspart,haab,puit
613845,ERM B 116:2,peibutuspart,raud,metall
613846,ERM B 116:3,peibutuspart,haab,puit
613846,ERM B 116:3,peibutuspart,raud,metall
613847,ERM B 116:4,"peibutuspart, topis",nahk,nahk
613847,ERM B 116:4,"peibutuspart, topis",nöör,tekstiil
613847,ERM B 116:4,"peibutuspart, topis",puuvill,tekstiil
613847,ERM B 116:4,"peibutuspart, topis",raud,metall
613847,ERM B 116:4,"peibutuspart, topis",sulg,nahk
613847,ERM B 116:4,"peibutuspart, topis",traat,metall
613848,ERM B 116:5,kotike,karusnahk,nahk
613849,ERM B 116:6,kleit,puuvill,tekstiil
613850,ERM B 116:7,"kleit, tüdrukute",puuvill,tekstiil
613852,ERM B 116:9/1-2,"plaadid, põhjapõdrarakendi",luu,luu
613860,ERM B 133:30,õllekopp,kirss,puit
613860,ERM B 133:30,õllekopp,kirss,puit
613861,ERM B 133:31,õllekopp,kask,puit
613862,ERM B 133:32,õllekopp,kask,puit
613863,ERM B 133:33,õllekopp,kask,puit
613864,ERM B 133:34,võikauss,kuusk,puit
613865,ERM B 133:35,meekauss,kuusk,puit
613866,ERM B 133:36,adra vannas,raud,metall
613869,ERM B 133:39,"peakate, naiste",lina,tekstiil
613869,ERM B 133:39,"peakate, naiste",metall,metall
613869,ERM B 133:39,"peakate, naiste",raha,metall
613869,ERM B 133:39,"peakate, naiste",riie,tekstiil
613869,ERM B 133:39,"peakate, naiste",tikand,tekstiil
613869,ERM B 133:39,"peakate, naiste",vill,tekstiil
613872,ERM B 133:42,kopp,vaher,puit
613874,ERM B 133:44,võikauss,pärn,puit
613875,ERM B 133:45/ab,viisud,niin,puit
613876,ERM B 133:46,korv,niin,puit
613877,ERM B 133:47,pudrukopp,kuusk,puit
613878,ERM B 133:48/ab,viisud,niin,puit
613878,ERM B 133:48/ab,viisud,pärn,puit
613889,ERM B 133:59/ab,viisud,niin,puit
613889,ERM B 133:59/ab,viisud,pärn,puit
613891,ERM B 133:61,"särk, meeste",kanep,tekstiil
613891,ERM B 133:61,"särk, meeste",looduslik kiud,tekstiil
613891,ERM B 133:61,"särk, meeste",vill,tekstiil
613905,ERM B 143:68,karu käpp,karu,nahk
613905,ERM B 143:68,karu käpp,karusnahk,nahk
613908,ERM B 143:71,ohvrinool,kask,puit
613908,ERM B 143:71,ohvrinool,puuvill,tekstiil
613908,ERM B 143:71,ohvrinool,raud,metall
613909,ERM B 143:72,ohvrinool,kask,puit
613909,ERM B 143:72,ohvrinool,puuvill,tekstiil
613909,ERM B 143:72,ohvrinool,raud,metall
613910,ERM B 143:73/ab,ohvrinooled,kask,puit
613910,ERM B 143:73/ab,ohvrinooled,puuvill,tekstiil
613910,ERM B 143:73/ab,ohvrinooled,raud,metall
613913,ERM B 143:76,karupeo laulude pulk,seeder,puit
613914,ERM B 143:77,karupeo laulude pulk,seeder,puit
613915,ERM B 143:78,karupeo laulude pulk,seeder,puit
613916,ERM B 143:79,karupeo laulude pulk,seeder,puit
613917,ERM B 143:80,karupeo laulude pulk,seeder,puit
613918,ERM B 143:81,karupeo laulude pulk,seeder,puit
613919,ERM B 143:82,karupeo laulude pulk,seeder,puit
613922,ERM B 143:85/a-f,"kultusese, nukk",karusnahk,nahk
613922,ERM B 143:85/a-f,"kultusese, nukk",paber,paber
613922,ERM B 143:85/a-f,"kultusese, nukk",puit,puit
613922,ERM B 143:85/a-f,"kultusese, nukk",puuvill,tekstiil
613922,ERM B 143:85/a-f,"kultusese, nukk",põhjapõder,nahk
613926,ERM B 143:89/ab,käsitöötoos,lina,tekstiil
613926,ERM B 143:89/ab,käsitöötoos,niit,tekstiil
613926,ERM B 143:89/ab,käsitöötoos,toht,puit
613927,ERM B 143:90,nool,niin,metall
613927,ERM B 143:90,nool,,metall
613927,ERM B 143:90,nool,raud,metall
613927,ERM B 143:90,nool,seeder,puit
613927,ERM B 143:90,nool,,puit
613928,ERM B 143:91,nool,,metall
613928,ERM B 143:91,nool,paju,metall
613928,ERM B 143:91,nool,raud,metall
613928,ERM B 143:91,nool,seeder,puit
613928,ERM B 143:91,nool,,puit
613928,ERM B 143:91,nool,vits,puit
613929,ERM B 143:92,nool,,metall
613929,ERM B 143:92,nool,raud,metall
613929,ERM B 143:92,nool,seeder,puit
613929,ERM B 143:92,nool,,metall
613930,ERM B 143:93,nool,mähisriba,metall
613930,ERM B 143:93,nool,niin,metall
613930,ERM B 143:93,nool,,metall
613930,ERM B 143:93,nool,raud,metall
613930,ERM B 143:93,nool,seeder,metall
613930,ERM B 143:93,nool,,metall
613930,ERM B 143:93,nool,vilt,metall
613936,ERM B 143:99,vibupuur,kask,puit
613936,ERM B 143:99,vibupuur,nahk,nahk
613936,ERM B 143:99,vibupuur,raud,metall
613937,ERM B 143:100,kulp,seeder,puit
613938,ERM B 143:101,õng,alumiinium,metall
613938,ERM B 143:101,õng,ketas,
613938,ERM B 143:101,õng,,metall
613938,ERM B 143:101,õng,,
613938,ERM B 143:101,õng,puuvill,tekstiil
613938,ERM B 143:101,õng,raud,metall
613938,ERM B 143:101,õng,,tekstiil
613938,ERM B 143:101,õng,lõng,tekstiil
613938,ERM B 143:101,õng,vask,metall
613940,ERM B 144:1,vaip,karusnahk,nahk
613940,ERM B 144:1,vaip,puuvill,tekstiil
613940,ERM B 144:1,vaip,seemisnahk,nahk
613941,ERM B 144:2,vaip,puuvill,tekstiil
613941,ERM B 144:2,vaip,vill,tekstiil
613942,ERM B 144:3,ilukäterätt,puuvill,tekstiil
613943,ERM B 144:4/ab,viisud,niin,puit
613943,ERM B 144:4/ab,viisud,pärn,puit
613944,ERM B 144:5,"särk, naiste",lina,tekstiil
613944,ERM B 144:5,"särk, naiste",vill,tekstiil
613945,ERM B 144:6,ilukäterätt,puuvill,tekstiil
613945,ERM B 144:6,ilukäterätt,vill,tekstiil
613946,ERM B 144:7,kosjakepp,kask,puit
613947,ERM B 144:8,seinataldrik,kask,puit
613948,ERM B 144:9,dekoratiivtaldrik,kask,puit
613949,ERM B 144:10,joogikapp,haab,puit
613950,ERM B 144:11,joogikapp,haab,puit
613951,ERM B 145:1,tubakauhmer,kask,puit
613952,ERM B 145:2,"õng, hargi ja nööriga",kask,puit
613952,ERM B 145:2,"õng, hargi ja nööriga",metall,metall
613952,ERM B 145:2,"õng, hargi ja nööriga",puuvill,tekstiil
613952,ERM B 145:2,"õng, hargi ja nööriga",traat,metall
613953,ERM B 146:1,särk-kleit,lina,tekstiil
613953,ERM B 146:1,särk-kleit,puuvill,tekstiil
613954,ERM B 159:126/ab,viisud,niin,puit
613954,ERM B 159:126/ab,viisud,pärn,puit
613955,ERM B 159:127,märss,,
613955,ERM B 159:127,märss,metall,metall
613955,ERM B 159:127,märss,nahk,nahk
613955,ERM B 159:127,märss,puit,puit
613955,ERM B 159:127,märss,,puit
613955,ERM B 159:127,märss,toht,puit
613956,ERM B 159:128,nõu,kask,puit
613956,ERM B 159:128,nõu,toht,puit
613957,ERM B 159:129,leivavorm,puit,puit
613958,ERM B 159:130,leivavorm,puit,puit
613959,ERM B 159:131/ab,"viisud, laste",pärn,puit
613960,ERM B 159:132,nõu,kanep,puit
613960,ERM B 159:132,nõu,kask,puit
613960,ERM B 159:132,nõu,nöör,puit
613960,ERM B 159:132,nõu,,puit
613960,ERM B 159:132,nõu,toht,puit
613961,ERM B 159:133,nõu,kask,puit
613961,ERM B 159:133,nõu,,puit
613961,ERM B 159:133,nõu,toht,puit
613962,ERM B 159:134,häll,pilliroog,puit
613963,ERM B 159:135,niiepöör,kask,puit
613964,ERM B 159:136,voodikate,lina,tekstiil
613964,ERM B 159:136,voodikate,vill,tekstiil
613965,ERM B 159:137,käterätt,lina,tekstiil
613966,ERM B 159:138,jalgrätt,looduslik kiud,tekstiil
613967,ERM B 159:139,seeliku ääris,lina,tekstiil
613968,ERM B 159:140,viisuluda,puit,puit
613968,ERM B 159:140,viisuluda,raud,metall
613969,ERM B 159:141,nõu,kask,puit
613969,ERM B 159:141,nõu,,puit
613969,ERM B 159:141,nõu,toht,puit
613970,ERM B 159:142,poolivokk,lehtpuu,puit
613970,ERM B 159:142,poolivokk,metall,puit
613970,ERM B 159:142,poolivokk,traat,puit
613971,ERM B 159:143,"poolivokk, detail",metall,metall
613973,ERM B 160:1,pesukurikas,puit,puit
613974,ERM B 160:2,kinnas,,
613974,ERM B 160:2,kinnas,vill,tekstiil
613975,ERM B 160:3,koonlapuu,lehtpuu,puit
613976,ERM B 160:4,koonlapuu,lehtpuu,puit
613978,ERM B 160:6,viisk,lepp,puit
613979,ERM B 160:8,ropsimõõk,lehtpuu,puit
613980,ERM B 160:7,pesukurikas,lehtpuu,puit
613981,ERM B 160:9,tikkimispuu,lehtpuu,puit
613982,ERM B 160:10,klaasihoidja,metall,metall
613983,ERM B 160:11,klaasihoidja,metall,metall
613985,ERM B 161:1,raamsaag,metall,metall
613985,ERM B 161:1,raamsaag,puit,puit
613986,ERM B 161:2/ab,"puss, tupega",metall,metall
613986,ERM B 161:2/ab,"puss, tupega",nahk,nahk
613986,ERM B 161:2/ab,"puss, tupega",puit,puit
613986,ERM B 161:2/ab,"puss, tupega",pöök,puit
613987,ERM B 161:3,linahari,kuusk,puit
613987,ERM B 161:3,linahari,metall,metall
613988,ERM B 161:4,jääraud,köis,tekstiil
613988,ERM B 161:4,jääraud,linane,tekstiil
613988,ERM B 161:4,jääraud,raud,metall
613989,ERM B 161:5,"kirves, puulõhkumise",kask,puit
613989,ERM B 161:5,"kirves, puulõhkumise",teras,metall
613990,ERM B 161:6,jäätuur,kuusk,puit
613990,ERM B 161:6,jäätuur,teras,metall
613990,ERM B 161:6,jäätuur,,
613991,ERM B 161:7/1-14,katusepilpad,mänd,puit
613992,ERM B 161:8,pott,savi,keraamika
613993,ERM B 161:9,triikraud,lehtpuu,puit
613993,ERM B 161:9,triikraud,malm,metall
613993,ERM B 161:9,triikraud,teras,metall
613994,ERM B 161:10,pudrumänd,okaspuit,puit
613995,ERM B 161:11,"käterätt, katkend",lina,tekstiil
613995,ERM B 161:11,"käterätt, katkend",puuvill,tekstiil
613997,ERM B 161:13,korv,mänd,puit
613998,ERM B 161:14,pilpanuga,kask,puit
613998,ERM B 161:14,pilpanuga,teras,metall
613999,ERM B 161:15,peitel,kask,puit
613999,ERM B 161:15,peitel,teras,metall
614000,ERM B 161:16,naaskel,kask,puit
614000,ERM B 161:16,naaskel,teras,metall
614097,ERM B 169:59,pealinik,labane kangas,tekstiil
614097,ERM B 169:59,pealinik,linane,tekstiil
614097,ERM B 169:59,pealinik,lõng,tekstiil
614097,ERM B 169:59,pealinik,vill,tekstiil
614110,ERM B 169:70,"piits, pulma",heegelpits,tekstiil
614110,ERM B 169:70,"piits, pulma",puit,tekstiil
614110,ERM B 169:70,"piits, pulma",puuvill,tekstiil
614110,ERM B 169:70,"piits, pulma",riie,tekstiil
614111,ERM B 169:71,pealinik,kangas,tekstiil
614111,ERM B 169:71,pealinik,linane,tekstiil
614111,ERM B 169:71,pealinik,lõng,tekstiil
614111,ERM B 169:71,pealinik,pael,tekstiil
614111,ERM B 169:71,pealinik,vill,tekstiil
614111,ERM B 169:71,pealinik,vill,tekstiil
614112,ERM B 169:72/ab,"jalarätid, pulma",,tekstiil
614112,ERM B 169:72/ab,"jalarätid, pulma",vill,tekstiil
614118,ERM B 169:77,suga,okaspuit,puit
614119,ERM B 169:78,suga,okaspuit,puit
614120,ERM B 169:79,suga,okaspuit,puit
614121,ERM B 169:80,niied,lehtpuu,puit
614121,ERM B 169:80,niied,takk,puit
614122,ERM B 169:81,niied,lehtpuu,puit
614122,ERM B 169:81,niied,takk,puit
614124,ERM B 169:82,niied,lehtpuu,puit
614124,ERM B 169:82,niied,takk,puit
614125,ERM B 169:83,niied,puit,puit
614125,ERM B 169:83,niied,takk,puit
614128,ERM B 169:86/ab,viisud,niin,puit
614128,ERM B 169:86/ab,viisud,pärn,puit
614129,ERM B 169:87,värten,kask,puit
614130,ERM B 169:88,värten,kask,puit
614131,ERM B 169:89,leivavorm,lehtpuu,puit
614132,ERM B 169:90,kott,nahk,nahk
614132,ERM B 169:90,kott,,nahk
614133,ERM B 169:91,kangakeha,pärn,puit
614135,ERM B 169:93,niiepöörad,puit,puit
614135,ERM B 169:93,niiepöörad,puuvill,puit
614136,ERM B 169:94,"sedelgas, pulma",metall,metall
614136,ERM B 169:94,"sedelgas, pulma",nahk,nahk
614136,ERM B 169:94,"sedelgas, pulma",takk,tekstiil
614136,ERM B 169:94,"sedelgas, pulma",,tekstiil
614136,ERM B 169:94,"sedelgas, pulma",vilt,tekstiil
614137,ERM B 169:95,look,puit,puit
614138,ERM B 169:96,taignaküna,okaspuit,puit
614140,ERM B 169:92,sülemikorv,kangas,tekstiil
614140,ERM B 169:92,sülemikorv,niin,
614140,ERM B 169:92,sülemikorv,pärn,puit
614140,ERM B 169:92,sülemikorv,takk,
614141,ERM B 169:97,kütke,lehtpuu,puit
614141,ERM B 169:97,kütke,nöör,puit
614141,ERM B 169:97,kütke,takk,puit
614142,ERM B 169:98,kell,raud,metall
614142,ERM B 169:98,kell,vask,metall
614143,ERM B 169:99/ab,viisud,niin,puit
614143,ERM B 169:99/ab,viisud,pärn,puit
614167,ERM B 172:1,puur,kask,puit
614167,ERM B 172:1,puur,metall,metall
614168,ERM B 172:2,nooleots,teras,metall
614170,ERM B 172:3/ab,vakk,juured,puit
614170,ERM B 172:3/ab,vakk,nahk,nahk
614170,ERM B 172:3/ab,vakk,rihm,tekstiil
614172,ERM B 172:5,lusikas,lehtpuu,puit
614194,ERM B 76:20,kätepesunõu,malm,metall
614194,ERM B 76:20,kätepesunõu,raud,metall
614194,ERM B 76:20,kätepesunõu,,metall
614195,ERM B 76:21,püssirohusarv,,
614195,ERM B 76:21,püssirohusarv,oinas,luu
614195,ERM B 76:21,püssirohusarv,puit,puit
614195,ERM B 76:21,püssirohusarv,sarv,luu
614196,ERM B 76:22,pütt,haab,puit
614197,ERM B 76:23/ab,kandekott,niin,puit
614197,ERM B 76:23/ab,kandekott,puit,puit
614198,ERM B 76:24,linahari,harjas,nahk
614198,ERM B 76:24,linahari,nahk,nahk
614198,ERM B 76:24,linahari,siga,nahk
614199,ERM B 76:25,leivavorm,niin,puit
614200,ERM B 76:26/ab,"viisud, naiste",niin,puit
614201,ERM B 76:27,leivavorm,niin,puit
614201,ERM B 76:27,leivavorm,õlg,puit
614208,ERM B 76:31,vilepill,alumiinium,metall
614209,ERM B 76:32,"särk, naiste",kanep,tekstiil
614210,ERM B 76:33,"särk, naiste",kanep,tekstiil
614212,ERM B 76:35/ab,ehe,kaurikarp,luu
614212,ERM B 76:35/ab,ehe,looduslik materjal,
614212,ERM B 76:35/ab,ehe,mineraal,kivim
614212,ERM B 76:35/ab,ehe,vill,tekstiil
614215,ERM B 76:37,"särk, meeste",kanep,tekstiil
614216,ERM B 76:38,"särk, naiste",kanep,tekstiil
614217,ERM B 76:39,õllekapp,kask,puit
614218,ERM B 76:40,suga,kask,puit
614230,ERM B 76:52,särk,kanep,tekstiil
614230,ERM B 76:52,särk,vill,tekstiil
614231,ERM B 76:53,vöö,lõng,tekstiil
614231,ERM B 76:53,vöö,pärl,tekstiil
614231,ERM B 76:53,vöö,vill,tekstiil
614232,ERM B 76:54,"kaelaehe, rahadega",hõbe,metall
614232,ERM B 76:54,"kaelaehe, rahadega",nahk,metall
614232,ERM B 76:54,"kaelaehe, rahadega",,metall
614236,ERM B 76:58,"särk, naiste",kanep,tekstiil
614236,ERM B 76:58,"särk, naiste",puuvill,tekstiil
614241,ERM B 76:62,kauss,kask,puit
614242,ERM B 76:63,lihalaud,kask,puit
614243,ERM B 76:64,sirp,puit,puit
614243,ERM B 76:64,sirp,raud,metall
614244,ERM B 76:65,särk,kanep,tekstiil
614244,ERM B 76:65,särk,vill,tekstiil
614245,ERM B 76:66,"rinnaehe, rahadega",hõbe,metall
614245,ERM B 76:66,"rinnaehe, rahadega",metall,metall
614245,ERM B 76:66,"rinnaehe, rahadega",nahk,metall
614245,ERM B 76:66,"rinnaehe, rahadega",,metall
614246,ERM B 76:67,"rinnaehe, rahadega",hõbe,metall
614246,ERM B 76:67,"rinnaehe, rahadega",,metall
614247,ERM B 88:116,jahupütt,kask,puit
614247,ERM B 88:116,jahupütt,mänd,puit
614247,ERM B 88:116,jahupütt,,puit
614248,ERM B 88:117,lastetool,kask,puit
614249,ERM B 88:118,kurikas,kask,puit
614250,ERM B 88:119,lõngakeha,lehtpuu,puit
614251,ERM B 88:120,viipsik,haab,puit
614252,ERM B 88:121,viipsik,haab,puit
614252,ERM B 88:121,viipsik,lina,puit
614252,ERM B 88:121,viipsik,nöör,puit
614253,ERM B 88:122,vokk,kask,puit
614254,ERM B 88:123,kirves,kask,puit
614254,ERM B 88:123,kirves,raud,metall
614255,ERM B 88:124/abc,kerilauad,metall,metall
614255,ERM B 88:124/abc,kerilauad,mänd,puit
614256,ERM B 88:125,süstik,kask,puit
614257,ERM B 88:126,süstik,kask,puit
614257,ERM B 88:126,süstik,metall,metall
614258,ERM B 88:127/ab,süstik,kask,puit
614259,ERM B 88:128,"lõngakeha, lõngaga",lehtpuu,puit
614259,ERM B 88:128,"lõngakeha, lõngaga",lina,puit
614260,ERM B 88:129,pesunui,kask,puit
614261,ERM B 88:130,koonlapuu,kask,puit
614261,ERM B 88:130,koonlapuu,kuusk,puit
614261,ERM B 88:130,koonlapuu,,puit
614261,ERM B 88:130,koonlapuu,,puit
614262,ERM B 88:131/a-k,kangaspuud,kask,puit
614262,ERM B 88:131/a-k,kangaspuud,lina,puit
614263,ERM B 88:132,koot,kask,puit
614263,ERM B 88:132,koot,kolk,puit
614263,ERM B 88:132,koot,nahk,puit
614263,ERM B 88:132,koot,okaspuit,puit
614263,ERM B 88:132,koot,rihm,puit
614263,ERM B 88:132,koot,,puit
614264,ERM B 88:133,"tool, kokkukäiv",kask,puit
614265,ERM B 88:134/ab,pütt,kuusk,puit
614265,ERM B 88:134/ab,pütt,lehtpuu,puit
614265,ERM B 88:134/ab,pütt,vits,puit
614265,ERM B 88:134/ab,pütt,,puit
614266,ERM B 88:135,marjatorbik,lehtpuu,puit
614267,ERM B 88:137,pesunõu,okaspuit,puit
614268,ERM B 88:138,koorma köierõngas,kask,puit
614268,ERM B 88:138,koorma köierõngas,niin,puit
614269,ERM B 88:136,nõu,savi,keraamika
614270,ERM B 88:139,koorma köierõngas,kask,puit
614271,ERM B 88:140,voolmed,kask,puit
614271,ERM B 88:140,voolmed,raud,metall
614272,ERM B 88:141,nagi,lehtpuu,puit
614272,ERM B 88:141,nagi,nahk,puit
614272,ERM B 88:141,nagi,rihm,puit
614273,ERM B 88:142,sirp,kask,puit
614273,ERM B 88:142,sirp,raud,metall
614274,ERM B 88:143,külimit,lehtpuu,puit
614274,ERM B 88:143,külimit,niin,puit
614275,ERM B 88:144,kohupiimapütt,kask,puit
614276,ERM B 88:145,võipütt,kask,puit
614276,ERM B 88:145,võipütt,kuusk,puit
614276,ERM B 88:145,võipütt,,puit
614277,ERM B 88:146,piimanõu,savi,keraamika
614278,ERM B 88:147/ab,"labakindad, meeste",lõng,tekstiil
614278,ERM B 88:147/ab,"labakindad, meeste",vill,tekstiil
614279,ERM B 88:148,nõu,kuusk,puit
614279,ERM B 88:148,nõu,,puit
614279,ERM B 88:148,nõu,toht,puit
614280,ERM B 88:149,marjatorbik,lehtpuu,puit
614280,ERM B 88:149,marjatorbik,metall,puit
614280,ERM B 88:149,marjatorbik,traat,puit
614281,ERM B 88:150,sõnnikukonks,raud,metall
614282,ERM B 88:151/ab,aisa kinnitusvõrud,niin,puit
614283,ERM B 88:152,kedervars,kask,puit
614284,ERM B 88:153,kedervars,kask,puit
614285,ERM B 88:154,kedervars,kask,puit
614286,ERM B 88:155,kedervars,kask,puit
614287,ERM B 88:156,kedervars,kask,puit
614288,ERM B 88:157,koonlapuu,kuusk,puit
614288,ERM B 88:157,koonlapuu,lina,puit
614291,ERM B 88:160,latern,klaas,klaas
614291,ERM B 88:160,latern,,
614291,ERM B 88:160,latern,kuusk,puit
614291,ERM B 88:160,latern,lehtpuu,puit
614291,ERM B 88:160,latern,metall,metall
614291,ERM B 88:160,latern,traat,metall
614292,ERM B 89:1,karuäke,kuusk,puit
614292,ERM B 89:1,karuäke,paju,puit
614293,ERM B 89:2,harkader,kask,puit
614293,ERM B 89:2,harkader,nöör,tekstiil
614293,ERM B 89:2,harkader,paju,puit
614293,ERM B 89:2,harkader,raud,metall
614294,ERM B 89:3,regi,kask,puit
614295,ERM B 89:4/ab,suusad,haab,puit
614295,ERM B 89:4/ab,suusad,nahk,puit
614295,ERM B 89:4/ab,suusad,rihm,puit
614295,ERM B 89:4/ab,suusad,toht,puit
614296,ERM B 89:5,hang,kuusk,puit
614297,ERM B 89:6,latern,klaas,klaas
614297,ERM B 89:6,latern,kuusk,puit
614297,ERM B 89:6,latern,metall,metall
614297,ERM B 89:6,latern,nahk,tekstiil
614297,ERM B 89:6,latern,plekk,metall
614297,ERM B 89:6,latern,rihm,tekstiil
614298,ERM B 89:7,laud,kuusk,puit
614299,ERM B 100:20,kunstpatsid,kalev (riidesort),tekstiil
614299,ERM B 100:20,kunstpatsid,lõng,tekstiil
614299,ERM B 100:20,kunstpatsid,metall,tekstiil
614299,ERM B 100:20,kunstpatsid,vill,tekstiil
614301,ERM B 100:22,vibupuur,kask,puit
614301,ERM B 100:22,vibupuur,nahk,nahk
614301,ERM B 100:22,vibupuur,raud,metall
614302,ERM B 100:23,vaagen,kask,puit
614303,ERM B 100:24/ab,tubakatoos,alumiinium,metall
614303,ERM B 100:24/ab,tubakatoos,kask,puit
614303,ERM B 100:24/ab,tubakatoos,nahk,nahk
614303,ERM B 100:24/ab,tubakatoos,,
614303,ERM B 100:24/ab,tubakatoos,,
614303,ERM B 100:24/ab,tubakatoos,rihm,nahk
614307,ERM B 100:27,kott,nahk,nahk
614309,ERM B 100:30/ab,karp,niit,puit
614309,ERM B 100:30/ab,karp,puuvill,puit
614309,ERM B 100:30/ab,karp,toht,puit
614309,ERM B 100:30/ab,karp,toomingas,puit
614309,ERM B 100:30/ab,karp,,puit
614313,ERM B 100:33,kleit,nööp,tekstiil
614313,ERM B 100:33,kleit,plast,tekstiil
614313,ERM B 100:33,kleit,sits (riidesort),tekstiil
614314,ERM B 100:34,"suvekuub, naiste",kalev (riidesort),tekstiil
614314,ERM B 100:34,"suvekuub, naiste",nahk,tekstiil
614314,ERM B 100:34,"suvekuub, naiste",puuvill,tekstiil
614315,ERM B 100:35,pearätik,puuvill,tekstiil
614315,ERM B 100:35,pearätik,sits (riidesort),tekstiil
614316,ERM B 100:36,lehvik,niit,tekstiil
614316,ERM B 100:36,lehvik,puit,tekstiil
614316,ERM B 100:36,lehvik,puuvill,tekstiil
614316,ERM B 100:36,lehvik,sulg,tekstiil
614317,ERM B 100:37,häll,nahk,puit
614317,ERM B 100:37,häll,toht,puit
614317,ERM B 100:37,häll,toomingas,puit
614317,ERM B 100:37,häll,vits,puit
614318,ERM B 100:38/ab,karp,nahk,nahk
614318,ERM B 100:38/ab,karp,rihm,nahk
614318,ERM B 100:38/ab,karp,toht,puit
614318,ERM B 100:38/ab,karp,toomingas,puit
614318,ERM B 100:38/ab,karp,,puit
614319,ERM B 100:39/ab,tubakatoos,alumiinium,metall
614319,ERM B 100:39/ab,tubakatoos,okaspuit,puit
614319,ERM B 100:39/ab,tubakatoos,pael,tekstiil
614319,ERM B 100:39/ab,tubakatoos,puuvill,tekstiil
614319,ERM B 100:39/ab,tubakatoos,,
614319,ERM B 100:39/ab,tubakatoos,,puit
614320,ERM B 100:40,võrgunõel,okaspuit,puit
614322,ERM B 100:41,"võrgunõel, niidiga",kapron,puit
614322,ERM B 100:41,"võrgunõel, niidiga",okaspuit,puit
614322,ERM B 100:41,"võrgunõel, niidiga",tehiskiud,puit
614323,ERM B 100:42,"võrgunõel, niidiga",kapron,tekstiil
614323,ERM B 100:42,"võrgunõel, niidiga",kask,puit
614323,ERM B 100:42,"võrgunõel, niidiga",tehiskiud,tekstiil
614324,ERM B 100:43,"võrgunõel, niidiga",kask,puit
614325,ERM B 100:44,nõelapadi,kalev (riidesort),tekstiil
614325,ERM B 100:44,nõelapadi,,tekstiil
614325,ERM B 100:44,nõelapadi,sits (riidesort),tekstiil
614325,ERM B 100:44,nõelapadi,,tekstiil
614326,ERM B 100:45,parmupill,põhjapõder,luu
614326,ERM B 100:45,parmupill,sarv,luu
614327,ERM B 100:46/1-3,"pulgad, nugise naha kuivatamise",,puit
614327,ERM B 100:46/1-3,"pulgad, nugise naha kuivatamise",,puit
614327,ERM B 100:46/1-3,"pulgad, nugise naha kuivatamise",,puit
614327,ERM B 100:46/1-3,"pulgad, nugise naha kuivatamise",kask,puit
614327,ERM B 100:46/1-3,"pulgad, nugise naha kuivatamise",okaspuit,puit
614329,ERM B 100:47/ab,"saapad, naiste",karusnahk,nahk
614330,ERM B 100:48/ab,"labakindad, laste",lõng,tekstiil
614330,ERM B 100:48/ab,"labakindad, laste",vill,tekstiil
614332,ERM B 100:49,kott,metall,nahk
614332,ERM B 100:49,kott,nahk,nahk
614332,ERM B 100:49,kott,põhjapõder,nahk
614332,ERM B 100:49,kott,raud,nahk
614332,ERM B 100:49,kott,alumiinium ja vasktraat,nahk
614332,ERM B 100:49,kott,nööp,nahk
614332,ERM B 100:49,kott,kopikas,nahk
614332,ERM B 100:49,kott,riideriba,nahk
614332,ERM B 100:49,kott,vill,nahk
614336,ERM B 101:1,ehtekarp,papp,paber
614336,ERM B 101:1,ehtekarp,õlg,puit
614339,ERM B 101:3,võsakiin,nahk,nahk
614339,ERM B 101:3,võsakiin,raud,metall
614340,ERM B 101:4,vikati vars,kuusk,puit
614341,ERM B 101:5,kartulikonks,kuusk,puit
614341,ERM B 101:5,kartulikonks,raud,metall
614342,ERM B 101:6,nui,kuusk,puit
614342,ERM B 101:6,nui,puit,puit
614344,ERM B 101:7,katuselasn,haab,puit
614345,ERM B 101:8,suga,kuusk,puit
614345,ERM B 101:8,suga,lepp,puit
614345,ERM B 101:8,suga,lina,puit
614345,ERM B 101:8,suga,nöör,puit
614345,ERM B 101:8,suga,,puit
614345,ERM B 101:8,suga,,puit
614354,ERM B 103:1,nõu,toht,puit
614356,ERM B 103:2,kopp,kask,puit
614357,ERM B 103:3,koonalpuu,kuusk,puit
614358,ERM B 103:4,soalaad,kask,puit
614359,ERM B 103:5,süstik,kuusk,puit
614360,ERM B 103:6,soolatops,toht,puit
614361,ERM B 103:7,soolatops,toht,puit
614362,ERM B 103:8,poolivokk,kuusk,puit
614363,ERM B 103:9,koonalpuu,kuusk,puit
614364,ERM B 103:10,märss,lina,puit
614364,ERM B 103:10,märss,pael,puit
614364,ERM B 103:10,märss,toht,puit
614366,ERM B 103:12,häll,,puit
614366,ERM B 103:12,häll,paju,puit
614366,ERM B 103:12,häll,pärn,puit
614367,ERM B 103:13,süstik,kuusk,puit
614369,ERM B 103:15,nõu,okaspuit,puit
614370,ERM B 103:16,nõu,savi,keraamika
614370,ERM B 103:16,nõu,toht,keraamika
614371,ERM B 103:17,kellakapp,klaas,klaas
614371,ERM B 103:17,kellakapp,kuusk,puit
614372,ERM B 103:18,koonalpuu,lehtpuu,puit
614373,ERM B 103:19,värten,kask,puit
614374,ERM B 103:20,soalaad,kuusk,puit
614374,ERM B 103:20,soalaad,mänd,puit
614374,ERM B 103:20,soalaad,,puit
614375,ERM B 116:10/ab,"plaadid, põhjapõdrarakendi",luu,luu
614376,ERM B 116:11,sõrmus,vask,metall
614377,ERM B 116:12,ohvrivaip,karusnahk,nahk
614377,ERM B 116:12,ohvrivaip,metall,metall
614377,ERM B 116:12,ohvrivaip,paber,paber
614377,ERM B 116:12,ohvrivaip,puuvill,tekstiil
614377,ERM B 116:12,ohvrivaip,vill,tekstiil
614378,ERM B 116:13,"rinnaehe, tüdrukute",klaas,klaas
614378,ERM B 116:13,"rinnaehe, tüdrukute",metall,metall
614378,ERM B 116:13,"rinnaehe, tüdrukute",vill,tekstiil
614379,ERM B 116:14/abc,"vöö, noa ja luisuga, meeste",metall,nahk
614379,ERM B 116:14/abc,"vöö, noa ja luisuga, meeste",nahk,nahk
614379,ERM B 116:14/abc,"vöö, noa ja luisuga, meeste",neet,nahk
614380,ERM B 116:15,vaagen,kask,puit
614381,ERM B 116:16/ab,tubakatoos,nahk,nahk
614381,ERM B 116:16/ab,tubakatoos,okaspuit,puit
614381,ERM B 116:16/ab,tubakatoos,vask,metall
614382,ERM B 116:17/ab,"karvasaapad, tüdrukute",karusnahk,nahk
614383,ERM B 116:18/ab,sokid,karusnahk,nahk
614384,ERM B 116:19,"müts, tüdrukute",karusnahk,nahk
614384,ERM B 116:19,"müts, tüdrukute",,nahk
614385,ERM B 116:20,kaelaehe,helmed,klaas
614385,ERM B 116:20,kaelaehe,tehismaterjal,plastik
614386,ERM B 116:21,nõu,kask,puit
614386,ERM B 116:21,nõu,nöör,puit
614386,ERM B 116:21,nõu,puuvill,puit
614386,ERM B 116:21,nõu,toht,puit
614386,ERM B 116:21,nõu,toomingas,puit
614386,ERM B 116:21,nõu,,puit
614387,ERM B 116:22/ab,"käsitöökarp, kaanega",kask,puit
614387,ERM B 116:22/ab,"käsitöökarp, kaanega",kõõlus,puit
614387,ERM B 116:22/ab,"käsitöökarp, kaanega",nahk,puit
614387,ERM B 116:22/ab,"käsitöökarp, kaanega",niit,puit
614387,ERM B 116:22/ab,"käsitöökarp, kaanega",puit,puit
614387,ERM B 116:22/ab,"käsitöökarp, kaanega",rihm,puit
614387,ERM B 116:22/ab,"käsitöökarp, kaanega",,puit
614387,ERM B 116:22/ab,"käsitöökarp, kaanega",toht,puit
614387,ERM B 116:22/ab,"käsitöökarp, kaanega",toomingas,puit
614387,ERM B 116:22/ab,"käsitöökarp, kaanega",vask,puit
614388,ERM B 116:23,kotike,karusnahk,nahk
614388,ERM B 116:23,kotike,,nahk
614388,ERM B 116:23,kotike,nahk,nahk
614388,ERM B 116:23,kotike,,nahk
614388,ERM B 116:23,kotike,,nahk
614388,ERM B 116:23,kotike,põhjapõder,nahk
614388,ERM B 116:23,kotike,vill,nahk
614389,ERM B 116:24,kotike,nahk,nahk
614389,ERM B 116:24,kotike,põhjapõder,nahk
614389,ERM B 116:24,kotike,riie,nahk
614389,ERM B 116:24,kotike,vill,nahk
614394,ERM B 116:28,"rüü, naiste",nööp,tekstiil
614394,ERM B 116:28,"rüü, naiste",puuvill,tekstiil
614394,ERM B 116:28,"rüü, naiste",riideriba,tekstiil
614394,ERM B 116:28,"rüü, naiste",,tekstiil
614394,ERM B 116:28,"rüü, naiste",tehismaterjal,tekstiil
614395,ERM B 116:29,"särk, meeste",kunstkiudmaterjal,tekstiil
614395,ERM B 116:29,"särk, meeste",kunstsiid,tekstiil
614395,ERM B 116:29,"särk, meeste",puuvill,tekstiil
614395,ERM B 116:29,"särk, meeste",,tekstiil
614403,ERM B 116:37,kedervars,kask,puit
614405,ERM B 116:39/ab,käsitöökarp,kask,puit
614405,ERM B 116:39/ab,käsitöökarp,pael,puit
614405,ERM B 116:39/ab,käsitöökarp,puuvill,puit
614405,ERM B 116:39/ab,käsitöökarp,toht,puit
614405,ERM B 116:39/ab,käsitöökarp,toomingas,puit
614405,ERM B 116:39/ab,käsitöökarp,,puit
614406,ERM B 116:40/ab,"käsitöökarp, kaanega",kask,puit
614406,ERM B 116:40/ab,"käsitöökarp, kaanega",kõõlus,puit
614406,ERM B 116:40/ab,"käsitöökarp, kaanega",loomne materjal,puit
614406,ERM B 116:40/ab,"käsitöökarp, kaanega",nahk,puit
614406,ERM B 116:40/ab,"käsitöökarp, kaanega",niit,puit
614406,ERM B 116:40/ab,"käsitöökarp, kaanega",puuvill,puit
614406,ERM B 116:40/ab,"käsitöökarp, kaanega",rihm,puit
614406,ERM B 116:40/ab,"käsitöökarp, kaanega",toht,puit
614408,ERM B 116:42,võrgunõel,kask,puit
614409,ERM B 116:43,kotike,alumiinium,nahk
614409,ERM B 116:43,kotike,karusnahk,nahk
614409,ERM B 116:43,kotike,kett,nahk
614409,ERM B 116:43,kotike,metall,nahk
614409,ERM B 116:43,kotike,nahk,nahk
614409,ERM B 116:43,kotike,,nahk
614409,ERM B 116:43,kotike,,nahk
614409,ERM B 116:43,kotike,puuvill,nahk
614409,ERM B 116:43,kotike,põhjapõder,nahk
614409,ERM B 116:43,kotike,riie,nahk
614409,ERM B 116:43,kotike,,nahk
614409,ERM B 116:43,kotike,,nahk
614409,ERM B 116:43,kotike,nööp,nahk
614409,ERM B 116:43,kotike,toru,nahk
614409,ERM B 116:43,kotike,,nahk
614409,ERM B 116:43,kotike,vask,nahk
614412,ERM B 117:3,märss,kapron,tekstiil
614412,ERM B 117:3,märss,kask,tekstiil
614412,ERM B 117:3,märss,lina,tekstiil
614412,ERM B 117:3,märss,nöör,tekstiil
614412,ERM B 117:3,märss,tehiskiud,tekstiil
614412,ERM B 117:3,märss,toht,tekstiil
614419,ERM B 118:1,sukavardatoos,luu,luu
614419,ERM B 118:1,sukavardatoos,põder,luu
614420,ERM B 118:2/ab,nuusktubakatoos,,
614420,ERM B 118:2/ab,nuusktubakatoos,nahk,nahk
614420,ERM B 118:2/ab,nuusktubakatoos,okaspuit,puit
614420,ERM B 118:2/ab,nuusktubakatoos,põder,nahk
614420,ERM B 118:2/ab,nuusktubakatoos,sarv,luu
614424,ERM B 133:74/ab,viisud,niin,puit
614424,ERM B 133:74/ab,viisud,pärn,puit
614431,ERM B 133:81/ab,"viisud, naiste",niin,puit
614431,ERM B 133:81/ab,"viisud, naiste",nöör,puit
614431,ERM B 133:81/ab,"viisud, naiste",puuvill,puit
614431,ERM B 133:81/ab,"viisud, naiste",pärn,puit
614445,ERM B 133:95,pulmarätik,looduslik kiud,tekstiil
614445,ERM B 133:95,pulmarätik,siid,tekstiil
614445,ERM B 133:95,pulmarätik,tikand,tekstiil
614448,ERM B 133:98,kaelaehe,hõbe,metall
614448,ERM B 133:98,kaelaehe,,tekstiil
614461,ERM B 133:111,kaelaehe,hõbe,metall
614461,ERM B 133:111,kaelaehe,klaas,klaas
614461,ERM B 133:111,kaelaehe,,metall
614463,ERM B 133:113,õllekopp,puit,puit
614463,ERM B 133:113,õllekopp,õunapuu,puit
614464,ERM B 133:114,õllekopp,kask,puit
614474,ERM B 146:2,põll,lina,tekstiil
614474,ERM B 146:2,põll,puuvill,tekstiil
614475,ERM B 146:3,kleit-särk,lina,tekstiil
614475,ERM B 146:3,kleit-särk,puuvill,tekstiil
614477,ERM B 146:5,"rüü, meeste",lina,tekstiil
614484,ERM B 146:12,käterätt,lina,tekstiil
614507,ERM B 146:35,püksid,lina,tekstiil
614509,ERM B 146:37,käterätt,lina,tekstiil
614519,ERM B 146:47,süstiku pool,kask,puit
614520,ERM B 146:48,süstiku pool,kask,puit
614524,ERM B 161:19,kingaliist,kask,puit
614525,ERM B 161:20,kingaliist,kask,puit
614526,ERM B 161:21,kingaliist,kask,puit
614527,ERM B 161:22,kingaliist,kask,puit
614529,ERM B 161:24,kingapealselõige,vineer,puit
614530,ERM B 161:25,kingakannalõige,mänd,puit
614531,ERM B 161:26,kingalõige,kask,puit
614532,ERM B 161:27,kingalõige,vineer,puit
614533,ERM B 161:28,riidekirst,metall,puit
614533,ERM B 161:28,riidekirst,okaspuit,puit
614535,ERM B 161:30,nagi,mänd,puit
614536,ERM B 161:31,ahjupott,metall,metall
614537,ERM B 161:32,külvivakk,juured,puit
614537,ERM B 161:32,külvivakk,puit,puit
614539,ERM B 161:34/ab,"saapad, meeste",nahk,nahk
614540,ERM B 161:35,maakirves,kask,puit
614540,ERM B 161:35,maakirves,teras,metall
614541,ERM B 161:36,kaelkoogud,haab,puit
614541,ERM B 161:36,kaelkoogud,metall,metall
614542,ERM B 161:37,heinakorv,elektrijuhe,plastik
614542,ERM B 161:37,heinakorv,haab,puit
614542,ERM B 161:37,heinakorv,metall,metall
614542,ERM B 161:37,heinakorv,niit,tekstiil
614542,ERM B 161:37,heinakorv,puuvill,tekstiil
614542,ERM B 161:37,heinakorv,tehismaterjal,plastik
614542,ERM B 161:37,heinakorv,traat,metall
614543,ERM B 161:38/ab,suusad,kask,puit
614543,ERM B 161:38/ab,suusad,kumm,puit
614543,ERM B 161:38/ab,suusad,metall,puit
614543,ERM B 161:38/ab,suusad,nahk,puit
614543,ERM B 161:38/ab,suusad,present,puit
614543,ERM B 161:38/ab,suusad,tehismaterjal,puit
614543,ERM B 161:38/ab,suusad,,puit
614544,ERM B 161:39,kaelkoogud,kask,puit
614545,ERM B 161:40,linalõuguti,kask,puit
614546,ERM B 161:41,käsikivi,kask,puit
614546,ERM B 161:41,käsikivi,metall,puit
614550,ERM B 161:45/ab,riidetünn,kuusk,puit
614550,ERM B 161:45/ab,riidetünn,metall,puit
614550,ERM B 161:45/ab,riidetünn,plekk,puit
614556,ERM B 161:51,vikat,kuusk,puit
614556,ERM B 161:51,vikat,metall,metall
614569,ERM B 161:62/ab,pütt,kuusk,puit
614569,ERM B 161:62/ab,pütt,metall,puit
614569,ERM B 161:62/ab,pütt,vits,puit
614570,ERM B 161:63,kiin,kask,puit
614570,ERM B 161:63,kiin,teras,puit
614571,ERM B 161:64,luisk,kivim,kivim
614572,ERM B 161:65,luisk,kivim,kivim
614573,ERM B 161:66,seljakorv,mänd,puit
614667,ERM B 169:100,korv,niin,puit
614667,ERM B 169:100,korv,pärn,puit
614668,ERM B 169:101,korv,,puit
614668,ERM B 169:101,korv,nahk,puit
614668,ERM B 169:101,korv,nöör,puit
614668,ERM B 169:101,korv,takk,puit
614668,ERM B 169:101,korv,toht,puit
614669,ERM B 169:102,heinavõrk,niin,tekstiil
614669,ERM B 169:102,heinavõrk,pärn,tekstiil
614670,ERM B 169:103,kott,nahk,nahk
614670,ERM B 169:103,kott,,nahk
614672,ERM B 169:105,niiepöör,lehtpuu,puit
614672,ERM B 169:105,niiepöör,nöör,puit
614672,ERM B 169:105,niiepöör,takk,puit
614673,ERM B 169:106,korv,koor,puit
614673,ERM B 169:106,korv,niin,puit
614673,ERM B 169:106,korv,nöör,puit
614673,ERM B 169:106,korv,puit,puit
614674,ERM B 169:107,koot,,
614674,ERM B 169:107,koot,lehtpuu,puit
614674,ERM B 169:107,koot,nahk,nahk
614674,ERM B 169:107,koot,niin,puit
614674,ERM B 169:107,koot,rihm,nahk
614675,ERM B 169:108,tuletangid,metall,metall
614677,ERM B 169:110/ab,poolivokk,lehtpuu,puit
614677,ERM B 169:110/ab,poolivokk,okaspuit,puit
614677,ERM B 169:110/ab,poolivokk,raud,metall
614678,ERM B 169:111,süstik,okaspuit,puit
614679,ERM B 169:112,hui,okaspuit,puit
614684,ERM B 169:114/ab,niiepöörad,lehtpuu,puit
614689,ERM B 169:115/ab,niiepöörad,lehtpuu,puit
614689,ERM B 169:115/ab,niiepöörad,nöör,puit
614689,ERM B 169:115/ab,niiepöörad,takk,puit
614694,ERM B 169:116/1-8,kangakeha lauad,lehtpuu,puit
614694,ERM B 169:116/1-8,kangakeha lauad,niin,puit
614694,ERM B 169:116/1-8,kangakeha lauad,nöör,puit
614694,ERM B 169:116/1-8,kangakeha lauad,okaspuit,puit
614695,ERM B 169:117,leivalabidas,okaspuit,puit
614701,ERM B 172:8/ab,"sukad, laste",flanell (riidesort),tekstiil
614701,ERM B 172:8/ab,"sukad, laste",karusnahk,nahk
614702,ERM B 172:9/ab,tubakatoos,kask,puit
614702,ERM B 172:9/ab,tubakatoos,lehtpuu,puit
614702,ERM B 172:9/ab,tubakatoos,nahk,puit
614702,ERM B 172:9/ab,tubakatoos,,puit
614702,ERM B 172:9/ab,tubakatoos,,puit
614702,ERM B 172:9/ab,tubakatoos,toht,puit
614703,ERM B 172:10,nooleots,teras,metall
614704,ERM B 172:11,nool,lehtpuu,puit
614704,ERM B 172:11,nool,,metall
614704,ERM B 172:11,nool,sulg,nahk
614704,ERM B 172:11,nool,teras,metall
614704,ERM B 172:11,nool,,puit
614706,ERM B 172:12,nool,juured,puit
614706,ERM B 172:12,nool,,metall
614706,ERM B 172:12,nool,puit,puit
614706,ERM B 172:12,nool,seeder,puit
614706,ERM B 172:12,nool,teras,metall
614706,ERM B 172:12,nool,,
614707,ERM B 172:13,nooleots,teras,metall
614708,ERM B 172:14,nooleots,teras,metall
614711,ERM B 172:16,põhjapõdra kaelavõru,lehtpuu,puit
614711,ERM B 172:16,põhjapõdra kaelavõru,nahk,nahk
614712,ERM B 172:17,noatupp,kask,puit
614712,ERM B 172:17,noatupp,nahk,nahk
614713,ERM B 172:18,karupeo laulude pulk,lehtpuu,puit
614714,ERM B 172:19,oravanaha kuivatamise liist,seeder,puit
614720,ERM B 172:23,kärbinaha kuivatamise liist,kuusk,puit
614721,ERM B 172:24,noaotsa pulk,kask,puit
614722,ERM B 172:25,nool,,metall
614722,ERM B 172:25,nool,seeder,puit
614722,ERM B 172:25,nool,teras,metall
614722,ERM B 172:25,nool,,
614724,ERM B 172:27,suusakepp,kask,puit
614724,ERM B 172:27,suusakepp,nahk,puit
614724,ERM B 172:27,suusakepp,,puit
614725,ERM B 172:28,"õngekonks, nööriga",kask,puit
614725,ERM B 172:28,"õngekonks, nööriga",,metall
614725,ERM B 172:28,"õngekonks, nööriga",metall,metall
614725,ERM B 172:28,"õngekonks, nööriga",nöör,tekstiil
614725,ERM B 172:28,"õngekonks, nööriga",plaat,
614725,ERM B 172:28,"õngekonks, nööriga",puuvill,tekstiil
614725,ERM B 172:28,"õngekonks, nööriga",teras,metall
614725,ERM B 172:28,"õngekonks, nööriga",traat,metall
614725,ERM B 172:28,"õngekonks, nööriga",vask,metall
614726,ERM B 172:29,vibupuur,lehtpuu,puit
614726,ERM B 172:29,vibupuur,nahk,nahk
614726,ERM B 172:29,vibupuur,teras,metall
614728,ERM B 172:31,nool,mänd,puit
614728,ERM B 172:31,nool,teras,metall
614729,ERM B 172:32,nool,mänd,puit
614729,ERM B 172:32,nool,teras,metall
614730,ERM B 172:33,nool,mänd,puit
614730,ERM B 172:33,nool,teras,metall
614731,ERM B 172:34,nool,mänd,puit
614731,ERM B 172:34,nool,teras,metall
614732,ERM B 172:35,karupeo laulude pulk,seeder,puit
614733,ERM B 172:36,karupeo laulude pulk,seeder,puit
614734,ERM B 172:37,karupeokepp,paju,puit
614735,ERM B 172:38,karumask,toht,puit
614736,ERM B 172:39,karukamm,seeder,puit
614737,ERM B 172:40,karu suupulk,seeder,puit
614738,ERM B 172:41,karupeo laulude pulk,seeder,puit
614740,ERM B 172:43,haugiõng,,metall
614740,ERM B 172:43,haugiõng,metall,metall
614740,ERM B 172:43,haugiõng,plaat,metall
614740,ERM B 172:43,haugiõng,teras,metall
614740,ERM B 172:43,haugiõng,tina,metall
614740,ERM B 172:43,haugiõng,traat,metall
614760,ERM B 55:1,võsakirves,puit,puit
614760,ERM B 55:1,võsakirves,raud,metall
614760,ERM B 55:1,võsakirves,,metall
614760,ERM B 55:1,võsakirves,,puit
614761,ERM B 55:2,pilak,raud,metall
614762,ERM B 55:3,lusikanuga,metall,metall
614763,ERM B 55:4,"tasku, vikatiluisu",toht,puit
614764,ERM B 55:5/ab,viisud,kask,puit
614765,ERM B 55:6,korv,kask,puit
614766,ERM B 55:8,ikoon,klaas,klaas
614766,ERM B 55:8,ikoon,kuusk,puit
614766,ERM B 55:8,ikoon,paber,paber
614767,ERM B 76:68,pütt,lehtpuu,puit
614772,ERM B 77:5,pealinik,puuvill,tekstiil
614772,ERM B 77:5,pealinik,vill,tekstiil
614775,ERM B 77:8,"vöö, meeste",lõng,tekstiil
614775,ERM B 77:8,"vöö, meeste",vill,tekstiil
614784,ERM B 77:17/ab,sukad,kanep,tekstiil
614784,ERM B 77:17/ab,sukad,kotiriie,tekstiil
614785,ERM B 77:18,"särk, naiste",lina,tekstiil
614785,ERM B 77:18,"särk, naiste",vill,tekstiil
614786,ERM B 77:19,"särk, naiste",lina,tekstiil
614786,ERM B 77:19,"särk, naiste",puuvill,tekstiil
614786,ERM B 77:19,"särk, naiste",vill,tekstiil
614792,ERM B 77:25/1-2,"käterätt, otsad",lina,tekstiil
614792,ERM B 77:25/1-2,"käterätt, otsad",puuvill,tekstiil
614795,ERM B 77:28/ab,sukad,kangas,tekstiil
614795,ERM B 77:28/ab,sukad,puuvill,tekstiil
614795,ERM B 77:28/ab,sukad,vill,tekstiil
614796,ERM B 77:29/ab,sokid,vill,tekstiil
614797,ERM B 77:30,"särk, meeste",lina,tekstiil
614798,ERM B 77:31,"särk, naiste",lina,tekstiil
614799,ERM B 77:32,käterätt,lina,tekstiil
614800,ERM B 77:33,käterätt,lina,tekstiil
614801,ERM B 77:34,süstik,õunapuu,tekstiil
614803,ERM B 77:36,tekk,kude,tekstiil
614803,ERM B 77:36,tekk,linane,tekstiil
614803,ERM B 77:36,tekk,lõim,tekstiil
614803,ERM B 77:36,tekk,vill,tekstiil
614804,ERM B 77:37,käterätt,drell (riidesort),tekstiil
614804,ERM B 77:37,käterätt,puuvill,tekstiil
614806,ERM B 77:39,vaip,labane kangas,tekstiil
614806,ERM B 77:39,vaip,vill,tekstiil
614807,ERM B 78:1,triikraud,malm,metall
614807,ERM B 78:1,triikraud,metall,metall
614807,ERM B 78:1,triikraud,puit,metall
614807,ERM B 78:1,triikraud,raudplekk,metall
614808,ERM B 78:2,triikraud,malm,metall
614813,ERM B 78:7,"portree, Ivan Kuratov",mänd,puit
614813,ERM B 78:7,"portree, Ivan Kuratov",,puit
614814,ERM B 79:1/ab,kindad,karv,tekstiil
614814,ERM B 79:1/ab,kindad,lõng,tekstiil
614814,ERM B 79:1/ab,kindad,põder,tekstiil
614814,ERM B 79:1/ab,kindad,vill,tekstiil
614815,ERM B 79:2,"suvekuub, naiste",puuvill,tekstiil
614815,ERM B 79:2,"suvekuub, naiste",riie,tekstiil
614815,ERM B 79:2,"suvekuub, naiste",,tekstiil
614815,ERM B 79:2,"suvekuub, naiste",vill,tekstiil
614816,ERM B 79:3/ab,"jalanõud, naiste",karusnahk,nahk
614816,ERM B 79:3/ab,"jalanõud, naiste",,nahk
614816,ERM B 79:3/ab,"jalanõud, naiste",punutud nöör,nahk
614816,ERM B 79:3/ab,"jalanõud, naiste",puuvill,nahk
614816,ERM B 79:3/ab,"jalanõud, naiste",põhjapõder,nahk
614816,ERM B 79:3/ab,"jalanõud, naiste",,nahk
614816,ERM B 79:3/ab,"jalanõud, naiste",,nahk
614816,ERM B 79:3/ab,"jalanõud, naiste",vill,nahk
614816,ERM B 79:3/ab,"jalanõud, naiste",vill,nahk
614817,ERM B 79:4,nõu,kask,puit
614817,ERM B 79:4,nõu,toht,puit
614818,ERM B 89:8,kangaspuud,kask,puit
614818,ERM B 89:8,kangaspuud,kuusk,puit
614819,ERM B 89:9,märss,,puit
614819,ERM B 89:9,märss,toht,puit
614819,ERM B 89:9,märss,vill,puit
614820,ERM B 89:10,reha,kask,puit
614820,ERM B 89:10,reha,kuusk,puit
614820,ERM B 89:10,reha,,puit
614821,ERM B 89:11,vikat,kuusk,puit
614821,ERM B 89:11,vikat,raud,puit
614822,ERM B 89:12,paat,haab,puit
614822,ERM B 89:12,paat,raud,metall
614823,ERM B 89:13,mõla,kuusk,puit
614824,ERM B 89:14,harkader,,
614824,ERM B 89:14,harkader,kask,puit
614824,ERM B 89:14,harkader,kuusk,puit
614824,ERM B 89:14,harkader,nöör,tekstiil
614824,ERM B 89:14,harkader,paju,puit
614824,ERM B 89:14,harkader,raud,metall
614824,ERM B 89:14,harkader,,puit
614825,ERM B 89:15,harkader,,
614825,ERM B 89:15,harkader,kask,puit
614825,ERM B 89:15,harkader,kuusk,puit
614825,ERM B 89:15,harkader,paju,puit
614825,ERM B 89:15,harkader,raud,metall
614825,ERM B 89:15,harkader,väädid,puit
614826,ERM B 89:16,kelk,,puit
614826,ERM B 89:16,kelk,,puit
614826,ERM B 89:16,kelk,kask,puit
614826,ERM B 89:16,kelk,kuusk,puit
614826,ERM B 89:16,kelk,paju,puit
614826,ERM B 89:16,kelk,,puit
614826,ERM B 89:16,kelk,väädid,puit
614841,ERM B 101:9,suga,kuusk,puit
614841,ERM B 101:9,suga,lina,puit
614841,ERM B 101:9,suga,nöör,puit
614841,ERM B 101:9,suga,,puit
614842,ERM B 101:10,suga,kuusk,puit
614842,ERM B 101:10,suga,lina,puit
614842,ERM B 101:10,suga,nöör,puit
614842,ERM B 101:10,suga,,puit
614842,ERM B 101:10,suga,,puit
614842,ERM B 101:10,suga,saar,puit
614844,ERM B 101:12,linahari,kuusk,puit
614844,ERM B 101:12,linahari,mänd,puit
614844,ERM B 101:12,linahari,,puit
614844,ERM B 101:12,linahari,raud,puit
614845,ERM B 101:13,hobuseleid,nahk,nahk
614845,ERM B 101:13,hobuseleid,vask,metall
614846,ERM B 101:14,luisutupp,nahk,nahk
614846,ERM B 101:14,luisutupp,toht,nahk
614847,ERM B 101:15,koonlalaud,kuusk,puit
614848,ERM B 101:16,kohviveski,metall,metall
614848,ERM B 101:16,kohviveski,plekk,metall
614848,ERM B 101:16,kohviveski,raud,metall
614848,ERM B 101:16,kohviveski,vask,metall
614849,ERM B 101:17,toobripuu,kett,metall
614849,ERM B 101:17,toobripuu,kuusk,puit
614849,ERM B 101:17,toobripuu,metall,metall
614850,ERM B 101:18,värviveski,malm,metall
614850,ERM B 101:18,värviveski,raud,metall
614851,ERM B 101:19,võikirn,kuusk,puit
614851,ERM B 101:19,võikirn,raud,metall
614851,ERM B 101:19,võikirn,vits,puit
614856,ERM B 101:22,pudelikorv,paju,puit
614859,ERM B 101:25,linahari,kuusk,puit
614859,ERM B 101:25,linahari,metall,metall
614860,ERM B 101:26,lambarauad,raud,metall
614861,ERM B 101:27,nahapihid,mänd,puit
614861,ERM B 101:27,nahapihid,raud,metall
614864,ERM B 101:29,samovar,metall,metall
614864,ERM B 101:29,samovar,puit,puit
614865,ERM B 101:30/ab,niied,kask,puit
614865,ERM B 101:30/ab,niied,lina,puit
614865,ERM B 101:30/ab,niied,niit,puit
614866,ERM B 101:31,pesutõlv,kask,puit
614867,ERM B 101:32,ropsimõõk,kask,puit
614868,ERM B 101:33,jääkahv,kuusk,puit
614868,ERM B 101:33,jääkahv,linane,puit
614868,ERM B 101:33,jääkahv,,puit
614868,ERM B 101:33,jääkahv,,puit
614868,ERM B 101:33,jääkahv,võrk,puit
614869,ERM B 101:34,katuselasn,kask,puit
614869,ERM B 101:34,katuselasn,kuusk,puit
614869,ERM B 101:34,katuselasn,,puit
614870,ERM B 101:35,"nui, mõrravaiade tagumiseks",kask,puit
614870,ERM B 101:35,"nui, mõrravaiade tagumiseks",metall,puit
614871,ERM B 101:36,saapaliist,kask,puit
614872,ERM B 101:37,koot,angerjas,puit
614872,ERM B 101:37,koot,kask,puit
614872,ERM B 101:37,koot,,puit
614872,ERM B 101:37,koot,kuusk,puit
614872,ERM B 101:37,koot,nahk,puit
614872,ERM B 101:37,koot,,puit
614874,ERM B 101:39,lillepott,kuusk,puit
614875,ERM B 101:40,kaelakoogu kandepuu,kask,puit
614879,ERM B 101:44,hobuserangid,lehtpuu,puit
614879,ERM B 101:44,hobuserangid,metall,puit
614879,ERM B 101:44,hobuserangid,nahk,puit
614880,ERM B 101:45,tool,puit,puit
614880,ERM B 101:45,tool,pöök,puit
614880,ERM B 101:45,tool,,puit
614880,ERM B 101:45,tool,saar,puit
614880,ERM B 101:45,tool,vineer,puit
614881,ERM B 101:46,nahapihid,kuusk,puit
614882,ERM B 101:47,"vikat, vars",kuusk,puit
614883,ERM B 101:48,harjakarp,tamm,puit
614885,ERM B 101:50,luisk,kivim,kivim
614887,ERM B 101:52,höövel,kask,puit
614887,ERM B 101:52,höövel,,
614887,ERM B 101:52,höövel,raud,metall
614887,ERM B 101:52,höövel,tamm,puit
614888,ERM B 101:53,pootshaak,metall,metall
614888,ERM B 101:53,pootshaak,saar,puit
614889,ERM B 101:54,kapsaraud,kuusk,puit
614889,ERM B 101:54,kapsaraud,,
614890,ERM B 103:21,suga,lina,tekstiil
614890,ERM B 103:21,suga,mänd,puit
614891,ERM B 103:22,"pink, värtna tegemiseks",kask,puit
614891,ERM B 103:22,"pink, värtna tegemiseks",klots,puit
614891,ERM B 103:22,"pink, värtna tegemiseks",luu,puit
614891,ERM B 103:22,"pink, värtna tegemiseks",luu,puit
614891,ERM B 103:22,"pink, värtna tegemiseks",mänd,puit
614892,ERM B 103:23,lusikas,lehtpuu,puit
614893,ERM B 103:24,vikat,kask,puit
614893,ERM B 103:24,vikat,kuusk,puit
614893,ERM B 103:24,vikat,,puit
614893,ERM B 103:24,vikat,raud,metall
614893,ERM B 103:24,vikat,,metall
614893,ERM B 103:24,vikat,,
614894,ERM B 103:25,rõivakast,haab,puit
614894,ERM B 103:25,rõivakast,,puit
614894,ERM B 103:25,rõivakast,,puit
614894,ERM B 103:25,rõivakast,raud,puit
614895,ERM B 103:26/abc,"köiepöör, alusega",mänd,puit
614896,ERM B 103:27,soalaad,kask,puit
614896,ERM B 103:27,soalaad,mänd,puit
614896,ERM B 103:27,soalaad,,puit
614897,ERM B 103:28/abc,"kangakeha, alusega",,puit
614897,ERM B 103:28/abc,"kangakeha, alusega",haab,puit
614897,ERM B 103:28/abc,"kangakeha, alusega",kask,puit
614897,ERM B 103:28/abc,"kangakeha, alusega",,puit
614897,ERM B 103:28/abc,"kangakeha, alusega",kuusk,puit
614897,ERM B 103:28/abc,"kangakeha, alusega",,puit
614899,ERM B 103:29,hang,kask,puit
614900,ERM B 103:30,hang,lehtpuu,puit
614901,ERM B 103:31,võrguhark,kask,puit
614902,ERM B 103:32,käterätt,lina,tekstiil
614902,ERM B 103:32,käterätt,puuvill,tekstiil
614904,ERM B 103:34/ab,sängi otsad,mänd,puit
614905,ERM B 103:35,käterätt,lina,tekstiil
614905,ERM B 103:35,käterätt,puuvill,tekstiil
614907,ERM B 103:37,"viipsik, niidiga",mänd,puit
614907,ERM B 103:37,"viipsik, niidiga",paju,puit
614907,ERM B 103:37,"viipsik, niidiga",,puit
614907,ERM B 103:37,"viipsik, niidiga",,puit
614910,ERM B 103:38,viipsik,mänd,puit
614910,ERM B 103:38,viipsik,paju,puit
614910,ERM B 103:38,viipsik,,puit
614910,ERM B 103:38,viipsik,,puit
614913,ERM B 103:41,korv,kanep,puit
614913,ERM B 103:41,korv,mänd,puit
614913,ERM B 103:41,korv,nöör,puit
614914,ERM B 103:42,pihid,raud,metall
614916,ERM B 103:43/ab,saapad,nahk,nahk
614916,ERM B 103:43/ab,saapad,,nahk
614917,ERM B 103:44,kopp,,tekstiil
614917,ERM B 103:44,kopp,puuvill,tekstiil
614917,ERM B 103:44,kopp,toht,puit
614917,ERM B 103:44,kopp,toomingas,puit
614917,ERM B 103:44,kopp,,puit
614918,ERM B 103:45,nõu,kuusk,puit
614918,ERM B 103:45,nõu,toht,puit
614918,ERM B 103:45,nõu,vits,puit
614919,ERM B 103:46/ab,nõu,kuusk,puit
614919,ERM B 103:46/ab,nõu,,puit
614919,ERM B 103:46/ab,nõu,toomingas,puit
614920,ERM B 103:47,kopp,kask,puit
614921,ERM B 103:48,nõu,savi,keraamika
614922,ERM B 103:49,pudrunui,kask,puit
614923,ERM B 103:50,linahari,kuusk,puit
614923,ERM B 103:50,linahari,metall,metall
614924,ERM B 103:51,nõu,toht,puit
614925,ERM B 103:52,võsanuga,kask,puit
614925,ERM B 103:52,võsanuga,raud,metall
614926,ERM B 103:53,võsanuga,raud,metall
614927,ERM B 103:54,höövel,kask,puit
614927,ERM B 103:54,höövel,raud,metall
614929,ERM B 103:55,ropsimõõk,kask,puit
614930,ERM B 103:56,kopp,kask,puit
614931,ERM B 103:57/ab,latern,klaas,klaas
614931,ERM B 103:57/ab,latern,kuusk,puit
614931,ERM B 103:57/ab,latern,mänd,puit
614931,ERM B 103:57/ab,latern,nahk,nahk
614931,ERM B 103:57/ab,latern,,puit
614931,ERM B 103:57/ab,latern,rihm,nahk
614932,ERM B 103:58,voolmed,kask,puit
614932,ERM B 103:58,voolmed,raud,metall
614933,ERM B 103:59,lüpsik,kuusk,puit
614933,ERM B 103:59,lüpsik,metall,metall
614934,ERM B 103:60,pilak,raud,metall
614936,ERM B 103:62/ab,"uhmer, uhmrinuiaga",haab,puit
614936,ERM B 103:62/ab,"uhmer, uhmrinuiaga",kuusk,puit
614936,ERM B 103:62/ab,"uhmer, uhmrinuiaga",,puit
614936,ERM B 103:62/ab,"uhmer, uhmrinuiaga",,puit
614937,ERM B 118:6,"kaelavõru, põhjapõdra",kuusk,puit
614938,ERM B 118:7,nõelapadi,kalev (riidesort),tekstiil
614938,ERM B 118:7,nõelapadi,tehismaterjal,tekstiil
614940,ERM B 118:9,kätepesunõu,vask,metall
614942,ERM B 119:1,seelik,kude,tekstiil
614942,ERM B 119:1,seelik,linane,tekstiil
614942,ERM B 119:1,seelik,lõim,tekstiil
614942,ERM B 119:1,seelik,vill,tekstiil
614947,ERM B 119:6,käterätt,linane,tekstiil
614947,ERM B 119:6,käterätt,niit,tekstiil
614947,ERM B 119:6,käterätt,puuvill,tekstiil
614947,ERM B 119:6,käterätt,riideriba,tekstiil
614947,ERM B 119:6,käterätt,riie,tekstiil
614960,ERM B 119:19,kasukas,nahk,nahk
614960,ERM B 119:19,kasukas,,nahk
614961,ERM B 119:20,kasukas,lammas,nahk
614961,ERM B 119:20,kasukas,nahk,nahk
614961,ERM B 119:20,kasukas,nööp,nahk
614961,ERM B 119:20,kasukas,plast,nahk
614962,ERM B 119:21/ab,"säärepaelad, naiste",karv,nahk
614963,ERM B 119:22/ab,"säärepaelad, naiste",jõhv,tekstiil
614964,ERM B 119:23/ab,"säärepaelad, meeste",nahk,nahk
614965,ERM B 119:24,korv,puuvill,puit
614965,ERM B 119:24,korv,,puit
614965,ERM B 119:24,korv,toht,puit
614966,ERM B 119:25/ab,"võrgupiirits, lipiga",puit,puit
614967,ERM B 119:26,korv,toht,puit
614968,ERM B 119:27,korv,toht,puit
614969,ERM B 119:28,korv,kuusk,puit
614969,ERM B 119:28,korv,,puit
614969,ERM B 119:28,korv,toht,puit
614970,ERM B 119:29,laastukorv,lina,puit
614970,ERM B 119:29,laastukorv,mänd,puit
614970,ERM B 119:29,laastukorv,,puit
614971,ERM B 119:30,ämber,kask,puit
614972,ERM B 119:31,ämber,puit,puit
614973,ERM B 119:32/ab,poolivokk,kask,puit
614973,ERM B 119:32/ab,poolivokk,kuusk,puit
614973,ERM B 119:32/ab,poolivokk,metall,metall
614974,ERM B 119:33,märss,toht,puit
614975,ERM B 120:1,saapaliist,kask,puit
614977,ERM B 120:3/abc,"nukk, karbiga",paju,puit
614977,ERM B 120:3/abc,"nukk, karbiga",,puit
614977,ERM B 120:3/abc,"nukk, karbiga",,tekstiil
614977,ERM B 120:3/abc,"nukk, karbiga",toht,puit
614978,ERM B 121:1,kleit,nööp,tekstiil
614978,ERM B 121:1,kleit,,tekstiil
614978,ERM B 121:1,kleit,puuvill,tekstiil
614978,ERM B 121:1,kleit,,tekstiil
614978,ERM B 121:1,kleit,,tekstiil
614978,ERM B 121:1,kleit,,tekstiil
614978,ERM B 121:1,kleit,tehismaterjal,tekstiil
614979,ERM B 121:2,võrgunõel,kuusk,puit
614980,ERM B 121:3,"laud, ondatra naha kuivatamise",kuusk,puit
614983,ERM B 121:6,puur,kask,puit
614983,ERM B 121:6,puur,metall,metall
614984,ERM B 121:7,"kaelavõru, põhjapõdra",kask,puit
614985,ERM B 121:8,kauss,mänd,puit
614986,ERM B 121:9,lusikas,kask,puit
614987,ERM B 121:10,nooleots,raud,metall
614991,ERM B 133:127,seelik,nööp,tekstiil
614991,ERM B 133:127,seelik,plast,tekstiil
614991,ERM B 133:127,seelik,poeriie,tekstiil
614991,ERM B 133:127,seelik,puuvill,tekstiil
614996,ERM B 133:132,vöö,kapron,tekstiil
614996,ERM B 133:132,vöö,lõng,tekstiil
615001,ERM B 133:137,vöö,hõbe,tekstiil
615001,ERM B 133:137,vöö,metall,tekstiil
615001,ERM B 133:137,vöö,,tekstiil
615011,ERM B 133:147,"särk, meeste",kanep,tekstiil
615011,ERM B 133:147,"särk, meeste",looduslik kiud,tekstiil
615011,ERM B 133:147,"särk, meeste",lõng,tekstiil
615011,ERM B 133:147,"särk, meeste",vill,tekstiil
615015,ERM B 133:151,pearätik,kanep,tekstiil
615015,ERM B 133:151,pearätik,labane kangas,tekstiil
615020,ERM B 133:156,vöö,lõng,tekstiil
615020,ERM B 133:156,vöö,vill,tekstiil
615021,ERM B 133:157,õllekopp,kirss,puit
615021,ERM B 133:157,õllekopp,kirss,puit
615022,ERM B 133:158,kopp,kuusk,puit
615023,ERM B 133:159,märss,niin,puit
615024,ERM B 133:160/ab,noatupp,niin,puit
615024,ERM B 133:160/ab,noatupp,nöör,puit
615024,ERM B 133:160/ab,noatupp,takk,puit
615025,ERM B 133:161,luisutasku,niin,puit
615028,ERM B 133:164/ab,viisud,niin,puit
615038,ERM B 133:174,püksid,kanep,tekstiil
615038,ERM B 133:174,püksid,looduslik kiud,tekstiil
615042,ERM B 146:55,pearätik,lõng,tekstiil
615042,ERM B 146:55,pearätik,mulinee,tekstiil
615042,ERM B 146:55,pearätik,puuvill,tekstiil
615042,ERM B 146:55,pearätik,satiin,tekstiil
615067,ERM B 146:80,"rüü, meeste",lina,tekstiil
615073,ERM B 146:86,soolatops,kask,puit
615076,ERM B 146:89,"sukk, meeste",,tekstiil
615076,ERM B 146:89,"sukk, meeste",vill,tekstiil
615079,ERM B 146:92,käevõru,hõbe,metall
615080,ERM B 146:93,"kõrvarõngas, 2",hõbe,metall
615080,ERM B 146:93,"kõrvarõngas, 2",riideriba,tekstiil
615080,ERM B 146:93,"kõrvarõngas, 2",vill,tekstiil
615081,ERM B 146:94,"rinnaehe, rahadega",hõbe,metall
615081,ERM B 146:94,"rinnaehe, rahadega",linane,tekstiil
615081,ERM B 146:94,"rinnaehe, rahadega",puuvill,tekstiil
615081,ERM B 146:94,"rinnaehe, rahadega",vill,tekstiil
615082,ERM B 146:95,"peaehe, rahadega",hõbe,metall
615082,ERM B 146:95,"peaehe, rahadega",linane,tekstiil
615082,ERM B 146:95,"peaehe, rahadega",puuvill,tekstiil
615083,ERM B 146:96,"peaehe, rahadega",hõbe,metall
615083,ERM B 146:96,"peaehe, rahadega",klaas,klaas
615083,ERM B 146:96,"peaehe, rahadega",metall,metall
615083,ERM B 146:96,"peaehe, rahadega",,tekstiil
615084,ERM B 146:97,"rinnaehe, rahadega",hõbe,metall
615084,ERM B 146:97,"rinnaehe, rahadega",metall,metall
615084,ERM B 146:97,"rinnaehe, rahadega",,tekstiil
615085,ERM B 146:98,"kaelaehe, rahadega",hõbe,metall
615085,ERM B 146:98,"kaelaehe, rahadega",kuld,metall
615085,ERM B 146:98,"kaelaehe, rahadega",metall,metall
615086,ERM B 146:99,"patsikaunistus, rahadega",hõbe,metall
615086,ERM B 146:99,"patsikaunistus, rahadega",vill,tekstiil
615088,ERM B 146:101,"patsikaunistus, rahadega",hõbe,metall
615088,ERM B 146:101,"patsikaunistus, rahadega",puuvill,tekstiil
615089,ERM B 146:102,laubaehe,hõbe,metall
615089,ERM B 146:102,laubaehe,nahk,nahk
615089,ERM B 146:102,laubaehe,,tekstiil
615090,ERM B 161:68/ab,"saapad, naiste",nahk,nahk
615094,ERM B 161:72/ab,"kingapõhi, kingapealne",nahk,nahk
615096,ERM B 161:73,võrguhui,kask,puit
615096,ERM B 161:73,võrguhui,puuvill,tekstiil
615096,ERM B 161:73,võrguhui,puuvill,tekstiil
615097,ERM B 161:74,võrguhui,kapron,puit
615097,ERM B 161:74,võrguhui,kask,puit
615097,ERM B 161:74,võrguhui,tehismaterjal,puit
615098,ERM B 161:75,potihark,kuusk,puit
615098,ERM B 161:75,potihark,teras,puit
615099,ERM B 161:76,käsikõblas,kask,puit
615099,ERM B 161:76,käsikõblas,teras,metall
615100,ERM B 161:77,puur,metall,metall
615100,ERM B 161:77,puur,puit,puit
615101,ERM B 161:78,pesakast,puit,puit
615102,ERM B 161:79,vurrpuur,kask,puit
615102,ERM B 161:79,vurrpuur,nöör,puit
615102,ERM B 161:79,vurrpuur,puuvill,puit
615102,ERM B 161:79,vurrpuur,teras,puit
615103,ERM B 161:80,kapsanui,kask,puit
615104,ERM B 161:81,leivaastja,puit,puit
615105,ERM B 161:82,õlleankur,tamm,puit
615105,ERM B 161:82,õlleankur,teras,metall
615105,ERM B 161:82,õlleankur,vits,puit
615107,ERM B 161:84,tahvel,puit,puit
615107,ERM B 161:84,tahvel,,puit
615108,ERM B 161:85,võrguhark,lehtpuu,puit
615108,ERM B 161:85,võrguhark,plast,puit
615108,ERM B 161:85,võrguhark,puuvill,puit
615108,ERM B 161:85,võrguhark,,puit
615109,ERM B 161:86,rangid,kask,puit
615109,ERM B 161:86,rangid,nahk,nahk
615109,ERM B 161:86,rangid,õlg,puit
615110,ERM B 161:87,noodahang,metall,metall
615110,ERM B 161:87,noodahang,puit,puit
615111,ERM B 161:88,võrguujuk,mänd,puit
615112,ERM B 161:89,võrguujuk,mänd,puit
615113,ERM B 161:90,võrguujuk,mänd,puit
615114,ERM B 161:91/ab,võimasin,kuusk,puit
615114,ERM B 161:91/ab,võimasin,metall,metall
615115,ERM B 161:92,nahapihid,kask,puit
615115,ERM B 161:92,nahapihid,nahk,nahk
615115,ERM B 161:92,nahapihid,teras,metall
615117,ERM B 161:94,võrguujuk,toht,puit
615118,ERM B 161:95,võrguujuk,toht,puit
615119,ERM B 161:96,võrguujuk,toht,puit
615120,ERM B 161:97,võrguujuk,toht,puit
615121,ERM B 161:98,võrguujuk,toht,puit
615122,ERM B 161:99,võrk,lina,tekstiil
615122,ERM B 161:99,võrk,metall,metall
615122,ERM B 161:99,võrk,mänd,puit
615122,ERM B 161:99,võrk,,puit
615122,ERM B 161:99,võrk,,puit
615122,ERM B 161:99,võrk,toht,puit
615122,ERM B 161:99,võrk,ujukid,puit
615123,ERM B 161:100,kaelkoogud,lehtpuu,puit
615123,ERM B 161:100,kaelkoogud,metall,metall
615124,ERM B 161:101,võipütt,kuusk,puit
615125,ERM B 161:102,nahapihid,kask,puit
615125,ERM B 161:102,nahapihid,metall,metall
615125,ERM B 161:102,nahapihid,nahk,nahk
615126,ERM B 161:103/ab,mesitaru,kuusk,puit
615127,ERM B 161:104,vaalikurikas,kask,puit
615128,ERM B 161:105,koot,kask,puit
615128,ERM B 161:105,koot,,puit
615128,ERM B 161:105,koot,kuusk,puit
615128,ERM B 161:105,koot,metall,puit
615128,ERM B 161:105,koot,nahk,puit
615128,ERM B 161:105,koot,rihm,puit
615128,ERM B 161:105,koot,,puit
615129,ERM B 161:106/1-6,linaseemneõlipress,haab,puit
615129,ERM B 161:106/1-6,linaseemneõlipress,,puit
615129,ERM B 161:106/1-6,linaseemneõlipress,kask,puit
615129,ERM B 161:106/1-6,linaseemneõlipress,,puit
615129,ERM B 161:106/1-6,linaseemneõlipress,okaspuit,puit
615129,ERM B 161:106/1-6,linaseemneõlipress,,puit
615130,ERM B 161:107,pütt,puit,puit
615136,ERM B 161:113,võrguujuk,mänd,puit
615137,ERM B 161:114,võrguujuk,mänd,puit
615138,ERM B 161:115,võrguujuk,mänd,puit
615139,ERM B 161:116,võrguujuk,mänd,puit
615140,ERM B 161:117,võrguujuk,toht,puit
615256,ERM B 169:118,pohemold,puit,puit
615257,ERM B 169:119,külimit,pärn,puit
615258,ERM B 169:120,koonlapuu,lehtpuu,puit
615271,ERM B 172:44,vöötorava naha kuivatamise liist,nöör,puit
615271,ERM B 172:44,vöötorava naha kuivatamise liist,puuvill,puit
615271,ERM B 172:44,vöötorava naha kuivatamise liist,seeder,puit
615272,ERM B 172:45,tubakauhmri nui,kuusk,puit
615274,ERM B 172:46,korv,puit,puit
615274,ERM B 172:46,korv,toht,puit
615275,ERM B 172:47,ujuk,mänd,puit
615278,ERM B 172:49,"nool, mänguasi",mänd,puit
615279,ERM B 172:50,"nool, mänguasi",mänd,puit
615280,ERM B 172:51,päevahäll,,puit
615280,ERM B 172:51,päevahäll,lehtpuu,puit
615280,ERM B 172:51,päevahäll,nahk,puit
615280,ERM B 172:51,päevahäll,okaspuit,puit
615281,ERM B 172:52,karupeo laulude pulk,seeder,puit
615282,ERM B 172:53,kammitsa haamer,lehtpuu,puit
615282,ERM B 172:53,kammitsa haamer,luu,puit
615282,ERM B 172:53,kammitsa haamer,nöör,puit
615282,ERM B 172:53,kammitsa haamer,puuvill,puit
615282,ERM B 172:53,kammitsa haamer,,puit
615283,ERM B 172:54,noole kõrguse mõõt,okaspuit,puit
615285,ERM B 172:55,noole kõrguse mõõt,okaspuit,puit
615286,ERM B 172:56,nooleots,teras,metall
615287,ERM B 172:57,nool,okaspuit,puit
615287,ERM B 172:57,nool,teras,puit
615290,ERM B 172:59,karukolp,luu,luu
615305,ERM B 55:9,vöö,linane,tekstiil
615305,ERM B 55:9,vöö,lõng,tekstiil
615306,ERM B 55:10/ab,nõu,kask,puit
615307,ERM B 55:11,märsskorv,toht,puit
615308,ERM B 55:7,nõu,kask,puit
615309,ERM B 55:12,tupp,toht,puit
615310,ERM B 55:13,lusikas,kaha,puit
615310,ERM B 55:13,lusikas,paju,puit
615310,ERM B 55:13,lusikas,toht,puit
615310,ERM B 55:13,lusikas,,puit
615311,ERM B 55:14,märss,toht,puit
615312,ERM B 55:15,pesukurikas,kask,puit
615313,ERM B 55:16,vikat,metall,metall
615313,ERM B 55:16,vikat,puit,puit
615314,ERM B 56:1,särk,puuvill,tekstiil
615314,ERM B 56:1,särk,vill,tekstiil
615315,ERM B 56:2/ab,sukad,lõng,tekstiil
615315,ERM B 56:2/ab,sukad,vill,tekstiil
615316,ERM B 56:3/a,"kaunistus, särgi alaääre",puuvill,tekstiil
615317,ERM B 56:3/b,"kaunistus, särgi alaääre",vill,tekstiil
615318,ERM B 56:4/ab,"lahttasku, vööga",puuvill,tekstiil
615318,ERM B 56:4/ab,"lahttasku, vööga",vill,tekstiil
615319,ERM B 56:5/ab,viisud,pärn,puit
615320,ERM B 56:6,lusikahoidja,paju,puit
615321,ERM B 56:7,"vile, koer",savi,keraamika
615322,ERM B 56:8,"vile, lind",savi,keraamika
615324,ERM B 56:10,"koonlapuu, varre laba",vaher,puit
615325,ERM B 56:11,lusikahoidja,paju,puit
615326,ERM B 56:12,pitsatsõrmus,metall,metall
615327,ERM B 56:13,püksid,lina,tekstiil
615328,ERM B 56:14,"pael, särgi alaääre",puuvill,tekstiil
615328,ERM B 56:14,"pael, särgi alaääre",vill,tekstiil
615329,ERM B 56:15,"pael, särgi alaääre",puuvill,tekstiil
615329,ERM B 56:15,"pael, särgi alaääre",vill,tekstiil
615330,ERM B 56:16,sõel,mänd,puit
615332,ERM B 56:18/ab,süstik,kask,puit
615332,ERM B 56:18/ab,süstik,,puit
615332,ERM B 56:18/ab,süstik,toomingas,puit
615333,ERM B 56:19/ab,süstik,kask,puit
615333,ERM B 56:19/ab,süstik,,puit
615333,ERM B 56:19/ab,süstik,toomingas,puit
615334,ERM B 56:20/ab,"kedervars, kedraga",kask,puit
615334,ERM B 56:20/ab,"kedervars, kedraga",keder,puit
615334,ERM B 56:20/ab,"kedervars, kedraga",kivim,puit
615336,ERM B 56:21,suga,kask,puit
615337,ERM B 56:22/ab,koonlapuu,kask,puit
615337,ERM B 56:22/ab,koonlapuu,,puit
615337,ERM B 56:22/ab,koonlapuu,,puit
615337,ERM B 56:22/ab,koonlapuu,vaher,puit
615338,ERM B 56:23,tihv,kask,puit
615339,ERM B 56:24/ab,niiepöörad,kask,puit
615339,ERM B 56:24/ab,niiepöörad,,puit
615339,ERM B 56:24/ab,niiepöörad,vaher,puit
615340,ERM B 56:25/ab,"kedervars, kedraga",kask,puit
615340,ERM B 56:25/ab,"kedervars, kedraga",keder,puit
615340,ERM B 56:25/ab,"kedervars, kedraga",kivim,puit
615341,ERM B 56:26/ab,niied,kask,puit
615341,ERM B 56:26/ab,niied,lina,puit
615341,ERM B 56:26/ab,niied,vaher,puit
615343,ERM B 56:28/ab,viisud,pärn,puit
615344,ERM B 56:29,luisutasku,paju,puit
615345,ERM B 56:30,särk,puuvill,tekstiil
615345,ERM B 56:30,särk,vill,tekstiil
615346,ERM B 56:31,vöö,lõng,tekstiil
615346,ERM B 56:31,vöö,vill,tekstiil
615347,ERM B 56:32/ab,vöökaunistused,puuvill,tekstiil
615347,ERM B 56:32/ab,vöökaunistused,sits (riidesort),tekstiil
615348,ERM B 56:33/ab,"luisk, luisutaskuga",kask,puit
615348,ERM B 56:33/ab,"luisk, luisutaskuga",,puit
615348,ERM B 56:33/ab,"luisk, luisutaskuga",tamm,puit
615348,ERM B 56:33/ab,"luisk, luisutaskuga",,puit
615349,ERM B 56:34/ab,koonalpuu,kask,puit
615349,ERM B 56:34/ab,koonalpuu,puit,puit
615349,ERM B 56:34/ab,koonalpuu,vaher,puit
615349,ERM B 56:34/ab,koonalpuu,,puit
615349,ERM B 56:34/ab,koonalpuu,,puit
615349,ERM B 56:34/ab,koonalpuu,,puit
615350,ERM B 56:35,vöö,lõng,tekstiil
615350,ERM B 56:35,vöö,puuvill,tekstiil
615351,ERM B 56:36,pesukurikas,kask,puit
615352,ERM B 56:37/ab,"kedervars, kedraga",kivim,puit
615352,ERM B 56:37/ab,"kedervars, kedraga",lina,puit
615352,ERM B 56:37/ab,"kedervars, kedraga",vaher,puit
615353,ERM B 79:5,käsitöökott,kalev (riidesort),tekstiil
615353,ERM B 79:5,käsitöökott,karusnahk,tekstiil
615353,ERM B 79:5,käsitöökott,metall,tekstiil
615353,ERM B 79:5,käsitöökott,nahk,tekstiil
615353,ERM B 79:5,käsitöökott,nööp,tekstiil
615353,ERM B 79:5,käsitöökott,põhjapõder,tekstiil
615353,ERM B 79:5,käsitöökott,riideriba,tekstiil
615353,ERM B 79:5,käsitöökott,,tekstiil
615354,ERM B 79:6,nõu,kask,puit
615354,ERM B 79:6,nõu,nöör,puit
615354,ERM B 79:6,nõu,sarapuu,puit
615354,ERM B 79:6,nõu,toht,puit
615354,ERM B 79:6,nõu,vits,puit
615355,ERM B 79:7,käsitöökott,karusnahk,nahk
615355,ERM B 79:7,käsitöökott,nahk,nahk
615355,ERM B 79:7,käsitöökott,,nahk
615355,ERM B 79:7,käsitöökott,põhjapõder,nahk
615355,ERM B 79:7,käsitöökott,pärl,nahk
615355,ERM B 79:7,käsitöökott,tehismaterjal,nahk
615355,ERM B 79:7,käsitöökott,vill,nahk
615356,ERM B 79:8,rinnaehe,helmed,klaas
615356,ERM B 79:8,rinnaehe,klaas,klaas
615356,ERM B 79:8,rinnaehe,nööp,klaas
615356,ERM B 79:8,rinnaehe,puuvill,tekstiil
615356,ERM B 79:8,rinnaehe,,tekstiil
615356,ERM B 79:8,rinnaehe,tehismaterjal,klaas
615356,ERM B 79:8,rinnaehe,,tekstiil
615357,ERM B 79:9,puur,puit,puit
615357,ERM B 79:9,puur,raud,metall
615358,ERM B 79:10,noodakivi,kask,puit
615358,ERM B 79:10,noodakivi,kivim,puit
615358,ERM B 79:10,noodakivi,toht,puit
615359,ERM B 79:11,nõelapadi,helmed,tekstiil
615359,ERM B 79:11,nõelapadi,klaas,tekstiil
615359,ERM B 79:11,nõelapadi,vill,tekstiil
615360,ERM B 79:12,piirits,mänd,puit
615361,ERM B 79:13,lusikas,puit,puit
615362,ERM B 79:14,peibutuspart,kapron,puit
615362,ERM B 79:14,peibutuspart,,metall
615362,ERM B 79:14,peibutuspart,puit,puit
615362,ERM B 79:14,peibutuspart,raud,metall
615362,ERM B 79:14,peibutuspart,tehismaterjal,plastik
615363,ERM B 79:15,lusikas,puit,puit
615364,ERM B 79:16,nõu,kapron,puit
615364,ERM B 79:16,nõu,sarapuu,puit
615364,ERM B 79:16,nõu,tehismaterjal,puit
615364,ERM B 79:16,nõu,toht,puit
615364,ERM B 79:16,nõu,vits,puit
615365,ERM B 79:17/ab,"suvejalanõud, meeste",karusnahk,nahk
615365,ERM B 79:17/ab,"suvejalanõud, meeste",nahk,nahk
615365,ERM B 79:17/ab,"suvejalanõud, meeste",,nahk
615366,ERM B 79:18,käsitöökott,helmed,klaas
615366,ERM B 79:18,käsitöökott,karusnahk,nahk
615366,ERM B 79:18,käsitöökott,klaas,klaas
615366,ERM B 79:18,käsitöökott,metall,metall
615366,ERM B 79:18,käsitöökott,nahk,nahk
615366,ERM B 79:18,käsitöökott,,nahk
615366,ERM B 79:18,käsitöökott,pärl,luu
615366,ERM B 79:18,käsitöökott,,tekstiil
615366,ERM B 79:18,käsitöökott,tehismaterjal,plastik
615366,ERM B 79:18,käsitöökott,vask,metall
615366,ERM B 79:18,käsitöökott,alumiinium,metall
615367,ERM B 79:19/ab,"saapad, naiste",karusnahk,nahk
615367,ERM B 79:19/ab,"saapad, naiste",põhjapõder,nahk
615369,ERM B 79:21,rinnaehe,vill,tekstiil
615369,ERM B 79:21,rinnaehe,,tekstiil
615370,ERM B 79:22,lusikas,puit,puit
615371,ERM B 79:23,piirits,mänd,puit
615372,ERM B 80:1/ab,"vaalikurikas, vaalikaigas",kaigas,puit
615372,ERM B 80:1/ab,"vaalikurikas, vaalikaigas",kask,puit
615372,ERM B 80:1/ab,"vaalikurikas, vaalikaigas",,puit
615372,ERM B 80:1/ab,"vaalikurikas, vaalikaigas",kuusk,puit
615374,ERM B 80:2,päsmer,raud,metall
615375,ERM B 80:3,kedervars,puit,puit
615376,ERM B 80:4,käterätt,lina,tekstiil
615377,ERM B 80:5,sirp,puit,puit
615377,ERM B 80:5,sirp,teras,metall
615378,ERM B 80:6,õllenõu,lina,tekstiil
615378,ERM B 80:6,õllenõu,savi,keraamika
615378,ERM B 80:6,õllenõu,toht,puit
615379,ERM B 80:7,tikkimisraam,mänd,puit
615380,ERM B 80:8,vikat,kask,puit
615380,ERM B 80:8,vikat,teras,metall
615381,ERM B 80:9,võikirn,kuusk,puit
615382,ERM B 80:10,õllenõu,savi,keraamika
615383,ERM B 80:11,mõrd,kanep,puit
615383,ERM B 80:11,mõrd,kuusk,puit
615383,ERM B 80:11,mõrd,niit,puit
615383,ERM B 80:11,mõrd,nöör,puit
615383,ERM B 80:11,mõrd,vits,puit
615384,ERM B 80:12,märss,nahk,puit
615384,ERM B 80:12,märss,puit,puit
615384,ERM B 80:12,märss,,puit
615384,ERM B 80:12,märss,rihm,puit
615384,ERM B 80:12,märss,toht,puit
615385,ERM B 80:13,ropsimõõk,kask,puit
615386,ERM B 80:14,nõu,sarapuu,puit
615386,ERM B 80:14,nõu,toht,puit
615386,ERM B 80:14,nõu,vits,puit
615388,ERM B 80:16,käsikivi,puit,puit
615388,ERM B 80:16,käsikivi,raud,metall
615390,ERM B 80:18,õllenõu,kask,puit
615390,ERM B 80:18,õllenõu,puit,puit
615390,ERM B 80:18,õllenõu,toht,puit
615391,ERM B 80:19,ahing,kuusk,puit
615391,ERM B 80:19,ahing,raud,metall
615391,ERM B 80:19,ahing,,puit
615392,ERM B 80:20,kapi uks,mänd,puit
615392,ERM B 80:20,kapi uks,vask,puit
615393,ERM B 80:21,õllenõu,savi,keraamika
615393,ERM B 80:21,õllenõu,toht,keraamika
615394,ERM B 80:22,koonlapuu,kuusk,puit
615395,ERM B 80:23,kedervars,kask,puit
615396,ERM B 80:24,ropsimõõk,mänd,puit
615397,ERM B 80:25,linahari,kuusk,puit
615397,ERM B 80:25,linahari,raud,metall
615398,ERM B 80:26/abc,kerilaud,,puit
615398,ERM B 80:26/abc,kerilaud,lehtpuu,puit
615398,ERM B 80:26/abc,kerilaud,mänd,puit
615399,ERM B 80:27/ab,"lõngakeha, jalaga",haab,puit
615399,ERM B 80:27/ab,"lõngakeha, jalaga",klots,puit
615399,ERM B 80:27/ab,"lõngakeha, jalaga",kuusk,puit
615399,ERM B 80:27/ab,"lõngakeha, jalaga",toomingas,puit
615399,ERM B 80:27/ab,"lõngakeha, jalaga",vits,puit
615400,ERM B 80:28,leivalabidas,kask,puit
615401,ERM B 80:29,höövel,vaher,puit
615402,ERM B 80:30/ab,"lõngakeha, jalaga",kask,puit
615402,ERM B 80:30/ab,"lõngakeha, jalaga",mänd,puit
615402,ERM B 80:30/ab,"lõngakeha, jalaga",,puit
615402,ERM B 80:30/ab,"lõngakeha, jalaga",,puit
615403,ERM B 80:31,rangid,nahk,nahk
615403,ERM B 80:31,rangid,vilt,tekstiil
615403,ERM B 80:31,rangid,vineer,puit
615404,ERM B 80:32,"vaip, põrandariie",lõim,tekstiil
615404,ERM B 80:32,"vaip, põrandariie",puuvill,tekstiil
615424,ERM B 101:55,"vikat, vars",kuusk,puit
615425,ERM B 101:56,jäätuur,kuusk,puit
615425,ERM B 101:56,jäätuur,raud,metall
615425,ERM B 101:56,jäätuur,,
615426,ERM B 101:57,võimasin,kuusk,puit
615434,ERM B 102:5,häll,kask,puit
615434,ERM B 102:5,häll,,puit
615434,ERM B 102:5,häll,mänd,puit
615434,ERM B 102:5,häll,niin,puit
615434,ERM B 102:5,häll,nöör,puit
615434,ERM B 102:5,häll,puuvill,puit
615434,ERM B 102:5,häll,pärn,puit
615434,ERM B 102:5,häll,,puit
615437,ERM B 102:8,kulp,kask,puit
615438,ERM B 102:9,"nuga, viiskude valmistamiseks",kask,puit
615438,ERM B 102:9,"nuga, viiskude valmistamiseks",raud,metall
615439,ERM B 102:10,nõu,savi,keraamika
615440,ERM B 102:11,nõu,kuusk,puit
615440,ERM B 102:11,nõu,niit,puit
615440,ERM B 102:11,nõu,puuvill,puit
615440,ERM B 102:11,nõu,,puit
615440,ERM B 102:11,nõu,toht,puit
615441,ERM B 102:12,süstik,kask,puit
615442,ERM B 102:13,kaelkoogud,lehtpuu,puit
615443,ERM B 102:14/ab,"jalarätid, meeste",kanep,tekstiil
615444,ERM B 102:15,linahari,kanep,puit
615444,ERM B 102:15,linahari,loomne materjal,puit
615444,ERM B 102:15,linahari,seaharjased,puit
615445,ERM B 102:16,koonlapuu,kask,puit
615446,ERM B 102:17,nõu,kask,puit
615446,ERM B 102:17,nõu,,puit
615446,ERM B 102:17,nõu,toht,puit
615449,ERM B 102:20,jahunõu,haab,puit
615450,ERM B 102:21/ab,viisud,niin,puit
615451,ERM B 102:22,käterätt,looduslik kiud,tekstiil
615451,ERM B 102:22,käterätt,puuvill,tekstiil
615452,ERM B 102:23,vöö,niit,tekstiil
615452,ERM B 102:23,vöö,puuvill,tekstiil
615459,ERM B 102:30/ab,"sokid, naiste",lõng,tekstiil
615459,ERM B 102:30/ab,"sokid, naiste",vill,tekstiil
615460,ERM B 102:31/ab,labakindad,lõng,tekstiil
615460,ERM B 102:31/ab,labakindad,vill,tekstiil
615462,ERM B 102:33,lapse kandmed,linane,tekstiil
615462,ERM B 102:33,lapse kandmed,lõng,tekstiil
615462,ERM B 102:33,lapse kandmed,riie,tekstiil
615462,ERM B 102:33,lapse kandmed,vill,tekstiil
615465,ERM B 102:36,jalarättide riie,kanep,tekstiil
615469,ERM B 102:40,"kurikas, kalevi",kask,puit
615470,ERM B 102:41,potihark,kask,puit
615470,ERM B 102:41,potihark,raud,metall
615471,ERM B 102:42,panninäpits,kask,puit
615471,ERM B 102:42,panninäpits,raud,metall
615472,ERM B 102:43,voolmed,kask,puit
615472,ERM B 102:43,voolmed,raud,metall
615473,ERM B 103:63,märss,kask,puit
615473,ERM B 103:63,märss,lina,puit
615473,ERM B 103:63,märss,nöör,puit
615478,ERM B 103:65,nõu,toht,puit
615479,ERM B 103:66,nõu,toht,puit
615480,ERM B 103:67,nõu,toht,puit
615481,ERM B 103:68/abc,puur,kask,puit
615481,ERM B 103:68/abc,puur,kuusk,puit
615481,ERM B 103:68/abc,puur,nahk,nahk
615481,ERM B 103:68/abc,puur,raud,metall
615481,ERM B 103:68/abc,puur,rihm,nahk
615481,ERM B 103:68/abc,puur,,
615481,ERM B 103:68/abc,puur,,puit
615482,ERM B 103:69,koonlapuu,mänd,puit
615483,ERM B 103:70,võrguhark,,puit
615483,ERM B 103:70,võrguhark,kuusk,puit
615483,ERM B 103:70,võrguhark,,puit
615483,ERM B 103:70,võrguhark,toomingas,puit
615484,ERM B 103:71,poolivokk,,puit
615484,ERM B 103:71,poolivokk,kask,puit
615484,ERM B 103:71,poolivokk,mänd,puit
615484,ERM B 103:71,poolivokk,raud,puit
615485,ERM B 103:72,karjakell,nahk,nahk
615485,ERM B 103:72,karjakell,raud,metall
615486,ERM B 103:73,kopp,kask,puit
615487,ERM B 103:74,kingaliist,kask,puit
615488,ERM B 103:75,linaraats,mänd,puit
615490,ERM B 103:77/1-2,niidurullid,kask,tekstiil
615490,ERM B 103:77/1-2,niidurullid,metall,tekstiil
615490,ERM B 103:77/1-2,niidurullid,traat,tekstiil
615500,ERM B 104:5,joogikopp,kask,puit
615509,ERM B 105:3/ab,labakindad,lõng,tekstiil
615509,ERM B 105:3/ab,labakindad,vill,tekstiil
615510,ERM B 105:4,sirp,puit,puit
615510,ERM B 105:4,sirp,raud,metall
615511,ERM B 105:5,sirp,kask,puit
615511,ERM B 105:5,sirp,raud,metall
615514,ERM B 105:8/ab,labakindad,lõng,tekstiil
615514,ERM B 105:8/ab,labakindad,vill,tekstiil
615515,ERM B 105:9/ab,labakindad,lõng,tekstiil
615515,ERM B 105:9/ab,labakindad,vill,tekstiil
615517,ERM B 105:11,soolatoos,juured,puit
615517,ERM B 105:11,soolatoos,puit,puit
615521,ERM B 121:11,võrgunõel,kuusk,puit
615523,ERM B 121:13/ab,"sussid, naiste",helmed,nahk
615523,ERM B 121:13/ab,"sussid, naiste",,nahk
615523,ERM B 121:13/ab,"sussid, naiste",nahk,nahk
615523,ERM B 121:13/ab,"sussid, naiste",puuvill,nahk
615523,ERM B 121:13/ab,"sussid, naiste",riie,nahk
615523,ERM B 121:13/ab,"sussid, naiste",tehismaterjal,nahk
615526,ERM B 121:16/ab,sukad,lõng,tekstiil
615526,ERM B 121:16/ab,sukad,vill,tekstiil
615528,ERM B 121:18,rätik,puuvill,tekstiil
615528,ERM B 121:18,rätik,riie,tekstiil
615530,ERM B 121:20/ab,sukad,lõng,tekstiil
615530,ERM B 121:20/ab,sukad,vill,tekstiil
615533,ERM B 121:23/ab,kedervars,kuusk,puit
615543,ERM B 121:33,kulp,kask,puit
615545,ERM B 121:35,nõelapadi,,tekstiil
615545,ERM B 121:35,nõelapadi,sits (riidesort),tekstiil
615545,ERM B 121:35,nõelapadi,puuvill,tekstiil
615545,ERM B 121:35,nõelapadi,vill,tekstiil
615548,ERM B 121:38,nõelapadi,,tekstiil
615548,ERM B 121:38,nõelapadi,sits (riidesort),tekstiil
615548,ERM B 121:38,nõelapadi,puuvill,tekstiil
615548,ERM B 121:38,nõelapadi,vill,tekstiil
615550,ERM B 121:40,nõu,kask,puit
615550,ERM B 121:40,nõu,nöör,puit
615550,ERM B 121:40,nõu,takk,puit
615550,ERM B 121:40,nõu,toht,puit
615551,ERM B 121:41,käsitöökarp,kask,puit
615551,ERM B 121:41,käsitöökarp,niit,puit
615551,ERM B 121:41,käsitöökarp,puuvill,puit
615551,ERM B 121:41,käsitöökarp,toht,puit
615554,ERM B 121:44,püünis,kuusk,puit
615554,ERM B 121:44,püünis,nöör,puit
615554,ERM B 121:44,püünis,takk,puit
615557,ERM B 121:47,püünis,raud,metall
615558,ERM B 121:48,noodakivi,kivim,kivim
615559,ERM B 121:49,pullu,kuusk,puit
615559,ERM B 121:49,pullu,nöör,puit
615559,ERM B 121:49,pullu,takk,puit
615563,ERM B 122:1,lüpsik,kuusk,puit
615563,ERM B 122:1,lüpsik,lehtpuu,puit
615563,ERM B 122:1,lüpsik,metall,metall
615564,ERM B 122:2,tünn,kuusk,puit
615565,ERM B 122:3,pühaserätt,labane kangas,tekstiil
615565,ERM B 122:3,pühaserätt,linane,tekstiil
615565,ERM B 122:3,pühaserätt,puuvill,tekstiil
615565,ERM B 122:3,pühaserätt,tikand,tekstiil
615565,ERM B 122:3,pühaserätt,vabrikupits (riidesort),tekstiil
615569,ERM B 122:7,veenõu,savi,keraamika
615569,ERM B 122:7,veenõu,toht,keraamika
615571,ERM B 122:9,vöö,,tekstiil
615571,ERM B 122:9,vöö,linane,tekstiil
615571,ERM B 122:9,vöö,lõng,tekstiil
615571,ERM B 122:9,vöö,vill,tekstiil
615574,ERM B 133:177,vöö,kapron,tekstiil
615575,ERM B 133:178,vöö,klaas,tekstiil
615575,ERM B 133:178,vöö,pärl,tekstiil
615575,ERM B 133:178,vöö,vill,tekstiil
615576,ERM B 133:179,"kaelaehe, rahadega",hõbe,metall
615576,ERM B 133:179,"kaelaehe, rahadega",,tekstiil
615586,ERM B 133:189,leivavorm,pärn,puit
615587,ERM B 133:191/ab,nõu,kask,puit
615587,ERM B 133:191/ab,nõu,,puit
615587,ERM B 133:191/ab,nõu,,puit
615587,ERM B 133:191/ab,nõu,,puit
615587,ERM B 133:191/ab,nõu,toht,puit
615588,ERM B 133:190,leivavorm,pärn,puit
615589,ERM B 134:1,põrandariie,kapron,tekstiil
615589,ERM B 134:1,põrandariie,lõim,tekstiil
615590,ERM B 134:2,kalavõrk,kapron,tekstiil
615590,ERM B 134:2,kalavõrk,metall,metall
615590,ERM B 134:2,kalavõrk,penoplast,plastik
615590,ERM B 134:2,kalavõrk,plast,plastik
615590,ERM B 134:2,kalavõrk,tehismaterjal,tekstiil
615591,ERM B 134:3,põrandariie,kude,tekstiil
615591,ERM B 134:3,põrandariie,lõim,tekstiil
615591,ERM B 134:3,põrandariie,puuvill,tekstiil
615591,ERM B 134:3,põrandariie,vill,tekstiil
615593,ERM B 134:5,käterätt,drell (riidesort),tekstiil
615593,ERM B 134:5,käterätt,lina,tekstiil
615593,ERM B 134:5,käterätt,puuvill,tekstiil
615594,ERM B 134:6,müts,heie,tekstiil
615594,ERM B 134:6,müts,puuvill,tekstiil
615594,ERM B 134:6,müts,,tekstiil
615594,ERM B 134:6,müts,vill,tekstiil
615595,ERM B 134:7,barett,lõng,tekstiil
615595,ERM B 134:7,barett,vill,tekstiil
615596,ERM B 134:8,"kauss, piima",savi,keraamika
615597,ERM B 134:9/ab,võrgukivid,savi,keraamika
615602,ERM B 134:14,korv,mänd,puit
615604,ERM B 134:16/ab,"vaalikurikas, kaikaga",kask,puit
615606,ERM B 134:18,suga,kuusk,puit
615607,ERM B 134:19,"soaraam, katke",kask,puit
615608,ERM B 134:20,süstik,tamm,puit
615609,ERM B 134:21,potihark,raud,metall
615610,ERM B 134:22,käterätt,lina,tekstiil
615611,ERM B 134:23,põrandavaip,kalts,tekstiil
615611,ERM B 134:23,põrandavaip,puuvill,tekstiil
615612,ERM B 134:24,seljakorv,kuusk,puit
615614,ERM B 134:26/ab,"vaalikurikas, kaikaga",kask,puit
615614,ERM B 134:26/ab,"vaalikurikas, kaikaga",kuusk,puit
615614,ERM B 134:26/ab,"vaalikurikas, kaikaga",,puit
615614,ERM B 134:26/ab,"vaalikurikas, kaikaga",,puit
615615,ERM B 134:27,vikativars,kuusk,puit
615615,ERM B 134:27,vikativars,lehtpuu,puit
615615,ERM B 134:27,vikativars,,puit
615616,ERM B 134:28,kaelkoogud,kuusk,puit
615616,ERM B 134:28,kaelkoogud,metall,puit
615617,ERM B 134:29,lõuguti,,puit
615617,ERM B 134:29,lõuguti,kask,puit
615617,ERM B 134:29,lõuguti,kuusk,puit
615620,ERM B 135:1,kleit,puuvill,tekstiil
615621,ERM B 135:2,rahakott,helmed,tekstiil
615621,ERM B 135:2,rahakott,tehismaterjal,tekstiil
615622,ERM B 147:1/ab,ööhäll,kask,puit
615622,ERM B 147:1/ab,ööhäll,linane,puit
615622,ERM B 147:1/ab,ööhäll,niit,puit
615622,ERM B 147:1/ab,ööhäll,toht,puit
615622,ERM B 147:1/ab,ööhäll,vill,puit
615622,ERM B 147:1/ab,ööhäll,,puit
615623,ERM B 147:2/ab,"karp, kaanega",kask,puit
615623,ERM B 147:2/ab,"karp, kaanega",niit,puit
615623,ERM B 147:2/ab,"karp, kaanega",toht,puit
615625,ERM B 147:4,"mõõdulaud, vene pulkade",seeder,puit
615628,ERM B 147:7/ab,"labakindad, naiste",lambavilla ja koerakarva lõng,tekstiil
615628,ERM B 147:7/ab,"labakindad, naiste",vill,tekstiil
615631,ERM B 147:10,"kultusese, müts",karusnahk,tekstiil
615631,ERM B 147:10,"kultusese, müts",nahk,tekstiil
615631,ERM B 147:10,"kultusese, müts",vill,tekstiil
615642,ERM B 148:1/1-3,kerilaud,saar,puit
615643,ERM B 148:2,soolanõu,saar,puit
615644,ERM B 148:3,kann,savi,keraamika
615645,ERM B 148:4,heinahang,kask,puit
615645,ERM B 148:4,heinahang,raud,metall
615646,ERM B 148:5,triikraud,kask,puit
615646,ERM B 148:5,triikraud,,
615646,ERM B 148:5,triikraud,raud,metall
615647,ERM B 148:6,sirp,kask,puit
615647,ERM B 148:6,sirp,raud,metall
615649,ERM B 148:8,tool,saar,puit
615650,ERM B 148:9,vikat,raud,puit
615650,ERM B 148:9,vikat,saar,puit
615651,ERM B 148:10,habemenoa teritamise rihm,metall,metall
615651,ERM B 148:10,habemenoa teritamise rihm,nahk,metall
615651,ERM B 148:10,habemenoa teritamise rihm,,metall
615651,ERM B 148:10,habemenoa teritamise rihm,veis,
615652,ERM B 148:11/1-2,koonlapuu,saar,puit
615655,ERM B 148:14,kerilaua pulk,tamm,puit
615656,ERM B 148:15,veinikann,savi,keraamika
615657,ERM B 148:16,veinikann,savi,keraamika
615658,ERM B 148:17,põll,puuvill,tekstiil
615663,ERM B 148:22/1-2,kerilaud,saar,puit
615664,ERM B 148:23/1-2,latern,klaas,klaas
615664,ERM B 148:23/1-2,latern,metall,metall
615664,ERM B 148:23/1-2,latern,plekk,metall
615665,ERM B 148:24,jahumõõt,haab,puit
615667,ERM B 148:26,niidiviipsik,saar,puit
615668,ERM B 148:27,veekann,savi,keraamika
615669,ERM B 148:28,niidiviipsik,pärn,puit
615670,ERM B 148:29,"kepp, karjuse",kask,puit
615671,ERM B 148:30,piimakann,savi,keraamika
615672,ERM B 161:118,võrguujuk,toht,puit
615673,ERM B 161:119,võrguujuk,toht,puit
615674,ERM B 161:120,võrguujuk,toht,puit
615675,ERM B 162:1/ab,"saapad, naiste",nahk,nahk
615681,ERM B 162:7/ab,viisud,puit,puit
615697,ERM B 162:23,seenetorbik,puit,puit
615698,ERM B 162:24/ab,viisud,puit,puit
615700,ERM B 162:26,pealinik,puuvill,tekstiil
615700,ERM B 162:26,pealinik,vill,tekstiil
615700,ERM B 162:26,pealinik,,tekstiil
615705,ERM B 162:31,käterätt,lina,tekstiil
615705,ERM B 162:31,käterätt,puuvill,tekstiil
615714,ERM B 162:40/ab,"viisud, naiste",puit,puit
615833,ERM B 170:1/ab,"kanepikamm, jalaga",,puit
615833,ERM B 170:1/ab,"kanepikamm, jalaga",pärn,puit
615833,ERM B 170:1/ab,"kanepikamm, jalaga",saar,puit
615833,ERM B 170:1/ab,"kanepikamm, jalaga",vaher,puit
615833,ERM B 170:1/ab,"kanepikamm, jalaga",,puit
615860,ERM B 174:12,kauss,lehtpuu,puit
615861,ERM B 174:13,taldrik,lehtpuu,puit
615863,ERM B 174:14,kopp,lehtpuu,puit
615873,ERM B 174:23/ab,"labakindad, meeste",lõng,tekstiil
615873,ERM B 174:23/ab,"labakindad, meeste",vill,tekstiil
615882,ERM B 56:38,särgi alaäär,puuvill,tekstiil
615883,ERM B 56:39,hui,vaher,puit
615886,ERM B 57:1,"medal, Ilmari Manninen",,tekstiil
615886,ERM B 57:1,"medal, Ilmari Manninen",papp,tekstiil
615886,ERM B 57:1,"medal, Ilmari Manninen",pronks,tekstiil
615886,ERM B 57:1,"medal, Ilmari Manninen",,tekstiil
615888,ERM B 57:3,sorok,linane,tekstiil
615888,ERM B 57:3,sorok,lõng,tekstiil
615888,ERM B 57:3,sorok,sits (riidesort),tekstiil
615888,ERM B 57:3,sorok,puuvill,tekstiil
615888,ERM B 57:3,sorok,,tekstiil
615888,ERM B 57:3,sorok,vill,tekstiil
615888,ERM B 57:3,sorok,,tekstiil
615889,ERM B 57:4/ab,"kirstulukk, võtmega",raud,metall
615890,ERM B 57:5,ujuk,mänd,puit
615891,ERM B 57:6,ujuk,mänd,puit
615892,ERM B 57:7,ujuk,kork,puit
615892,ERM B 57:7,ujuk,puit,puit
615893,ERM B 57:8,noodakivi,kivim,kivim
615893,ERM B 57:8,noodakivi,toht,puit
615894,ERM B 58:1/ab,säärsaapad,loomanahk,nahk
615894,ERM B 58:1/ab,säärsaapad,nahk,nahk
615896,ERM B 58:3,käterätt,riideriba,tekstiil
615896,ERM B 58:3,käterätt,linane,tekstiil
615896,ERM B 58:3,käterätt,puuvill,tekstiil
615896,ERM B 58:3,käterätt,,tekstiil
615896,ERM B 58:3,käterätt,pits,tekstiil
615897,ERM B 58:4,karjapasun,kask,puit
615897,ERM B 58:4,karjapasun,paju,puit
615897,ERM B 58:4,karjapasun,toht,puit
615899,ERM B 58:6,viipsik,kask,puit
615899,ERM B 58:6,viipsik,kuusk,puit
615899,ERM B 58:6,viipsik,,puit
615900,ERM B 58:7,marjakühvel,kask,puit
615901,ERM B 58:8,nõel,kask,puit
615902,ERM B 58:9,koot,kuusk,puit
615902,ERM B 58:9,koot,nahk,puit
615902,ERM B 58:9,koot,saar,puit
615903,ERM B 58:10,õllevaat,haab,puit
615903,ERM B 58:10,õllevaat,kuusk,puit
615903,ERM B 58:10,õllevaat,,puit
615903,ERM B 58:10,õllevaat,paju,puit
615903,ERM B 58:10,õllevaat,vits,puit
615904,ERM B 58:11,linahari,kuusk,puit
615904,ERM B 58:11,linahari,metall,metall
615907,ERM B 58:14,koot,angerjas,puit
615907,ERM B 58:14,koot,kask,puit
615907,ERM B 58:14,koot,,puit
615907,ERM B 58:14,koot,kuusk,puit
615907,ERM B 58:14,koot,nahk,puit
615907,ERM B 58:14,koot,,puit
615908,ERM B 58:15/ab,viisud,pael,puit
615908,ERM B 58:15/ab,viisud,puuvill,puit
615908,ERM B 58:15/ab,viisud,pärn,puit
615909,ERM B 58:16,viisunaaskel,kask,puit
615909,ERM B 58:16,viisunaaskel,raud,metall
615910,ERM B 58:17/abc,"süstik, pool, poolivarras",kask,puit
615910,ERM B 58:17/abc,"süstik, pool, poolivarras",metall,metall
615910,ERM B 58:17/abc,"süstik, pool, poolivarras",,metall
615910,ERM B 58:17/abc,"süstik, pool, poolivarras",,puit
615910,ERM B 58:17/abc,"süstik, pool, poolivarras",toomingas,puit
615910,ERM B 58:17/abc,"süstik, pool, poolivarras",,metall
615911,ERM B 58:18/1-2,niiepöörad,kask,puit
615911,ERM B 58:18/1-2,niiepöörad,luu,luu
615911,ERM B 58:18/1-2,niiepöörad,luu,luu
615912,ERM B 58:19,suga,kask,puit
615912,ERM B 58:19,suga,,puit
615912,ERM B 58:19,suga,lina,puit
615912,ERM B 58:19,suga,mänd,puit
615912,ERM B 58:19,suga,,puit
615913,ERM B 58:20/ab,jalarätid,linane,tekstiil
615916,ERM B 58:23/ab,viisud,pärn,puit
615917,ERM B 58:24/ab,märss,metall,metall
615917,ERM B 58:24/ab,märss,,puit
615917,ERM B 58:24/ab,märss,toht,puit
615917,ERM B 58:24/ab,märss,toomingas,puit
615917,ERM B 58:24/ab,märss,traat,metall
615918,ERM B 58:25,korv,kask,puit
615918,ERM B 58:25,korv,raud,metall
615918,ERM B 58:25,korv,toht,puit
615918,ERM B 58:25,korv,traat,metall
615919,ERM B 58:26,rüiuvaip,kude,tekstiil
615919,ERM B 58:26,rüiuvaip,linane,tekstiil
615919,ERM B 58:26,rüiuvaip,lõim,tekstiil
615919,ERM B 58:26,rüiuvaip,vill,tekstiil
615920,ERM B 58:27/ab,viisud,paju,puit
615921,ERM B 58:28,kudumisnõel,luu,luu
615927,ERM B 59:1,"särk, naiste",linane,tekstiil
615927,ERM B 59:1,"särk, naiste",,tekstiil
615928,ERM B 59:2,seelik,kodukootud kangas,tekstiil
615928,ERM B 59:2,seelik,linane,tekstiil
615929,ERM B 59:3,põll,kodukootud kangas,tekstiil
615929,ERM B 59:3,põll,linane,tekstiil
615931,ERM B 80:34,korv,mänd,puit
615932,ERM B 80:35,mõrd,kuusk,puit
615932,ERM B 80:35,mõrd,lina,puit
615933,ERM B 80:36,õllenõu,savi,keraamika
615934,ERM B 80:37,jooginõu,toht,puit
615935,ERM B 80:38,vöö,,tekstiil
615935,ERM B 80:38,vöö,kude,tekstiil
615935,ERM B 80:38,vöö,linane,tekstiil
615935,ERM B 80:38,vöö,lõim,tekstiil
615935,ERM B 80:38,vöö,metall,tekstiil
615935,ERM B 80:38,vöö,vill,tekstiil
615936,ERM B 80:39/ab,nõu,toht,puit
615937,ERM B 80:40,"tops, vikatiluisu",toht,puit
615938,ERM B 80:41,latern,klaas,klaas
615938,ERM B 80:41,latern,metall,metall
615938,ERM B 80:41,latern,mänd,puit
615938,ERM B 80:41,latern,vineer,puit
615940,ERM B 80:43,koonlapuu,mänd,puit
615941,ERM B 80:44,süstik,kask,puit
615942,ERM B 80:45,nõu,kuusk,puit
615943,ERM B 80:46/1-3,soalaad,haab,puit
615944,ERM B 80:47,särk,lina,tekstiil
615944,ERM B 80:47,särk,puuvill,tekstiil
615946,ERM B 80:49,võrguujukid,kask,puit
615946,ERM B 80:49,võrguujukid,köis,puit
615946,ERM B 80:49,võrguujukid,niin,puit
615947,ERM B 80:50,tulusehark,puit,puit
615947,ERM B 80:50,tulusehark,raud,metall
615948,ERM B 80:51,voolmed,puit,puit
615948,ERM B 80:51,voolmed,teras,metall
615949,ERM B 80:52,suhkrutangid,teras,metall
615950,ERM B 80:53,käterätt,linane,tekstiil
615951,ERM B 80:54,poolijalg,kuusk,puit
615951,ERM B 80:54,poolijalg,nahk,nahk
615952,ERM B 80:55,nõu,toht,puit
615953,ERM B 80:56,märss,niin,puit
615953,ERM B 80:56,märss,nöör,puit
615953,ERM B 80:56,märss,toht,puit
615954,ERM B 80:57,nõu,kask,puit
615955,ERM B 80:58,vöö,kude,tekstiil
615955,ERM B 80:58,vöö,linane,tekstiil
615955,ERM B 80:58,vöö,lõim,tekstiil
615955,ERM B 80:58,vöö,vill,tekstiil
615956,ERM B 80:59,poolijalg,kask,puit
615956,ERM B 80:59,poolijalg,ketas,
615956,ERM B 80:59,poolijalg,mänd,puit
615956,ERM B 80:59,poolijalg,raud,metall
615957,ERM B 80:60,pudelikorv,mänd,puit
615957,ERM B 80:60,pudelikorv,niin,puit
615957,ERM B 80:60,pudelikorv,,puit
615957,ERM B 80:60,pudelikorv,toomingas,puit
615958,ERM B 80:61,pilak,raud,metall
615959,ERM B 80:62,vararaud,puit,puit
615959,ERM B 80:62,vararaud,raud,metall
615960,ERM B 80:63,nõu,toht,puit
615961,ERM B 80:64,ropsimõõk,vaher,puit
615962,ERM B 80:65,höövel,kask,puit
615962,ERM B 80:65,höövel,raud,metall
615963,ERM B 80:66,soonehöövel,raud,metall
615963,ERM B 80:66,soonehöövel,vaher,puit
615967,ERM B 80:70/abc,"võikirn, kaane ja männaga",kadakas,puit
615967,ERM B 80:70/abc,"võikirn, kaane ja männaga",kask,puit
615967,ERM B 80:70/abc,"võikirn, kaane ja männaga",kuusk,puit
615967,ERM B 80:70/abc,"võikirn, kaane ja männaga",,puit
615967,ERM B 80:70/abc,"võikirn, kaane ja männaga",vits,puit
615968,ERM B 80:71,höövel,kask,puit
615968,ERM B 80:71,höövel,,
615968,ERM B 80:71,höövel,raud,metall
615968,ERM B 80:71,höövel,saar,puit
615968,ERM B 80:71,höövel,,
615968,ERM B 80:71,höövel,tamm,puit
615969,ERM B 80:72,kulp,kask,puit
615970,ERM B 80:73,oherdi,sarapuu,puit
615970,ERM B 80:73,oherdi,teras,puit
615971,ERM B 80:74,saehamba rihtija,metall,metall
615971,ERM B 80:74,saehamba rihtija,puit,puit
615972,ERM B 80:75,saehamba raud,raud,metall
615973,ERM B 80:76,vararaud,raud,metall
615974,ERM B 80:77,sirkel,raud,metall
615974,ERM B 80:77,sirkel,,metall
615974,ERM B 80:77,sirkel,vask,metall
615975,ERM B 80:78/1-4,pooli alused,toht,puit
615976,ERM B 80:79,kedervars,kask,puit
615977,ERM B 80:80,kedervars,kask,puit
615978,ERM B 80:81,kedervars,kask,puit
615979,ERM B 80:82,kedervars,kask,puit
615980,ERM B 80:83,pudrumänd,mänd,puit
615981,ERM B 80:84,naaskel,metall,metall
615981,ERM B 80:84,naaskel,puit,puit
616001,ERM B 102:44,leivalabidas,kask,puit
616002,ERM B 102:45,"peavõrk, mesiniku",lina,tekstiil
616002,ERM B 102:45,"peavõrk, mesiniku",metall,metall
616003,ERM B 102:46,mesilassülemi nõu,metall,metall
616003,ERM B 102:46,mesilassülemi nõu,niin,puit
616003,ERM B 102:46,mesilassülemi nõu,pärn,puit
616004,ERM B 102:47,nõu,mänd,puit
616004,ERM B 102:47,nõu,,puit
616004,ERM B 102:47,nõu,toht,puit
616005,ERM B 102:48,korv,,puit
616005,ERM B 102:48,korv,niin,puit
616005,ERM B 102:48,korv,pärn,puit
616005,ERM B 102:48,korv,,puit
616005,ERM B 102:48,korv,toht,puit
616006,ERM B 102:49,küna,kask,puit
616007,ERM B 102:50,seljakott,niin,puit
616007,ERM B 102:50,seljakott,puit,puit
616008,ERM B 102:51,märss,metall,metall
616008,ERM B 102:51,märss,niin,puit
616008,ERM B 102:51,märss,,
616009,ERM B 102:52,kedervars,kask,puit
616010,ERM B 102:53,linahari,kask,puit
616010,ERM B 102:53,linahari,metall,metall
616011,ERM B 102:54,reha,kask,puit
616011,ERM B 102:54,reha,kuusk,puit
616011,ERM B 102:54,reha,,
616012,ERM B 102:55,korv,,puit
616012,ERM B 102:55,korv,niin,puit
616012,ERM B 102:55,korv,pärn,puit
616012,ERM B 102:55,korv,,puit
616012,ERM B 102:55,korv,toht,puit
616013,ERM B 102:56/ab,viisud,niin,puit
616014,ERM B 102:57/ab,viisud,niin,tekstiil
616014,ERM B 102:57/ab,viisud,puuvill,tekstiil
616014,ERM B 102:57/ab,viisud,vill,tekstiil
616015,ERM B 102:58,lina,atlasriie,tekstiil
616015,ERM B 102:58,lina,pael,tekstiil
616015,ERM B 102:58,lina,poepits,tekstiil
616015,ERM B 102:58,lina,,tekstiil
616015,ERM B 102:58,lina,puuvill,tekstiil
616015,ERM B 102:58,lina,,tekstiil
616018,ERM B 102:61,"pikk-kuub, naiste",kodukootud kangas,tekstiil
616018,ERM B 102:61,"pikk-kuub, naiste",linane,tekstiil
616018,ERM B 102:61,"pikk-kuub, naiste",riie,tekstiil
616018,ERM B 102:61,"pikk-kuub, naiste",vill,tekstiil
616026,ERM B 102:69,koot,kask,puit
616026,ERM B 102:69,koot,nahk,puit
616026,ERM B 102:69,koot,niin,puit
616026,ERM B 102:69,koot,nöör,puit
616027,ERM B 102:70,püstvokk,kask,puit
616027,ERM B 102:70,püstvokk,mänd,puit
616027,ERM B 102:70,püstvokk,saar,puit
616028,ERM B 102:71,poolivokk,mänd,puit
616028,ERM B 102:71,poolivokk,raud,metall
616029,ERM B 102:72,nöör,niin,puit
616030,ERM B 102:73,nõu,savi,keraamika
616031,ERM B 102:74,viljakühvel,kask,puit
616032,ERM B 102:75,korv,,puit
616032,ERM B 102:75,korv,niin,puit
616032,ERM B 102:75,korv,pärn,puit
616032,ERM B 102:75,korv,,puit
616032,ERM B 102:75,korv,,puit
616032,ERM B 102:75,korv,toht,puit
616033,ERM B 102:76,suga,,puit
616033,ERM B 102:76,suga,kask,puit
616033,ERM B 102:76,suga,mänd,puit
616034,ERM B 102:77,suga,,puit
616034,ERM B 102:77,suga,kask,puit
616034,ERM B 102:77,suga,kuusk,puit
616035,ERM B 102:78,paja alus,raud,metall
616036,ERM B 102:79/ab,viisud,niin,puit
616037,ERM B 102:80,nõu,,puit
616037,ERM B 102:80,nõu,niin,puit
616037,ERM B 102:80,nõu,pärn,puit
616037,ERM B 102:80,nõu,,puit
616037,ERM B 102:80,nõu,toht,puit
616038,ERM B 102:81,korv,niin,puit
616038,ERM B 102:81,korv,pärn,puit
616038,ERM B 102:81,korv,,puit
616038,ERM B 102:81,korv,toht,puit
616039,ERM B 102:82,"peavõrk, mesiniku",haab,puit
616039,ERM B 102:82,"peavõrk, mesiniku",laast,puit
616039,ERM B 102:82,"peavõrk, mesiniku",lina,tekstiil
616039,ERM B 102:82,"peavõrk, mesiniku",metall,metall
616039,ERM B 102:82,"peavõrk, mesiniku",nahk,nahk
616039,ERM B 102:82,"peavõrk, mesiniku",niit,tekstiil
616039,ERM B 102:82,"peavõrk, mesiniku",riie,tekstiil
616039,ERM B 102:82,"peavõrk, mesiniku",takk,puit
616039,ERM B 102:82,"peavõrk, mesiniku",traat,puit
616040,ERM B 102:83,voodiots,kask,puit
616041,ERM B 102:84,käterätt,lina,tekstiil
616041,ERM B 102:84,käterätt,puuvill,tekstiil
616042,ERM B 102:85,soolatoos,toht,puit
616043,ERM B 102:86,kandekott,niin,puit
616044,ERM B 102:87/ab,"sukad, naiste",lõng,tekstiil
616044,ERM B 102:87/ab,"sukad, naiste",vill,tekstiil
616045,ERM B 102:88/ab,labakindad,lõng,tekstiil
616045,ERM B 102:88/ab,labakindad,vill,tekstiil
616046,ERM B 102:89,leivavorm,niin,puit
616046,ERM B 102:89,leivavorm,paju,puit
616047,ERM B 102:90,"vikat, lühivarreline",kask,puit
616047,ERM B 102:90,"vikat, lühivarreline",raud,metall
616048,ERM B 102:91,kannel,,puit
616048,ERM B 102:91,kannel,,puit
616048,ERM B 102:91,kannel,metall,puit
616048,ERM B 102:91,kannel,mänd,puit
616049,ERM B 102:92/ab,"võikirn, männaga",haab,puit
616049,ERM B 102:92/ab,"võikirn, männaga",kask,puit
616049,ERM B 102:92/ab,"võikirn, männaga",kuusk,puit
616049,ERM B 102:92/ab,"võikirn, männaga",,
616049,ERM B 102:92/ab,"võikirn, männaga",mänd,puit
616049,ERM B 102:92/ab,"võikirn, männaga",,
616049,ERM B 102:92/ab,"võikirn, männaga",raud,metall
616049,ERM B 102:92/ab,"võikirn, männaga",vits,puit
616050,ERM B 102:93,reha,kask,puit
616050,ERM B 102:93,reha,kuusk,puit
616050,ERM B 102:93,reha,,puit
616050,ERM B 102:93,reha,,puit
616050,ERM B 102:93,reha,,puit
616051,ERM B 102:94/ab,"rinnaehe, kaelaehe",hõbe,metall
616051,ERM B 102:94/ab,"rinnaehe, kaelaehe",klaas,klaas
616051,ERM B 102:94/ab,"rinnaehe, kaelaehe",metall,metall
616051,ERM B 102:94/ab,"rinnaehe, kaelaehe",,tekstiil
616052,ERM B 106:1,"särk, naiste",puuvill,tekstiil
616053,ERM B 106:2,põll,puuvill,tekstiil
616054,ERM B 106:3,põll,puuvill,tekstiil
616055,ERM B 106:4,seinalinik,kanep,tekstiil
616055,ERM B 106:4,seinalinik,puuvill,tekstiil
616055,ERM B 106:4,seinalinik,vill,tekstiil
616056,ERM B 106:5,pealinik,lina,tekstiil
616056,ERM B 106:5,pealinik,puuvill,tekstiil
616057,ERM B 106:6,"riidelaid, põlle",lina,tekstiil
616057,ERM B 106:6,"riidelaid, põlle",puuvill,tekstiil
616058,ERM B 106:7/ab,sokid,vill,tekstiil
616059,ERM B 106:8/ab,kindad,lõng,tekstiil
616059,ERM B 106:8/ab,kindad,vill,tekstiil
616059,ERM B 106:8/ab,kindad,vill,tekstiil
616060,ERM B 106:9,"pealisrõivas, naiste",kanep,tekstiil
616060,ERM B 106:9,"pealisrõivas, naiste",kude,tekstiil
616060,ERM B 106:9,"pealisrõivas, naiste",lõim,tekstiil
616060,ERM B 106:9,"pealisrõivas, naiste",puuvill,tekstiil
616060,ERM B 106:9,"pealisrõivas, naiste",vill,tekstiil
616061,ERM B 106:10,käterätt,looduslik kiud,tekstiil
616061,ERM B 106:10,käterätt,puuvill,tekstiil
616062,ERM B 106:11,"peakate,  naiste",looduslik kiud,tekstiil
616062,ERM B 106:11,"peakate,  naiste",metall,tekstiil
616062,ERM B 106:11,"peakate,  naiste",puuvill,tekstiil
616062,ERM B 106:11,"peakate,  naiste",raha,tekstiil
616062,ERM B 106:11,"peakate,  naiste",toht,tekstiil
616063,ERM B 106:12,rinnaehe,lina,tekstiil
616063,ERM B 106:12,rinnaehe,puuvill,tekstiil
616064,ERM B 106:13,"vöö, meeste",lina,tekstiil
616064,ERM B 106:13,"vöö, meeste",linane,tekstiil
616064,ERM B 106:13,"vöö, meeste",vill,tekstiil
616064,ERM B 106:13,"vöö, meeste",vill,tekstiil
616065,ERM B 106:14,käevõru,hõbe,metall
616066,ERM B 106:15,käevõru,hõbe,metall
616067,ERM B 106:16,"kangas, laudlina",lina,tekstiil
616067,ERM B 106:16,"kangas, laudlina",puuvill,tekstiil
616068,ERM B 106:17,käterätt,kanep,tekstiil
616068,ERM B 106:17,käterätt,puuvill,tekstiil
616068,ERM B 106:17,käterätt,vill,tekstiil
616069,ERM B 106:18,"ülerõivas, naiste",kanep,tekstiil
616069,ERM B 106:18,"ülerõivas, naiste",kude,tekstiil
616069,ERM B 106:18,"ülerõivas, naiste",lõim,tekstiil
616069,ERM B 106:18,"ülerõivas, naiste",puuvill,tekstiil
616069,ERM B 106:18,"ülerõivas, naiste",vill,tekstiil
616070,ERM B 106:19/ab,kõrvarõngad,hõbe,metall
616071,ERM B 106:20,"vöö, meeste",kude,tekstiil
616071,ERM B 106:20,"vöö, meeste",lina,tekstiil
616071,ERM B 106:20,"vöö, meeste",lõim,tekstiil
616071,ERM B 106:20,"vöö, meeste",vill,tekstiil
616072,ERM B 106:21,särk-kleit,lina,tekstiil
616073,ERM B 106:22,vaip,vill,tekstiil
616074,ERM B 106:23,käterätt,puuvill,tekstiil
616075,ERM B 106:24,seinalinik,lina,tekstiil
616075,ERM B 106:24,seinalinik,puuvill,tekstiil
616076,ERM B 106:25,laudlina,puuvill,tekstiil
616077,ERM B 106:26,laudlina,kanep,tekstiil
616078,ERM B 106:27,laudlina,kanep,tekstiil
616078,ERM B 106:27,laudlina,kude,tekstiil
616078,ERM B 106:27,laudlina,lõim,tekstiil
616078,ERM B 106:27,laudlina,vill,tekstiil
616079,ERM B 106:28,seelik,lina,tekstiil
616080,ERM B 106:29,särk-kleit,lina,tekstiil
616080,ERM B 106:29,särk-kleit,puuvill,tekstiil
616081,ERM B 106:30/ab,niiepöörad,kask,puit
616082,ERM B 106:31,laste kandmise vahend,lina,tekstiil
616084,ERM B 106:32/abc,"kudumisraam, niinest kanga",,puit
616084,ERM B 106:32/abc,"kudumisraam, niinest kanga",kask,puit
616084,ERM B 106:32/abc,"kudumisraam, niinest kanga",kuusk,puit
616084,ERM B 106:32/abc,"kudumisraam, niinest kanga",,puit
616084,ERM B 106:32/abc,"kudumisraam, niinest kanga",metall,metall
616084,ERM B 106:32/abc,"kudumisraam, niinest kanga",nahk,nahk
616085,ERM B 106:33,seinalinik,kanep,tekstiil
616085,ERM B 106:33,seinalinik,puuvill,tekstiil
616086,ERM B 106:34,laudlina,puuvill,tekstiil
616087,ERM B 106:35,"kangas, seeliku",kanep,tekstiil
616087,ERM B 106:35,"kangas, seeliku",lina,tekstiil
616089,ERM B 106:36,särk-kleit,lina,tekstiil
616089,ERM B 106:36,särk-kleit,puuvill,tekstiil
616090,ERM B 106:37,särk-kleit,lina,tekstiil
616090,ERM B 106:37,särk-kleit,nööp,tekstiil
616090,ERM B 106:37,särk-kleit,plast,tekstiil
616090,ERM B 106:37,särk-kleit,puuvill,tekstiil
616091,ERM B 106:38,pealinik,puuvill,tekstiil
616092,ERM B 106:39,pealinik,puuvill,tekstiil
616093,ERM B 106:40,pealinik,lina,tekstiil
616093,ERM B 106:40,pealinik,puuvill,tekstiil
616093,ERM B 106:40,pealinik,vill,tekstiil
616094,ERM B 106:41,särk-kleit,lina,tekstiil
616095,ERM B 106:42,pealinik,lina,tekstiil
616095,ERM B 106:42,pealinik,lõng,tekstiil
616095,ERM B 106:42,pealinik,puuvill,tekstiil
616095,ERM B 106:42,pealinik,riie,tekstiil
616095,ERM B 106:42,pealinik,vill,tekstiil
616096,ERM B 106:43,pealinik,kanep,tekstiil
616096,ERM B 106:43,pealinik,vill,tekstiil
616097,ERM B 106:44,pealinik,kanep,tekstiil
616097,ERM B 106:44,pealinik,vill,tekstiil
616098,ERM B 106:45/ab,"pealiniku, katke",kanep,tekstiil
616098,ERM B 106:45/ab,"pealiniku, katke",vill,tekstiil
616099,ERM B 106:46,särk-kleit,kanep,tekstiil
616099,ERM B 106:46,särk-kleit,nööp,tekstiil
616099,ERM B 106:46,särk-kleit,plast,tekstiil
616099,ERM B 106:46,särk-kleit,puuvill,tekstiil
616100,ERM B 106:47,särk-kleit,kanep,tekstiil
616100,ERM B 106:47,särk-kleit,lina,tekstiil
616100,ERM B 106:47,särk-kleit,plast,tekstiil
616101,ERM B 106:48,vaip,kude,tekstiil
616101,ERM B 106:48,vaip,lina,tekstiil
616101,ERM B 106:48,vaip,lõim,tekstiil
616101,ERM B 106:48,vaip,vill,tekstiil
616102,ERM B 122:10,vöö,linane,tekstiil
616102,ERM B 122:10,vöö,,tekstiil
616102,ERM B 122:10,vöö,,tekstiil
616102,ERM B 122:10,vöö,vill,tekstiil
616103,ERM B 122:11,tünn,kuusk,puit
616104,ERM B 122:12,linalõuguti,haab,puit
616104,ERM B 122:12,linalõuguti,kask,puit
616104,ERM B 122:12,linalõuguti,kuusk,puit
616105,ERM B 122:13,soalaad,haab,puit
616105,ERM B 122:13,soalaad,kuusk,puit
616106,ERM B 122:14,tops,toht,puit
616107,ERM B 122:15,jalus,raud,metall
616108,ERM B 122:16,õlinõu,savi,keraamika
616109,ERM B 122:17,paastuõlinõu,savi,keraamika
616110,ERM B 122:18,pajahark,kask,puit
616110,ERM B 122:18,pajahark,raud,metall
616113,ERM B 122:20,pühaserätt,heegelpits,tekstiil
616113,ERM B 122:20,pühaserätt,labane kangas,tekstiil
616113,ERM B 122:20,pühaserätt,linane,tekstiil
616113,ERM B 122:20,pühaserätt,puuvill,tekstiil
616113,ERM B 122:20,pühaserätt,tikand,tekstiil
616114,ERM B 122:21,voodiserva kaunistus,broderii,tekstiil
616114,ERM B 122:21,voodiserva kaunistus,labane kangas,tekstiil
616114,ERM B 122:21,voodiserva kaunistus,linane,tekstiil
616114,ERM B 122:21,voodiserva kaunistus,puuvill,tekstiil
616114,ERM B 122:21,voodiserva kaunistus,tikand,tekstiil
616114,ERM B 122:21,voodiserva kaunistus,,tekstiil
616119,ERM B 122:26/ab,käsikivi,kivim,kivim
616120,ERM B 122:27,õllenõu,kuusk,puit
616121,ERM B 122:28,õllenõu,kuusk,puit
616122,ERM B 122:29,uhmrinui,kask,puit
616122,ERM B 122:29,uhmrinui,nahk,nahk
616122,ERM B 122:29,uhmrinui,raud,metall
616123,ERM B 122:30,lavats,kask,puit
616124,ERM B 122:31,käsikivi,kask,puit
616124,ERM B 122:31,käsikivi,nahk,puit
616125,ERM B 122:32/ab,nahatööriist,kask,puit
616125,ERM B 122:32/ab,nahatööriist,raud,metall
616126,ERM B 122:33,nahatööriist,kask,puit
616126,ERM B 122:33,nahatööriist,raud,metall
616127,ERM B 122:34/ab,poolivokk,kask,puit
616127,ERM B 122:34/ab,poolivokk,kuusk,puit
616127,ERM B 122:34/ab,poolivokk,metall,metall
616128,ERM B 122:35/ab,"uhmer, nuiaga",kask,puit
616129,ERM B 122:36,tops,toht,puit
616130,ERM B 122:37,söekühvel,raud,metall
616131,ERM B 122:38,karjakell,metall,metall
616132,ERM B 122:39,karjakell,metall,metall
616132,ERM B 122:39,karjakell,raudplekk,metall
616133,ERM B 122:40,lüpsik,kuusk,puit
616134,ERM B 122:41,uhmer,kuusk,puit
616134,ERM B 122:41,uhmer,,puit
616134,ERM B 122:41,uhmer,tamm,puit
616135,ERM B 122:42,"höövel, härghöövel",kask,puit
616135,ERM B 122:42,"höövel, härghöövel",raud,puit
616136,ERM B 122:43,kaevukook,paju,puit
616137,ERM B 122:44/abc,kerilaud,kuusk,puit
616138,ERM B 122:45,koot,nahk,puit
616138,ERM B 122:45,koot,puit,puit
616139,ERM B 122:46,linahari,,puit
616139,ERM B 122:46,linahari,kask,puit
616139,ERM B 122:46,linahari,mänd,puit
616139,ERM B 122:46,linahari,raud,puit
616140,ERM B 122:47,koonlalaud,kuusk,puit
616141,ERM B 122:48,viipsik,kask,puit
616141,ERM B 122:48,viipsik,mänd,puit
616141,ERM B 122:48,viipsik,,puit
616142,ERM B 122:49/ab,saapad,nahk,nahk
616143,ERM B 122:50,vara,raud,metall
616145,ERM B 122:52,värten,kask,puit
616146,ERM B 122:53,värten,kask,puit
616147,ERM B 122:54,ropsimõõk,kask,puit
616148,ERM B 122:55,häll,,puit
616148,ERM B 122:55,häll,lina,puit
616148,ERM B 122:55,häll,mänd,puit
616148,ERM B 122:55,häll,toomingas,puit
616149,ERM B 122:56/ab,liistud,kask,puit
616150,ERM B 122:57/ab,liistud,kask,puit
616150,ERM B 122:57/ab,liistud,lehm,nahk
616150,ERM B 122:57/ab,liistud,nahk,nahk
616151,ERM B 122:58/a-d,liistud,kask,puit
616152,ERM B 135:3,kaelaehe,tehismaterjal,metall
616153,ERM B 135:4,noodakivi,kask,puit
616153,ERM B 135:4,noodakivi,kivim,kivim
616153,ERM B 135:4,noodakivi,toht,puit
616154,ERM B 135:5,käsitöökott,karusnahk,nahk
616159,ERM B 135:11,käsitöökott,kalev (riidesort),tekstiil
616159,ERM B 135:11,käsitöökott,nahk,nahk
616160,ERM B 135:10,nõu,pael,puit
616160,ERM B 135:10,nõu,puuvill,puit
616160,ERM B 135:10,nõu,toht,puit
616161,ERM B 135:12,"mänguasi, nukuhäll",nahk,nahk
616161,ERM B 135:12,"mänguasi, nukuhäll",puit,puit
616161,ERM B 135:12,"mänguasi, nukuhäll",,tekstiil
616161,ERM B 135:12,"mänguasi, nukuhäll",toht,puit
616164,ERM B 135:15,kaelakee,helmed,klaas
616164,ERM B 135:15,kaelakee,plast,plastik
616168,ERM B 135:19,nõu,lina,puit
616168,ERM B 135:19,nõu,niit,puit
616168,ERM B 135:19,nõu,nöör,puit
616168,ERM B 135:19,nõu,puuvill,puit
616168,ERM B 135:19,nõu,toht,puit
616170,ERM B 135:21,võrgunõel,kuusk,puit
616171,ERM B 135:22,häll,nahk,nahk
616171,ERM B 135:22,häll,niin,puit
616171,ERM B 135:22,häll,toht,puit
616173,ERM B 135:25,lusikas,seeder,puit
616174,ERM B 135:26,vaagen,lehis,puit
616175,ERM B 135:27,nõu,nahk,nahk
616175,ERM B 135:27,nõu,toht,puit
616176,ERM B 135:24,kulp,seeder,puit
616177,ERM B 135:28,nõu,niit,tekstiil
616177,ERM B 135:28,nõu,,tekstiil
616177,ERM B 135:28,nõu,puuvill,tekstiil
616177,ERM B 135:28,nõu,toht,tekstiil
616178,ERM B 135:29,nõu,kask,puit
616178,ERM B 135:29,nõu,toht,puit
616179,ERM B 135:30,nõu,kapron,nahk
616179,ERM B 135:30,nõu,nahk,nahk
616179,ERM B 135:30,nõu,tehismaterjal,nahk
616179,ERM B 135:30,nõu,toht,nahk
616180,ERM B 135:31,võrgunõel,lehis,puit
616187,ERM B 136:1,teekarp,metall,metall
616187,ERM B 136:1,teekarp,raudplekk,metall
616188,ERM B 136:2,samovar,metall,metall
616188,ERM B 136:2,samovar,puit,metall
616188,ERM B 136:2,samovar,vask,metall
616189,ERM B 136:3,aisakell,pronks,metall
616189,ERM B 136:3,aisakell,raud,metall
616192,ERM B 136:6,märss,lina,tekstiil
616192,ERM B 136:6,märss,nöör,tekstiil
616192,ERM B 136:6,märss,puit,puit
616192,ERM B 136:6,märss,,puit
616192,ERM B 136:6,märss,toht,puit
616193,ERM B 136:7,koot,haab,puit
616193,ERM B 136:7,koot,,puit
616193,ERM B 136:7,koot,kuusk,puit
616193,ERM B 136:7,koot,nahk,nahk
616193,ERM B 136:7,koot,rihm,nahk
616193,ERM B 136:7,koot,,puit
616194,ERM B 136:8/ab,kingaliistud,kask,puit
616195,ERM B 136:9,aknaalune veekoguja,kuusk,puit
616196,ERM B 136:10,vurrpuur,kuusk,puit
616196,ERM B 136:10,vurrpuur,lina,tekstiil
616196,ERM B 136:10,vurrpuur,metall,metall
616196,ERM B 136:10,vurrpuur,nöör,puit
616197,ERM B 136:11,"press, paadi tegemiseks",kask,puit
616198,ERM B 136:12,kapsaraud,kask,puit
616198,ERM B 136:12,kapsaraud,raud,metall
616199,ERM B 136:13,palgipööraja,kuusk,puit
616199,ERM B 136:13,palgipööraja,raud,metall
616200,ERM B 136:14,paadikühvel,kuusk,puit
616201,ERM B 136:15,nahanülgmise pulk,kuusk,puit
616202,ERM B 136:16,vikativars,kask,puit
616202,ERM B 136:16,vikativars,metall,metall
616202,ERM B 136:16,vikativars,nahk,nahk
616202,ERM B 136:16,vikativars,plekk,metall
616202,ERM B 136:16,vikativars,rihm,nahk
616203,ERM B 148:31,kõblas,kask,puit
616203,ERM B 148:31,kõblas,raud,metall
616204,ERM B 148:32,heinahang,kask,puit
616205,ERM B 148:33,lihalaud,pärn,puit
616206,ERM B 148:34,vaalikurikas,saar,puit
616207,ERM B 148:35,povidlonõu,savi,keraamika
616208,ERM B 148:36,veekann,savi,keraamika
616209,ERM B 148:37,veekann,savi,keraamika
616210,ERM B 148:38/ab,"uhmer, nuiaga",saar,puit
616211,ERM B 148:39,"korv, munade",taimne kiud,puit
616218,ERM B 148:46,vaalikurikas,kask,puit
616219,ERM B 148:47,sõel,savi,keraamika
616220,ERM B 148:48,suveniirkann,savi,keraamika
616232,ERM B 149:6,süstik,kask,puit
616233,ERM B 149:7,värten,kask,puit
616234,ERM B 149:8,värten,kask,puit
616235,ERM B 149:9/ab,kanepikamm,kask,puit
616235,ERM B 149:9/ab,kanepikamm,saar,puit
616235,ERM B 149:9/ab,kanepikamm,,puit
616236,ERM B 149:10,kanepikamm,kask,puit
616238,ERM B 149:12/ab,viisud,niin,puit
616238,ERM B 149:12/ab,viisud,pärn,puit
616239,ERM B 149:13,pott,savi,keraamika
616240,ERM B 149:14,kamm,vaher,puit
616244,ERM B 149:18,süstik,jalakas,puit
616245,ERM B 149:19,süstik,kask,puit
616246,ERM B 149:20,süstik,jalakas,puit
616247,ERM B 149:21,süstik,vaher,puit
616248,ERM B 149:22/ab,"värten, värtnakiviga",kask,puit
616249,ERM B 149:23,kanepikamm,kask,puit
616250,ERM B 149:24/1-2,"suga, katke",kask,puit
616251,ERM B 149:25,suga,kuusk,puit
616251,ERM B 149:25,suga,,puit
616251,ERM B 149:25,suga,,puit
616251,ERM B 149:25,suga,vaher,puit
616265,ERM B 162:61/ab,viisud,puit,puit
616266,ERM B 162:62,käterätt,puuvill,tekstiil
616270,ERM B 162:66,pealinik,kanep,tekstiil
616270,ERM B 162:66,pealinik,lõng,tekstiil
616270,ERM B 162:66,pealinik,riie,tekstiil
616270,ERM B 162:66,pealinik,vill,tekstiil
616276,ERM B 162:72,pealinik,puuvill,tekstiil
616276,ERM B 162:72,pealinik,riie,tekstiil
616282,ERM B 162:78,"kaelaehe, ristiga",hõbe,metall
616282,ERM B 162:78,"kaelaehe, ristiga",metall,metall
616287,ERM B 162:83,kaal,raud,metall
616288,ERM B 162:84/ab,nõu,toht,puit
616295,ERM B 162:91,käterätt,lina,tekstiil
616295,ERM B 162:91,käterätt,puuvill,tekstiil
616297,ERM B 163:1/ab,viisud,pärn,puit
616298,ERM B 163:2,viisuluda,metall,metall
616298,ERM B 163:2,viisuluda,puit,puit
616298,ERM B 163:2,viisuluda,sarv,luu
616299,ERM B 163:3,kanepihari,harjas,puit
616299,ERM B 163:3,kanepihari,kanep,puit
616299,ERM B 163:3,kanepihari,siga,puit
616299,ERM B 163:3,kanepihari,vaik,puit
616300,ERM B 163:4,kanepihari,harjas,puit
616300,ERM B 163:4,kanepihari,kanep,puit
616300,ERM B 163:4,kanepihari,puit,puit
616300,ERM B 163:4,kanepihari,siga,puit
616301,ERM B 163:5,süstik,kask,puit
616302,ERM B 163:6,kanepihari,harjas,puit
616302,ERM B 163:6,kanepihari,siga,puit
616302,ERM B 163:6,kanepihari,,puit
616302,ERM B 163:6,kanepihari,vaik,puit
616424,ERM B 175:6/ab,"kindad, naiste",lõng,tekstiil
616424,ERM B 175:6/ab,"kindad, naiste",vill,tekstiil
616435,ERM B 59:4/ab,"kindad, naiste",lõng,tekstiil
616435,ERM B 59:4/ab,"kindad, naiste",lõng,tekstiil
616435,ERM B 59:4/ab,"kindad, naiste",vill,tekstiil
616436,ERM B 59:5,"vöö, meeste",linane,tekstiil
616436,ERM B 59:5,"vöö, meeste",lõng,tekstiil
616436,ERM B 59:5,"vöö, meeste",,tekstiil
616436,ERM B 59:5,"vöö, meeste",,tekstiil
616436,ERM B 59:5,"vöö, meeste",vill,tekstiil
616437,ERM B 59:6,"vöö, naiste",linane,tekstiil
616437,ERM B 59:6,"vöö, naiste",,tekstiil
616437,ERM B 59:6,"vöö, naiste",puuvill,tekstiil
616437,ERM B 59:6,"vöö, naiste",,tekstiil
616438,ERM B 59:7,"peakate, naiste",atlasriie,tekstiil
616438,ERM B 59:7,"peakate, naiste",,tekstiil
616439,ERM B 59:8,"vöö, naiste",linane,tekstiil
616439,ERM B 59:8,"vöö, naiste",lõng,tekstiil
616439,ERM B 59:8,"vöö, naiste",,tekstiil
616439,ERM B 59:8,"vöö, naiste",,tekstiil
616439,ERM B 59:8,"vöö, naiste",vill,tekstiil
616440,ERM B 59:9,"vöö, meeste",,tekstiil
616440,ERM B 59:9,"vöö, meeste",linane,tekstiil
616440,ERM B 59:9,"vöö, meeste",,tekstiil
616440,ERM B 59:9,"vöö, meeste",vill,tekstiil
616441,ERM B 59:10/ab,viisud,toht,puit
616442,ERM B 59:11,käterätt,puuvill,tekstiil
616443,ERM B 59:12,linik,puuvill,tekstiil
616444,ERM B 59:13,vilepill,taimne kiud,puit
616445,ERM B 59:14,soolatoos,toht,puit
616446,ERM B 59:15,kahvel,luu,luu
616447,ERM B 59:16,kahvel,luu,luu
616448,ERM B 60:1,pall,toht,puit
616449,ERM B 60:2,pall,toht,puit
616450,ERM B 60:3,"võrgunöör, katke",niin,puit
616451,ERM B 60:4,"nöör, näidis",niin,puit
616452,ERM B 60:5,nõu,lina,puit
616452,ERM B 60:5,nõu,niit,puit
616452,ERM B 60:5,nõu,toht,puit
616453,ERM B 60:6,lusikas,puit,puit
616453,ERM B 60:6,lusikas,toht,puit
616454,ERM B 60:7,tuleraud,raud,metall
616456,ERM B 60:9,pott,savi,keraamika
616457,ERM B 60:10,piimanõu,toht,puit
616458,ERM B 60:11,korv,toht,puit
616459,ERM B 60:12,und,lina,puit
616459,ERM B 60:12,und,puit,puit
616459,ERM B 60:12,und,,puit
616460,ERM B 60:13,und,lina,puit
616460,ERM B 60:13,und,puit,puit
616460,ERM B 60:13,und,,puit
616461,ERM B 60:14,pilak,raud,metall
616462,ERM B 60:15/ab,suusad,kask,puit
616462,ERM B 60:15/ab,suusad,metall,puit
616462,ERM B 60:15/ab,suusad,nahk,puit
616462,ERM B 60:15/ab,suusad,toht,puit
616463,ERM B 60:16,"vöö, naiste",kude,tekstiil
616463,ERM B 60:16,"vöö, naiste",linane,tekstiil
616463,ERM B 60:16,"vöö, naiste",lõim,tekstiil
616463,ERM B 60:16,"vöö, naiste",,tekstiil
616463,ERM B 60:16,"vöö, naiste",vill,tekstiil
616465,ERM B 60:18,"särk, naiste",kodukootud kangas,tekstiil
616465,ERM B 60:18,"särk, naiste",lina,tekstiil
616465,ERM B 60:18,"särk, naiste",lõng,tekstiil
616465,ERM B 60:18,"särk, naiste",puuvill,tekstiil
616466,ERM B 60:19,käterätt,lina,tekstiil
616466,ERM B 60:19,käterätt,puuvill,tekstiil
616474,ERM B 80:85,püssirohunõu,puit,puit
616475,ERM B 80:86,vöö,niit,tekstiil
616475,ERM B 80:86,vöö,puuvill,tekstiil
616476,ERM B 80:87,nõu,toht,puit
616477,ERM B 80:88,kohver,,puit
616477,ERM B 80:88,kohver,kask,puit
616477,ERM B 80:88,kohver,,puit
616477,ERM B 80:88,kohver,mänd,puit
616477,ERM B 80:88,kohver,vaher,puit
616478,ERM B 80:89,koot,kask,puit
616478,ERM B 80:89,koot,nahk,puit
616479,ERM B 80:90,latern,klaas,klaas
616479,ERM B 80:90,latern,metall,metall
616479,ERM B 80:90,latern,puit,puit
616480,ERM B 80:91,ikooniraam,mänd,puit
616481,ERM B 80:92,päsmer,,
616481,ERM B 80:92,päsmer,,
616481,ERM B 80:92,päsmer,raud,metall
616481,ERM B 80:92,päsmer,tina,metall
616481,ERM B 80:92,päsmer,vask,metall
616482,ERM B 80:93,peegliraam,mänd,puit
616482,ERM B 80:93,peegliraam,vineer,puit
616483,ERM B 80:94,nõu,toht,puit
616484,ERM B 80:95,nõu,toht,puit
616485,ERM B 80:96,"vahesein, katke",mänd,puit
616486,ERM B 80:97,võimänd,mänd,puit
616487,ERM B 80:98,saapaliist,kask,puit
616488,ERM B 80:99,rauts,kask,puit
616488,ERM B 80:99,rauts,raud,metall
616489,ERM B 80:100,süstik,saar,puit
616490,ERM B 80:101,süstik,mänd,puit
616492,ERM B 80:103,koonlapuu,kuusk,puit
616493,ERM B 80:104,tikkimisraam,mänd,puit
616494,ERM B 80:105,soalaad,mänd,puit
616495,ERM B 80:106,soalaad,haab,puit
616495,ERM B 80:106,soalaad,,puit
616495,ERM B 80:106,soalaad,mänd,puit
616495,ERM B 80:106,soalaad,,puit
616496,ERM B 80:107,suga,mänd,puit
616497,ERM B 80:108,suga,mänd,puit
616498,ERM B 80:109,kangaspuud,kask,puit
616498,ERM B 80:109,kangaspuud,kuusk,puit
616499,ERM B 80:110/ab,niied,kuusk,puit
616499,ERM B 80:110/ab,niied,lina,puit
616500,ERM B 80:111,laskepuu,kask,puit
616501,ERM B 80:112,laskepuu,kask,puit
616503,ERM B 80:114,käteräti pits,niit,tekstiil
616503,ERM B 80:114,käteräti pits,puuvill,tekstiil
616504,ERM B 80:115,samovar,vask,metall
616505,ERM B 80:116,süstik,saar,puit
616505,ERM B 80:116,süstik,toht,puit
616506,ERM B 81:1,nõu,kask,puit
616506,ERM B 81:1,nõu,pael,puit
616506,ERM B 81:1,nõu,niit,puit
616506,ERM B 81:1,nõu,puuvill,puit
616506,ERM B 81:1,nõu,toht,puit
616506,ERM B 81:1,nõu,toomingas,puit
616506,ERM B 81:1,nõu,,puit
616507,ERM B 81:2,nõu,kask,puit
616507,ERM B 81:2,nõu,puit,puit
616507,ERM B 81:2,nõu,puuvill,puit
616507,ERM B 81:2,nõu,toht,puit
616508,ERM B 81:3,karp,kask,puit
616508,ERM B 81:3,karp,toht,puit
616509,ERM B 81:4,karp,kask,puit
616509,ERM B 81:4,karp,toht,puit
616510,ERM B 81:5/1-2,toos,kask,puit
616510,ERM B 81:5/1-2,toos,toht,puit
616510,ERM B 81:5/1-2,toos,toomingas,puit
616510,ERM B 81:5/1-2,toos,vits,puit
616511,ERM B 81:6,kedervars,keder,
616511,ERM B 81:6,kedervars,luu,luu
616511,ERM B 81:6,kedervars,puit,puit
616512,ERM B 81:7,nahakaabits,puit,puit
616512,ERM B 81:7,nahakaabits,raud,metall
616514,ERM B 81:9,vedel,metall,metall
616514,ERM B 81:9,vedel,,tekstiil
616515,ERM B 81:10,kedervars,keder,puit
616515,ERM B 81:10,kedervars,luu,puit
616515,ERM B 81:10,kedervars,puit,puit
616515,ERM B 81:10,kedervars,,puit
616517,ERM B 81:12/ab,kindad,karusnahk,tekstiil
616517,ERM B 81:12/ab,kindad,lammas,tekstiil
616517,ERM B 81:12/ab,kindad,puuvill,tekstiil
616517,ERM B 81:12/ab,kindad,põder,tekstiil
616517,ERM B 81:12/ab,kindad,põhjapõder,tekstiil
616517,ERM B 81:12/ab,kindad,riie,tekstiil
616518,ERM B 81:13,"plaat, niitide hoidmiseks",luu,luu
616519,ERM B 81:14,"plaat, niitide hoidmiseks",luu,luu
616520,ERM B 81:15,"plaat, niitide hoidmiseks",luu,luu
616521,ERM B 81:16,voolmed,lehtpuu,puit
616521,ERM B 81:16,voolmed,raud,metall
616522,ERM B 81:17,puur,puit,puit
616522,ERM B 81:17,puur,raud,metall
616523,ERM B 81:18,vibulõks,elektrijuhe,metall
616523,ERM B 81:18,vibulõks,okaspuit,puit
616523,ERM B 81:18,vibulõks,tehismaterjal,plastik
616523,ERM B 81:18,vibulõks,,puit
616524,ERM B 81:19,vibulõks,elektrijuhe,metall
616524,ERM B 81:19,vibulõks,okaspuit,puit
616524,ERM B 81:19,vibulõks,tehismaterjal,plastik
616524,ERM B 81:19,vibulõks,,puit
616524,ERM B 81:19,vibulõks,,
616525,ERM B 81:20,"ork, kalaküpsetamise",okaspuit,puit
616547,ERM B 102:98,kedervars,kask,puit
616548,ERM B 102:99,pool,kask,puit
616549,ERM B 102:100/ab,süstik,kask,puit
616549,ERM B 102:100/ab,süstik,niit,puit
616549,ERM B 102:100/ab,süstik,,puit
616549,ERM B 102:100/ab,süstik,puuvill,puit
616549,ERM B 102:100/ab,süstik,raud,puit
616550,ERM B 102:101,kedervars,kask,puit
616563,ERM B 102:114,"käterätt, ikoonirätik",lina,tekstiil
616564,ERM B 102:115,"vöö, naiste",lõng,tekstiil
616564,ERM B 102:115,"vöö, naiste",linane,tekstiil
616564,ERM B 102:115,"vöö, naiste",niit,tekstiil
616564,ERM B 102:115,"vöö, naiste",vill,tekstiil
616569,ERM B 102:120,"tekk, laste",linane,tekstiil
616569,ERM B 102:120,"tekk, laste",lõng,tekstiil
616569,ERM B 102:120,"tekk, laste",niit,tekstiil
616569,ERM B 102:120,"tekk, laste",puuvill,tekstiil
616569,ERM B 102:120,"tekk, laste",vill,tekstiil
616570,ERM B 102:121,tikkimispuu,kask,tekstiil
616571,ERM B 102:122/ab,"labakindad, meeste",lõng,tekstiil
616571,ERM B 102:122/ab,"labakindad, meeste",vill,tekstiil
616572,ERM B 102:123/ab,"viisud, laste",niin,puit
616574,ERM B 102:125,karjakell,kõra,metall
616574,ERM B 102:125,karjakell,nahk,nahk
616574,ERM B 102:125,karjakell,raud,metall
616574,ERM B 102:125,karjakell,rihm,metall
616574,ERM B 102:125,karjakell,vask,metall
616575,ERM B 102:126,"vöö, meeste",kude,tekstiil
616575,ERM B 102:126,"vöö, meeste",linane,tekstiil
616575,ERM B 102:126,"vöö, meeste",lõim,tekstiil
616575,ERM B 102:126,"vöö, meeste",vill,tekstiil
616583,ERM B 102:134,"kell, hobuse",metall,metall
616584,ERM B 102:135,aisakell,kõra,metall
616584,ERM B 102:135,aisakell,raud,metall
616584,ERM B 102:135,aisakell,vask,metall
616585,ERM B 102:136/1-4,kõlad,kuusk,puit
616586,ERM B 102:137,vöömõõk,kask,puit
616587,ERM B 102:138,mesilasema puur,lehtpuu,puit
616588,ERM B 102:139,vitsmõrd,niin,puit
616588,ERM B 102:139,vitsmõrd,paju,puit
616589,ERM B 102:140,voodiots,kask,puit
616589,ERM B 102:140,voodiots,mänd,puit
616590,ERM B 102:141,niinekoore kera,niin,puit
616591,ERM B 102:142,vikat,kuusk,puit
616591,ERM B 102:142,vikat,,
616591,ERM B 102:142,vikat,raud,metall
616591,ERM B 102:142,vikat,toomingas,puit
616591,ERM B 102:142,vikat,,
616592,ERM B 102:143,nõu,niin,puit
616592,ERM B 102:143,nõu,,puit
616592,ERM B 102:143,nõu,toht,puit
616593,ERM B 106:49,laudlina,lina,tekstiil
616594,ERM B 106:50,pealinik,lina,tekstiil
616594,ERM B 106:50,pealinik,vill,tekstiil
616595,ERM B 106:51,pealinik,lina,tekstiil
616595,ERM B 106:51,pealinik,puuvill,tekstiil
616595,ERM B 106:51,pealinik,vill,tekstiil
616596,ERM B 106:52,"ülerõivas, naiste",lina,tekstiil
616596,ERM B 106:52,"ülerõivas, naiste",vill,tekstiil
616597,ERM B 106:53,laudlina,kanep,tekstiil
616599,ERM B 106:54,laudlina,puuvill,tekstiil
616600,ERM B 106:55,pealinik,kanep,tekstiil
616600,ERM B 106:55,pealinik,puuvill,tekstiil
616600,ERM B 106:55,pealinik,vill,tekstiil
616601,ERM B 106:56,vöö,kude,tekstiil
616601,ERM B 106:56,vöö,lina,tekstiil
616601,ERM B 106:56,vöö,lõim,tekstiil
616601,ERM B 106:56,vöö,vill,tekstiil
616603,ERM B 106:57,seinalinik,kanep,tekstiil
616603,ERM B 106:57,seinalinik,puuvill,tekstiil
616603,ERM B 106:57,seinalinik,vill,tekstiil
616604,ERM B 106:58,pealinik,kanep,tekstiil
616604,ERM B 106:58,pealinik,puuvill,tekstiil
616604,ERM B 106:58,pealinik,vill,tekstiil
616605,ERM B 106:59,pealinik,kanep,tekstiil
616605,ERM B 106:59,pealinik,sits (riidesort),tekstiil
616605,ERM B 106:59,pealinik,vill,tekstiil
616606,ERM B 106:60,pealinik,kanep,tekstiil
616606,ERM B 106:60,pealinik,puuvill,tekstiil
616607,ERM B 106:61,laudlina,lina,tekstiil
616607,ERM B 106:61,laudlina,puuvill,tekstiil
616607,ERM B 106:61,laudlina,vill,tekstiil
616609,ERM B 106:62,vaip,kude,tekstiil
616609,ERM B 106:62,vaip,lina,tekstiil
616609,ERM B 106:62,vaip,lõim,tekstiil
616609,ERM B 106:62,vaip,puuvill,tekstiil
616609,ERM B 106:62,vaip,vill,tekstiil
616610,ERM B 106:63,kleit,lina,tekstiil
616610,ERM B 106:63,kleit,puuvill,tekstiil
616610,ERM B 106:63,kleit,vill,tekstiil
616611,ERM B 106:64,peapael,brokaat (riidesort),tekstiil
616611,ERM B 106:64,peapael,lina,tekstiil
616611,ERM B 106:64,peapael,puuvill,tekstiil
616612,ERM B 106:65/abc,põll,puuvill,tekstiil
616613,ERM B 106:66,vaip,linane,tekstiil
616613,ERM B 106:66,vaip,puuvill,tekstiil
616613,ERM B 106:66,vaip,vill,tekstiil
616614,ERM B 106:67,peapael,lina,tekstiil
616614,ERM B 106:67,peapael,puuvill,tekstiil
616614,ERM B 106:67,peapael,vill,tekstiil
616615,ERM B 106:68,käevõru,metall,metall
616617,ERM B 106:69,käevõru,metall,metall
616618,ERM B 106:70,"piits, hobuse",kask,puit
616618,ERM B 106:70,"piits, hobuse",nahk,nahk
616620,ERM B 106:71,peapael,brokaat (riidesort),tekstiil
616620,ERM B 106:71,peapael,lina,tekstiil
616620,ERM B 106:71,peapael,puuvill,tekstiil
616621,ERM B 106:72,pealinik,lina,tekstiil
616621,ERM B 106:72,pealinik,vill,tekstiil
616622,ERM B 106:73,pealinik,lina,tekstiil
616622,ERM B 106:73,pealinik,vill,tekstiil
616623,ERM B 106:74,pealinik,lina,tekstiil
616623,ERM B 106:74,pealinik,puuvill,tekstiil
616623,ERM B 106:74,pealinik,vill,tekstiil
616624,ERM B 106:75,kaelahelmed,mineraal,tekstiil
616624,ERM B 106:75,kaelahelmed,puuvill,tekstiil
616636,ERM B 106:84,vaip,lina,tekstiil
616636,ERM B 106:84,vaip,vill,tekstiil
616636,ERM B 106:84,vaip,lõng,tekstiil
616637,ERM B 106:85,vaip,lina,tekstiil
616637,ERM B 106:85,vaip,vill,tekstiil
616637,ERM B 106:85,vaip,lõng,tekstiil
616639,ERM B 106:87,"vöö, meeste",linane,tekstiil
616639,ERM B 106:87,"vöö, meeste",lõng,tekstiil
616639,ERM B 106:87,"vöö, meeste",niit,tekstiil
616639,ERM B 106:87,"vöö, meeste",vill,tekstiil
616642,ERM B 122:60,õõnestuskirves,kask,puit
616642,ERM B 122:60,õõnestuskirves,raud,metall
616643,ERM B 122:61,pütt,kuusk,puit
616644,ERM B 122:62,särgialane,labane kangas,tekstiil
616644,ERM B 122:62,särgialane,linane,tekstiil
616644,ERM B 122:62,särgialane,puuvill,tekstiil
616644,ERM B 122:62,särgialane,tikand,tekstiil
616647,ERM B 122:65/ab,käsitöökarp,kask,puit
616647,ERM B 122:65/ab,käsitöökarp,toht,puit
616648,ERM B 122:66,nõelatoos,kask,puit
616648,ERM B 122:66,nõelatoos,toht,puit
616649,ERM B 122:67,rätikutoos,kask,puit
616649,ERM B 122:67,rätikutoos,toht,puit
616650,ERM B 122:68,sadul,kask,puit
616650,ERM B 122:68,sadul,nahk,puit
616650,ERM B 122:68,sadul,rihm,puit
616651,ERM B 122:69,vokk,kask,puit
616651,ERM B 122:69,vokk,lepp,puit
616651,ERM B 122:69,vokk,,puit
616652,ERM B 122:70,lüpsipink,kuusk,puit
616653,ERM B 122:71,sadul,kask,puit
616654,ERM B 122:72,värtnatasku,mänd,puit
616655,ERM B 122:73,nöörikerimise riist,kuusk,puit
616656,ERM B 122:74,veetünn,kuusk,puit
616657,ERM B 122:75,virdeküna,kask,puit
616658,ERM B 122:76,riidekast,kask,puit
616658,ERM B 122:76,riidekast,kuusk,puit
616658,ERM B 122:76,riidekast,,
616659,ERM B 122:77,voodi,kuusk,puit
616660,ERM B 122:78,tünn,kuusk,puit
616661,ERM B 122:79,viljamõõt,haab,puit
616661,ERM B 122:79,viljamõõt,kuusk,puit
616661,ERM B 122:79,viljamõõt,,puit
616661,ERM B 122:79,viljamõõt,,puit
616662,ERM B 122:80,õllenõu,kuusk,puit
616663,ERM B 122:81,tünn,kuusk,puit
616664,ERM B 122:82,mõrd,kapron,puit
616664,ERM B 122:82,mõrd,paju,puit
616664,ERM B 122:82,mõrd,vits,puit
616664,ERM B 122:82,mõrd,võrk,puit
616665,ERM B 122:83,reha,kask,puit
616665,ERM B 122:83,reha,kuusk,puit
616665,ERM B 122:83,reha,,puit
616666,ERM B 122:84,reha,kask,puit
616666,ERM B 122:84,reha,kuusk,puit
616666,ERM B 122:84,reha,,puit
616667,ERM B 122:85,kast,kuusk,puit
616667,ERM B 122:85,kast,metall,metall
616668,ERM B 122:86,kast,kuusk,puit
616668,ERM B 122:86,kast,metall,metall
616670,ERM B 122:88,kast,kuusk,puit
616670,ERM B 122:88,kast,metall,metall
616673,ERM B 122:91,marjakorjamisvahend,kask,puit
616674,ERM B 122:92,märss,kask,puit
616674,ERM B 122:92,märss,,puit
616674,ERM B 122:92,märss,niin,puit
616674,ERM B 122:92,märss,puuvill,puit
616674,ERM B 122:92,märss,rihm,puit
616674,ERM B 122:92,märss,toht,puit
616676,ERM B 122:94,kelk,alumiinium,metall
616676,ERM B 122:94,kelk,,
616676,ERM B 122:94,kelk,,puit
616676,ERM B 122:94,kelk,kask,puit
616676,ERM B 122:94,kelk,köis,tekstiil
616676,ERM B 122:94,kelk,lina,tekstiil
616676,ERM B 122:94,kelk,metall,metall
616676,ERM B 122:94,kelk,,
616676,ERM B 122:94,kelk,toomingas,puit
616677,ERM B 122:95,pink,,puit
616677,ERM B 122:95,pink,kask,puit
616677,ERM B 122:95,pink,kuusk,puit
616678,ERM B 122:96,laud,kuusk,puit
616679,ERM B 122:97/ab,viisud,kask,puit
616679,ERM B 122:97/ab,viisud,toht,puit
616680,ERM B 122:98,veetoober,kuusk,puit
616681,ERM B 122:99,vurrpuur,kask,puit
616681,ERM B 122:99,vurrpuur,kuusk,puit
616681,ERM B 122:99,vurrpuur,,puit
616682,ERM B 122:100,küna,haab,puit
616683,ERM B 122:101,märss,kask,puit
616683,ERM B 122:101,märss,niin,puit
616683,ERM B 122:101,märss,nöör,puit
616683,ERM B 122:101,märss,toht,puit
616684,ERM B 122:102,hällivibu,kuusk,puit
616685,ERM B 122:103/ab,kerilaud,,puit
616685,ERM B 122:103/ab,kerilaud,kask,puit
616685,ERM B 122:103/ab,kerilaud,kuusk,puit
616685,ERM B 122:103/ab,kerilaud,,puit
616686,ERM B 122:104,kelk,,puit
616686,ERM B 122:104,kelk,,puit
616686,ERM B 122:104,kelk,kask,puit
616686,ERM B 122:104,kelk,kuusk,puit
616686,ERM B 122:104,kelk,lina,puit
616686,ERM B 122:104,kelk,metall,puit
616686,ERM B 122:104,kelk,nöör,puit
616686,ERM B 122:104,kelk,,puit
616686,ERM B 122:104,kelk,,puit
616686,ERM B 122:104,kelk,toomingas,puit
616686,ERM B 122:104,kelk,traat,puit
616687,ERM B 122:105,voodi,kuusk,puit
616688,ERM B 122:106,koonlalaud,kuusk,puit
616689,ERM B 122:107,koonlalaud,kuusk,puit
616690,ERM B 122:108,koonlalaud,kuusk,puit
616691,ERM B 122:109,koonlalaud,kuusk,puit
616692,ERM B 136:17,vikat,teras,metall
616693,ERM B 136:18,vikat,teras,metall
616694,ERM B 136:19,vikat,teras,metall
616695,ERM B 136:20,käterätt,lina,tekstiil
616695,ERM B 136:20,käterätt,puuvill,tekstiil
616696,ERM B 136:21,käterätt,lina,tekstiil
616696,ERM B 136:21,käterätt,puuvill,tekstiil
616697,ERM B 136:22,seelik,kude,tekstiil
616697,ERM B 136:22,seelik,linane,tekstiil
616697,ERM B 136:22,seelik,lõim,tekstiil
616697,ERM B 136:22,seelik,vill,tekstiil
616698,ERM B 136:23,saunaviht,kask,puit
616698,ERM B 136:23,saunaviht,,puit
616698,ERM B 136:23,saunaviht,niin,puit
616699,ERM B 136:24,saunaviht,kask,puit
616699,ERM B 136:24,saunaviht,,puit
616699,ERM B 136:24,saunaviht,niin,puit
616700,ERM B 136:25,lehmakell,raud,metall
616702,ERM B 136:27,kauss,savi,keraamika
616703,ERM B 136:28,pudel,klaas,klaas
616704,ERM B 136:29,korv,toht,puit
616705,ERM B 136:30,koonlapuu,kask,puit
616706,ERM B 136:31,pakulaud,haab,puit
616707,ERM B 136:32,kaelkoogud,kuusk,puit
616707,ERM B 136:32,kaelkoogud,metall,metall
616708,ERM B 136:33,vikat,auto terasvedru,metall
616708,ERM B 136:33,vikat,teras,metall
616709,ERM B 136:34,heinahang,kask,puit
616710,ERM B 136:35,heinahang,kask,puit
616711,ERM B 136:36,võrguujuk,kork,puit
616712,ERM B 136:37,võrguujuk,toht,puit
616713,ERM B 136:38,võrguujuk,toht,puit
616714,ERM B 136:39,voolmed,kask,puit
616714,ERM B 136:39,voolmed,teras,metall
616715,ERM B 136:40/1-6,katusepilpad,kuusk,puit
616716,ERM B 136:41,sirp,kask,puit
616716,ERM B 136:41,sirp,teras,metall
616717,ERM B 136:42/ab,lukk,raud,metall
616718,ERM B 136:43,koot,haab,puit
616718,ERM B 136:43,koot,,puit
616718,ERM B 136:43,koot,kuusk,puit
616718,ERM B 136:43,koot,nahk,puit
616718,ERM B 136:43,koot,rihm,puit
616718,ERM B 136:43,koot,,puit
616735,ERM B 138:4/ab,sokid,lõng,tekstiil
616735,ERM B 138:4/ab,sokid,vill,tekstiil
616736,ERM B 138:5,käterätt,lina,tekstiil
616737,ERM B 138:6,koonlapuu,kask,puit
616737,ERM B 138:6,koonlapuu,nõel,puit
616737,ERM B 138:6,koonlapuu,raud,puit
616739,ERM B 138:8,kirves,kask,puit
616739,ERM B 138:8,kirves,raud,metall
616741,ERM B 138:10,laud,kuusk,puit
616742,ERM B 149:26,suga,kask,puit
616742,ERM B 149:26,suga,,puit
616742,ERM B 149:26,suga,,puit
616742,ERM B 149:26,suga,vaher,puit
616743,ERM B 149:27,vanutuskurikas,kask,puit
616744,ERM B 149:28,kartulitamp,kask,puit
616745,ERM B 149:29,pannkoogilauake,kuusk,puit
616746,ERM B 149:30,suga,kanep,puit
616746,ERM B 149:30,suga,kask,puit
616746,ERM B 149:30,suga,nöör,puit
616746,ERM B 149:30,suga,,puit
616746,ERM B 149:30,suga,vaher,puit
616747,ERM B 149:31,pesukurikas,kask,puit
616748,ERM B 149:32,käärid,raud,metall
616749,ERM B 149:33,käärid,raud,metall
616750,ERM B 149:34,"küünlatoos, nööbitoos",kask,puit
616751,ERM B 149:35,viljanõu,pärn,puit
616752,ERM B 149:36,leivaastja,haab,puit
616753,ERM B 149:37,leivaastja,haab,puit
616754,ERM B 149:38,viljamõõt,haab,puit
616755,ERM B 149:39/ab,viisud,niin,puit
616756,ERM B 149:40/1-2,kangapakk ja soalaad,haab,puit
616756,ERM B 149:40/1-2,kangapakk ja soalaad,kask,puit
616756,ERM B 149:40/1-2,kangapakk ja soalaad,mänd,puit
616756,ERM B 149:40/1-2,kangapakk ja soalaad,niin,puit
616756,ERM B 149:40/1-2,kangapakk ja soalaad,nöör,puit
616756,ERM B 149:40/1-2,kangapakk ja soalaad,pakk,puit
616756,ERM B 149:40/1-2,kangapakk ja soalaad,,puit
616756,ERM B 149:40/1-2,kangapakk ja soalaad,,puit
616758,ERM B 149:41/ab,värten,mänd,puit
616758,ERM B 149:41/ab,värten,savi,puit
616758,ERM B 149:41/ab,värten,,puit
616759,ERM B 149:42,suga,kanep,puit
616759,ERM B 149:42,suga,nöör,puit
616759,ERM B 149:42,suga,vaher,puit
616760,ERM B 149:43,kanepikamm,pärn,puit
616761,ERM B 149:44,"kanepikammi, jalg",pärn,puit
616762,ERM B 149:45/ab,viisud,niin,puit
616763,ERM B 149:46/ab,värten,savi,keraamika
616763,ERM B 149:46/ab,värten,vaher,puit
616763,ERM B 149:46/ab,värten,,
616764,ERM B 149:47,käärid,raud,metall
616768,ERM B 149:51,kanepikamm,kask,puit
616769,ERM B 149:52,kanepikamm,vaher,puit
616770,ERM B 149:53,suga,kask,puit
616770,ERM B 149:53,suga,,puit
616770,ERM B 149:53,suga,,puit
616770,ERM B 149:53,suga,vaher,puit
616771,ERM B 149:54,niied,kanep,puit
616771,ERM B 149:54,niied,kask,puit
616771,ERM B 149:54,niied,nöör,puit
616772,ERM B 149:55,niied,kanep,puit
616772,ERM B 149:55,niied,kask,puit
616772,ERM B 149:55,niied,nöör,puit
616772,ERM B 149:55,niied,pärn,puit
616773,ERM B 149:56,kangavenituspuu,kask,puit
616773,ERM B 149:56,kangavenituspuu,metall,metall
616774,ERM B 149:57,kangavenituspuu,metall,metall
616774,ERM B 149:57,kangavenituspuu,pärn,puit
616775,ERM B 149:58,kangavenituspuu,metall,puit
616775,ERM B 149:58,kangavenituspuu,mänd,puit
616776,ERM B 149:59/1-2,niielauad,kanep,puit
616776,ERM B 149:59/1-2,niielauad,kask,puit
616776,ERM B 149:59/1-2,niielauad,kuusk,puit
616776,ERM B 149:59/1-2,niielauad,nöör,puit
616777,ERM B 149:60/1-3,kerilaud,haab,puit
616777,ERM B 149:60/1-3,kerilaud,,puit
616777,ERM B 149:60/1-3,kerilaud,kuusk,puit
616777,ERM B 149:60/1-3,kerilaud,,puit
616778,ERM B 149:61,viljakühvel,kask,puit
616779,ERM B 149:62,viisuliist,kask,puit
616780,ERM B 149:63,õlakorv,jalakas,puit
616780,ERM B 149:63,õlakorv,koor,puit
616780,ERM B 149:63,õlakorv,lehtpuu,puit
616780,ERM B 149:63,õlakorv,niin,puit
616780,ERM B 149:63,õlakorv,nöör,puit
616780,ERM B 149:63,õlakorv,,puit
616781,ERM B 149:64,"kanepikamm, katke",vaher,puit
616783,ERM B 149:66/ab,saapad,loomanahk,nahk
616784,ERM B 149:67/ab,viisud,jalakas,puit
616785,ERM B 149:68,kanepikamm,,puit
616785,ERM B 149:68,kanepikamm,tamm,puit
616785,ERM B 149:68,kanepikamm,vaher,puit
616785,ERM B 149:68,kanepikamm,,puit
616786,ERM B 149:69,kangapakk,kask,puit
616787,ERM B 149:70,süstik,kask,puit
616788,ERM B 149:71/1-6,kõlad,lehtpuu,puit
616789,ERM B 149:72,"rinnaehe, rahadega",hõbe,metall
616789,ERM B 149:72,"rinnaehe, rahadega",metall,metall
616790,ERM B 163:7,vaalikurikas,lehtpuu,puit
616792,ERM B 163:9,koot,mänd,puit
616792,ERM B 163:9,koot,nahk,puit
616793,ERM B 163:10,hang,okaspuit,puit
616794,ERM B 163:11,suga,kanep,puit
616794,ERM B 163:11,suga,pärn,puit
616795,ERM B 163:12,niied,haab,puit
616795,ERM B 163:12,niied,puuvill,tekstiil
616796,ERM B 163:13,pohemold,okaspuit,puit
616798,ERM B 163:15,koonlapuu,lehtpuu,puit
616799,ERM B 163:16,viisuluda,puit,puit
616799,ERM B 163:16,viisuluda,raud,metall
616800,ERM B 163:17,süstik,lehtpuu,puit
616801,ERM B 163:18,värten,kask,puit
616802,ERM B 163:19,lusikas,kask,puit
616803,ERM B 163:20,"kanepikamm, jalg",lehtpuu,puit
616804,ERM B 163:21,häll,pärn,puit
616805,ERM B 163:22/ab,"vaalikurikas, vaalikaigas",lehtpuu,puit
616806,ERM B 163:23/ab,saapad,nahk,nahk
616807,ERM B 163:24/ab,viisud,niin,puit
616807,ERM B 163:24/ab,viisud,pärn,puit
616808,ERM B 163:25,seelik,kodukootud kangas,tekstiil
616808,ERM B 163:25,seelik,linane,tekstiil
616809,ERM B 163:26,seelik,linane,tekstiil
616809,ERM B 163:26,seelik,kanep,tekstiil
616811,ERM B 163:28,päsmer,metall,metall
616813,ERM B 163:30,kanepikamm,saar,puit
616814,ERM B 163:31,pott,savi,keraamika
616815,ERM B 163:32,künakirves,metall,metall
616816,ERM B 163:33,viisuliist,saar,puit
616817,ERM B 163:34,viisuluda,metall,metall
616817,ERM B 163:34,viisuluda,puit,puit
616818,ERM B 163:35,süstik,lehtpuu,puit
616819,ERM B 163:36,uhmer,lehtpuu,puit
616820,ERM B 163:37,koonlapuu,saar,puit
616821,ERM B 163:38,värten,lehtpuu,puit
616822,ERM B 163:39,kanepihari,harjas,nahk
616822,ERM B 163:39,kanepihari,kanep,tekstiil
616822,ERM B 163:39,kanepihari,siga,nahk
616822,ERM B 163:39,kanepihari,vaik,puit
616823,ERM B 163:40,"kanepikamm, jalg",mänd,puit
616824,ERM B 163:41/1-4,pašavorm,lehtpuu,puit
616825,ERM B 163:42,süstik,saar,puit
616826,ERM B 163:43,päsmer,raud,metall
616827,ERM B 163:44,pohemold,mänd,puit
616828,ERM B 163:45,kangapakk,okaspuit,puit
616829,ERM B 163:47/ab,lõimepuud,lehtpuu,puit
616830,ERM B 163:46/1-18,kangaspuud,puit,puit
616831,ERM B 163:48,vaalikurikas,lehtpuu,puit
616832,ERM B 163:49,höövel,lehtpuu,puit
616832,ERM B 163:49,höövel,metall,metall
616833,ERM B 163:50,häll,lehtpuu,puit
616833,ERM B 163:50,häll,raud,metall
616834,ERM B 163:51,pott,savi,keraamika
616835,ERM B 163:52,"tööriist, püttsepa",lehtpuu,puit
616835,ERM B 163:52,"tööriist, püttsepa",metall,metall
616836,ERM B 163:53/1-4,voodi,pärn,puit
616837,ERM B 163:54,riiul,lehtpuu,puit
616956,ERM B 175:16,"sääris, naiste",lõng,tekstiil
616956,ERM B 175:16,"sääris, naiste",puuvill,tekstiil
616957,ERM B 175:17,käterätt,puuvill,tekstiil
616958,ERM B 175:18,käterätt,puuvill,tekstiil
616959,ERM B 175:19,käterätt,puuvill,tekstiil
616962,ERM B 175:21,seelik,linane,tekstiil
616962,ERM B 175:21,seelik,niit,tekstiil
616962,ERM B 175:21,seelik,puuvill,tekstiil
616962,ERM B 175:21,seelik,,tekstiil
616962,ERM B 175:21,seelik,riie,tekstiil
616963,ERM B 175:22,"särk, meeste",lina,tekstiil
616973,ERM B 176:1,suurrätt,vill,tekstiil
616975,ERM B 176:2,pealinik,lina,tekstiil
616975,ERM B 176:2,pealinik,puuvill,tekstiil
616975,ERM B 176:2,pealinik,vill,tekstiil
616976,ERM B 176:3,käterätt,puuvill,tekstiil
616976,ERM B 176:3,käterätt,vill,tekstiil
616977,ERM B 176:4,pealinik,puuvill,tekstiil
616977,ERM B 176:4,pealinik,vill,tekstiil
616978,ERM B 176:5,"pits, heegelpits",puuvill,tekstiil
616988,ERM B 176:14/ab,käteräti otsad,puuvill,tekstiil
616991,ERM B 176:17,käterätt,lina,tekstiil
616991,ERM B 176:17,käterätt,puuvill,tekstiil
616992,ERM B 176:18,käterätt,puuvill,tekstiil
616997,ERM B 60:20,seelik,kodukootud kangas,tekstiil
616997,ERM B 60:20,seelik,linane,tekstiil
617000,ERM B 60:23,seelik,atlasriie,tekstiil
617000,ERM B 60:23,seelik,poeriie,tekstiil
617002,ERM B 60:25,voodilina äär,kodukootud kangas,tekstiil
617002,ERM B 60:25,voodilina äär,linane,tekstiil
617003,ERM B 60:26,võrgunõel,saar,puit
617004,ERM B 60:27/ab,süstik,saar,puit
617004,ERM B 60:27/ab,süstik,toht,puit
617005,ERM B 60:28/ab,süstik,kask,puit
617005,ERM B 60:28/ab,süstik,toht,puit
617006,ERM B 60:29,seljarihm,toht,puit
617007,ERM B 60:30,"särk, meeste",kodukootud kangas,tekstiil
617007,ERM B 60:30,"särk, meeste",lina,tekstiil
617008,ERM B 60:31,"särk, naiste",lina,tekstiil
617008,ERM B 60:31,"särk, naiste",puuvill,tekstiil
617008,ERM B 60:31,"särk, naiste",vill,tekstiil
617009,ERM B 60:32,püksid,linane,tekstiil
617009,ERM B 60:32,püksid,takk,tekstiil
617010,ERM B 60:33,käterätt,heegelpits,tekstiil
617010,ERM B 60:33,käterätt,kodukootud kangas,tekstiil
617010,ERM B 60:33,käterätt,linane,tekstiil
617010,ERM B 60:33,käterätt,,tekstiil
617010,ERM B 60:33,käterätt,,tekstiil
617010,ERM B 60:33,käterätt,puuvill,tekstiil
617011,ERM B 60:34,särgialane,kodukootud kangas,tekstiil
617011,ERM B 60:34,särgialane,linane,tekstiil
617011,ERM B 60:34,särgialane,lõng,tekstiil
617011,ERM B 60:34,särgialane,puuvill,tekstiil
617013,ERM B 60:36,luisutasku,toht,puit
617015,ERM B 60:38,"särk, naiste",lina,tekstiil
617015,ERM B 60:38,"särk, naiste",puuvill,tekstiil
617017,ERM B 60:40,käterätt,kodukootud kangas,tekstiil
617017,ERM B 60:40,käterätt,linane,tekstiil
617017,ERM B 60:40,käterätt,poepits,tekstiil
617017,ERM B 60:40,käterätt,,tekstiil
617017,ERM B 60:40,käterätt,,tekstiil
617017,ERM B 60:40,käterätt,,tekstiil
617017,ERM B 60:40,käterätt,puuvill,tekstiil
617017,ERM B 60:40,käterätt,riideriba,tekstiil
617019,ERM B 60:42,käterätt,heegelpits,tekstiil
617019,ERM B 60:42,käterätt,kodukootud kangas,tekstiil
617019,ERM B 60:42,käterätt,linane,tekstiil
617019,ERM B 60:42,käterätt,,tekstiil
617019,ERM B 60:42,käterätt,puuvill,tekstiil
617020,ERM B 60:43,"vöö, kirivöö",linane,tekstiil
617021,ERM B 60:44,vöö,kude,tekstiil
617021,ERM B 60:44,vöö,linane,tekstiil
617021,ERM B 60:44,vöö,lõim,tekstiil
617021,ERM B 60:44,vöö,vill,tekstiil
617022,ERM B 60:45,vöö,,tekstiil
617022,ERM B 60:45,vöö,linane,tekstiil
617023,ERM B 60:46,vöömõõk,saar,puit
617024,ERM B 60:47,korv,mänd,puit
617025,ERM B 60:48,märsskorv,mänd,puit
617026,ERM B 60:49,märss,,puit
617026,ERM B 60:49,märss,kask,puit
617026,ERM B 60:49,märss,linane,puit
617026,ERM B 60:49,märss,niin,puit
617026,ERM B 60:49,märss,nöör,puit
617027,ERM B 60:50,märss,,puit
617027,ERM B 60:50,märss,,puit
617027,ERM B 60:50,märss,lina,puit
617027,ERM B 60:50,märss,nahk,puit
617027,ERM B 60:50,märss,toht,puit
617028,ERM B 60:51,pudrumänd,mänd,puit
617029,ERM B 60:52/ab,"viisud, naiste",jõhv,puit
617029,ERM B 60:52/ab,"viisud, naiste",niin,puit
617029,ERM B 60:52/ab,"viisud, naiste",nöör,puit
617029,ERM B 60:52/ab,"viisud, naiste",pael,puit
617029,ERM B 60:52/ab,"viisud, naiste",toht,puit
617030,ERM B 60:53/ab,viisud,lina,puit
617030,ERM B 60:53/ab,viisud,toht,puit
617031,ERM B 60:54,soolatoos,toht,puit
617032,ERM B 60:55,soolatoos,toht,puit
617033,ERM B 60:56,luisutasku,toht,puit
617034,ERM B 60:57,jõhvikera,jõhv,tekstiil
617037,ERM B 60:60,kedervars,kask,puit
617038,ERM B 60:61,kedervars,kask,puit
617039,ERM B 60:62,marjapuhastamise korv,toht,puit
617040,ERM B 60:63,käterätt,heegelpits,tekstiil
617040,ERM B 60:63,käterätt,kodukootud kangas,tekstiil
617040,ERM B 60:63,käterätt,linane,tekstiil
617040,ERM B 60:63,käterätt,lõng,tekstiil
617040,ERM B 60:63,käterätt,puuvill,tekstiil
617040,ERM B 60:63,käterätt,riideriba,tekstiil
617041,ERM B 60:64,sõelumiskorv,toht,puit
617042,ERM B 60:65,"vöö, naiste",lõng,tekstiil
617042,ERM B 60:65,"vöö, naiste",vill,tekstiil
617043,ERM B 60:66,märss,lina,tekstiil
617043,ERM B 60:66,märss,rihm,
617043,ERM B 60:66,märss,toht,puit
617044,ERM B 60:67,korv,toht,puit
617045,ERM B 60:68,korv,toht,puit
617046,ERM B 81:21,"ork, kalaküpsetamise",okaspuit,puit
617047,ERM B 81:22,"ork, kalaküpsetamise",okaspuit,puit
617048,ERM B 81:23,"ork, kalaküpsetamise",okaspuit,puit
617049,ERM B 81:24,"ork, kalaküpsetamise",okaspuit,puit
617050,ERM B 81:25,õngekonks,raud,metall
617051,ERM B 81:26,noole kõrgusemõõt,lehtpuu,puit
617052,ERM B 81:27/1-11,"ujuk, 9",lehtpuu,puit
617052,ERM B 81:27/1-11,"ujuk, 9",okaspuit,puit
617052,ERM B 81:27/1-11,"ujuk, 9",,puit
617052,ERM B 81:27/1-11,"ujuk, 9",ujukid,puit
617053,ERM B 81:28,mõla,lehtpuu,puit
617054,ERM B 81:29/ab,vakk,juured,puit
617055,ERM B 81:30,nooleots,raud,metall
617056,ERM B 81:31,"plaat, niitide hoidmiseks",lina,luu
617056,ERM B 81:31,"plaat, niitide hoidmiseks",luu,luu
617056,ERM B 81:31,"plaat, niitide hoidmiseks",niit,luu
617056,ERM B 81:31,"plaat, niitide hoidmiseks",plaat,luu
617057,ERM B 81:32,nõu,kask,puit
617057,ERM B 81:32,nõu,puuvill,puit
617057,ERM B 81:32,nõu,rihm,puit
617057,ERM B 81:32,nõu,toht,puit
617057,ERM B 81:32,nõu,vits,puit
617058,ERM B 81:33,nõu,kapron,puit
617058,ERM B 81:33,nõu,kask,puit
617058,ERM B 81:33,nõu,puit,puit
617058,ERM B 81:33,nõu,tehismaterjal,puit
617058,ERM B 81:33,nõu,toht,puit
617058,ERM B 81:33,nõu,,puit
617059,ERM B 81:34,võrgunõel,kask,puit
617060,ERM B 81:35,toos,kask,puit
617060,ERM B 81:35,toos,linane,puit
617060,ERM B 81:35,toos,niit,puit
617060,ERM B 81:35,toos,puuvill,puit
617060,ERM B 81:35,toos,toht,puit
617063,ERM B 81:38,kühvel,lehtpuu,puit
617064,ERM B 81:39,nõu,kask,puit
617064,ERM B 81:39,nõu,niit,puit
617064,ERM B 81:39,nõu,,puit
617064,ERM B 81:39,nõu,puit,puit
617064,ERM B 81:39,nõu,,puit
617064,ERM B 81:39,nõu,puuvill,puit
617064,ERM B 81:39,nõu,toht,puit
617065,ERM B 81:40,puur,lehtpuu,puit
617065,ERM B 81:40,puur,nahk,nahk
617065,ERM B 81:40,puur,raud,metall
617065,ERM B 81:40,puur,rihm,nahk
617065,ERM B 81:40,puur,,metall
617065,ERM B 81:40,puur,,
617065,ERM B 81:40,puur,,puit
617066,ERM B 81:41,vaagen,lehtpuu,puit
617067,ERM B 81:42,vibu,okaspuit,puit
617067,ERM B 81:42,vibu,raud,metall
617069,ERM B 81:44,jahitarbed,luu,luu
617069,ERM B 81:44,jahitarbed,nahk,nahk
617069,ERM B 81:44,jahitarbed,puit,puit
617069,ERM B 81:44,jahitarbed,raud,metall
617070,ERM B 81:45,noatupp,lehtpuu,puit
617071,ERM B 81:46,noapakk,lehtpuu,puit
617072,ERM B 81:47,lumelabidas,lehtpuu,puit
617074,ERM B 82:1,kedervars,kask,puit
617075,ERM B 82:2,kedervars,kask,puit
617076,ERM B 82:3,käterätt,labane kangas,tekstiil
617076,ERM B 82:3,käterätt,linane,tekstiil
617077,ERM B 82:4/ab,"süstik, poolialusega",saar,puit
617078,ERM B 82:5,"ülekuub, meeste",kodukootud kangas,tekstiil
617078,ERM B 82:5,"ülekuub, meeste",linane,tekstiil
617079,ERM B 82:6,käterätt,lina,tekstiil
617079,ERM B 82:6,käterätt,niit,tekstiil
617079,ERM B 82:6,käterätt,poepits,tekstiil
617079,ERM B 82:6,käterätt,niit,tekstiil
617079,ERM B 82:6,käterätt,puuvill,tekstiil
617081,ERM B 82:8,"vöö, naiste",linane,tekstiil
617081,ERM B 82:8,"vöö, naiste",lõng,tekstiil
617081,ERM B 82:8,"vöö, naiste",vill,tekstiil
617085,ERM B 82:12,"ülekuub, meeste",kodukootud kangas,tekstiil
617085,ERM B 82:12,"ülekuub, meeste",linane,tekstiil
617086,ERM B 82:13,"vöö, naiste",vill,tekstiil
617086,ERM B 82:13,"vöö, naiste",linane,tekstiil
617086,ERM B 82:13,"vöö, naiste",lõng,tekstiil
617087,ERM B 82:14,käterätt,heegelpits,tekstiil
617087,ERM B 82:14,käterätt,labane kangas,tekstiil
617087,ERM B 82:14,käterätt,kodukootud kangas,tekstiil
617087,ERM B 82:14,käterätt,lina,tekstiil
617087,ERM B 82:14,käterätt,niit,tekstiil
617087,ERM B 82:14,käterätt,niit,tekstiil
617087,ERM B 82:14,käterätt,,tekstiil
617087,ERM B 82:14,käterätt,puuvill,tekstiil
617088,ERM B 82:15,korv,,puit
617088,ERM B 82:15,korv,toht,puit
617089,ERM B 82:16,pudrumänd,mänd,puit
617091,ERM B 82:18/ab,"labakindad, nõelakindad",lõng,tekstiil
617091,ERM B 82:18/ab,"labakindad, nõelakindad",vill,tekstiil
617092,ERM B 82:19/ab,"sokid, nõelasokid",lõng,tekstiil
617092,ERM B 82:19/ab,"sokid, nõelasokid",vill,tekstiil
617096,ERM B 82:23,püksid,linane,tekstiil
617096,ERM B 82:23,püksid,riie,tekstiil
617101,ERM B 90:2/ab,vakk,haab,puit
617101,ERM B 90:2/ab,vakk,kuusk,puit
617101,ERM B 90:2/ab,vakk,niin,puit
617101,ERM B 90:2/ab,vakk,,puit
617101,ERM B 90:2/ab,vakk,,puit
617102,ERM B 90:3,särk,labane kangas,tekstiil
617102,ERM B 90:3,särk,linane,tekstiil
617103,ERM B 90:4,särk,labane kangas,tekstiil
617103,ERM B 90:4,särk,linane,tekstiil
617104,ERM B 90:5,seelik,linane,tekstiil
617104,ERM B 90:5,seelik,,tekstiil
617104,ERM B 90:5,seelik,puuvill,tekstiil
617104,ERM B 90:5,seelik,,tekstiil
617105,ERM B 90:6,sarafan,linane,tekstiil
617107,ERM B 90:7,nõel,luu,luu
617108,ERM B 90:8,märss,nahk,puit
617108,ERM B 90:8,märss,okaspuit,puit
617108,ERM B 90:8,märss,,puit
617108,ERM B 90:8,märss,rihm,puit
617108,ERM B 90:8,märss,toht,puit
617109,ERM B 90:9,korv,toht,puit
617109,ERM B 90:9,korv,toomingas,puit
617109,ERM B 90:9,korv,vits,puit
617109,ERM B 90:9,korv,,puit
617110,ERM B 90:10/ab,nõu,kuusk,puit
617110,ERM B 90:10/ab,nõu,,puit
617110,ERM B 90:10/ab,nõu,niin,puit
617110,ERM B 90:10/ab,nõu,,puit
617110,ERM B 90:10/ab,nõu,,puit
617110,ERM B 90:10/ab,nõu,toht,puit
617110,ERM B 90:10/ab,nõu,toomingas,puit
617111,ERM B 90:11,hari,lina,tekstiil
617111,ERM B 90:11,hari,loomne materjal,nahk
617111,ERM B 90:11,hari,seaharjased,nahk
617111,ERM B 90:11,hari,vaik,puit
617112,ERM B 90:12,nui,kask,puit
617112,ERM B 90:12,nui,kuusk,puit
617112,ERM B 90:12,nui,,puit
617112,ERM B 90:12,nui,,puit
617113,ERM B 90:13/ab,labakindad,koer,tekstiil
617113,ERM B 90:13/ab,labakindad,karv,tekstiil
617113,ERM B 90:13/ab,labakindad,lõng,tekstiil
617113,ERM B 90:13/ab,labakindad,vill,tekstiil
617115,ERM B 90:14/ab,sukad,lõng,tekstiil
617115,ERM B 90:14/ab,sukad,vill,tekstiil
617116,ERM B 90:15,seeliku riie,kude,tekstiil
617116,ERM B 90:15,seeliku riie,labane kangas,tekstiil
617116,ERM B 90:15,seeliku riie,linane,tekstiil
617116,ERM B 90:15,seeliku riie,vill,tekstiil
617117,ERM B 90:16,kopp,kask,puit
617118,ERM B 90:17/ab,poolijalg,kask,puit
617118,ERM B 90:17/ab,poolijalg,mänd,puit
617120,ERM B 90:19,"kaelakell, lehma",nahk,nahk
617120,ERM B 90:19,"kaelakell, lehma",raud,metall
617120,ERM B 90:19,"kaelakell, lehma",rihm,nahk
617121,ERM B 90:20,päsmer,raud,puit
617122,ERM B 90:21,vikat,kask,puit
617122,ERM B 90:21,vikat,raud,metall
617123,ERM B 90:22,kedervars,kask,puit
617124,ERM B 90:23,kedervars,kask,puit
617125,ERM B 90:24,kedervars,kask,puit
617126,ERM B 90:25,kedervars,kask,puit
617127,ERM B 90:26,kühvel,kask,puit
617128,ERM B 90:27,süstik,vaher,puit
617129,ERM B 90:28,korv,lina,tekstiil
617129,ERM B 90:28,korv,niit,tekstiil
617129,ERM B 90:28,korv,toht,puit
617130,ERM B 90:29,"kaelakell, hobuse",vask,metall
617131,ERM B 90:30,sukk,lõng,tekstiil
617131,ERM B 90:30,sukk,vill,tekstiil
617132,ERM B 90:31,põrandatekk,lõim,tekstiil
617132,ERM B 90:31,põrandatekk,puuvill,tekstiil
617132,ERM B 90:31,põrandatekk,riie,tekstiil
617133,ERM B 90:32,käterätt,lina,tekstiil
617133,ERM B 90:32,käterätt,puuvill,tekstiil
617134,ERM B 90:33,nõu,toht,puit
617135,ERM B 90:34,kopp,kask,puit
617137,ERM B 90:36,"vöö, kirivöö",vill,tekstiil
617138,ERM B 90:37,kandekott,kask,puit
617138,ERM B 90:37,kandekott,paju,puit
617138,ERM B 90:37,kandekott,toht,puit
617138,ERM B 90:37,kandekott,vits,puit
617139,ERM B 90:38/ab,labakindad,lõng,tekstiil
617139,ERM B 90:38/ab,labakindad,vill,tekstiil
617141,ERM B 102:145,aknapealne laud,mänd,puit
617145,ERM B 102:149,viljamõõt,haab,puit
617145,ERM B 102:149,viljamõõt,kuusk,puit
617145,ERM B 102:149,viljamõõt,,puit
617146,ERM B 102:150/ab,süstik,kask,puit
617146,ERM B 102:150/ab,süstik,,puit
617146,ERM B 102:150/ab,süstik,raud,puit
617147,ERM B 102:151/ab,nõu,niin,puit
617147,ERM B 102:151/ab,nõu,toht,puit
617149,ERM B 102:153/ab,niiepöörad,kask,puit
617149,ERM B 102:153/ab,niiepöörad,lina,puit
617149,ERM B 102:153/ab,niiepöörad,nöör,puit
617165,ERM B 102:167/ab,nõu,kuusk,puit
617165,ERM B 102:167/ab,nõu,,puit
617165,ERM B 102:167/ab,nõu,toht,puit
617166,ERM B 102:168/ab,nõu,kuusk,puit
617166,ERM B 102:168/ab,nõu,,puit
617166,ERM B 102:168/ab,nõu,toht,puit
617167,ERM B 102:169/ab,nõu,,puit
617167,ERM B 102:169/ab,nõu,kask,puit
617167,ERM B 102:169/ab,nõu,kuusk,puit
617167,ERM B 102:169/ab,nõu,,puit
617167,ERM B 102:169/ab,nõu,toht,puit
617168,ERM B 102:170,linahari,lina,tekstiil
617168,ERM B 102:170,linahari,loomne materjal,nahk
617168,ERM B 102:170,linahari,riie,tekstiil
617168,ERM B 102:170,linahari,seaharjased,nahk
617168,ERM B 102:170,linahari,vaik,puit
617169,ERM B 102:171,"vöö, meeste",kangas,tekstiil
617169,ERM B 102:171,"vöö, meeste",linane,tekstiil
617169,ERM B 102:171,"vöö, meeste",nahk,tekstiil
617169,ERM B 102:171,"vöö, meeste",,tekstiil
617169,ERM B 102:171,"vöö, meeste",,tekstiil
617169,ERM B 102:171,"vöö, meeste",raud,tekstiil
617169,ERM B 102:171,"vöö, meeste",,tekstiil
617169,ERM B 102:171,"vöö, meeste",vask,tekstiil
617170,ERM B 102:172/ab,õllenõu,kuusk,puit
617170,ERM B 102:172/ab,õllenõu,toomingas,puit
617170,ERM B 102:172/ab,õllenõu,vits,puit
617170,ERM B 102:172/ab,õllenõu,,puit
617171,ERM B 102:173,kott,niin,puit
617173,ERM B 102:175,"mõrd, esiots",,puit
617173,ERM B 102:175,"mõrd, esiots",niin,puit
617173,ERM B 102:175,"mõrd, esiots",paju,puit
617173,ERM B 102:175,"mõrd, esiots",toomingas,puit
617174,ERM B 102:176/ab,tikkimispuu,kask,puit
617174,ERM B 102:176/ab,tikkimispuu,lina,puit
617174,ERM B 102:176/ab,tikkimispuu,nöör,puit
617178,ERM B 102:180,niiepöör,kask,puit
617179,ERM B 102:181,süstikupool,lehtpuu,puit
617179,ERM B 102:181,süstikupool,lina,puit
617179,ERM B 102:181,süstikupool,niit,puit
617180,ERM B 102:182,riidekast,metall,metall
617180,ERM B 102:182,riidekast,mänd,puit
617183,ERM B 106:90,vaip,kude,tekstiil
617183,ERM B 106:90,vaip,linane,tekstiil
617183,ERM B 106:90,vaip,lõim,tekstiil
617183,ERM B 106:90,vaip,vill,tekstiil
617185,ERM B 106:92,põll,lina,tekstiil
617185,ERM B 106:92,põll,puuvill,tekstiil
617185,ERM B 106:92,põll,vill,tekstiil
617210,ERM B 106:115,põll,puuvill,tekstiil
617210,ERM B 106:115,põll,vill,tekstiil
617211,ERM B 106:116,"vaip, katkend",kude,tekstiil
617211,ERM B 106:116,"vaip, katkend",linane,tekstiil
617211,ERM B 106:116,"vaip, katkend",lõim,tekstiil
617211,ERM B 106:116,"vaip, katkend",vill,tekstiil
617213,ERM B 106:118,põll,puuvill,tekstiil
617213,ERM B 106:118,põll,vill,tekstiil
617227,ERM B 122:110/ab,"veetoober, kandmispuuga",kuusk,puit
617227,ERM B 122:110/ab,"veetoober, kandmispuuga",toomingas,puit
617227,ERM B 122:110/ab,"veetoober, kandmispuuga",vits,puit
617228,ERM B 122:111,"tulejalg, tellitav",kuusk,puit
617228,ERM B 122:111,"tulejalg, tellitav",raud,metall
617229,ERM B 122:112,koot,kask,puit
617229,ERM B 122:112,koot,kolk,puit
617229,ERM B 122:112,koot,kuusk,puit
617229,ERM B 122:112,koot,nahk,puit
617229,ERM B 122:112,koot,rihm,puit
617229,ERM B 122:112,koot,,puit
617230,ERM B 122:113,linahari,kuusk,puit
617230,ERM B 122:113,linahari,raud,metall
617231,ERM B 122:114,märss,,puit
617231,ERM B 122:114,märss,kask,puit
617231,ERM B 122:114,märss,lina,puit
617231,ERM B 122:114,märss,niin,puit
617231,ERM B 122:114,märss,rihm,puit
617231,ERM B 122:114,märss,toht,puit
617232,ERM B 122:115/ab,"latern, lambiga",klaas,klaas
617232,ERM B 122:115/ab,"latern, lambiga",kuusk,puit
617232,ERM B 122:115/ab,"latern, lambiga",raud,metall
617233,ERM B 122:116,ropsimõõk,kuusk,puit
617234,ERM B 122:117,kaelakoogud,kask,puit
617235,ERM B 122:118,võsanuga,kask,puit
617235,ERM B 122:118,võsanuga,raud,metall
617236,ERM B 122:119,topsik,kask,puit
617236,ERM B 122:119,topsik,toht,puit
617237,ERM B 122:120,hällivibu,kask,puit
617238,ERM B 122:121,linalõuguti,lehtpuu,puit
617239,ERM B 122:122,viipsik,paju,puit
617240,ERM B 122:123/ab,suusad,kask,puit
617240,ERM B 122:123/ab,suusad,tehismaterjal,puit
617242,ERM B 122:125,paat,haab,puit
617243,ERM B 122:126,voodi,kuusk,puit
617244,ERM B 122:127,vaalikurikas,kask,puit
617245,ERM B 122:128,piimanõu,kask,puit
617245,ERM B 122:128,piimanõu,kuusk,puit
617245,ERM B 122:128,piimanõu,linane,puit
617245,ERM B 122:128,piimanõu,,puit
617245,ERM B 122:128,piimanõu,,puit
617246,ERM B 122:129,süstik,kask,puit
617247,ERM B 122:130,tikkimisraam,kuusk,puit
617248,ERM B 122:131,tool,kuusk,puit
617254,ERM B 122:137/ab,"kostüüm, pluus ja seelik",satään,tekstiil
617257,ERM B 122:138/a-r,kangaspuud,haab,puit
617257,ERM B 122:138/a-r,kangaspuud,kask,puit
617257,ERM B 122:138/a-r,kangaspuud,kuusk,puit
617257,ERM B 122:138/a-r,kangaspuud,,puit
617257,ERM B 122:138/a-r,kangaspuud,,puit
617257,ERM B 122:138/a-r,kangaspuud,,puit
617257,ERM B 122:138/a-r,kangaspuud,lina,puit
617257,ERM B 122:138/a-r,kangaspuud,,puit
617257,ERM B 122:138/a-r,kangaspuud,,puit
617257,ERM B 122:138/a-r,kangaspuud,,puit
617257,ERM B 122:138/a-r,kangaspuud,mänd,puit
617257,ERM B 122:138/a-r,kangaspuud,nöör,puit
617257,ERM B 122:138/a-r,kangaspuud,,puit
617257,ERM B 122:138/a-r,kangaspuud,,puit
617257,ERM B 122:138/a-r,kangaspuud,,puit
617257,ERM B 122:138/a-r,kangaspuud,vaher,puit
617258,ERM B 122:139,poolide kerimise riist,kuusk,puit
617258,ERM B 122:139,poolide kerimise riist,raud,puit
617259,ERM B 122:140/ab,saapad,nahk,nahk
617260,ERM B 122:141,pajahark,kuusk,puit
617260,ERM B 122:141,pajahark,raud,puit
617260,ERM B 122:141,pajahark,,puit
617261,ERM B 122:142,pühaserätt,linane,tekstiil
617261,ERM B 122:142,pühaserätt,lõng,tekstiil
617261,ERM B 122:142,pühaserätt,lõng,tekstiil
617261,ERM B 122:142,pühaserätt,,tekstiil
617261,ERM B 122:142,pühaserätt,puuvill,tekstiil
617261,ERM B 122:142,pühaserätt,riideriba,tekstiil
617261,ERM B 122:142,pühaserätt,riie,tekstiil
617261,ERM B 122:142,pühaserätt,vill,tekstiil
617263,ERM B 122:144,linahari,kask,puit
617263,ERM B 122:144,linahari,klots,puit
617263,ERM B 122:144,linahari,kuusk,puit
617263,ERM B 122:144,linahari,raud,puit
617264,ERM B 122:145/abc,korrutusvärten,kask,puit
617264,ERM B 122:145/abc,korrutusvärten,kuusk,puit
617264,ERM B 122:145/abc,korrutusvärten,,puit
617264,ERM B 122:145/abc,korrutusvärten,,puit
617265,ERM B 122:146,ämber,kuusk,puit
617265,ERM B 122:146,ämber,metall,metall
617265,ERM B 122:146,ämber,traat,metall
617268,ERM B 122:149/ab,"kerikeha, puuga",kask,puit
617268,ERM B 122:149/ab,"kerikeha, puuga",,puit
617268,ERM B 122:149/ab,"kerikeha, puuga",kuusk,puit
617268,ERM B 122:149/ab,"kerikeha, puuga",pärn,puit
617269,ERM B 122:150,tulejalg,kuusk,puit
617270,ERM B 122:151,uhmrinui,kuusk,puit
617270,ERM B 122:151,uhmrinui,raud,puit
617271,ERM B 122:152,korv,kask,puit
617271,ERM B 122:152,korv,toht,puit
617272,ERM B 122:153,harkader,kask,puit
617272,ERM B 122:153,harkader,kuusk,puit
617272,ERM B 122:153,harkader,raud,metall
617273,ERM B 122:154,vaas,savi,keraamika
617274,ERM B 122:155,õlikann,savi,keraamika
617275,ERM B 122:156/ab,viisud,kask,puit
617275,ERM B 122:156/ab,viisud,nöör,puit
617275,ERM B 122:156/ab,viisud,takk,puit
617275,ERM B 122:156/ab,viisud,toht,puit
617276,ERM B 122:157/ab,viisud,niin,puit
617276,ERM B 122:157/ab,viisud,nöör,puit
617276,ERM B 122:157/ab,viisud,toht,puit
617277,ERM B 138:11,vikat,kuusk,puit
617277,ERM B 138:11,vikat,teras,metall
617278,ERM B 138:12/abc,vurrpuur,,puit
617278,ERM B 138:12/abc,vurrpuur,,puit
617278,ERM B 138:12/abc,vurrpuur,kask,puit
617278,ERM B 138:12/abc,vurrpuur,kuusk,puit
617278,ERM B 138:12/abc,vurrpuur,lina,puit
617278,ERM B 138:12/abc,vurrpuur,metall,puit
617278,ERM B 138:12/abc,vurrpuur,nöör,puit
617279,ERM B 138:13,nõu,lina,puit
617279,ERM B 138:13,nõu,toht,puit
617280,ERM B 138:14,nõu,toht,puit
617281,ERM B 138:15,nõu,kask,puit
617281,ERM B 138:15,nõu,nöör,puit
617281,ERM B 138:15,nõu,takk,puit
617282,ERM B 138:16,nõu,paju,puit
617282,ERM B 138:16,nõu,toht,puit
617282,ERM B 138:16,nõu,vits,puit
617283,ERM B 138:17,nõu,paju,puit
617283,ERM B 138:17,nõu,toht,puit
617283,ERM B 138:17,nõu,vits,puit
617284,ERM B 138:18/ab,rahatops,toht,puit
617285,ERM B 138:19,"haamer, vikatipinnimise",kask,puit
617285,ERM B 138:19,"haamer, vikatipinnimise",raud,metall
617286,ERM B 138:20,künakirves,kask,puit
617286,ERM B 138:20,künakirves,raud,metall
617287,ERM B 138:21,kell,pronks,metall
617288,ERM B 138:22,riidekast,kask,puit
617288,ERM B 138:22,riidekast,pärn,puit
617288,ERM B 138:22,riidekast,raud,puit
617289,ERM B 138:23,viljamõõt,juured,puit
617289,ERM B 138:23,viljamõõt,puit,puit
617290,ERM B 138:24,"pihid, paaditegemise",,puit
617290,ERM B 138:24,"pihid, paaditegemise",kask,puit
617290,ERM B 138:24,"pihid, paaditegemise",kuusk,puit
617291,ERM B 138:25,riidepoomi laskepuu,kask,puit
617292,ERM B 138:26,"haamer, vikatipinnimise",raud,metall
617293,ERM B 138:27,tikkimisraam,kuusk,puit
617294,ERM B 138:28,säärikuliist,mänd,puit
617295,ERM B 138:29,lambarauad,teras,metall
617296,ERM B 138:30,sirp,kask,puit
617296,ERM B 138:30,sirp,,metall
617296,ERM B 138:30,sirp,raud,metall
617297,ERM B 138:31,suga,kask,puit
617297,ERM B 138:31,suga,kuusk,puit
617297,ERM B 138:31,suga,lina,puit
617298,ERM B 138:32,soalaad,kask,puit
617299,ERM B 138:33,viljamõõt,juured,puit
617299,ERM B 138:33,viljamõõt,kuusk,puit
617300,ERM B 138:34/ab,saapad,nahk,nahk
617301,ERM B 138:35/ab,"kingaliist, naiste",kask,puit
617302,ERM B 138:36/ab,"saapaliist, meeste",kask,puit
617303,ERM B 138:37,"saapaliist, meeste",kask,puit
617304,ERM B 138:38,nööritegemise pöör,kask,puit
617304,ERM B 138:38,nööritegemise pöör,saar,puit
617305,ERM B 138:39,poolivokk,kuusk,puit
617305,ERM B 138:39,poolivokk,metall,puit
617306,ERM B 138:40,värten,kask,puit
617307,ERM B 138:41,pool,toht,puit
617308,ERM B 138:42,nagi,kuusk,puit
617309,ERM B 138:43,"haamer, vikati pinnimise",kask,puit
617309,ERM B 138:43,"haamer, vikati pinnimise",raud,puit
617310,ERM B 138:44,vinkel,kuusk,puit
617311,ERM B 138:45,pildiraam,kuusk,puit
617314,ERM B 138:48,lõõtspill,alumiinium,metall
617314,ERM B 138:48,lõõtspill,kask,puit
617314,ERM B 138:48,lõõtspill,kuusk,puit
617314,ERM B 138:48,lõõtspill,sarv,luu
617314,ERM B 138:48,lõõtspill,vask,metall
617315,ERM B 138:49,"grammofon, kohvris",keraamika,keraamika
617315,ERM B 138:49,"grammofon, kohvris",,
617315,ERM B 138:49,"grammofon, kohvris",metall,metall
617315,ERM B 138:49,"grammofon, kohvris",puit,puit
617316,ERM B 138:50,pudrumänd,kuusk,puit
617317,ERM B 138:51/ab,karp,juured,puit
617317,ERM B 138:51/ab,karp,kuusk,puit
617318,ERM B 138:52,veekopp,toht,puit
617319,ERM B 138:53,luisutops,puuvill,tekstiil
617319,ERM B 138:53,luisutops,toht,puit
617320,ERM B 138:54,kuljused,metall,metall
617320,ERM B 138:54,kuljused,nahk,metall
617321,ERM B 138:55,korv,paju,puit
617322,ERM B 138:56,korv,juured,puit
617322,ERM B 138:56,korv,puit,puit
617324,ERM B 138:58,käterätt,linane,tekstiil
617324,ERM B 138:58,käterätt,lõng,tekstiil
617324,ERM B 138:58,käterätt,puuvill,tekstiil
617324,ERM B 138:58,käterätt,,tekstiil
617326,ERM B 138:60,viljamõõt,juured,puit
617326,ERM B 138:60,viljamõõt,puit,puit
617327,ERM B 138:61,nõu,toht,puit
617328,ERM B 149:73,"rinnaehe, rahadega",hõbe,metall
617328,ERM B 149:73,"rinnaehe, rahadega",metall,metall
617329,ERM B 149:74/1-2,soalaad,haab,puit
617330,ERM B 149:75/1-2,soalaad,kask,puit
617331,ERM B 149:76/1-2,soalaad,kask,puit
617332,ERM B 149:77,suga,kask,puit
617332,ERM B 149:77,suga,,puit
617332,ERM B 149:77,suga,vaher,puit
617333,ERM B 149:78,süstik,kask,puit
617334,ERM B 149:79,värten,lehtpuu,puit
617335,ERM B 149:80,rinnaehe,metall,metall
617335,ERM B 149:80,rinnaehe,plast,plastik
617336,ERM B 149:81,koot,kask,puit
617336,ERM B 149:81,koot,,puit
617336,ERM B 149:81,koot,nahk,puit
617336,ERM B 149:81,koot,tamm,puit
617336,ERM B 149:81,koot,,puit
617337,ERM B 149:82,"kanepikamm, jalg",kask,puit
617338,ERM B 149:83/ab,värten,kask,puit
617338,ERM B 149:83/ab,värten,kivim,kivim
617339,ERM B 149:84,suga,kuusk,puit
617339,ERM B 149:84,suga,,puit
617339,ERM B 149:84,suga,vaher,puit
617340,ERM B 149:85,kanepikamm,kask,puit
617341,ERM B 149:86,uhmer,tamm,puit
617342,ERM B 149:87,uhmrinui,tamm,puit
617349,ERM B 149:94,vaalikurikas,kask,puit
617350,ERM B 149:95,vaalikurikas,kask,puit
617351,ERM B 149:96,kruus,savi,keraamika
617353,ERM B 149:98,"kanepikamm, alus",kask,puit
617355,ERM B 150:1,piimapott,savi,keraamika
617363,ERM B 150:9,pihikseelik,puuvill,tekstiil
617364,ERM B 150:10,paat,haab,puit
617365,ERM B 150:11,paat,haab,puit
617365,ERM B 150:11,paat,puit,puit
617365,ERM B 150:11,paat,,puit
617367,ERM B 151:1,kaelaehe,metall,metall
617367,ERM B 151:1,kaelaehe,plast,plastik
617367,ERM B 151:1,kaelaehe,puuvill,tekstiil
617371,ERM B 151:5,pluuspõll,labane kangas,tekstiil
617371,ERM B 151:5,pluuspõll,linane,tekstiil
617371,ERM B 151:5,pluuspõll,siid,tekstiil
617371,ERM B 151:5,pluuspõll,,tekstiil
617371,ERM B 151:5,pluuspõll,,tekstiil
617372,ERM B 151:6,vakk,pärn,puit
617374,ERM B 151:7,kangapakk,kask,puit
617377,ERM B 163:56,pajahark,puit,puit
617377,ERM B 163:56,pajahark,raud,metall
617377,ERM B 163:56,pajahark,,
617378,ERM B 163:57,tampimisraud,raud,metall
617379,ERM B 163:58,pott,savi,keraamika
617380,ERM B 163:59,uhmrinui,õunapuu,puit
617382,ERM B 163:61,suhkrukeedupann,vask,metall
617383,ERM B 163:62,latern,metall,metall
617383,ERM B 163:62,latern,puit,puit
617384,ERM B 163:63,kangapinguti,kanep,puit
617384,ERM B 163:63,kangapinguti,lehtpuu,puit
617384,ERM B 163:63,kangapinguti,nöör,puit
617385,ERM B 163:64,"kangapakk, käepide",kask,puit
617386,ERM B 163:65,poolivokk,okaspuit,puit
617387,ERM B 163:66,süstik,pärn,puit
617388,ERM B 163:67,samovar,vask,puit
617389,ERM B 163:68,kangakeha,lehtpuu,puit
617390,ERM B 163:69,kangapinguti,lehtpuu,puit
617391,ERM B 163:70,niiepöör,lehtpuu,puit
617392,ERM B 163:71/1-12,sugade komplekt,kanep,puit
617392,ERM B 163:71/1-12,sugade komplekt,pärn,puit
617393,ERM B 163:72,viisuluda,kask,puit
617393,ERM B 163:72,viisuluda,raud,metall
617394,ERM B 163:73,viisuluda,lehtpuu,puit
617394,ERM B 163:73,viisuluda,raud,metall
617396,ERM B 163:75/ab,õlilamp,klaas,klaas
617396,ERM B 163:75/ab,õlilamp,metall,metall
617397,ERM B 163:76,kartulivõtulabidas,lehtpuu,puit
617398,ERM B 163:77,värten,kask,puit
617399,ERM B 163:78,pudrunui,kask,puit
617400,ERM B 163:79,pink,puit,puit
617401,ERM B 163:80,kast,lehtpuu,puit
617402,ERM B 163:81,sõel,kanep,puit
617402,ERM B 163:81,sõel,pärn,puit
617402,ERM B 163:81,sõel,vaik,puit
617403,ERM B 163:82,pressraud,malm,metall
617403,ERM B 163:82,pressraud,puit,puit
617405,ERM B 163:84,pressraud,metall,metall
617405,ERM B 163:84,pressraud,puit,puit
617406,ERM B 163:85,kanepikamm,saar,puit
617407,ERM B 163:86,pajaalus,metall,metall
617408,ERM B 163:87,riiul,lehtpuu,puit
617521,ERM B 170:2,kanepihari,harjas,puit
617521,ERM B 170:2,kanepihari,kanep,puit
617521,ERM B 170:2,kanepihari,nöör,puit
617521,ERM B 170:2,kanepihari,siga,puit
617521,ERM B 170:2,kanepihari,vaik,puit
617522,ERM B 170:3,vokipool,pärn,puit
617524,ERM B 170:5,toidulaud,lehtpuu,puit
617525,ERM B 170:6,pudrunui,lehtpuu,puit
617526,ERM B 170:7/ab,riidetünn,lehtpuu,puit
617526,ERM B 170:7/ab,riidetünn,metall,metall
617527,ERM B 170:8,uhmrinui,lehtpuu,puit
617528,ERM B 170:9,korv,pärn,puit
617530,ERM B 170:10,kanepihari,harjas,nahk
617530,ERM B 170:10,kanepihari,kanep,tekstiil
617530,ERM B 170:10,kanepihari,nöör,tekstiil
617530,ERM B 170:10,kanepihari,siga,nahk
617530,ERM B 170:10,kanepihari,vaha,
617531,ERM B 170:11,lusikas,lehtpuu,puit
617532,ERM B 170:12,lusikas,lehtpuu,puit
617533,ERM B 170:13,lusikas,lehtpuu,puit
617534,ERM B 170:14,lusikas,lehtpuu,puit
617535,ERM B 170:15,riidetünn,lehtpuu,puit
617536,ERM B 170:16,kalmistukorv,kanep,puit
617536,ERM B 170:16,kalmistukorv,nöör,puit
617536,ERM B 170:16,kalmistukorv,pärn,puit
617537,ERM B 170:17,taignaküna,lehtpuu,puit
617538,ERM B 170:18,vokipool,lehtpuu,puit
617539,ERM B 170:19,vokk,lehtpuu,puit
617540,ERM B 170:20,kanepikamm,saar,puit
617541,ERM B 170:21/ab,jalarätid,linane,tekstiil
617542,ERM B 170:22,suga,kanep,puit
617542,ERM B 170:22,suga,saar,puit
617543,ERM B 170:23,suga,saar,puit
617544,ERM B 170:24,suga,kanep,tekstiil
617544,ERM B 170:24,suga,nöör,tekstiil
617544,ERM B 170:24,suga,saar,puit
617551,ERM B 176:25,käterätt,lina,tekstiil
617551,ERM B 176:25,käterätt,puuvill,tekstiil
617553,ERM B 176:27/ab,värten,lehtpuu,puit
617554,ERM B 176:28/ab,"viisud, laste",niin,puit
617555,ERM B 176:29,"näovari, mesiniku",lina,tekstiil
617555,ERM B 176:29,"näovari, mesiniku",metall,tekstiil
617555,ERM B 176:29,"näovari, mesiniku",puit,tekstiil
617555,ERM B 176:29,"näovari, mesiniku",,tekstiil
617555,ERM B 176:29,"näovari, mesiniku",traat,tekstiil
617558,ERM B 176:31,"pealinik, käterätt",puuvill,tekstiil
617569,ERM B 176:40/ab,sukad,lõng,tekstiil
617569,ERM B 176:40/ab,sukad,vill,tekstiil
617570,ERM B 176:41,sõrmus,vask,metall
617571,ERM B 176:42,sõrmus,vask,metall
617572,ERM B 176:43,sõrmus,vask,metall
617573,ERM B 176:47/ab,"kõrvarõngas, 2",hõbe,metall
617573,ERM B 176:47/ab,"kõrvarõngas, 2",metall,metall
617574,ERM B 176:44,sõrmus,vask,metall
617575,ERM B 176:45,sõrmus,vask,metall
617576,ERM B 176:46,sõrmus,vask,metall
617583,ERM B 176:53/ab,"jalarätid, meeste",looduslik kiud,tekstiil
617590,ERM B 60:69,korv,toht,puit
617591,ERM B 60:70,luisutasku,toht,puit
617592,ERM B 60:71,tulejalg,mänd,puit
617592,ERM B 60:71,tulejalg,raud,puit
617593,ERM B 60:72,küna,kask,puit
617594,ERM B 61:1,"särk, naiste",lina,tekstiil
617594,ERM B 61:1,"särk, naiste",vill,tekstiil
617596,ERM B 61:3,tagapõll,lina,tekstiil
617596,ERM B 61:3,tagapõll,vask,metall
617598,ERM B 61:5,vöö,lõng,tekstiil
617598,ERM B 61:5,vöö,vill,tekstiil
617599,ERM B 61:6,vöö,kude,tekstiil
617599,ERM B 61:6,vöö,linane,tekstiil
617599,ERM B 61:6,vöö,lõim,tekstiil
617599,ERM B 61:6,vöö,vill,tekstiil
617600,ERM B 61:7,särgialane,linane,tekstiil
617600,ERM B 61:7,särgialane,puuvill,tekstiil
617600,ERM B 61:7,särgialane,riie,tekstiil
617600,ERM B 61:7,särgialane,tikand,tekstiil
617601,ERM B 61:8,kõlavöö,lõng,tekstiil
617601,ERM B 61:8,kõlavöö,vill,tekstiil
617602,ERM B 61:9,vöö,linane,tekstiil
617602,ERM B 61:9,vöö,lõng,tekstiil
617602,ERM B 61:9,vöö,vill,tekstiil
617608,ERM B 61:15,kõlavöö,lõng,tekstiil
617608,ERM B 61:15,kõlavöö,vill,tekstiil
617615,ERM B 61:22,korv,,puit
617615,ERM B 61:22,korv,lina,puit
617615,ERM B 61:22,korv,toht,puit
617616,ERM B 61:23,mustlaselukk,kask,puit
617616,ERM B 61:23,mustlaselukk,niit,puit
617618,ERM B 62:2/ab,käsitöökarp,toht,puit
617619,ERM B 62:3,võrgukivi,kivim,kivim
617620,ERM B 62:4,võrguraskus,kivim,kivim
617621,ERM B 62:5,torbik,lina,puit
617621,ERM B 62:5,torbik,niit,puit
617621,ERM B 62:5,torbik,toht,puit
617622,ERM B 62:6,labidas,puit,puit
617625,ERM B 62:9/1-3,linnupüünis,okaspuit,puit
617625,ERM B 62:9/1-3,linnupüünis,puuvill,puit
617626,ERM B 62:10/ab,sukad,lõng,tekstiil
617626,ERM B 62:10/ab,sukad,vill,tekstiil
617628,ERM B 62:12,käsitöökarp,kask,puit
617628,ERM B 62:12,käsitöökarp,toht,puit
617632,ERM B 63:1/ab,säärikud,vasikas,nahk
617633,ERM B 63:2/1-2,saapaliist,kask,puit
617633,ERM B 63:2/1-2,saapaliist,nahk,nahk
617634,ERM B 63:3,märss,lina,puit
617634,ERM B 63:3,märss,nöör,puit
617634,ERM B 63:3,märss,toht,puit
617635,ERM B 63:4,korv,lina,tekstiil
617635,ERM B 63:4,korv,toht,puit
617636,ERM B 63:5,soolatops,toht,puit
617637,ERM B 63:6/ab,höövel,kask,puit
617638,ERM B 63:7/1-3,tikkimisraam,mänd,puit
617639,ERM B 63:8/ab,peerujalg,kask,puit
617639,ERM B 63:8/ab,peerujalg,raud,puit
617640,ERM B 82:24,kedervars,kask,puit
617642,ERM B 82:26,vöö,linane,tekstiil
617644,ERM B 83:2/ab,kõrvaehted,sulg,tekstiil
617645,ERM B 83:3,tagapõll,helmed,klaas
617645,ERM B 83:3,tagapõll,klaas,klaas
617645,ERM B 83:3,tagapõll,lina,tekstiil
617645,ERM B 83:3,tagapõll,nööp,metall
617645,ERM B 83:3,tagapõll,puuvill,tekstiil
617645,ERM B 83:3,tagapõll,vask,metall
617645,ERM B 83:3,tagapõll,vill,tekstiil
617646,ERM B 83:4,vaalikurikas,saar,puit
617647,ERM B 84:1,kirves,kask,puit
617647,ERM B 84:1,kirves,raud,metall
617649,ERM B 84:3,suga,kuusk,puit
617649,ERM B 84:3,suga,lina,puit
617649,ERM B 84:3,suga,puuvill,puit
617653,ERM B 84:7,lusikas,kask,puit
617654,ERM B 84:8,samovar,metall,metall
617654,ERM B 84:8,samovar,puit,puit
617655,ERM B 84:9,märss,lina,puit
617655,ERM B 84:9,märss,puit,puit
617655,ERM B 84:9,märss,toht,puit
617658,ERM B 84:12,"kott, kala hoidmiseks",kõrkjad,tekstiil
617658,ERM B 84:12,"kott, kala hoidmiseks",looduslik materjal,tekstiil
617658,ERM B 84:12,"kott, kala hoidmiseks",nöör,tekstiil
617658,ERM B 84:12,"kott, kala hoidmiseks",puuvill,tekstiil
617659,ERM B 84:13,korv,puit,puit
617659,ERM B 84:13,korv,toht,puit
617660,ERM B 84:14,korv,juured,puit
617660,ERM B 84:14,korv,kuusk,puit
617661,ERM B 84:15,"lokulaud, pulgaga",kask,puit
617662,ERM B 84:16,rüü,linane,tekstiil
617662,ERM B 84:16,rüü,,tekstiil
617663,ERM B 84:17,"särk, naiste",lina,tekstiil
617664,ERM B 84:18,kaunistusrätik,heegelpits,tekstiil
617664,ERM B 84:18,kaunistusrätik,kodukootud kangas,tekstiil
617664,ERM B 84:18,kaunistusrätik,linane,tekstiil
617664,ERM B 84:18,kaunistusrätik,puuvill,tekstiil
617664,ERM B 84:18,kaunistusrätik,tikand,tekstiil
617665,ERM B 84:19,käterätt,lina,tekstiil
617665,ERM B 84:19,käterätt,niit,tekstiil
617665,ERM B 84:19,käterätt,puuvill,tekstiil
617666,ERM B 84:20,käterätt,lina,tekstiil
617667,ERM B 84:21,vöö,lõng,tekstiil
617667,ERM B 84:21,vöö,vill,tekstiil
617668,ERM B 84:22,kedervars,kask,puit
617669,ERM B 84:23,luisutasku,toht,puit
617670,ERM B 84:24,süstik,kadakas,puit
617671,ERM B 84:25,süstiku pool,toht,puit
617672,ERM B 84:26,niiepöör,kask,puit
617673,ERM B 84:27,vakk,niin,puit
617673,ERM B 84:27,vakk,nöör,puit
617673,ERM B 84:27,vakk,toht,puit
617674,ERM B 84:28,süstik,kadakas,puit
617675,ERM B 84:29,süstik,kask,puit
617676,ERM B 84:30,koonlapuu,kask,puit
617677,ERM B 84:31,õllenõu,kadakas,puit
617677,ERM B 84:31,õllenõu,kask,puit
617677,ERM B 84:31,õllenõu,kuusk,puit
617677,ERM B 84:31,õllenõu,,puit
617677,ERM B 84:31,õllenõu,,puit
617677,ERM B 84:31,õllenõu,vits,puit
617678,ERM B 84:32,pudel,niin,puit
617678,ERM B 84:32,pudel,nöör,tekstiil
617678,ERM B 84:32,pudel,savi,keraamika
617679,ERM B 84:33,ropsimõõk,kask,puit
617680,ERM B 84:34,nõu,kuusk,puit
617680,ERM B 84:34,nõu,,puit
617680,ERM B 84:34,nõu,toht,puit
617681,ERM B 84:35,kangakeha,kask,puit
617682,ERM B 84:36/1-2,kangaspuu tallalauad,kask,puit
617683,ERM B 84:37,linahari,kask,puit
617683,ERM B 84:37,linahari,klots,puit
617683,ERM B 84:37,linahari,kuusk,puit
617683,ERM B 84:37,linahari,metall,puit
617684,ERM B 84:38,"niied, pulkade ja niiepööradega",kask,puit
617684,ERM B 84:38,"niied, pulkade ja niiepööradega",kuusk,puit
617684,ERM B 84:38,"niied, pulkade ja niiepööradega",lina,puit
617684,ERM B 84:38,"niied, pulkade ja niiepööradega",,puit
617684,ERM B 84:38,"niied, pulkade ja niiepööradega",niit,puit
617684,ERM B 84:38,"niied, pulkade ja niiepööradega",nöör,puit
617684,ERM B 84:38,"niied, pulkade ja niiepööradega",,puit
617685,ERM B 84:39,soalaad,kask,puit
617685,ERM B 84:39,soalaad,kuusk,puit
617685,ERM B 84:39,soalaad,,puit
617686,ERM B 84:40/ab,viisud,niin,puit
617686,ERM B 84:40/ab,viisud,toht,puit
617687,ERM B 85:1,hiirelõks,linane,tekstiil
617687,ERM B 85:1,hiirelõks,nöör,tekstiil
617687,ERM B 85:1,hiirelõks,okaspuit,puit
617687,ERM B 85:1,hiirelõks,papp,paber
617687,ERM B 85:1,hiirelõks,toomingas,puit
617687,ERM B 85:1,hiirelõks,,puit
617688,ERM B 85:2,kulp,seeder,puit
617689,ERM B 85:3,nõu,kask,puit
617689,ERM B 85:3,nõu,toht,puit
617690,ERM B 85:4/ab,"suvesaapad, laste",nahk,nahk
617693,ERM B 90:40,koonlapuu,mänd,puit
617694,ERM B 90:41,kedervars,kask,puit
617695,ERM B 90:42,õlle tegemise nõu,nahk,puit
617695,ERM B 90:42,õlle tegemise nõu,puit,puit
617695,ERM B 90:42,õlle tegemise nõu,rihm,puit
617696,ERM B 90:43,korv,toht,puit
617696,ERM B 90:43,korv,toomingas,puit
617696,ERM B 90:43,korv,vits,puit
617696,ERM B 90:43,korv,,puit
617697,ERM B 90:44,nõu,haab,puit
617697,ERM B 90:44,nõu,okaspuit,puit
617697,ERM B 90:44,nõu,,puit
617698,ERM B 90:45,kaalud,raud,metall
617699,ERM B 90:46,höövel,kask,puit
617699,ERM B 90:46,höövel,teras,puit
617700,ERM B 90:47,pesukurikas,kask,puit
617701,ERM B 90:48/ab,nõu,kask,puit
617701,ERM B 90:48/ab,nõu,okaspuit,puit
617701,ERM B 90:48/ab,nõu,,puit
617701,ERM B 90:48/ab,nõu,,puit
617701,ERM B 90:48/ab,nõu,toht,puit
617701,ERM B 90:48/ab,nõu,toomingas,puit
617702,ERM B 90:49,suga,lina,puit
617702,ERM B 90:49,suga,okaspuit,puit
617704,ERM B 90:51,voolmed,kask,puit
617704,ERM B 90:51,voolmed,raud,metall
617709,ERM B 90:52,koonlapuu,lehtpuu,puit
617711,ERM B 90:54,seelik,,tekstiil
617711,ERM B 90:54,seelik,linane,tekstiil
617712,ERM B 90:55,kaelakott,labane kangas,tekstiil
617712,ERM B 90:55,kaelakott,linane,tekstiil
617713,ERM B 90:56,kuub,,tekstiil
617713,ERM B 90:56,kuub,kude,tekstiil
617713,ERM B 90:56,kuub,riideriba,tekstiil
617713,ERM B 90:56,kuub,linane,tekstiil
617713,ERM B 90:56,kuub,lõim,tekstiil
617713,ERM B 90:56,kuub,puuvill,tekstiil
617713,ERM B 90:56,kuub,rauasulam,tekstiil
617713,ERM B 90:56,kuub,vill,tekstiil
617715,ERM B 90:58,seelik,,tekstiil
617715,ERM B 90:58,seelik,,tekstiil
617715,ERM B 90:58,seelik,linane,tekstiil
617715,ERM B 90:58,seelik,metall,tekstiil
617715,ERM B 90:58,seelik,puuvill,tekstiil
617715,ERM B 90:58,seelik,,tekstiil
617716,ERM B 90:59/ab,nõu,paju,puit
617716,ERM B 90:59/ab,nõu,toht,puit
617716,ERM B 90:59/ab,nõu,vits,puit
617717,ERM B 90:60/ab,õllenõu,kuusk,puit
617717,ERM B 90:60/ab,õllenõu,toomingas,puit
617717,ERM B 90:60/ab,õllenõu,vits,puit
617719,ERM B 90:62,ropsimõõk,kask,puit
617720,ERM B 90:63/ab,suusad,kask,puit
617720,ERM B 90:63/ab,suusad,mänd,puit
617720,ERM B 90:63/ab,suusad,nahk,puit
617720,ERM B 90:63/ab,suusad,toht,puit
617720,ERM B 90:63/ab,suusad,vasikas,puit
617721,ERM B 90:64,peegel,kask,puit
617721,ERM B 90:64,peegel,klaas,klaas
617721,ERM B 90:64,peegel,kuusk,puit
617721,ERM B 90:64,peegel,,puit
617721,ERM B 90:64,peegel,vineer,puit
617722,ERM B 90:65/ab,vitsmõrd,kuusk,puit
617722,ERM B 90:65/ab,vitsmõrd,liist,puit
617722,ERM B 90:65/ab,vitsmõrd,mänd,puit
617722,ERM B 90:65/ab,vitsmõrd,paju,puit
617722,ERM B 90:65/ab,vitsmõrd,,puit
617722,ERM B 90:65/ab,vitsmõrd,vits,puit
617723,ERM B 90:66,nahakook,raud,metall
617723,ERM B 90:66,nahakook,sarapuu,puit
617724,ERM B 90:67,süstik,kask,puit
617725,ERM B 90:68,kedervars,kask,puit
617726,ERM B 90:69,kedervars,kask,puit
617727,ERM B 90:70,poolivärten,mänd,puit
617727,ERM B 90:70,poolivärten,raud,metall
617728,ERM B 90:71,tikkimispuu,,metall
617728,ERM B 90:71,tikkimispuu,mänd,puit
617728,ERM B 90:71,tikkimispuu,raud,metall
617729,ERM B 90:72,sirp,kask,puit
617729,ERM B 90:72,sirp,teras,metall
617730,ERM B 90:73,kapsaraud,kask,puit
617730,ERM B 90:73,kapsaraud,raud,metall
617731,ERM B 90:74,koot,kask,puit
617731,ERM B 90:74,koot,,
617731,ERM B 90:74,koot,kuusk,puit
617731,ERM B 90:74,koot,nahk,nahk
617731,ERM B 90:74,koot,rihm,nahk
617731,ERM B 90:74,koot,,
617732,ERM B 90:75/a-d,hiirelõks,mänd,puit
617733,ERM B 90:76,saag,kask,puit
617733,ERM B 90:76,saag,raud,metall
617734,ERM B 90:77/ab,labakindad,lõng,tekstiil
617734,ERM B 90:77/ab,labakindad,vill,tekstiil
617735,ERM B 90:78/ab,"sukad, naiste",lõng,tekstiil
617735,ERM B 90:78/ab,"sukad, naiste",vill,tekstiil
617756,ERM B 106:133,põll,lina,tekstiil
617756,ERM B 106:133,põll,puuvill,tekstiil
617756,ERM B 106:133,põll,vill,tekstiil
617757,ERM B 106:134,põll,lina,tekstiil
617757,ERM B 106:134,põll,puuvill,tekstiil
617758,ERM B 106:135/ab,"säärised, naiste",kude,tekstiil
617758,ERM B 106:135/ab,"säärised, naiste",linane,tekstiil
617758,ERM B 106:135/ab,"säärised, naiste",lõim,tekstiil
617758,ERM B 106:135/ab,"säärised, naiste",,tekstiil
617758,ERM B 106:135/ab,"säärised, naiste",puuvill,tekstiil
617760,ERM B 106:136/ab,"säärised, naiste",kude,tekstiil
617760,ERM B 106:136/ab,"säärised, naiste",linane,tekstiil
617760,ERM B 106:136/ab,"säärised, naiste",lõim,tekstiil
617760,ERM B 106:136/ab,"säärised, naiste",,tekstiil
617760,ERM B 106:136/ab,"säärised, naiste",puuvill,tekstiil
617764,ERM B 106:140/ab,põllevöö,lina,tekstiil
617764,ERM B 106:140/ab,põllevöö,,tekstiil
617764,ERM B 106:140/ab,põllevöö,puuvill,tekstiil
617764,ERM B 106:140/ab,põllevöö,kangas,tekstiil
617765,ERM B 106:141,"särgi(kleidi)riie, katkend",lina,tekstiil
617765,ERM B 106:141,"särgi(kleidi)riie, katkend",vill,tekstiil
617766,ERM B 106:142,rinnaehe,lina,tekstiil
617766,ERM B 106:142,rinnaehe,metall,metall
617766,ERM B 106:142,rinnaehe,siid,tekstiil
617767,ERM B 106:143,"vaip, katkend",labane kangas,tekstiil
617767,ERM B 106:143,"vaip, katkend",lina,tekstiil
617767,ERM B 106:143,"vaip, katkend",puuvill,tekstiil
617767,ERM B 106:143,"vaip, katkend",,tekstiil
617782,ERM B 107:1,võrgunõel,kuusk,puit
617783,ERM B 107:2/ab,"mänguasi, vibu, nool",okaspuit,puit
617783,ERM B 107:2/ab,"mänguasi, vibu, nool",takk,puit
617783,ERM B 107:2/ab,"mänguasi, vibu, nool",,puit
617784,ERM B 107:3,"laud, ondatra naha kuivatamise",okaspuit,puit
617784,ERM B 107:3,"laud, ondatra naha kuivatamise",pael,tekstiil
617784,ERM B 107:3,"laud, ondatra naha kuivatamise",puuvill,tekstiil
617785,ERM B 107:4,"mänguasi, nool",metall,metall
617785,ERM B 107:4,"mänguasi, nool",mänd,puit
617786,ERM B 107:5,"noatupp, naiste",mänd,puit
617787,ERM B 107:6,vöö,,metall
617787,ERM B 107:6,vöö,,
617787,ERM B 107:6,vöö,helmed,klaas
617787,ERM B 107:6,vöö,kangas,tekstiil
617787,ERM B 107:6,vöö,kunstnahk,tekstiil
617787,ERM B 107:6,vöö,metall,metall
617787,ERM B 107:6,vöö,plast,plastik
617787,ERM B 107:6,vöö,puuvill,tekstiil
617788,ERM B 107:7,peibutuspart,okaspuit,puit
617789,ERM B 107:8,peibutuspart,kuusk,puit
617790,ERM B 107:9/ab,suusad,lehis,puit
617791,ERM B 107:10,noatupp,kask,puit
617792,ERM B 107:11,sõrmus,helmed,plastik
617792,ERM B 107:11,sõrmus,klaas,klaas
617792,ERM B 107:11,sõrmus,plast,plastik
617792,ERM B 107:11,sõrmus,tamiil,plastik
617793,ERM B 107:12,sõrmus,klaas,klaas
617793,ERM B 107:12,sõrmus,plast,plastik
617794,ERM B 107:13,sõrmus,vask,metall
617795,ERM B 107:14,sõrmus,alumiinium,metall
617797,ERM B 123:2,vaip,kanep,tekstiil
617797,ERM B 123:2,vaip,kude,tekstiil
617797,ERM B 123:2,vaip,lõim,tekstiil
617797,ERM B 123:2,vaip,vill,tekstiil
617801,ERM B 123:6,"kasukas, naiste",lammas,tekstiil
617801,ERM B 123:6,"kasukas, naiste",,tekstiil
617801,ERM B 123:6,"kasukas, naiste",nahk,tekstiil
617801,ERM B 123:6,"kasukas, naiste",nööp,tekstiil
617801,ERM B 123:6,"kasukas, naiste",plast,tekstiil
617801,ERM B 123:6,"kasukas, naiste",vill,tekstiil
617803,ERM B 123:8,vaip,kanep,tekstiil
617803,ERM B 123:8,vaip,kude,tekstiil
617803,ERM B 123:8,vaip,lõim,tekstiil
617803,ERM B 123:8,vaip,vill,tekstiil
617805,ERM B 123:10,pealinik,lina,tekstiil
617805,ERM B 123:10,pealinik,vill,tekstiil
617806,ERM B 123:11,pealinik,lina,tekstiil
617806,ERM B 123:11,pealinik,vill,tekstiil
617807,ERM B 123:12,pealinik,lina,tekstiil
617807,ERM B 123:12,pealinik,puuvill,tekstiil
617808,ERM B 123:13,pealinik,puuvill,tekstiil
617808,ERM B 123:13,pealinik,vill,tekstiil
617835,ERM B 123:40,käterätt,lina,tekstiil
617835,ERM B 123:40,käterätt,puuvill,tekstiil
617839,ERM B 123:44/ab,"sukad, naiste",lõng,tekstiil
617839,ERM B 123:44/ab,"sukad, naiste",vill,tekstiil
617840,ERM B 123:45/ab,labakindad,lõng,tekstiil
617840,ERM B 123:45/ab,labakindad,vill,tekstiil
617842,ERM B 123:47,vaip,kanep,tekstiil
617842,ERM B 123:47,vaip,kude,tekstiil
617842,ERM B 123:47,vaip,lõim,tekstiil
617842,ERM B 123:47,vaip,vill,tekstiil
617844,ERM B 123:49,"vöö, meeste",lõng,tekstiil
617844,ERM B 123:49,"vöö, meeste",vill,tekstiil
617846,ERM B 138:62,tuulamisnõu,juured,puit
617846,ERM B 138:62,tuulamisnõu,kuusk,puit
617847,ERM B 138:63/ab,nõu,toht,puit
617848,ERM B 138:64,nõu,toht,puit
617849,ERM B 138:65,pesukurikas,kask,puit
617850,ERM B 138:66,riidetünn,metall,puit
617850,ERM B 138:66,riidetünn,puit,puit
617851,ERM B 138:67,reha,kask,puit
617851,ERM B 138:67,reha,kuusk,puit
617851,ERM B 138:67,reha,,puit
617852,ERM B 138:68,koot,kask,puit
617852,ERM B 138:68,koot,kolk,puit
617852,ERM B 138:68,koot,kuusk,puit
617852,ERM B 138:68,koot,nahk,puit
617852,ERM B 138:68,koot,rihm,puit
617852,ERM B 138:68,koot,,puit
617854,ERM B 138:70,luisukott,toht,puit
617855,ERM B 138:71,sirp,kask,puit
617855,ERM B 138:71,sirp,raud,metall
617857,ERM B 138:73,säärsaabas,loomanahk,nahk
617858,ERM B 138:74,karjakell,metall,metall
617859,ERM B 138:75,riidekast,kuusk,puit
617859,ERM B 138:75,riidekast,pärn,puit
617859,ERM B 138:75,riidekast,,puit
617859,ERM B 138:75,riidekast,,puit
617860,ERM B 138:76/ab,niiepöörad,kask,puit
617861,ERM B 138:77,pütt,kuusk,puit
617861,ERM B 138:77,pütt,,puit
617861,ERM B 138:77,pütt,tamm,puit
617863,ERM B 138:79,saapaliist,puit,puit
617864,ERM B 138:80,poolivokk,kask,puit
617864,ERM B 138:80,poolivokk,kuusk,puit
617864,ERM B 138:80,poolivokk,,puit
617865,ERM B 138:81,koonlapuu,kuusk,puit
617865,ERM B 138:81,koonlapuu,nöör,puit
617865,ERM B 138:81,koonlapuu,takk,puit
617866,ERM B 138:82,taignalaud,kask,puit
617867,ERM B 138:83,käsikivid,kuusk,puit
617868,ERM B 138:84,veekopp,toht,puit
617869,ERM B 138:85,"nõu, marjakorjamise",toht,puit
617870,ERM B 138:86/ab,nõu,toht,puit
617871,ERM B 138:87,nõu,toht,puit
617872,ERM B 138:88,süstik,kuusk,puit
617873,ERM B 138:89,süstik,kuusk,puit
617874,ERM B 138:90,süstik,kuusk,puit
617875,ERM B 138:91,suga,kask,puit
617875,ERM B 138:91,suga,kuusk,puit
617875,ERM B 138:91,suga,lina,puit
617875,ERM B 138:91,suga,nöör,puit
617875,ERM B 138:91,suga,,puit
617875,ERM B 138:91,suga,,puit
617875,ERM B 138:91,suga,,puit
617876,ERM B 138:92,suga,kask,puit
617876,ERM B 138:92,suga,kuusk,puit
617876,ERM B 138:92,suga,lina,puit
617876,ERM B 138:92,suga,,puit
617876,ERM B 138:92,suga,,puit
617876,ERM B 138:92,suga,,puit
617877,ERM B 138:93,niiepöörad,kask,puit
617877,ERM B 138:93,niiepöörad,nöör,puit
617877,ERM B 138:93,niiepöörad,takk,puit
617878,ERM B 138:94,niiepöör,kask,puit
617878,ERM B 138:94,niiepöör,kuusk,puit
617878,ERM B 138:94,niiepöör,,puit
617879,ERM B 138:95,soalaad,haab,puit
617879,ERM B 138:95,soalaad,kask,puit
617879,ERM B 138:95,soalaad,kuusk,puit
617879,ERM B 138:95,soalaad,liist,puit
617880,ERM B 138:96,soalaad,kask,puit
617881,ERM B 138:97,kangakeha,haab,puit
617881,ERM B 138:97,kangakeha,niin,puit
617881,ERM B 138:97,kangakeha,pärn,puit
617882,ERM B 138:98,õllenõu,kuusk,puit
617885,ERM B 138:101,käterätt,lina,tekstiil
617886,ERM B 138:102,käterätt,lina,tekstiil
617887,ERM B 138:103,käterätt,lina,tekstiil
617891,ERM B 138:107,nõu,toht,puit
617892,ERM B 138:108,koonlapuu,kask,puit
617892,ERM B 138:108,koonlapuu,lina,puit
617892,ERM B 138:108,koonlapuu,nöör,puit
617892,ERM B 138:108,koonlapuu,puuvill,puit
617893,ERM B 138:109,värten,kask,puit
617894,ERM B 138:110,niiepöör,kask,puit
617894,ERM B 138:110,niiepöör,kuusk,puit
617894,ERM B 138:110,niiepöör,lina,tekstiil
617894,ERM B 138:110,niiepöör,nahk,nahk
617894,ERM B 138:110,niiepöör,puuvill,tekstiil
617894,ERM B 138:110,niiepöör,rihm,nahk
617894,ERM B 138:110,niiepöör,,puit
617894,ERM B 138:110,niiepöör,,puit
617895,ERM B 138:111,niiepöör,kask,puit
617896,ERM B 138:112,päsmer,raud,metall
617901,ERM B 151:15/ab,saapad,nahk,nahk
617901,ERM B 151:15/ab,saapad,nahk,
617903,ERM B 151:17,kaelaehe,kivim,kivim
617903,ERM B 151:17,kaelaehe,looduslik kiud,
617903,ERM B 151:17,kaelaehe,metall,metall
617907,ERM B 151:21,kasukas,karusnahk,nahk
617907,ERM B 151:21,kasukas,lammas,nahk
617907,ERM B 151:21,kasukas,,
617907,ERM B 151:21,kasukas,nahk,
617907,ERM B 151:21,kasukas,nööp,
617909,ERM B 151:23,pannkoogilauake,kuusk,puit
617910,ERM B 151:24,pannkoogilauake,kuusk,puit
617911,ERM B 151:25/ab,vöökaunistused,kivim,kivim
617911,ERM B 151:25/ab,vöökaunistused,klaas,klaas
617911,ERM B 151:25/ab,vöökaunistused,metall,
617911,ERM B 151:25/ab,vöökaunistused,vill,tekstiil
617912,ERM B 151:26,vöökaunistused,looduslik materjal,
617912,ERM B 151:26,vöökaunistused,metall,metall
617912,ERM B 151:26,vöökaunistused,vill,tekstiil
617924,ERM B 151:38/ab,vöökaunistused,kivim,kivim
617924,ERM B 151:38/ab,vöökaunistused,metall,metall
617924,ERM B 151:38/ab,vöökaunistused,vill,tekstiil
617925,ERM B 151:39/ab,vöökaunistused,kivim,kivim
617925,ERM B 151:39/ab,vöökaunistused,lina,tekstiil
617925,ERM B 151:39/ab,vöökaunistused,looduslik materjal,
617925,ERM B 151:39/ab,vöökaunistused,metall,metall
617925,ERM B 151:39/ab,vöökaunistused,vill,tekstiil
617934,ERM B 151:48/ab,vöökaunistused,kivim,kivim
617934,ERM B 151:48/ab,vöökaunistused,lina,tekstiil
617934,ERM B 151:48/ab,vöökaunistused,metall,metall
617934,ERM B 151:48/ab,vöökaunistused,vill,tekstiil
617935,ERM B 151:49/ab,vöökaunistused,helmed,klaas
617935,ERM B 151:49/ab,vöökaunistused,kaurikarp,luu
617935,ERM B 151:49/ab,vöökaunistused,klaas,klaas
617935,ERM B 151:49/ab,vöökaunistused,koorik,
617935,ERM B 151:49/ab,vöökaunistused,lõng,tekstiil
617935,ERM B 151:49/ab,vöökaunistused,metallisulam,metall
617935,ERM B 151:49/ab,vöökaunistused,münt,metall
617935,ERM B 151:49/ab,vöökaunistused,nööp,
617935,ERM B 151:49/ab,vöökaunistused,pael,tekstiil
617935,ERM B 151:49/ab,vöökaunistused,plast,plastik
617935,ERM B 151:49/ab,vöökaunistused,siid,tekstiil
617935,ERM B 151:49/ab,vöökaunistused,vill,tekstiil
617941,ERM B 151:55,korv,jalakas,puit
618063,ERM B 170:25,suga,kanep,puit
618063,ERM B 170:25,suga,riie,puit
618063,ERM B 170:25,suga,saar,puit
618064,ERM B 170:26,suga,saar,puit
618065,ERM B 170:27,süstik,lehtpuu,puit
618066,ERM B 170:28,süstik,saar,puit
618067,ERM B 170:29,süstik,lehtpuu,puit
618068,ERM B 170:30,süstik,saar,puit
618069,ERM B 170:31,süstik,lehtpuu,puit
618070,ERM B 170:32,süstik,lehtpuu,puit
618071,ERM B 170:33/1-2,lõimelipid,pärn,puit
618072,ERM B 170:34/1-2,niied,kanep,puit
618072,ERM B 170:34/1-2,niied,lehtpuu,puit
618073,ERM B 170:35/ab,niiepöörad,lehtpuu,puit
618074,ERM B 170:36/ab,niiepöör,puit,puit
618075,ERM B 170:37,kangapinguti,lehtpuu,puit
618076,ERM B 170:38,lõimepinguti,mänd,puit
618077,ERM B 170:39,soalaad,lehtpuu,puit
618078,ERM B 170:40,kanepikamm,saar,puit
618080,ERM B 170:41/ab,riidetünn,saar,puit
618081,ERM B 170:42,riidetünn,saar,puit
618084,ERM B 170:45,kangapakk,lehtpuu,puit
618087,ERM B 170:48,vaalikurikas,saar,puit
618088,ERM B 170:49,pott,savi,keraamika
618089,ERM B 170:50,pott,savi,keraamika
618090,ERM B 170:51,kommikarp,metall,metall
618090,ERM B 170:51,kommikarp,plekk,metall
618092,ERM B 170:52,"vorm, paastukoogi",lehtpuu,puit
618093,ERM B 170:53,korv,kanep,puit
618093,ERM B 170:53,korv,nöör,puit
618093,ERM B 170:53,korv,pärn,puit
618094,ERM B 170:54,kalmistukorv,pärn,puit
618095,ERM B 170:55,korv,pärn,puit
618096,ERM B 170:56,korv,kanep,puit
618096,ERM B 170:56,korv,nöör,puit
618096,ERM B 170:56,korv,pärn,puit
618097,ERM B 170:57,korv,puit,puit
618097,ERM B 170:57,korv,,puit
618098,ERM B 170:58,kalmistukorv,kanep,puit
618098,ERM B 170:58,kalmistukorv,nöör,puit
618098,ERM B 170:58,kalmistukorv,pärn,puit
618099,ERM B 170:59,kalmistukorv,kanep,puit
618099,ERM B 170:59,kalmistukorv,koor,puit
618099,ERM B 170:59,kalmistukorv,nöör,puit
618099,ERM B 170:59,kalmistukorv,pärn,puit
618100,ERM B 170:60,kalmistukorv,kanep,puit
618100,ERM B 170:60,kalmistukorv,nöör,puit
618100,ERM B 170:60,kalmistukorv,pärn,puit
618101,ERM B 170:61,korv,kanep,puit
618101,ERM B 170:61,korv,nöör,puit
618101,ERM B 170:61,korv,puit,puit
618101,ERM B 170:61,korv,,puit
618102,ERM B 170:62,samovar,vask,metall
618104,ERM B 170:63,uhmer,lehtpuu,puit
618105,ERM B 170:64,lusikahoidja,kanep,puit
618105,ERM B 170:64,lusikahoidja,nöör,puit
618105,ERM B 170:64,lusikahoidja,pärn,puit
618106,ERM B 170:65,suga,kanep,puit
618106,ERM B 170:65,suga,nöör,puit
618106,ERM B 170:65,suga,saar,puit
618107,ERM B 170:66,süstik,saar,puit
618108,ERM B 170:67,niiepöör,lehtpuu,puit
618109,ERM B 170:68,kangapinguti,lehtpuu,puit
618114,ERM B 176:63,pearätik,münt,tekstiil
618114,ERM B 176:63,pearätik,kunstsiid,tekstiil
618114,ERM B 176:63,pearätik,sünteetika,tekstiil
618114,ERM B 176:63,pearätik,valge metall,tekstiil
618115,ERM B 176:64,pearätik,puuvill,tekstiil
618115,ERM B 176:64,pearätik,,tekstiil
618118,ERM B 176:66,käterätt,puuvill,tekstiil
618136,ERM B 176:80,pudrunui,lehtpuu,puit
618136,ERM B 176:80,pudrunui,nahk,puit
618136,ERM B 176:80,pudrunui,pael,puit
618137,ERM B 176:81,pudrulabidas,kuusk,puit
618139,ERM B 176:82,pudrulabidas,lehtpuu,puit
618140,ERM B 176:83,pudrulabidas,kask,puit
618141,ERM B 176:84,"näovari, mesiniku",metall,tekstiil
618141,ERM B 176:84,"näovari, mesiniku",puuvill,tekstiil
618142,ERM B 176:85/ab,niiepöörad,lehtpuu,puit
618143,ERM B 176:86,liud,savi,keraamika
618144,ERM B 176:87,sirp,lehtpuu,puit
618144,ERM B 176:87,sirp,raud,metall
618145,ERM B 176:88,sirp,lehtpuu,puit
618145,ERM B 176:88,sirp,raud,metall
618145,ERM B 176:88,sirp,õunapuu,puit
618146,ERM B 176:89,lambarauad,metall,metall
618147,ERM B 176:90,käärid,raud,metall
618148,ERM B 176:91,nuga,lehtpuu,puit
618148,ERM B 176:91,nuga,raud,metall
618151,ERM B 176:92,viisunuga,lehtpuu,puit
618151,ERM B 176:92,viisunuga,raud,metall
618152,ERM B 63:9,vöö,linane,tekstiil
618152,ERM B 63:9,vöö,lõng,tekstiil
618152,ERM B 63:9,vöö,vill,tekstiil
618153,ERM B 63:10,mõõt,kask,puit
618153,ERM B 63:10,mõõt,kuusk,puit
618153,ERM B 63:10,mõõt,vits,puit
618154,ERM B 63:11,kaljanõu,kuusk,puit
618155,ERM B 63:12,piimanõu,savi,keraamika
618155,ERM B 63:12,piimanõu,toht,keraamika
618156,ERM B 63:13,võimänd,mänd,puit
618157,ERM B 63:14,õllenõu,savi,keraamika
618157,ERM B 63:14,õllenõu,toht,keraamika
618158,ERM B 63:15,korv,mänd,puit
618159,ERM B 63:16,mold,kask,puit
618160,ERM B 63:17/abc,"pulgad, lõnga korrutuse",kuusk,puit
618161,ERM B 63:18,õng,metall,metall
618161,ERM B 63:18,õng,puit,puit
618161,ERM B 63:18,õng,sirel,puit
618162,ERM B 63:19,ropsimõõk,kask,puit
618163,ERM B 63:20,viipsik,,puit
618163,ERM B 63:20,viipsik,mänd,puit
618163,ERM B 63:20,viipsik,paju,puit
618164,ERM B 63:21,vöö,kude,tekstiil
618164,ERM B 63:21,vöö,vill,tekstiil
618165,ERM B 63:22,vöö,lõng,tekstiil
618165,ERM B 63:22,vöö,,tekstiil
618165,ERM B 63:22,vöö,,tekstiil
618166,ERM B 63:23,vöö,linane,tekstiil
618166,ERM B 63:23,vöö,,tekstiil
618167,ERM B 63:24,korv,toht,puit
618168,ERM B 63:25,luisutasku,toht,puit
618169,ERM B 63:26,koot,kask,puit
618169,ERM B 63:26,koot,kolk,puit
618169,ERM B 63:26,koot,kuusk,puit
618169,ERM B 63:26,koot,nahk,puit
618169,ERM B 63:26,koot,rihm,puit
618169,ERM B 63:26,koot,,puit
618170,ERM B 63:27,karp,toht,puit
618171,ERM B 63:28,"treipink, värtnate",kuusk,puit
618172,ERM B 63:29,värten,kask,puit
618173,ERM B 64:1,"särk, naiste",lina,tekstiil
618173,ERM B 64:1,"särk, naiste",riie,tekstiil
618173,ERM B 64:1,"särk, naiste",vill,tekstiil
618174,ERM B 64:2,rüü,linane,tekstiil
618174,ERM B 64:2,rüü,litrid,tekstiil
618174,ERM B 64:2,rüü,pael,tekstiil
618174,ERM B 64:2,rüü,,tekstiil
618174,ERM B 64:2,rüü,puuvill,tekstiil
618174,ERM B 64:2,rüü,,tekstiil
618174,ERM B 64:2,rüü,samet,tekstiil
618174,ERM B 64:2,rüü,kard,tekstiil
618174,ERM B 64:2,rüü,,tekstiil
618174,ERM B 64:2,rüü,,tekstiil
618174,ERM B 64:2,rüü,pärl,tekstiil
618174,ERM B 64:2,rüü,,tekstiil
618174,ERM B 64:2,rüü,,tekstiil
618174,ERM B 64:2,rüü,,tekstiil
618174,ERM B 64:2,rüü,,tekstiil
618174,ERM B 64:2,rüü,vask,tekstiil
618174,ERM B 64:2,rüü,vill,tekstiil
618175,ERM B 64:3,põll,linane,tekstiil
618175,ERM B 64:3,põll,litrid,tekstiil
618175,ERM B 64:3,põll,pael,tekstiil
618175,ERM B 64:3,põll,puuvill,tekstiil
618175,ERM B 64:3,põll,,tekstiil
618175,ERM B 64:3,põll,kard,tekstiil
618175,ERM B 64:3,põll,,tekstiil
618175,ERM B 64:3,põll,,tekstiil
618175,ERM B 64:3,põll,,tekstiil
618175,ERM B 64:3,põll,,tekstiil
618175,ERM B 64:3,põll,,tekstiil
618175,ERM B 64:3,põll,vask,tekstiil
618176,ERM B 64:4/ab,viisud,paju,puit
618177,ERM B 64:5,vöö,kude,tekstiil
618177,ERM B 64:5,vöö,linane,tekstiil
618177,ERM B 64:5,vöö,lõim,tekstiil
618177,ERM B 64:5,vöö,vill,tekstiil
618178,ERM B 64:6/ab,saapad,toht,puit
618182,ERM B 64:10,pluuspõll,atlasriie,tekstiil
618182,ERM B 64:10,pluuspõll,pael,tekstiil
618182,ERM B 64:10,pluuspõll,,tekstiil
618182,ERM B 64:10,pluuspõll,puuvill,tekstiil
618182,ERM B 64:10,pluuspõll,,tekstiil
618182,ERM B 64:10,pluuspõll,,tekstiil
618183,ERM B 64:11,vöö,lõng,tekstiil
618183,ERM B 64:11,vöö,puuvill,tekstiil
618184,ERM B 64:12,vibu,kask,puit
618184,ERM B 64:12,vibu,kuusk,puit
618185,ERM B 64:13,koot,kask,puit
618185,ERM B 64:13,koot,kolk,puit
618185,ERM B 64:13,koot,kuusk,puit
618185,ERM B 64:13,koot,nahk,puit
618185,ERM B 64:13,koot,rihm,puit
618185,ERM B 64:13,koot,,puit
618186,ERM B 64:14,"peakate, naiste",kopikas,tekstiil
618186,ERM B 64:14,"peakate, naiste",linane,tekstiil
618186,ERM B 64:14,"peakate, naiste",lõng,tekstiil
618186,ERM B 64:14,"peakate, naiste",metall,tekstiil
618186,ERM B 64:14,"peakate, naiste",,tekstiil
618186,ERM B 64:14,"peakate, naiste",,tekstiil
618186,ERM B 64:14,"peakate, naiste",kard,tekstiil
618186,ERM B 64:14,"peakate, naiste",pael,tekstiil
618186,ERM B 64:14,"peakate, naiste",pärl,tekstiil
618186,ERM B 64:14,"peakate, naiste",,tekstiil
618186,ERM B 64:14,"peakate, naiste",vill,tekstiil
618187,ERM B 64:15,kaelaehe,,tekstiil
618187,ERM B 64:15,kaelaehe,kopikas,metall
618187,ERM B 64:15,kaelaehe,linane,tekstiil
618187,ERM B 64:15,kaelaehe,metall,metall
618187,ERM B 64:15,kaelaehe,puuvill,tekstiil
618187,ERM B 64:15,kaelaehe,pärl,luu
618187,ERM B 64:15,kaelaehe,riie,tekstiil
618187,ERM B 64:15,kaelaehe,,
618187,ERM B 64:15,kaelaehe,,
618188,ERM B 64:16,vöö,kude,tekstiil
618188,ERM B 64:16,vöö,linane,tekstiil
618188,ERM B 64:16,vöö,lõim,tekstiil
618188,ERM B 64:16,vöö,vill,tekstiil
618189,ERM B 64:17,rüü,linane,tekstiil
618189,ERM B 64:17,rüü,litrid,tekstiil
618189,ERM B 64:17,rüü,pael,tekstiil
618189,ERM B 64:17,rüü,,tekstiil
618189,ERM B 64:17,rüü,,tekstiil
618189,ERM B 64:17,rüü,vask,tekstiil
618190,ERM B 64:18,"särk, naiste",linane,tekstiil
618190,ERM B 64:18,"särk, naiste",pärl,tekstiil
618190,ERM B 64:18,"särk, naiste",siid,tekstiil
618190,ERM B 64:18,"särk, naiste",,tekstiil
618190,ERM B 64:18,"särk, naiste",lõng,tekstiil
618191,ERM B 64:19/ab,"jalarätid, sääremähised",linane,tekstiil
618191,ERM B 64:19/ab,"jalarätid, sääremähised",riie,tekstiil
618192,ERM B 64:20/ab,"jalarätid, sääremähised",kalev (riidesort),tekstiil
618192,ERM B 64:20/ab,"jalarätid, sääremähised",klaas,tekstiil
618192,ERM B 64:20/ab,"jalarätid, sääremähised",kudrused,tekstiil
618192,ERM B 64:20/ab,"jalarätid, sääremähised",litrid,tekstiil
618192,ERM B 64:20/ab,"jalarätid, sääremähised",metall,tekstiil
618192,ERM B 64:20/ab,"jalarätid, sääremähised",,tekstiil
618192,ERM B 64:20/ab,"jalarätid, sääremähised",pael,tekstiil
618192,ERM B 64:20/ab,"jalarätid, sääremähised",plekk,tekstiil
618192,ERM B 64:20/ab,"jalarätid, sääremähised",lõng,tekstiil
618192,ERM B 64:20/ab,"jalarätid, sääremähised",,tekstiil
618192,ERM B 64:20/ab,"jalarätid, sääremähised",,tekstiil
618192,ERM B 64:20/ab,"jalarätid, sääremähised",vill,tekstiil
618193,ERM B 64:21/ab,viisud,koor,puit
618193,ERM B 64:21/ab,viisud,puit,puit
618194,ERM B 64:22,"sarafan, seelik",,tekstiil
618194,ERM B 64:22,"sarafan, seelik",linane,tekstiil
618194,ERM B 64:22,"sarafan, seelik",metall,tekstiil
618194,ERM B 64:22,"sarafan, seelik",,tekstiil
618195,ERM B 64:23,seelik,,tekstiil
618195,ERM B 64:23,seelik,linane,tekstiil
618195,ERM B 64:23,seelik,metall,tekstiil
618195,ERM B 64:23,seelik,,tekstiil
618195,ERM B 64:23,seelik,puuvill,tekstiil
618195,ERM B 64:23,seelik,,tekstiil
618196,ERM B 64:24,vaip,kangas,tekstiil
618196,ERM B 64:24,vaip,niit,tekstiil
618196,ERM B 64:24,vaip,puuvill,tekstiil
618197,ERM B 64:25,riideproov,linane,tekstiil
618197,ERM B 64:25,riideproov,,tekstiil
618198,ERM B 64:26,riideproov,linane,tekstiil
618198,ERM B 64:26,riideproov,,tekstiil
618199,ERM B 64:27,ehe,hõbe,metall
618199,ERM B 64:27,ehe,kivim,kivim
618199,ERM B 64:27,ehe,klaas,klaas
618199,ERM B 64:27,ehe,raha,metall
618200,ERM B 64:28,"nuga, võrgukudumise",raud,metall
618201,ERM B 64:29,piirits,puit,puit
618201,ERM B 64:29,piirits,pöök,puit
618202,ERM B 64:30,jõulumask,hani,nahk
618202,ERM B 64:30,jõulumask,kalev (riidesort),tekstiil
618202,ERM B 64:30,jõulumask,sits (riidesort),tekstiil
618202,ERM B 64:30,jõulumask,krepp,paber
618202,ERM B 64:30,jõulumask,nahk,nahk
618202,ERM B 64:30,jõulumask,papp,paber
618202,ERM B 64:30,jõulumask,sulg,nahk
618202,ERM B 64:30,jõulumask,,tekstiil
618203,ERM B 85:6,korv,juured,puit
618203,ERM B 85:6,korv,kask,puit
618203,ERM B 85:6,korv,,puit
618203,ERM B 85:6,korv,seeder,puit
618203,ERM B 85:6,korv,toht,puit
618203,ERM B 85:6,korv,toomingas,puit
618204,ERM B 85:7,lusikas,seeder,puit
618205,ERM B 85:8,lumeklopits,mänd,puit
618210,ERM B 85:13/ab,labakindad,karusnahk,tekstiil
618210,ERM B 85:13/ab,labakindad,põder,tekstiil
618211,ERM B 85:14/ab,käsitöökarp,lehtpuu,puit
618211,ERM B 85:14/ab,käsitöökarp,lina,puit
618211,ERM B 85:14/ab,käsitöökarp,nahk,puit
618211,ERM B 85:14/ab,käsitöökarp,niit,puit
618211,ERM B 85:14/ab,käsitöökarp,toht,puit
618211,ERM B 85:14/ab,käsitöökarp,,puit
618213,ERM B 85:16,nahakaabits,puit,puit
618213,ERM B 85:16,nahakaabits,raud,metall
618214,ERM B 85:17/ab,"nuga, tupega",kask,puit
618214,ERM B 85:17/ab,"nuga, tupega",nahk,nahk
618214,ERM B 85:17/ab,"nuga, tupega",raud,metall
618214,ERM B 85:17/ab,"nuga, tupega",vask,metall
618219,ERM B 85:22/ab,"nuga, tupega",metall,metall
618219,ERM B 85:22/ab,"nuga, tupega",nahk,nahk
618219,ERM B 85:22/ab,"nuga, tupega",plekk,metall
618219,ERM B 85:22/ab,"nuga, tupega",alumiinium ja vasktraat,metall
618219,ERM B 85:22/ab,"nuga, tupega",puit,puit
618219,ERM B 85:22/ab,"nuga, tupega",puuvill,tekstiil
618219,ERM B 85:22/ab,"nuga, tupega",raud,metall
618220,ERM B 85:23/ab,käsitöökarp,lehtpuu,puit
618220,ERM B 85:23/ab,käsitöökarp,lina,puit
618220,ERM B 85:23/ab,käsitöökarp,nahk,puit
618220,ERM B 85:23/ab,käsitöökarp,niit,puit
618220,ERM B 85:23/ab,käsitöökarp,toht,puit
618220,ERM B 85:23/ab,käsitöökarp,,puit
618221,ERM B 85:24/ab,tubakatoos,nahk,puit
618221,ERM B 85:24/ab,tubakatoos,okaspuit,puit
618221,ERM B 85:24/ab,tubakatoos,toht,puit
618224,ERM B 85:27,vibupuur,kask,puit
618224,ERM B 85:27,vibupuur,linane,puit
618224,ERM B 85:27,vibupuur,nahk,puit
618224,ERM B 85:27,vibupuur,nöör,puit
618224,ERM B 85:27,vibupuur,raud,puit
618224,ERM B 85:27,vibupuur,rihm,puit
618224,ERM B 85:27,vibupuur,,puit
618224,ERM B 85:27,vibupuur,,puit
618224,ERM B 85:27,vibupuur,toru,puit
618225,ERM B 85:28,lihthöövel,kask,puit
618225,ERM B 85:28,lihthöövel,raud,metall
618226,ERM B 85:29,valtshöövel,kask,puit
618226,ERM B 85:29,valtshöövel,raud,metall
618227,ERM B 85:30,nõu,elektrijuhe,plastik
618227,ERM B 85:30,nõu,puit,puit
618227,ERM B 85:30,nõu,tehismaterjal,plastik
618227,ERM B 85:30,nõu,toht,puit
618230,ERM B 85:33/ab,"nuga, tupega",kask,puit
618230,ERM B 85:33/ab,"nuga, tupega",nahk,nahk
618230,ERM B 85:33/ab,"nuga, tupega",raud,metall
618231,ERM B 85:34,peibutuspart,kask,puit
618231,ERM B 85:34,peibutuspart,penoplast,plastik
618231,ERM B 85:34,peibutuspart,tehismaterjal,plastik
618232,ERM B 85:35,võrgupoi,kask,puit
618233,ERM B 85:36,võrgupoi,kask,puit
618234,ERM B 85:37,karusnaha kuivatamise laud,kuusk,puit
618235,ERM B 85:38,"jalakammits, põdra",okaspuit,puit
618237,ERM B 85:40,"tempel, pressornamendi",sarv,luu
618238,ERM B 86:1/ab,võikarp,haab,puit
618238,ERM B 86:1/ab,võikarp,juured,puit
618238,ERM B 86:1/ab,võikarp,,puit
618238,ERM B 86:1/ab,võikarp,kuusk,puit
618238,ERM B 86:1/ab,võikarp,puit,puit
618239,ERM B 86:2,toobritõstmise puu,kask,puit
618240,ERM B 86:3,võrguujuk,kuusk,puit
618241,ERM B 86:4,viljakühvel,kuusk,puit
618242,ERM B 86:5,kaal,raud,puit
618243,ERM B 86:6,naaskel,mänd,puit
618243,ERM B 86:6,naaskel,teras,metall
618244,ERM B 86:7,"kapp, kohupiima ja piima",kuusk,puit
618245,ERM B 86:8,koonlalaud,mänd,puit
618246,ERM B 86:9,nõu,toht,puit
618247,ERM B 86:10,pütt,kuusk,puit
618248,ERM B 86:11,peitel,kask,puit
618248,ERM B 86:11,peitel,raud,metall
618249,ERM B 86:12,puur,kuusk,puit
618249,ERM B 86:12,puur,raud,puit
618250,ERM B 86:13,kätepesunõu,vask,metall
618251,ERM B 86:14,keedunõu,vask,metall
618252,ERM B 86:15,võti,metall,metall
618253,ERM B 90:79,"vöö, naiste",lõng,tekstiil
618253,ERM B 90:79,"vöö, naiste",vill,tekstiil
618256,ERM B 90:82,"lõikelaud, liha",kask,puit
618258,ERM B 90:84,kauss,savi,keraamika
618259,ERM B 90:85,konkskirves,kask,puit
618259,ERM B 90:85,konkskirves,raud,metall
618260,ERM B 90:86,luisk,kivim,kivim
618260,ERM B 90:86,luisk,toomingas,puit
618261,ERM B 90:87,kapsaraud,kask,puit
618261,ERM B 90:87,kapsaraud,raud,metall
618262,ERM B 90:88,kätepesunõu,raud,metall
618262,ERM B 90:88,kätepesunõu,,puit
618262,ERM B 90:88,kätepesunõu,vask,metall
618263,ERM B 90:89,voolmed,kask,puit
618263,ERM B 90:89,voolmed,raud,metall
618264,ERM B 90:90,"vöö, naiste",lõng,tekstiil
618264,ERM B 90:90,"vöö, naiste",vill,tekstiil
618265,ERM B 90:91/ab,saapad,loomanahk,nahk
618265,ERM B 90:91/ab,saapad,,nahk
618266,ERM B 90:92,veekulp,paju,puit
618266,ERM B 90:92,veekulp,toht,puit
618266,ERM B 90:92,veekulp,,puit
618267,ERM B 90:93/1-2,päsmer,kask,puit
618267,ERM B 90:93/1-2,päsmer,ketas,
618267,ERM B 90:93/1-2,päsmer,kuusk,puit
618267,ERM B 90:93/1-2,päsmer,nahk,nahk
618267,ERM B 90:93/1-2,päsmer,raud,metall
618267,ERM B 90:93/1-2,päsmer,,
618267,ERM B 90:93/1-2,päsmer,vask,metall
618270,ERM B 90:96,leivavorm,juured,puit
618270,ERM B 90:96,leivavorm,kuusk,puit
618270,ERM B 90:96,leivavorm,paju,puit
618270,ERM B 90:96,leivavorm,vits,puit
618271,ERM B 90:97,leivahapendusnõu,kuusk,puit
618272,ERM B 90:98/ab,korv,juured,puit
618272,ERM B 90:98/ab,korv,kuusk,puit
618272,ERM B 90:98/ab,korv,paju,puit
618272,ERM B 90:98/ab,korv,vits,puit
618273,ERM B 90:99,tikkimislaud,mänd,puit
618274,ERM B 90:100,koot,kask,puit
618274,ERM B 90:100,koot,kolk,puit
618274,ERM B 90:100,koot,kuusk,puit
618274,ERM B 90:100,koot,nahk,puit
618274,ERM B 90:100,koot,rihm,puit
618274,ERM B 90:100,koot,,puit
618275,ERM B 90:101,"kaelakell, lehma",metall,metall
618275,ERM B 90:101,"kaelakell, lehma",nahk,nahk
618275,ERM B 90:101,"kaelakell, lehma",rihm,nahk
618275,ERM B 90:101,"kaelakell, lehma",vasetatud raudplekk,metall
618276,ERM B 90:102,päsmer,raud,metall
618277,ERM B 90:103,"kaelakell, lehma",metall,metall
618277,ERM B 90:103,"kaelakell, lehma",toht,metall
618277,ERM B 90:103,"kaelakell, lehma",vasetatud raudplekk,metall
618279,ERM B 90:105,käsikivi,haab,puit
618279,ERM B 90:105,käsikivi,kask,puit
618279,ERM B 90:105,käsikivi,metall,metall
618279,ERM B 90:105,käsikivi,,puit
618279,ERM B 90:105,käsikivi,,puit
618280,ERM B 90:106,"käepide, sae",puit,puit
618281,ERM B 90:107/ab,"labakindad, jahimehe",karusnahk,nahk
618281,ERM B 90:107/ab,"labakindad, jahimehe",koer,nahk
618282,ERM B 90:108,viipsik,kask,puit
618282,ERM B 90:108,viipsik,kuusk,puit
618282,ERM B 90:108,viipsik,,puit
618282,ERM B 90:108,viipsik,,puit
618283,ERM B 90:109,"vorm, ahjutellise",kask,puit
618283,ERM B 90:109,"vorm, ahjutellise",kuusk,puit
618283,ERM B 90:109,"vorm, ahjutellise",,puit
618283,ERM B 90:109,"vorm, ahjutellise",,puit
618284,ERM B 90:110,"reha, lapse",kask,puit
618284,ERM B 90:110,"reha, lapse",kuusk,puit
618284,ERM B 90:110,"reha, lapse",,puit
618286,ERM B 90:112/ab,viisud,lina,puit
618286,ERM B 90:112/ab,viisud,nöör,puit
618286,ERM B 90:112/ab,viisud,toht,puit
618287,ERM B 90:113,seljaskanderaam,lina,tekstiil
618287,ERM B 90:113,seljaskanderaam,nahk,nahk
618287,ERM B 90:113,seljaskanderaam,nöör,tekstiil
618287,ERM B 90:113,seljaskanderaam,paju,puit
618287,ERM B 90:113,seljaskanderaam,rihm,nahk
618287,ERM B 90:113,seljaskanderaam,takk,puit
618287,ERM B 90:113,seljaskanderaam,toht,puit
618287,ERM B 90:113,seljaskanderaam,vits,puit
618288,ERM B 90:114/ab,seljakott,haab,puit
618288,ERM B 90:114/ab,seljakott,kask,puit
618288,ERM B 90:114/ab,seljakott,laast,puit
618288,ERM B 90:114/ab,seljakott,lina,tekstiil
618288,ERM B 90:114/ab,seljakott,nahk,nahk
618288,ERM B 90:114/ab,seljakott,toht,puit
618291,ERM B 90:117,kauss,kask,puit
618292,ERM B 90:118,"detail, sae",kask,puit
618292,ERM B 90:118,"detail, sae",metall,metall
618292,ERM B 90:118,"detail, sae",nahk,nahk
618292,ERM B 90:118,"detail, sae",raudplekk,metall
618293,ERM B 90:119,piirits,kask,puit
618294,ERM B 90:120,"sukk, naiste",lõng,tekstiil
618294,ERM B 90:120,"sukk, naiste",vill,tekstiil
618298,ERM B 90:124,"särk, meeste",linane,tekstiil
618298,ERM B 90:124,"särk, meeste",,tekstiil
618300,ERM B 90:126,laudlina,linane,tekstiil
618303,ERM B 90:129,vöö,lõng,tekstiil
618303,ERM B 90:129,vöö,vill,tekstiil
618325,ERM B 107:15,käsitöökott,kalev (riidesort),tekstiil
618325,ERM B 107:15,käsitöökott,karusnahk,tekstiil
618325,ERM B 107:15,käsitöökott,nahk,tekstiil
618326,ERM B 107:16,kulp,kask,puit
618327,ERM B 107:17,"mänguasi, kulp",kask,puit
618328,ERM B 107:18,suusakepp,lehis,puit
618329,ERM B 107:19,suusakepp,kask,puit
618331,ERM B 107:21,"lumelabidas, meeste",lehis,puit
618332,ERM B 107:22,"kepp, lume kloppimiseks, naiste",lehis,puit
618333,ERM B 107:23,"kasukas, naiste",karusnahk,nahk
618333,ERM B 107:23,"kasukas, naiste",nahk,nahk
618333,ERM B 107:23,"kasukas, naiste",,nahk
618333,ERM B 107:23,"kasukas, naiste",põhjapõder,nahk
618334,ERM B 107:24/ab,"karvasaapad, meeste",karusnahk,nahk
618335,ERM B 107:25,kulp,kask,puit
618336,ERM B 107:26/ab,"karvasaapad, tüdrukute",karusnahk,nahk
618336,ERM B 107:26/ab,"karvasaapad, tüdrukute",põhjapõder,nahk
618337,ERM B 107:27,"ornamendiriba, tikand",kalev (riidesort),tekstiil
618337,ERM B 107:27,"ornamendiriba, tikand",karusnahk,nahk
618338,ERM B 107:28,kunstpatsid,metall,metall
618338,ERM B 107:28,kunstpatsid,puuvill,tekstiil
618339,ERM B 107:29/ab,"karvasaapad, naiste",kalev (riidesort),tekstiil
618339,ERM B 107:29/ab,"karvasaapad, naiste",karusnahk,nahk
618340,ERM B 107:30/1-4,"ornamendiribad, tikand",plast,plastik
618340,ERM B 107:30/1-4,"ornamendiribad, tikand",tamiil ja helmed,plastik
618344,ERM B 107:31/1-4,"ornamendiriba, tikand",plast,plastik
618344,ERM B 107:31/1-4,"ornamendiriba, tikand",tamiil ja helmed,plastik
618348,ERM B 107:32,"püünis, kärbi",lehtpuu,puit
618348,ERM B 107:32,"püünis, kärbi",metall,puit
618348,ERM B 107:32,"püünis, kärbi",okaspuit,puit
618348,ERM B 107:32,"püünis, kärbi",,puit
618349,ERM B 107:33,võrgunõel,okaspuit,puit
618350,ERM B 107:34,nahakaabits,kask,puit
618350,ERM B 107:34,nahakaabits,,metall
618350,ERM B 107:34,nahakaabits,raud,metall
618351,ERM B 107:35,nahakaabits,mänd,puit
618351,ERM B 107:35,nahakaabits,raud,metall
618352,ERM B 107:36,peibutuspart,mänd,puit
618353,ERM B 107:37,vaagen,okaspuit,puit
618354,ERM B 107:38,"ornament, tikand",kalev (riidesort),tekstiil
618354,ERM B 107:38,"ornament, tikand",karusnahk,nahk
618354,ERM B 107:38,"ornament, tikand",põhjapõder ja lammas,nahk
618355,ERM B 108:1,leivalabidas,haab,puit
618355,ERM B 108:1,leivalabidas,kuusk,metall
618355,ERM B 108:1,leivalabidas,,
618355,ERM B 108:1,leivalabidas,,metall
618355,ERM B 108:1,leivalabidas,raud,metall
618355,ERM B 108:1,leivalabidas,,puit
618356,ERM B 108:2,unnad,,
618356,ERM B 108:2,unnad,kask,puit
618356,ERM B 108:2,unnad,kivim,kivim
618356,ERM B 108:2,unnad,,metall
618356,ERM B 108:2,unnad,linane,tekstiil
618356,ERM B 108:2,unnad,raud,metall
618356,ERM B 108:2,unnad,,plastik
618357,ERM B 108:3,peegliraam,kask,puit
618357,ERM B 108:3,peegliraam,metall,metall
618357,ERM B 108:3,peegliraam,papp,paber
618357,ERM B 108:3,peegliraam,traat,metall
618358,ERM B 108:4/ab,võimasin,mänd,puit
618358,ERM B 108:4/ab,võimasin,raud,metall
618358,ERM B 108:4/ab,võimasin,vask,metall
618359,ERM B 108:5/ab,oherdi,kask,puit
618359,ERM B 108:5/ab,oherdi,raud,metall
618360,ERM B 108:6,höövel,kask,puit
618360,ERM B 108:6,höövel,raud,metall
618361,ERM B 108:7,mustikakorjamiskühvel,metall,metall
618361,ERM B 108:7,mustikakorjamiskühvel,mänd,puit
618362,ERM B 108:8/ab,võivorm,kask,puit
618363,ERM B 108:9,võrguhark,kask,puit
618363,ERM B 108:9,võrguhark,kuusk,puit
618363,ERM B 108:9,võrguhark,,puit
618364,ERM B 108:10,vaalikurikas,kask,puit
618365,ERM B 108:11,koonlalaud,mänd,puit
618366,ERM B 108:12,saapapoiss,kuusk,puit
618367,ERM B 108:13,võrk,kivim,puit
618367,ERM B 108:13,võrk,kork,puit
618367,ERM B 108:13,võrk,lina,puit
618367,ERM B 108:13,võrk,mänd,puit
618367,ERM B 108:13,võrk,puit,puit
618367,ERM B 108:13,võrk,,puit
618367,ERM B 108:13,võrk,tina,puit
618368,ERM B 108:14/ab,võrguhark,kask,puit
618368,ERM B 108:14/ab,võrguhark,mänd,puit
618368,ERM B 108:14/ab,võrguhark,,puit
618369,ERM B 108:15,kaelkoogud,kanep,puit
618369,ERM B 108:15,kaelkoogud,kask,puit
618369,ERM B 108:15,kaelkoogud,metall,metall
618370,ERM B 108:16,linahari,mänd,puit
618370,ERM B 108:16,linahari,raud,metall
618371,ERM B 108:17,lillelaud,haab,puit
618371,ERM B 108:17,lillelaud,,puit
618371,ERM B 108:17,lillelaud,,puit
618371,ERM B 108:17,lillelaud,mänd,puit
618372,ERM B 108:18,lillelaud,kask,puit
618373,ERM B 108:19,pudrumänd,mänd,puit
618374,ERM B 108:20,haamer,haab,puit
618374,ERM B 108:20,haamer,raud,puit
618396,ERM B 123:72,"ülerõivas, meeste",labane kangas,tekstiil
618396,ERM B 123:72,"ülerõivas, meeste",linane,tekstiil
618398,ERM B 123:74,"vöö, meeste",,tekstiil
618398,ERM B 123:74,"vöö, meeste",kanep,tekstiil
618398,ERM B 123:74,"vöö, meeste",lõim,tekstiil
618398,ERM B 123:74,"vöö, meeste",vill,tekstiil
618401,ERM B 123:77/ab,koonlapuu,kask,puit
618402,ERM B 123:78/ab,niiepöörad,kask,puit
618403,ERM B 123:79/ab,niiepöörad,lina,tekstiil
618403,ERM B 123:79/ab,niiepöörad,nöör,tekstiil
618403,ERM B 123:79/ab,niiepöörad,puit,puit
618404,ERM B 123:80/ab,niiepöörad,kask,puit
618404,ERM B 123:80/ab,niiepöörad,lina,tekstiil
618404,ERM B 123:80/ab,niiepöörad,nöör,puit
618405,ERM B 123:81,süstik,kask,puit
618406,ERM B 123:82,lõngakeha,kask,puit
618407,ERM B 123:83,nõu,kuusk,puit
618407,ERM B 123:83,nõu,,puit
618407,ERM B 123:83,nõu,toht,puit
618409,ERM B 123:85/abc,"kangalõim, niie ja soaga",kask,puit
618409,ERM B 123:85/abc,"kangalõim, niie ja soaga",lina,puit
618409,ERM B 123:85/abc,"kangalõim, niie ja soaga",mänd,puit
618409,ERM B 123:85/abc,"kangalõim, niie ja soaga",,puit
618409,ERM B 123:85/abc,"kangalõim, niie ja soaga",,puit
618409,ERM B 123:85/abc,"kangalõim, niie ja soaga",takk,puit
618410,ERM B 123:86,nõuderiiul,kuusk,puit
618411,ERM B 123:87,riidenagi,kask,puit
618412,ERM B 123:88/a-j,voodi,kask,puit
618412,ERM B 123:88/a-j,voodi,kuusk,puit
618412,ERM B 123:88/a-j,voodi,,puit
618412,ERM B 123:88/a-j,voodi,,puit
618413,ERM B 123:89,suga,kask,puit
618413,ERM B 123:89,suga,mänd,puit
618413,ERM B 123:89,suga,,puit
618413,ERM B 123:89,suga,,puit
618414,ERM B 123:90,püstvokk,kask,puit
618414,ERM B 123:90,püstvokk,lina,puit
618414,ERM B 123:90,püstvokk,nöör,puit
618415,ERM B 123:91,lusikakast,kuusk,puit
618415,ERM B 123:91,lusikakast,nahk,puit
618416,ERM B 123:92,ohverdusnõu,kask,puit
618417,ERM B 123:93,lusikas,kask,puit
618418,ERM B 123:94,kopp,kask,puit
618419,ERM B 123:95,lusikas,kask,puit
618420,ERM B 123:96,tool,kask,puit
618421,ERM B 123:97/abc,lamp,klaas,klaas
618421,ERM B 123:97/abc,lamp,metall,metall
618422,ERM B 123:98,leivalabidas,kuusk,puit
618423,ERM B 123:99,ahjulabidas,kask,puit
618424,ERM B 123:100,süstik,mänd,puit
618425,ERM B 138:113,lüpsik,kuusk,puit
618426,ERM B 138:114,panninäpits,raud,metall
618427,ERM B 138:115,latern,klaas,klaas
618427,ERM B 138:115,latern,kuusk,puit
618427,ERM B 138:115,latern,nahk,nahk
618428,ERM B 138:116,võrgukäba,lina,tekstiil
618428,ERM B 138:116,võrgukäba,toht,tekstiil
618429,ERM B 138:117,võrgukäba,toht,puit
618430,ERM B 138:118,võrgukäba,toht,puit
618431,ERM B 138:119,nõu,toht,puit
618432,ERM B 138:120,võinõu,savi,keraamika
618433,ERM B 138:121,vararaud,raud,metall
618434,ERM B 138:122,piimapott,savi,keraamika
618435,ERM B 138:123,ropsimõõk,kask,puit
618436,ERM B 138:124,võsakirves,kask,puit
618436,ERM B 138:124,võsakirves,raud,metall
618436,ERM B 138:124,võsakirves,,puit
618437,ERM B 138:125,silmapesunõu,nahk,nahk
618437,ERM B 138:125,silmapesunõu,raud,metall
618437,ERM B 138:125,silmapesunõu,savi,keraamika
618438,ERM B 138:126,lüpsik,kuusk,puit
618438,ERM B 138:126,lüpsik,metall,metall
618438,ERM B 138:126,lüpsik,,puit
618439,ERM B 138:127,koonlapuu,kask,puit
618440,ERM B 138:128,värten,kask,puit
618441,ERM B 138:129,koot,kask,puit
618441,ERM B 138:129,koot,kolk,puit
618441,ERM B 138:129,koot,kuusk,puit
618441,ERM B 138:129,koot,nahk,puit
618441,ERM B 138:129,koot,rihm,puit
618441,ERM B 138:129,koot,,puit
618442,ERM B 138:130,märkimispuu,kask,puit
618442,ERM B 138:130,märkimispuu,raud,metall
618443,ERM B 138:131,noot,kask,puit
618443,ERM B 138:131,noot,kivim,puit
618443,ERM B 138:131,noot,köis,puit
618443,ERM B 138:131,noot,ujukid,puit
618444,ERM B 138:132,mõrd,lina,puit
618444,ERM B 138:132,mõrd,paju,puit
618445,ERM B 138:133,korv,juured,puit
618445,ERM B 138:133,korv,kuusk,puit
618446,ERM B 138:134,tuulamisnõu,paju,puit
618448,ERM B 138:136,kelk,,puit
618448,ERM B 138:136,kelk,kask,puit
618448,ERM B 138:136,kelk,,puit
618448,ERM B 138:136,kelk,kuusk,puit
618448,ERM B 138:136,kelk,liist,puit
618448,ERM B 138:136,kelk,,puit
618448,ERM B 138:136,kelk,pihlakas,puit
618448,ERM B 138:136,kelk,toomingas,puit
618451,ERM B 138:139,künniraua ots,raud,metall
618452,ERM B 138:140,künniraua ots,raud,metall
618453,ERM B 138:141,pilak,raud,metall
618454,ERM B 138:142,päsmer,raud,metall
618456,ERM B 138:144,tinutamisnõu,raud,metall
618457,ERM B 138:145,võsakirves,kask,puit
618457,ERM B 138:145,võsakirves,raud,metall
618458,ERM B 138:146,õllenõu,kuusk,puit
618459,ERM B 138:147,nõu,paju,puit
618460,ERM B 138:148,uurdesaag,kask,puit
618460,ERM B 138:148,uurdesaag,metall,metall
618461,ERM B 138:149,naaskel,kask,puit
618461,ERM B 138:149,naaskel,raud,metall
618462,ERM B 138:150,korv,metall,metall
618462,ERM B 138:150,korv,mänd,puit
618462,ERM B 138:150,korv,traat,metall
618463,ERM B 139:1,rüü,labane kangas,tekstiil
618463,ERM B 139:1,rüü,linane,tekstiil
618463,ERM B 139:1,rüü,nöör,tekstiil
618463,ERM B 139:1,rüü,pael,tekstiil
618463,ERM B 139:1,rüü,,tekstiil
618463,ERM B 139:1,rüü,puuvill,tekstiil
618463,ERM B 139:1,rüü,siid,tekstiil
618463,ERM B 139:1,rüü,vill,tekstiil
618464,ERM B 139:2,särk,kangas,tekstiil
618464,ERM B 139:2,särk,labane kangas,tekstiil
618464,ERM B 139:2,särk,linane,tekstiil
618464,ERM B 139:2,särk,lõng,tekstiil
618464,ERM B 139:2,särk,puuvill,tekstiil
618464,ERM B 139:2,särk,,tekstiil
618464,ERM B 139:2,särk,satiin,tekstiil
618464,ERM B 139:2,särk,vill,tekstiil
618465,ERM B 139:3,särk,labane kangas,tekstiil
618465,ERM B 139:3,särk,looduslik kiud,tekstiil
618465,ERM B 139:3,särk,lõng,tekstiil
618465,ERM B 139:3,särk,niit,tekstiil
618465,ERM B 139:3,särk,pael,tekstiil
618465,ERM B 139:3,särk,puuvill,tekstiil
618465,ERM B 139:3,särk,riideriba,tekstiil
618465,ERM B 139:3,särk,satiin,tekstiil
618465,ERM B 139:3,särk,siid,tekstiil
618465,ERM B 139:3,särk,vill,tekstiil
618466,ERM B 139:4,rüü,labane kangas,tekstiil
618466,ERM B 139:4,rüü,linane,tekstiil
618466,ERM B 139:4,rüü,niit,tekstiil
618466,ERM B 139:4,rüü,pael,tekstiil
618466,ERM B 139:4,rüü,,tekstiil
618466,ERM B 139:4,rüü,puuvill,tekstiil
618466,ERM B 139:4,rüü,satiin,tekstiil
618466,ERM B 139:4,rüü,siid,tekstiil
618467,ERM B 139:5/ab,säärised,kude,tekstiil
618467,ERM B 139:5/ab,säärised,linane,tekstiil
618467,ERM B 139:5/ab,säärised,lõim,tekstiil
618467,ERM B 139:5/ab,säärised,,tekstiil
618467,ERM B 139:5/ab,säärised,puuvill,tekstiil
618467,ERM B 139:5/ab,säärised,vill,tekstiil
618468,ERM B 139:6,rüü,labane kangas,tekstiil
618468,ERM B 139:6,rüü,linane,tekstiil
618469,ERM B 139:7,"särk, naiste",flanell (riidesort),tekstiil
618469,ERM B 139:7,"särk, naiste",kangas,tekstiil
618469,ERM B 139:7,"särk, naiste",labane kangas,tekstiil
618469,ERM B 139:7,"särk, naiste",looduslik kiud,tekstiil
618469,ERM B 139:7,"särk, naiste",lõng,tekstiil
618469,ERM B 139:7,"särk, naiste",puuvill,tekstiil
618470,ERM B 139:8,vöö,lõng,tekstiil
618470,ERM B 139:8,vöö,vill,tekstiil
618471,ERM B 139:9,"särk, naiste",labane kangas,tekstiil
618471,ERM B 139:9,"särk, naiste",looduslik kiud,tekstiil
618471,ERM B 139:9,"särk, naiste",lõng,tekstiil
618471,ERM B 139:9,"särk, naiste",puuvill,tekstiil
618471,ERM B 139:9,"särk, naiste",riideriba,tekstiil
618472,ERM B 139:10,rüü,labane kangas,tekstiil
618472,ERM B 139:10,rüü,linane,tekstiil
618472,ERM B 139:10,rüü,satään,tekstiil
618472,ERM B 139:10,rüü,puuvill,tekstiil
618472,ERM B 139:10,rüü,lõng,tekstiil
618473,ERM B 139:11,särk,labane kangas,tekstiil
618473,ERM B 139:11,särk,looduslik kiud,tekstiil
618473,ERM B 139:11,särk,lõng,tekstiil
618473,ERM B 139:11,särk,puuvill,tekstiil
618473,ERM B 139:11,särk,riideriba,tekstiil
618474,ERM B 139:12,rüü,klaas,tekstiil
618474,ERM B 139:12,rüü,labane kangas,tekstiil
618474,ERM B 139:12,rüü,looduslik kiud,tekstiil
618474,ERM B 139:12,rüü,lõng,tekstiil
618474,ERM B 139:12,rüü,nööp,tekstiil
618474,ERM B 139:12,rüü,puuvill,tekstiil
618474,ERM B 139:12,rüü,pärl,tekstiil
618474,ERM B 139:12,rüü,riie,tekstiil
618474,ERM B 139:12,rüü,vask,tekstiil
618475,ERM B 139:13,särk,kangas,tekstiil
618475,ERM B 139:13,särk,linane,tekstiil
618484,ERM B 151:67,niied,kanep,puit
618484,ERM B 151:67,niied,kask,puit
618485,ERM B 151:68,suga,kanep,puit
618485,ERM B 151:68,suga,vaher,puit
618486,ERM B 151:69,kanepikamm,metall,metall
618486,ERM B 151:69,kanepikamm,plekk,metall
618486,ERM B 151:69,kanepikamm,vaher,puit
618489,ERM B 151:72,lusikariiul,kask,puit
618490,ERM B 151:73/ab,niiepöörad,kanep,puit
618490,ERM B 151:73/ab,niiepöörad,kask,puit
618492,ERM B 151:75,kanepikammi jalg,pärn,puit
618500,ERM B 152:7,käterätt,looduslik kiud,tekstiil
618500,ERM B 152:7,käterätt,puuvill,tekstiil
618500,ERM B 152:7,käterätt,puuvill,tekstiil
618503,ERM B 152:5/ab,"viisud, meeste",niin,puit
618518,ERM B 152:24,korv,paju,puit
618519,ERM B 152:25,leivavorm,paju,puit
618615,ERM B 163:88/ab,"riiul, detailid",puit,puit
618616,ERM B 163:89,süstik,pärn,puit
618617,ERM B 163:90,süstik,saar,puit
618618,ERM B 163:91,süstik,lehtpuu,puit
618619,ERM B 163:92,pool,lehtpuu,puit
618620,ERM B 163:93,pool,kask,puit
618621,ERM B 163:94,pool,kask,puit
618622,ERM B 163:95,kanepihari,harjas,nahk
618622,ERM B 163:95,kanepihari,kanep,puit
618622,ERM B 163:95,kanepihari,nöör,tekstiil
618622,ERM B 163:95,kanepihari,,tekstiil
618622,ERM B 163:95,kanepihari,siga,nahk
618623,ERM B 163:96,"nurgariiul, esilaud",saar,puit
618624,ERM B 163:97,koot,mänd,puit
618624,ERM B 163:97,koot,nahk,puit
618625,ERM B 163:98,adralabidas,raud,metall
618626,ERM B 163:99/1-10,voodi,lehtpuu,puit
618627,ERM B 163:100,koonlapuu,mänd,puit
618628,ERM B 163:101,viisuliist,lehtpuu,puit
618629,ERM B 163:102,viisuliist,mänd,puit
618630,ERM B 163:103,viisuliist,kask,puit
618631,ERM B 163:104,vikatireha,lehtpuu,puit
618632,ERM B 163:105,poolivokk,puit,puit
618633,ERM B 163:106/1-3,viipsik,lehtpuu,puit
618634,ERM B 163:107/1-3,kerilaud,lehtpuu,puit
618634,ERM B 163:107/1-3,kerilaud,metall,metall
618635,ERM B 163:108,lõimekohendusriist,saar,puit
618636,ERM B 163:109,süstik,lehtpuu,puit
618637,ERM B 163:110,lõimepakk,lehtpuu,puit
618638,ERM B 163:111,kangapaku pinguti,kask,puit
618639,ERM B 163:112,lõimepaku pinguti,lehtpuu,puit
618640,ERM B 163:113,värten,lehtpuu,puit
618641,ERM B 163:114,lusikas,puit,puit
618642,ERM B 163:115,süstik,lehtpuu,puit
618643,ERM B 163:116,värtnakivi,kivim,kivim
618644,ERM B 163:117,värtnakivi,kivim,kivim
618645,ERM B 163:118,kanepihari,harjas,nahk
618645,ERM B 163:118,kanepihari,kanep,tekstiil
618645,ERM B 163:118,kanepihari,nöör,tekstiil
618646,ERM B 163:119,suga,kanep,puit
618646,ERM B 163:119,suga,nöör,puit
618646,ERM B 163:119,suga,pärn,puit
618647,ERM B 163:120,suga,kanep,puit
618647,ERM B 163:120,suga,nöör,puit
618647,ERM B 163:120,suga,pärn,puit
618648,ERM B 163:121,suga,kanep,puit
618648,ERM B 163:121,suga,nöör,puit
618648,ERM B 163:121,suga,pärn,puit
618649,ERM B 163:122/1-17,poolide komplekt,,puit
618649,ERM B 163:122/1-17,poolide komplekt,kanep,puit
618649,ERM B 163:122/1-17,poolide komplekt,kask,puit
618649,ERM B 163:122/1-17,poolide komplekt,nöör,puit
618649,ERM B 163:122/1-17,poolide komplekt,paber,puit
618650,ERM B 163:123,"rinnaehe, rahadega",email,metall
618650,ERM B 163:123,"rinnaehe, rahadega",hõbe,metall
618650,ERM B 163:123,"rinnaehe, rahadega",,metall
618652,ERM B 163:125,kannaga raha,hõbe,metall
618652,ERM B 163:125,kannaga raha,metall,metall
618653,ERM B 163:126,"rinnaehe, rahadega",hõbe,metall
618653,ERM B 163:126,"rinnaehe, rahadega",metall,metall
618654,ERM B 163:127,rinnaehe,hõbe,metall
618654,ERM B 163:127,rinnaehe,metall,metall
618654,ERM B 163:127,rinnaehe,,metall
618656,ERM B 170:69,kauss,pärn,puit
618685,ERM B 176:93,lusikas,lehtpuu,puit
618686,ERM B 176:94,hobusekammits,raud,metall
618700,ERM B 176:101,vaip,looduslik kiud,tekstiil
618700,ERM B 176:101,vaip,puuvill,tekstiil
618714,ERM B 176:113/ab,niiepöörad,kask,puit
618715,ERM B 176:114/ab,nõu,lehtpuu,puit
618715,ERM B 176:114/ab,nõu,toht,puit
618716,ERM B 176:115,toidunõu,savi,keraamika
618718,ERM B 176:116,latern,klaas,klaas
618718,ERM B 176:116,latern,kuusk,puit
618718,ERM B 176:116,latern,metall,metall
618719,ERM B 176:117,nõu,kask,puit
618719,ERM B 176:117,nõu,toht,puit
618720,ERM B 176:118,koot,lehtpuu,puit
618720,ERM B 176:118,koot,nahk,puit
618722,ERM B 176:119,kaelkoogud,lehtpuu,puit
618723,ERM B 176:120,pajakook,kuusk,puit
618724,ERM B 64:31/ab,"veinivaat, suveniir",kask,puit
618725,ERM B 64:32,"paat, suveniir",kask,puit
618725,ERM B 64:32,"paat, suveniir",lehtpuu,puit
618725,ERM B 64:32,"paat, suveniir",,puit
618725,ERM B 64:32,"paat, suveniir",,puit
618726,ERM B 64:33,pitslinake,heegelniit,tekstiil
618726,ERM B 64:33,pitslinake,puuvill,tekstiil
618727,ERM B 64:34/ab,saapad,karusnahk,nahk
618727,ERM B 64:34/ab,saapad,nahk,nahk
618727,ERM B 64:34/ab,saapad,põder,nahk
618727,ERM B 64:34/ab,saapad,,nahk
618728,ERM B 65:1,sarafan,linane,tekstiil
618728,ERM B 65:1,sarafan,,tekstiil
618729,ERM B 65:2,"särk, naiste",linane,tekstiil
618729,ERM B 65:2,"särk, naiste",,tekstiil
618730,ERM B 65:3,vöö,vill,tekstiil
618731,ERM B 65:4,vöö,vill,tekstiil
618732,ERM B 65:5,vöö,vill,tekstiil
618733,ERM B 65:6/ab,"sukad, naiste",lõng,tekstiil
618733,ERM B 65:6/ab,"sukad, naiste",vill,tekstiil
618734,ERM B 65:7,pearätt,linane,tekstiil
618734,ERM B 65:7,pearätt,kangas,tekstiil
618735,ERM B 65:8,käterätt,linane,tekstiil
618735,ERM B 65:8,käterätt,riie,tekstiil
618736,ERM B 65:9,käterätt,linane,tekstiil
618736,ERM B 65:9,käterätt,poepits,tekstiil
618736,ERM B 65:9,käterätt,puuvill,tekstiil
618736,ERM B 65:9,käterätt,,tekstiil
618737,ERM B 65:10/ab,kindad,lõng,tekstiil
618737,ERM B 65:10/ab,kindad,vill,tekstiil
618738,ERM B 65:11/ab,"sukad, naiste",lõng,tekstiil
618738,ERM B 65:11/ab,"sukad, naiste",vill,tekstiil
618739,ERM B 65:12,"sarafan, seelik",linane,tekstiil
618739,ERM B 65:12,"sarafan, seelik",puuvill,tekstiil
618739,ERM B 65:12,"sarafan, seelik",riie,tekstiil
618739,ERM B 65:12,"sarafan, seelik",,tekstiil
618739,ERM B 65:12,"sarafan, seelik",vill,tekstiil
618739,ERM B 65:12,"sarafan, seelik",,tekstiil
618740,ERM B 65:13,"särk, naiste",linane,tekstiil
618740,ERM B 65:13,"särk, naiste",,tekstiil
618740,ERM B 65:13,"särk, naiste",takk,tekstiil
618741,ERM B 65:14,vöö,lõng,tekstiil
618741,ERM B 65:14,vöö,vill,tekstiil
618742,ERM B 65:15,käterätt,linane,tekstiil
618742,ERM B 65:15,käterätt,lõng,tekstiil
618742,ERM B 65:15,käterätt,puuvill,tekstiil
618743,ERM B 65:16/ab,"sukad, naiste",lõng,tekstiil
618743,ERM B 65:16/ab,"sukad, naiste",vill,tekstiil
618744,ERM B 65:17/ab,"sukad, meeste",lõng,tekstiil
618744,ERM B 65:17/ab,"sukad, meeste",vill,tekstiil
618745,ERM B 66:1,lüpsik,kadakas,puit
618745,ERM B 66:1,lüpsik,kuusk,puit
618745,ERM B 66:1,lüpsik,vits,puit
618746,ERM B 66:2,"rüü, naiste",kangas,tekstiil
618746,ERM B 66:2,"rüü, naiste",,tekstiil
618746,ERM B 66:2,"rüü, naiste",labane kangas,tekstiil
618746,ERM B 66:2,"rüü, naiste",linane,tekstiil
618746,ERM B 66:2,"rüü, naiste",vill,tekstiil
618747,ERM B 66:3,"kasukas, naiste",,nahk
618747,ERM B 66:3,"kasukas, naiste",kits,nahk
618747,ERM B 66:3,"kasukas, naiste",linane,nahk
618747,ERM B 66:3,"kasukas, naiste",nahk,nahk
618747,ERM B 66:3,"kasukas, naiste",,nahk
618748,ERM B 66:4,"särgipiht, naiste",kangas,tekstiil
618748,ERM B 66:4,"särgipiht, naiste",linane,tekstiil
618750,ERM B 66:6,"vöö, meeste",kude,tekstiil
618750,ERM B 66:6,"vöö, meeste",linane,tekstiil
618750,ERM B 66:6,"vöö, meeste",lõim,tekstiil
618750,ERM B 66:6,"vöö, meeste",vill,tekstiil
618751,ERM B 66:7,pits,puuvill,tekstiil
618751,ERM B 66:7,pits,,tekstiil
618752,ERM B 66:8,pits,puuvill,tekstiil
618752,ERM B 66:8,pits,lõng,tekstiil
618753,ERM B 66:9,riideproov,linane,tekstiil
618754,ERM B 66:10,riideproov,linane,tekstiil
618754,ERM B 66:10,riideproov,,tekstiil
618755,ERM B 66:11,niiepöör,kask,tekstiil
618756,ERM B 66:12,"kasukas, naiste",,nahk
618756,ERM B 66:12,"kasukas, naiste",lammas,nahk
618756,ERM B 66:12,"kasukas, naiste",linane,nahk
618756,ERM B 66:12,"kasukas, naiste",metall,nahk
618756,ERM B 66:12,"kasukas, naiste",nahk,nahk
618756,ERM B 66:12,"kasukas, naiste",nööp,nahk
618757,ERM B 66:13,"kasukas, meeste",kits,nahk
618757,ERM B 66:13,"kasukas, meeste",nahk,nahk
618758,ERM B 66:14,latern,klaas,klaas
618758,ERM B 66:14,latern,metall,metall
618758,ERM B 66:14,latern,,tekstiil
618760,ERM B 66:16,ropsimõõk,kask,puit
618761,ERM B 66:17,tuulilabidas,kask,puit
618762,ERM B 66:18/ab,korv,kask,puit
618763,ERM B 66:19,soolatoos,savi,keraamika
618764,ERM B 66:20,savipott,savi,keraamika
618765,ERM B 66:21,kartulikonks,puit,puit
618765,ERM B 66:21,kartulikonks,raud,metall
618766,ERM B 66:22,kast-kohver,raud,metall
618766,ERM B 66:22,kast-kohver,vineer,puit
618767,ERM B 66:23,niinekoor,niin,puit
618768,ERM B 66:24,mold,kask,puit
618769,ERM B 66:25,kätepesunõu,savi,keraamika
618770,ERM B 66:26,lusikas,haab,puit
618771,ERM B 66:27,lusikas,haab,puit
618772,ERM B 66:28,voodikott,jäme toimne kude,tekstiil
618772,ERM B 66:28,voodikott,linane,tekstiil
618773,ERM B 66:29,voodikott,linane,tekstiil
618773,ERM B 66:29,voodikott,,tekstiil
618774,ERM B 86:16/ab,"soolapudel, korgiga",kork,puit
618774,ERM B 86:16/ab,"soolapudel, korgiga",kuusk,puit
618774,ERM B 86:16/ab,"soolapudel, korgiga",toht,puit
618775,ERM B 86:17,märss,kuusk,puit
618775,ERM B 86:17,märss,nahk,puit
618775,ERM B 86:17,märss,,puit
618775,ERM B 86:17,märss,toht,puit
618776,ERM B 86:18/ab,unnahark,kask,puit
618776,ERM B 86:18/ab,unnahark,nöör,puit
618776,ERM B 86:18/ab,unnahark,puuvill,puit
618777,ERM B 86:19,karp,kask,puit
618777,ERM B 86:19,karp,okaspuit,puit
618778,ERM B 86:20,haamer,kask,puit
618778,ERM B 86:20,haamer,raud,metall
618779,ERM B 86:21,haamer,lehtpuu,puit
618779,ERM B 86:21,haamer,raud,metall
618780,ERM B 86:22,tangid,raud,metall
618781,ERM B 86:23,nõu,puit,puit
618781,ERM B 86:23,nõu,,puit
618781,ERM B 86:23,nõu,toht,puit
618782,ERM B 86:24,vikatitera,raud,metall
618783,ERM B 86:25,vikat,kask,puit
618783,ERM B 86:25,vikat,raud,metall
618784,ERM B 86:26,vikat,kask,puit
618784,ERM B 86:26,vikat,raud,metall
618785,ERM B 86:27,nuga,kask,puit
618785,ERM B 86:27,nuga,raud,metall
618785,ERM B 86:27,nuga,tina,metall
618786,ERM B 86:28/ab,"kõrvarõngas, 2",hõbe,metall
618787,ERM B 86:29,taignalabidas,kask,puit
618788,ERM B 86:30,toober,kuusk,puit
618789,ERM B 86:31,kibu,kuusk,puit
618790,ERM B 86:32,koonlapuu,mänd,puit
618791,ERM B 86:33,aisakell,kara,metall
618791,ERM B 86:33,aisakell,raud,metall
618791,ERM B 86:33,aisakell,vask,metall
618792,ERM B 86:34,hang,raud,metall
618793,ERM B 86:35,hang,raud,metall
618794,ERM B 86:36,künakirves,kask,puit
618794,ERM B 86:36,künakirves,raud,metall
618795,ERM B 86:37,võrgukivi,kivim,kivim
618795,ERM B 86:37,võrgukivi,toht,puit
618796,ERM B 86:38,"nõel, saapa õmblemiseks",kask,puit
618796,ERM B 86:38,"nõel, saapa õmblemiseks",teras,metall
618797,ERM B 86:39,hari,jõhv,nahk
618798,ERM B 86:40,toobripuu,kuusk,puit
618798,ERM B 86:40,toobripuu,raud,metall
618800,ERM B 86:42,korv,toht,puit
618801,ERM B 86:43,kirvevars,kask,puit
618802,ERM B 86:44,"kalalaud, lihalaud",kuusk,puit
618803,ERM B 86:45,korv,mänd,puit
618804,ERM B 86:46/ab,sokid,karv,tekstiil
618804,ERM B 86:46/ab,sokid,lõng,tekstiil
618804,ERM B 86:46/ab,sokid,vill,tekstiil
618805,ERM B 86:47/ab,kann,vask,metall
618806,ERM B 86:48,marjakorjaja,haab,puit
618807,ERM B 86:49,korv,mänd,puit
618808,ERM B 86:50,kedervars,kask,puit
618809,ERM B 86:51,karjasepasun,kumm,plastik
618809,ERM B 86:51,karjasepasun,nahk,nahk
618809,ERM B 86:51,karjasepasun,tehismaterjal,plastik
618809,ERM B 86:51,karjasepasun,toht,puit
618810,ERM B 86:52/ab,nõu,kuusk,puit
618810,ERM B 86:52/ab,nõu,,puit
618810,ERM B 86:52/ab,nõu,,puit
618810,ERM B 86:52/ab,nõu,toht,puit
618811,ERM B 86:53/ab,"nuga, tupega",kask,puit
618811,ERM B 86:53/ab,"nuga, tupega",nahk,nahk
618811,ERM B 86:53/ab,"nuga, tupega",nöör,tekstiil
618811,ERM B 86:53/ab,"nuga, tupega",puuvill,tekstiil
618811,ERM B 86:53/ab,"nuga, tupega",raud,metall
618811,ERM B 86:53/ab,"nuga, tupega",,nahk
618812,ERM B 86:54,taldrik,kask,puit
618813,ERM B 86:55,künakirves,kask,puit
618813,ERM B 86:55,künakirves,raud,metall
618814,ERM B 86:56,korv,toht,puit
618815,ERM B 86:57,kedervars,kask,puit
618816,ERM B 86:58,kedervars,kask,puit
618818,ERM B 86:60,võrgukivi,kivim,kivim
618819,ERM B 86:61,nõu,kask,puit
618820,ERM B 86:62,hakkraud,kuusk,puit
618820,ERM B 86:62,hakkraud,raud,metall
618820,ERM B 86:62,hakkraud,,metall
618820,ERM B 86:62,hakkraud,,
618821,ERM B 86:63,taigna laiali ajamise pulk,kask,puit
618822,ERM B 86:64,tampimisnui,kask,puit
618823,ERM B 86:65,suhkrutangid,raud,metall
618824,ERM B 86:66,leivanuga,kask,puit
618824,ERM B 86:66,leivanuga,raud,metall
618825,ERM B 90:130/ab,korv,juured,puit
618825,ERM B 90:130/ab,korv,kuusk,puit
618825,ERM B 90:130/ab,korv,lehtpuu,puit
618825,ERM B 90:130/ab,korv,paju,puit
618825,ERM B 90:130/ab,korv,,puit
618825,ERM B 90:130/ab,korv,vits,puit
618826,ERM B 90:131,koonlapuu,lina,puit
618826,ERM B 90:131,koonlapuu,mänd,puit
618826,ERM B 90:131,koonlapuu,nöör,puit
618827,ERM B 90:132,viisulusikas,raud,metall
618828,ERM B 90:133,hark,lehtpuu,puit
618829,ERM B 90:134,luisu raam,kask,puit
618830,ERM B 90:135,luisk,kask,puit
618830,ERM B 90:135,luisk,kivim,kivim
618830,ERM B 90:135,luisk,,puit
618831,ERM B 90:136,vikat,kask,puit
618831,ERM B 90:136,vikat,raud,metall
618832,ERM B 90:137,korv,toht,puit
618833,ERM B 90:138,pudrunui,kask,puit
618834,ERM B 90:139,pudrumänd,mänd,puit
618835,ERM B 90:140,koonlapuu,mänd,puit
618836,ERM B 90:141,sirp,kask,puit
618836,ERM B 90:141,sirp,raud,metall
618837,ERM B 90:142,sirp,kask,puit
618837,ERM B 90:142,sirp,raud,metall
618838,ERM B 90:143,püksid,linane,tekstiil
618838,ERM B 90:143,püksid,,tekstiil
618840,ERM B 90:145,"pealisrõivas, meeste",lina,tekstiil
618840,ERM B 90:145,"pealisrõivas, meeste",vill,tekstiil
618841,ERM B 90:146,laudlina,linane,tekstiil
618841,ERM B 90:146,laudlina,puuvill,tekstiil
618843,ERM B 90:148,vöö,lõng,tekstiil
618843,ERM B 90:148,vöö,vill,tekstiil
618846,ERM B 90:151,põll,puuvill,tekstiil
618846,ERM B 90:151,põll,pits,tekstiil
618846,ERM B 90:151,põll,,tekstiil
618848,ERM B 90:153,kopp,kask,puit
618849,ERM B 90:154,pealisrõivas,,tekstiil
618849,ERM B 90:154,pealisrõivas,,tekstiil
618849,ERM B 90:154,pealisrõivas,kude,tekstiil
618849,ERM B 90:154,pealisrõivas,linane,tekstiil
618849,ERM B 90:154,pealisrõivas,lõim,tekstiil
618849,ERM B 90:154,pealisrõivas,vill,tekstiil
618849,ERM B 90:154,pealisrõivas,vill,tekstiil
618850,ERM B 90:155/ab,saapad,lina,nahk
618850,ERM B 90:155/ab,saapad,nahk,nahk
618850,ERM B 90:155/ab,saapad,puit,nahk
618851,ERM B 90:156,"korv, laste",paju,puit
618853,ERM B 90:158/ab,püssirohunõu ja haavlikott,,puit
618853,ERM B 90:158/ab,püssirohunõu ja haavlikott,kask,puit
618853,ERM B 90:158/ab,püssirohunõu ja haavlikott,kuusk,puit
618853,ERM B 90:158/ab,püssirohunõu ja haavlikott,metall,puit
618853,ERM B 90:158/ab,püssirohunõu ja haavlikott,,puit
618853,ERM B 90:158/ab,püssirohunõu ja haavlikott,,puit
618855,ERM B 90:159/ab,nõu,,puit
618855,ERM B 90:159/ab,nõu,,puit
618855,ERM B 90:159/ab,nõu,okaspuit,puit
618855,ERM B 90:159/ab,nõu,,puit
618855,ERM B 90:159/ab,nõu,toht,puit
618855,ERM B 90:159/ab,nõu,toomingas,puit
618858,ERM B 90:162,leivavorm,juured,puit
618858,ERM B 90:162,leivavorm,kuusk,puit
618859,ERM B 90:163,kätepesunõu,raud,metall
618859,ERM B 90:163,kätepesunõu,,puit
618859,ERM B 90:163,kätepesunõu,vask,metall
618860,ERM B 90:164/ab,nõu,kuusk,puit
618860,ERM B 90:164/ab,nõu,,puit
618860,ERM B 90:164/ab,nõu,,puit
618860,ERM B 90:164/ab,nõu,toht,puit
618861,ERM B 90:165,pildiraam,kask,puit
618861,ERM B 90:165,pildiraam,kuusk,puit
618861,ERM B 90:165,pildiraam,metall,metall
618861,ERM B 90:165,pildiraam,traat,metall
618867,ERM B 90:171,vöö,lõng,tekstiil
618867,ERM B 90:171,vöö,vill,tekstiil
618869,ERM B 90:173,ikoon,metall,metall
618869,ERM B 90:173,ikoon,mänd,puit
618869,ERM B 90:173,ikoon,raudplekk,metall
618870,ERM B 90:174,lüpsik,kuusk,puit
618870,ERM B 90:174,lüpsik,raud,metall
618870,ERM B 90:174,lüpsik,toomingas,puit
618870,ERM B 90:174,lüpsik,vits,puit
618872,ERM B 90:176,kalavõrk,kask,puit
618872,ERM B 90:176,kalavõrk,kivim,kivim
618872,ERM B 90:176,kalavõrk,,tekstiil
618872,ERM B 90:176,kalavõrk,linane,tekstiil
618872,ERM B 90:176,kalavõrk,niit,tekstiil
618872,ERM B 90:176,kalavõrk,,puit
618872,ERM B 90:176,kalavõrk,puuvill,tekstiil
618872,ERM B 90:176,kalavõrk,selis,puit
618873,ERM B 90:177,piirits,kask,puit
618875,ERM B 90:179/ab,"vorm, ""kövdomi"" vormimise puuga",metall,metall
618875,ERM B 90:179/ab,"vorm, ""kövdomi"" vormimise puuga",mänd,puit
618875,ERM B 90:179/ab,"vorm, ""kövdomi"" vormimise puuga",raudplekk,metall
618875,ERM B 90:179/ab,"vorm, ""kövdomi"" vormimise puuga",,puit
618896,ERM B 108:21,künakirves,kuusk,puit
618896,ERM B 108:21,künakirves,raud,metall
618897,ERM B 108:22,hiirelõks,kuusk,puit
618898,ERM B 108:23,nööripöör,kask,puit
618898,ERM B 108:23,nööripöör,lina,tekstiil
618898,ERM B 108:23,nööripöör,nöör,tekstiil
618899,ERM B 108:24,triikraud,kask,puit
618899,ERM B 108:24,triikraud,raud,metall
618900,ERM B 108:25,triikraud,kask,puit
618900,ERM B 108:25,triikraud,raud,metall
618901,ERM B 108:26,pesulaud,kask,puit
618903,ERM B 108:28,kapsanui,mänd,puit
618904,ERM B 108:29/ab,"võitoos, kaanega",kask,puit
618905,ERM B 108:30,nõu,savi,keraamika
618906,ERM B 108:31,nõu,savi,keraamika
618907,ERM B 108:32,liimeister,raud,keraamika
618908,ERM B 108:33,piimakann,savi,keraamika
618909,ERM B 108:34,nõu,savi,keraamika
618910,ERM B 108:35/abc,pildiraam,mänd,puit
618910,ERM B 108:35/abc,pildiraam,vineer,puit
618911,ERM B 108:36,labidas,kask,puit
618911,ERM B 108:36,labidas,raud,metall
618912,ERM B 108:37,kapiilustus,mänd,puit
618913,ERM B 108:38,pink,mänd,puit
618914,ERM B 108:39,lambarauad,raud,metall
618915,ERM B 108:40/ab,võivorm,kask,puit
618916,ERM B 108:41,käärlaud,mänd,puit
618917,ERM B 108:42,krapp,,metall
618917,ERM B 108:42,krapp,raud,metall
618917,ERM B 108:42,krapp,vask,metall
618918,ERM B 108:43,nõu,savi,keraamika
618919,ERM B 108:44,kauss,savi,keraamika
618920,ERM B 108:45,piimakann,savi,keraamika
618921,ERM B 108:46,nõu,savi,keraamika
618922,ERM B 108:47,süstik,kask,puit
618923,ERM B 108:48,tool,,puit
618923,ERM B 108:48,tool,kask,puit
618923,ERM B 108:48,tool,kuusk,puit
618923,ERM B 108:48,tool,mänd,puit
618923,ERM B 108:48,tool,vits,puit
618924,ERM B 108:49,tool,kask,puit
618925,ERM B 108:50,kirst,linaõlivärv,puit
618925,ERM B 108:50,kirst,metall,puit
618925,ERM B 108:50,kirst,okaspuit,puit
618925,ERM B 108:50,kirst,raudplekk,puit
618925,ERM B 108:50,kirst,õlivärv,puit
618926,ERM B 108:51,kepp,kuusk,puit
618927,ERM B 108:52,seinavaip,lina,tekstiil
618927,ERM B 108:52,seinavaip,lõng,tekstiil
618927,ERM B 108:52,seinavaip,puuvill,tekstiil
618927,ERM B 108:52,seinavaip,riie,tekstiil
618928,ERM B 108:53/1-39,võrgukivid,kivim,kivim
618928,ERM B 108:53/1-39,võrgukivid,lina,tekstiil
618928,ERM B 108:53/1-39,võrgukivid,nöör,tekstiil
618929,ERM B 108:54,vokk,kask,puit
618929,ERM B 108:54,vokk,metall,metall
618930,ERM B 108:55,suga,kuusk,puit
618930,ERM B 108:55,suga,lina,puit
618930,ERM B 108:55,suga,mänd,puit
618930,ERM B 108:55,suga,nöör,puit
618930,ERM B 108:55,suga,,puit
618931,ERM B 108:56/ab,niied,lina,puit
618931,ERM B 108:56/ab,niied,mänd,puit
618932,ERM B 108:57/ab,niipöörad,kask,puit
618933,ERM B 108:58,seinapilt,,puit
618933,ERM B 108:58,seinapilt,kuusk,puit
618933,ERM B 108:58,seinapilt,mänd,puit
618933,ERM B 108:58,seinapilt,,puit
618934,ERM B 109:1,padrunikott,kalev (riidesort),tekstiil
618934,ERM B 109:1,padrunikott,karusnahk,tekstiil
618935,ERM B 109:2,"sarafan, seelik",sits (riidesort),tekstiil
618936,ERM B 109:3/ab,"saapad, laste",karusnahk,nahk
618938,ERM B 109:5,käsitöökott,kalev (riidesort),tekstiil
618939,ERM B 109:6,tanu,kunstsiid,tekstiil
618939,ERM B 109:6,tanu,,tekstiil
618939,ERM B 109:6,tanu,sits (riidesort),tekstiil
618940,ERM B 109:7,tanu,sits (riidesort),tekstiil
618941,ERM B 109:8/ab,sussid,karusnahk,nahk
618942,ERM B 109:9/ab,käsitöökarp,juured,puit
618942,ERM B 109:9/ab,käsitöökarp,vits,puit
618943,ERM B 109:10,mänguasi,kork,plastik
618943,ERM B 109:10,mänguasi,plast,plastik
618944,ERM B 109:11,marjakorjamiskühvel,puit,puit
618945,ERM B 109:12,piirits,kask,puit
618946,ERM B 110:1,kauss,savi,keraamika
618947,ERM B 123:101,koonlapuu,kuusk,puit
618948,ERM B 123:102,latern,klaas,klaas
618948,ERM B 123:102,latern,kuusk,puit
618948,ERM B 123:102,latern,metall,metall
618949,ERM B 123:103,vibupuur,kask,puit
618949,ERM B 123:103,vibupuur,lina,tekstiil
618949,ERM B 123:103,vibupuur,nöör,tekstiil
618949,ERM B 123:103,vibupuur,raud,metall
618950,ERM B 123:104/ab,viisud,niin,puit
618951,ERM B 123:105/ab,viisud,niin,puit
618952,ERM B 124:1,"särk, naiste",nööp,tekstiil
618952,ERM B 124:1,"särk, naiste",linane,tekstiil
618952,ERM B 124:1,"särk, naiste",plast,tekstiil
618952,ERM B 124:1,"särk, naiste",puuvill,tekstiil
618952,ERM B 124:1,"särk, naiste",riie,tekstiil
618952,ERM B 124:1,"särk, naiste",labane kangas,tekstiil
618952,ERM B 124:1,"särk, naiste",sits (riidesort),tekstiil
618956,ERM B 124:5,leivalabidas,okaspuit,puit
618957,ERM B 124:6,pudelikorv,pilliroog,puit
618958,ERM B 124:7,pudelikorv,metall,metall
618958,ERM B 124:7,pudelikorv,niin,metall
618958,ERM B 124:7,pudelikorv,pilliroog,metall
618958,ERM B 124:7,pudelikorv,traat,metall
618959,ERM B 124:8,triikraud,raud,metall
618960,ERM B 124:9,sirp,kask,puit
618960,ERM B 124:9,sirp,raud,metall
618961,ERM B 124:10,sirp,kask,puit
618961,ERM B 124:10,sirp,raud,metall
618962,ERM B 124:11,sirp,kask,puit
618962,ERM B 124:11,sirp,raud,metall
618963,ERM B 124:12,sirp,kask,puit
618963,ERM B 124:12,sirp,raud,metall
618964,ERM B 124:13,nõu,kuusk,puit
618964,ERM B 124:13,nõu,paju,puit
618964,ERM B 124:13,nõu,vits,puit
618965,ERM B 124:14,poolivokk,kask,puit
618965,ERM B 124:14,poolivokk,kuusk,puit
618965,ERM B 124:14,poolivokk,metall,metall
618965,ERM B 124:14,poolivokk,,
618966,ERM B 124:15,poolivokk,kuusk,puit
618966,ERM B 124:15,poolivokk,metall,metall
618967,ERM B 124:16,petrooliumlamp,klaas,klaas
618967,ERM B 124:16,petrooliumlamp,metall,metall
618968,ERM B 124:17,korv,toht,puit
618972,ERM B 124:21,kiin,raud,puit
618973,ERM B 124:22,seelik,kude,tekstiil
618973,ERM B 124:22,seelik,linane,tekstiil
618973,ERM B 124:22,seelik,lõim,tekstiil
618974,ERM B 124:23/ab,labakindad,lõng,tekstiil
618974,ERM B 124:23/ab,labakindad,vill,tekstiil
618977,ERM B 125:3,kleit,kude,tekstiil
618977,ERM B 125:3,kleit,lõim,tekstiil
618977,ERM B 125:3,kleit,puuvill,tekstiil
618977,ERM B 125:3,kleit,vill,tekstiil
618978,ERM B 125:4,"niieköis, katke",niin,puit
618979,ERM B 125:5/ab,"vaalikurikas, kaikaga",kask,puit
618983,ERM B 125:9,"kingaliist, meeste",kuusk,puit
618984,ERM B 125:10,"kingaliist, meeste",okaspuit,puit
618985,ERM B 125:11,"kingaliist, naiste",kuusk,puit
618986,ERM B 125:12,"kingaliist, laste",kask,puit
618987,ERM B 125:13,"kingaliist, laste",kask,puit
618988,ERM B 125:14,kingaliist,kask,puit
618991,ERM B 126:1,põrandariie,puuvill,tekstiil
618992,ERM B 126:2,võrguhark,kuusk,puit
618993,ERM B 126:3,võrgunõel,kask,puit
618994,ERM B 126:4,võrgukutsikas,kuusk,puit
618995,ERM B 126:5,sukanõel,lammas,luu
618995,ERM B 126:5,sukanõel,luu,luu
618996,ERM B 126:6,vaalikurikas,kask,puit
618998,ERM B 139:15,kaelaehe,hõbe,metall
618998,ERM B 139:15,kaelaehe,lõng,tekstiil
618998,ERM B 139:15,kaelaehe,,tekstiil
618999,ERM B 139:16,kaelaehe,hõbe,metall
619000,ERM B 139:17/ab,"kõrvarõngas, 2",hõbe,metall
619000,ERM B 139:17/ab,"kõrvarõngas, 2",vask,metall
619001,ERM B 139:18,veimekast,kuusk,puit
619002,ERM B 139:19,"särk, meeste",lina,tekstiil
619003,ERM B 139:20/ab,säärised,kude,tekstiil
619003,ERM B 139:20/ab,säärised,linane,tekstiil
619003,ERM B 139:20/ab,säärised,lõim,tekstiil
619003,ERM B 139:20/ab,säärised,,tekstiil
619003,ERM B 139:20/ab,säärised,puuvill,tekstiil
619004,ERM B 139:21/ab,säärised,kude,tekstiil
619004,ERM B 139:21/ab,säärised,linane,tekstiil
619004,ERM B 139:21/ab,säärised,lõim,tekstiil
619004,ERM B 139:21/ab,säärised,,tekstiil
619004,ERM B 139:21/ab,säärised,puuvill,tekstiil
619005,ERM B 139:22/ab,säärised,kude,tekstiil
619005,ERM B 139:22/ab,säärised,linane,tekstiil
619005,ERM B 139:22/ab,säärised,lõim,tekstiil
619005,ERM B 139:22/ab,säärised,,tekstiil
619005,ERM B 139:22/ab,säärised,puuvill,tekstiil
619006,ERM B 139:23/ab,säärised,kude,tekstiil
619006,ERM B 139:23/ab,säärised,linane,tekstiil
619006,ERM B 139:23/ab,säärised,lõim,tekstiil
619009,ERM B 139:26/ab,viisud,flanell (riidesort),puit
619009,ERM B 139:26/ab,viisud,niin,puit
619009,ERM B 139:26/ab,viisud,,puit
619014,ERM B 139:31,pealinik,lina,tekstiil
619014,ERM B 139:31,pealinik,vill,tekstiil
619019,ERM B 139:36,põll,puuvill,tekstiil
619019,ERM B 139:36,põll,riie,tekstiil
619019,ERM B 139:36,põll,satään,tekstiil
619019,ERM B 139:36,põll,siid,tekstiil
619019,ERM B 139:36,põll,sünteetika,tekstiil
619022,ERM B 139:39,kedervars,kask,puit
619023,ERM B 139:40,"särk, tütarlaste",linane,tekstiil
619023,ERM B 139:40,"särk, tütarlaste",puuvill,tekstiil
619023,ERM B 139:40,"särk, tütarlaste",riie,tekstiil
619023,ERM B 139:40,"särk, tütarlaste",lõng,tekstiil
619023,ERM B 139:40,"särk, tütarlaste",,tekstiil
619024,ERM B 139:41,"rüü, tütarlaste",lina,tekstiil
619024,ERM B 139:41,"rüü, tütarlaste",vill,tekstiil
619026,ERM B 139:43,kaelakee,klaas,klaas
619026,ERM B 139:43,kaelakee,lina,klaas
619026,ERM B 139:43,kaelakee,mineraal,klaas
619027,ERM B 139:44/ab,viisud,niin,puit
619027,ERM B 139:44/ab,viisud,vill,puit
619031,ERM B 139:48,süstik,kask,puit
619032,ERM B 139:49,süstikupool,kask,puit
619033,ERM B 139:50,"vöö, meeste",lina,tekstiil
619033,ERM B 139:50,"vöö, meeste",vill,tekstiil
619054,ERM B 152:39,käterätt,lina,tekstiil
619054,ERM B 152:39,käterätt,puuvill,tekstiil
619055,ERM B 152:40,käterätt,lina,tekstiil
619055,ERM B 152:40,käterätt,puuvill,tekstiil
619068,ERM B 152:53/ab,kanganiiete rullid,kask,puit
619070,ERM B 152:55/ab,sokid,lõng,tekstiil
619070,ERM B 152:55/ab,sokid,vill,tekstiil
619074,ERM B 152:59,kraap,lehtpuu,puit
619074,ERM B 152:59,kraap,raud,metall
619087,ERM B 152:72,käterätt,lina,tekstiil
619087,ERM B 152:72,käterätt,puuvill,tekstiil
619095,ERM B 152:80,"kaelaehe, rahadega",hõbe,metall
619095,ERM B 152:80,"kaelaehe, rahadega",metall,metall
619095,ERM B 152:80,"kaelaehe, rahadega",,tekstiil
619171,ERM B 163:128,ikoon,puit,puit
619172,ERM B 163:129,ikoon,puit,puit
619173,ERM B 163:130,leivalabidas,lehtpuu,puit
619174,ERM B 163:131/1-5,niiepöörad,hani,luu
619174,ERM B 163:131/1-5,niiepöörad,luu,luu
619175,ERM B 163:132,koonlapuu,mänd,puit
619176,ERM B 164:1,vibulõks,klots,
619176,ERM B 164:1,vibulõks,haab,puit
619176,ERM B 164:1,vibulõks,kapron,tekstiil
619176,ERM B 164:1,vibulõks,lehis,puit
619176,ERM B 164:1,vibulõks,niit,tekstiil
619176,ERM B 164:1,vibulõks,nöör,tekstiil
619176,ERM B 164:1,vibulõks,seeder,puit
619176,ERM B 164:1,vibulõks,,puit
619176,ERM B 164:1,vibulõks,,
619179,ERM B 164:4,nõu,kask,puit
619179,ERM B 164:4,nõu,toht,puit
619180,ERM B 164:5,nõu,,puit
619180,ERM B 164:5,nõu,kapron,puit
619180,ERM B 164:5,nõu,kask,puit
619180,ERM B 164:5,nõu,nahk,puit
619180,ERM B 164:5,nõu,niit,puit
619180,ERM B 164:5,nõu,toht,puit
619183,ERM B 164:8,"mõõdulaud, vene pulkade",seeder,puit
619184,ERM B 164:9/ab,peibutuspart,lehtpuu,puit
619185,ERM B 164:10/ab,peibutuspart,lehtpuu,puit
619185,ERM B 164:10/ab,peibutuspart,,puit
619185,ERM B 164:10/ab,peibutuspart,,puit
619185,ERM B 164:10/ab,peibutuspart,plast,puit
619188,ERM B 164:13,põhjapõdra kaelavõru,lepp,puit
619192,ERM B 164:17,hällikonks,lehtpuu,puit
619193,ERM B 164:18,nooleots,linane,metall
619193,ERM B 164:18,nooleots,nöör,metall
619193,ERM B 164:18,nooleots,raud,metall
619194,ERM B 164:19,nooleots,raud,metall
619195,ERM B 164:20,nooleots,raud,metall
619196,ERM B 164:21,nooleots,raud,metall
619197,ERM B 164:22,karp,niit,puit
619197,ERM B 164:22,karp,kask,puit
619197,ERM B 164:22,karp,linane,puit
619197,ERM B 164:22,karp,nahk,puit
619197,ERM B 164:22,karp,niit,puit
619197,ERM B 164:22,karp,toht,puit
619198,ERM B 164:23,"nool, mängu",vaher,puit
619204,ERM B 164:25,nooleots,linane,metall
619204,ERM B 164:25,nooleots,niit,metall
619204,ERM B 164:25,nooleots,nöör,metall
619204,ERM B 164:25,nooleots,raud,metall
619205,ERM B 164:26,päevahäll,lina,puit
619205,ERM B 164:26,päevahäll,niit,puit
619205,ERM B 164:26,päevahäll,puit,puit
619205,ERM B 164:26,päevahäll,puuvill,puit
619205,ERM B 164:26,päevahäll,toht,puit
619206,ERM B 164:27,päevahäll,kask,puit
619206,ERM B 164:27,päevahäll,linane,puit
619206,ERM B 164:27,päevahäll,nahk,puit
619206,ERM B 164:27,päevahäll,niit,puit
619206,ERM B 164:27,päevahäll,puit,puit
619206,ERM B 164:27,päevahäll,raud,puit
619206,ERM B 164:27,päevahäll,,puit
619206,ERM B 164:27,päevahäll,,puit
619206,ERM B 164:27,päevahäll,toht,puit
619208,ERM B 164:28,vibu mängu,kapron,puit
619208,ERM B 164:28,vibu mängu,okaspuit,puit
619208,ERM B 164:28,vibu mängu,,puit
619209,ERM B 164:29,"nool, mängu",puit,puit
619210,ERM B 164:30/ab,karp,toht,puit
619211,ERM B 164:31,võrguujuk,kuusk,puit
619212,ERM B 164:32,võrguujuk,kuusk,puit
619213,ERM B 164:33,võrguujuk,kuusk,puit
619214,ERM B 164:34,karupeo laulude pulk,mänd,puit
619224,ERM B 170:70,lusikahoidja,puit,puit
619225,ERM B 170:71,leivalabidas,pärn,puit
619226,ERM B 170:72,pott,savi,keraamika
619227,ERM B 170:73,pott,savi,keraamika
619228,ERM B 170:74,korv,puit,puit
619229,ERM B 170:75,palgisaag,lehtpuu,puit
619229,ERM B 170:75,palgisaag,metall,metall
619230,ERM B 170:76,värtnakivi,savi,puit
619231,ERM B 170:77,sõel,pärn,puit
619239,ERM B 171:1,vikat,kuusk,puit
619239,ERM B 171:1,vikat,,puit
619239,ERM B 171:1,vikat,lehtpuu,puit
619239,ERM B 171:1,vikat,raud,puit
619239,ERM B 171:1,vikat,,puit
619240,ERM B 171:2,korv,mänd,puit
619241,ERM B 171:3/ab,labakindad,lõng,tekstiil
619241,ERM B 171:3/ab,labakindad,vill,tekstiil
619243,ERM B 171:4/ab,labakindad,lõng,tekstiil
619243,ERM B 171:4/ab,labakindad,vill,tekstiil
619244,ERM B 171:5/ab,labakindad,lõng,tekstiil
619244,ERM B 171:5/ab,labakindad,vill,tekstiil
619245,ERM B 176:121/ab,kahemehesaag,lehtpuu,puit
619245,ERM B 176:121/ab,kahemehesaag,raud,metall
619246,ERM B 176:122,tellisevorm,lehtpuu,puit
619247,ERM B 176:123,kahvel,alumiinium,metall
619248,ERM B 176:124,kahvel,alumiinium,metall
619249,ERM B 176:125,supilusikas,alumiinium,metall
619251,ERM B 176:126,supilusikas,alumiinium,metall
619252,ERM B 176:127,supilusikas,alumiinium,metall
619253,ERM B 176:128,supilusikas,alumiinium,metall
619254,ERM B 176:129,supilusikas,alumiinium,metall
619255,ERM B 176:130,supilusikas,alumiinium,metall
619256,ERM B 176:131,lusikakorv,lina,puit
619256,ERM B 176:131,lusikakorv,paju,puit
619257,ERM B 176:132/ab,"viipsipuu, linane lõng",lehtpuu,puit
619257,ERM B 176:132/ab,"viipsipuu, linane lõng",lina,puit
619258,ERM B 176:133,pink,puit,puit
619260,ERM B 176:134,tool,puit,puit
619261,ERM B 176:135/ab,"kangakeha, linane lõng",kask,puit
619261,ERM B 176:135/ab,"kangakeha, linane lõng",lina,puit
619261,ERM B 176:135/ab,"kangakeha, linane lõng",paju,puit
619262,ERM B 176:136/ab,viisud,niin,puit
619263,ERM B 176:137,lambarauad,metall,metall
619263,ERM B 176:137,lambarauad,raudplekk,metall
619264,ERM B 176:138,kauss,okaspuit,puit
619265,ERM B 176:139,kanepihari,jõhv,tekstiil
619265,ERM B 176:139,kanepihari,,tekstiil
619266,ERM B 176:140,kanepihari,jõhv,tekstiil
619266,ERM B 176:140,kanepihari,,tekstiil
619268,ERM B 176:141,latern,klaas,klaas
619268,ERM B 176:141,latern,nahk,nahk
619268,ERM B 176:141,latern,okaspuit,puit
619268,ERM B 176:141,latern,,puit
619269,ERM B 176:142,sirp,lehtpuu,puit
619269,ERM B 176:142,sirp,raud,metall
619270,ERM B 176:143,sirp,lehtpuu,puit
619270,ERM B 176:143,sirp,raud,metall
619271,ERM B 176:144,sirp,okaspuit,puit
619271,ERM B 176:144,sirp,raud,metall
619272,ERM B 176:145,uurdesaag,lehtpuu,puit
619272,ERM B 176:145,uurdesaag,okaspuit,puit
619272,ERM B 176:145,uurdesaag,raud,metall
619273,ERM B 176:146,vaas,klaas,klaas
619274,ERM B 176:147/ab,tünn,metall,metall
619274,ERM B 176:147/ab,tünn,okaspuit,puit
619275,ERM B 176:148,kangakeha,lina,puit
619275,ERM B 176:148,kangakeha,lõng,puit
619275,ERM B 176:148,kangakeha,paju,puit
619275,ERM B 176:148,kangakeha,paju,puit
619278,ERM B 176:150,taignarull,lehtpuu,puit
619279,ERM B 176:151,ropsimõõk,okaspuit,puit
619281,ERM B 176:152,pudrulabidas,okaspuit,puit
619287,ERM B 66:30,särgi alaääre kaunistus,puuvill,tekstiil
619287,ERM B 66:30,särgi alaääre kaunistus,riie,tekstiil
619288,ERM B 66:31,särgi kaunistus,linane,tekstiil
619288,ERM B 66:31,särgi kaunistus,puuvill,tekstiil
619288,ERM B 66:31,särgi kaunistus,lõng,tekstiil
619289,ERM B 66:32,särgi kaunistus,linane,tekstiil
619289,ERM B 66:32,särgi kaunistus,,tekstiil
619289,ERM B 66:32,särgi kaunistus,puuvill,tekstiil
619289,ERM B 66:32,särgi kaunistus,riie,tekstiil
619290,ERM B 66:33,"vöö, naiste",lõng,tekstiil
619290,ERM B 66:33,"vöö, naiste",vill,tekstiil
619291,ERM B 66:34,piirits,kask,puit
619292,ERM B 66:35,"vöö, naiste",lõng,tekstiil
619292,ERM B 66:35,"vöö, naiste",vill,tekstiil
619293,ERM B 66:36,rebaserauad,lina,tekstiil
619293,ERM B 66:36,rebaserauad,metall,metall
619294,ERM B 66:37,samovar,vask,metall
619295,ERM B 66:38,samovar,vask,metall
619296,ERM B 66:39/ab,karp,toht,puit
619297,ERM B 66:40,pihid,raud,metall
619298,ERM B 66:41,toidupoti alune,kask,puit
619300,ERM B 66:43/1-2,koonlapuu,kuusk,puit
619301,ERM B 66:44,vaagen,kask,puit
619302,ERM B 66:45/ab,"vaalikurikas, nui",kask,puit
619304,ERM B 66:46,vaip,,tekstiil
619304,ERM B 66:46,vaip,looduslik kiud,tekstiil
619304,ERM B 66:46,vaip,lõim,tekstiil
619304,ERM B 66:46,vaip,puuvill,tekstiil
619305,ERM B 66:47,"peakate, naiste",,tekstiil
619305,ERM B 66:47,"peakate, naiste",pael,tekstiil
619305,ERM B 66:47,"peakate, naiste",puuvill,tekstiil
619305,ERM B 66:47,"peakate, naiste",siid,tekstiil
619306,ERM B 66:48,"peakate, naiste",poepael,tekstiil
619306,ERM B 66:48,"peakate, naiste",puuvill,tekstiil
619306,ERM B 66:48,"peakate, naiste",sits (riidesort),tekstiil
619307,ERM B 66:49,rangid,kask,puit
619307,ERM B 66:49,rangid,lina,puit
619307,ERM B 66:49,rangid,nahk,puit
619308,ERM B 67:1,sirp,kask,puit
619308,ERM B 67:1,sirp,,
619308,ERM B 67:1,sirp,raud,metall
619309,ERM B 67:2,sirp,kask,puit
619309,ERM B 67:2,sirp,raud,metall
619310,ERM B 67:3,koonlapuu,mänd,puit
619311,ERM B 67:4,luisk,puit,puit
619312,ERM B 67:5,mõrd,lina,puit
619312,ERM B 67:5,mõrd,puit,puit
619313,ERM B 67:6,mõrd,linane,puit
619313,ERM B 67:6,mõrd,nöör,puit
619313,ERM B 67:6,mõrd,puit,puit
619314,ERM B 67:7,"nõu, liha peenestamise",tamm,puit
619315,ERM B 67:8,võsavikat,raud,metall
619316,ERM B 67:9,võrgukivi,kivim,kivim
619316,ERM B 67:9,võrgukivi,toht,kivim
619317,ERM B 67:10,kibu,kuusk,puit
619318,ERM B 67:11,poolivokk,kask,puit
619318,ERM B 67:11,poolivokk,kuusk,puit
619319,ERM B 67:12,soolatops,toht,puit
619320,ERM B 67:13,"""rächini ema"", seelikutaoline ese",kodukootud kangas,tekstiil
619320,ERM B 67:13,"""rächini ema"", seelikutaoline ese",linane,tekstiil
619321,ERM B 67:14,koonlapuu,mänd,puit
619322,ERM B 67:15,riidekast,haab,puit
619322,ERM B 67:15,riidekast,mänd,puit
619322,ERM B 67:15,riidekast,,puit
619322,ERM B 67:15,riidekast,,puit
619323,ERM B 67:16,kulp,kask,puit
619324,ERM B 67:17,"trumm, karjuse",mänd,puit
619324,ERM B 67:17,"trumm, karjuse",nöör,puit
619324,ERM B 67:17,"trumm, karjuse",puuvill,puit
619325,ERM B 67:18,latern,klaas,klaas
619325,ERM B 67:18,latern,kuusk,puit
619326,ERM B 67:19,uurdesaag,metall,puit
619326,ERM B 67:19,uurdesaag,puit,puit
619327,ERM B 67:20/ab,viisud,kask,puit
619327,ERM B 67:20/ab,viisud,toht,puit
619328,ERM B 67:21,korv,kask,puit
619329,ERM B 67:22,"""rächin"", naiste riietusese, särk",lina,tekstiil
619329,ERM B 67:22,"""rächin"", naiste riietusese, särk",,tekstiil
619329,ERM B 67:22,"""rächin"", naiste riietusese, särk",puuvill,tekstiil
619329,ERM B 67:22,"""rächin"", naiste riietusese, särk",,tekstiil
619330,ERM B 67:23,"""rächin"", naiste riietusese, särk",lina,tekstiil
619330,ERM B 67:23,"""rächin"", naiste riietusese, särk",,tekstiil
619330,ERM B 67:23,"""rächin"", naiste riietusese, särk",puuvill,tekstiil
619330,ERM B 67:23,"""rächin"", naiste riietusese, särk",,tekstiil
619331,ERM B 67:24,laastukorv,kask,puit
619331,ERM B 67:24,laastukorv,mänd,puit
619331,ERM B 67:24,laastukorv,,puit
619332,ERM B 67:25,suga,lina,puit
619332,ERM B 67:25,suga,puit,puit
619333,ERM B 67:26,viipsik,puit,puit
619334,ERM B 67:27,nõu,savi,keraamika
619336,ERM B 67:29,"""rächin"", naiste riietusese, särk",lina,tekstiil
619336,ERM B 67:29,"""rächin"", naiste riietusese, särk",nööp,tekstiil
619336,ERM B 67:29,"""rächin"", naiste riietusese, särk",,tekstiil
619336,ERM B 67:29,"""rächin"", naiste riietusese, särk",puuvill,tekstiil
619336,ERM B 67:29,"""rächin"", naiste riietusese, särk",,tekstiil
619336,ERM B 67:29,"""rächin"", naiste riietusese, särk",tehismaterjal,tekstiil
619337,ERM B 67:30,labakinnas,,tekstiil
619337,ERM B 67:30,labakinnas,vill,tekstiil
619338,ERM B 86:67,kartulikõblas,raud,metall
619339,ERM B 86:68/abc,võrgukudumisriistad,lehtpuu,puit
619345,ERM B 86:71,"pullu, nooda või võrgu",kuusk,puit
619346,ERM B 86:72,"pullu, nooda või võrgu",kuusk,puit
619347,ERM B 86:73,"pullu, nooda või võrgu",kuusk,puit
619348,ERM B 86:74,puur,raud,metall
619349,ERM B 86:75,pütt,haab,puit
619349,ERM B 86:75,pütt,kadakas,puit
619349,ERM B 86:75,pütt,kuusk,puit
619349,ERM B 86:75,pütt,,puit
619349,ERM B 86:75,pütt,vits,puit
619350,ERM B 86:76/ab,aluskindad,lõng,tekstiil
619350,ERM B 86:76/ab,aluskindad,vill,tekstiil
619351,ERM B 86:77,pott,savi,keraamika
619352,ERM B 86:78,vikat,kask,puit
619352,ERM B 86:78,vikat,raud,metall
619353,ERM B 86:79,margapuu,raud,metall
619354,ERM B 86:80,katel,raud,metall
619354,ERM B 86:80,katel,,
619354,ERM B 86:80,katel,vask,metall
619355,ERM B 86:81,pajaahel,raud,metall
619356,ERM B 86:82,teekann,vask,metall
619357,ERM B 86:83,vakk,toht,puit
619358,ERM B 86:84,kibu,kuusk,puit
619359,ERM B 86:85,"vitsik, kohupiima",kuusk,puit
619360,ERM B 86:86/ab,lüpsik,kuusk,puit
619361,ERM B 86:87/ab,püssirohusarv,kask,puit
619361,ERM B 86:87/ab,püssirohusarv,nahk,nahk
619361,ERM B 86:87/ab,püssirohusarv,,
619361,ERM B 86:87/ab,püssirohusarv,kork,puit
619361,ERM B 86:87/ab,püssirohusarv,rihm,
619361,ERM B 86:87/ab,püssirohusarv,sarv,luu
619362,ERM B 86:88,kapslisarv,kuusk,puit
619362,ERM B 86:88,kapslisarv,nahk,nahk
619362,ERM B 86:88,kapslisarv,,
619362,ERM B 86:88,kapslisarv,rihm,
619362,ERM B 86:88,kapslisarv,sarv,luu
619362,ERM B 86:88,kapslisarv,veis,
619363,ERM B 86:89,pealiskinnas,karusnahk,nahk
619363,ERM B 86:89,pealiskinnas,nahk,nahk
619363,ERM B 86:89,pealiskinnas,,nahk
619363,ERM B 86:89,pealiskinnas,rebane,nahk
619363,ERM B 86:89,pealiskinnas,,nahk
619364,ERM B 86:90,palgikoorimisraud,kask,puit
619364,ERM B 86:90,palgikoorimisraud,raud,metall
619365,ERM B 86:91,seaküna,kuusk,puit
619366,ERM B 86:92,pootshaak,raud,metall
619367,ERM B 86:93,nahanäpits,kask,puit
619367,ERM B 86:93,nahanäpits,nahk,nahk
619368,ERM B 86:94,künakirves,kask,puit
619368,ERM B 86:94,künakirves,raud,metall
619369,ERM B 86:95,nöörikeeraja,kask,puit
619369,ERM B 86:95,nöörikeeraja,kuusk,puit
619369,ERM B 86:95,nöörikeeraja,,
619369,ERM B 86:95,nöörikeeraja,,
619369,ERM B 86:95,nöörikeeraja,metall,metall
619370,ERM B 86:96,pütt,kuusk,puit
619371,ERM B 86:97,potihark,raud,metall
619372,ERM B 86:98,roop,raud,metall
619373,ERM B 86:99,ahjupott,malm,metall
619374,ERM B 86:100/ab,soolapudel,kork,puit
619374,ERM B 86:100/ab,soolapudel,kuusk,puit
619374,ERM B 86:100/ab,soolapudel,toht,puit
619375,ERM B 86:101,potihark,raud,metall
619376,ERM B 86:102,võrgukivi,savi,keraamika
619376,ERM B 86:102,võrgukivi,toht,keraamika
619377,ERM B 86:103,lusikas,kask,puit
619378,ERM B 86:104,"unnanöör, hargiga",kask,puit
619379,ERM B 86:105,aidavõti,raud,metall
619380,ERM B 86:106,võipütt,kask,puit
619380,ERM B 86:106,võipütt,kuusk,puit
619380,ERM B 86:106,võipütt,,puit
619381,ERM B 86:107/1-2,pühkimistiib,luu,luu
619381,ERM B 86:107/1-2,pühkimistiib,sulg,luu
619382,ERM B 86:108,peitel,raud,metall
619383,ERM B 86:109,korrutusvärten,kuusk,puit
619384,ERM B 86:110,värten,mänd,puit
619385,ERM B 86:111,korv,liist,puit
619385,ERM B 86:111,korv,mänd,puit
619385,ERM B 86:111,korv,toht,puit
619386,ERM B 86:112,soolapudel,toht,puit
619387,ERM B 86:113,naaskel,kask,puit
619387,ERM B 86:113,naaskel,raud,metall
619388,ERM B 90:180,laudlina,linane,tekstiil
619388,ERM B 90:180,laudlina,puuvill,tekstiil
619389,ERM B 90:181,laudlina,linane,tekstiil
619389,ERM B 90:181,laudlina,puuvill,tekstiil
619391,ERM B 90:183,süstik,kask,puit
619392,ERM B 90:184,süstik,lehtpuu,puit
619393,ERM B 90:185,ikoon,kask,puit
619393,ERM B 90:185,ikoon,metall,metall
619393,ERM B 90:185,ikoon,raudplekk,metall
619394,ERM B 91:1,viljakühvel,kask,puit
619394,ERM B 91:1,viljakühvel,kuusk,puit
619394,ERM B 91:1,viljakühvel,,puit
619395,ERM B 91:2,tünnikaas,kuusk,puit
619396,ERM B 91:3,koot,kask,puit
619396,ERM B 91:3,koot,kolk,puit
619396,ERM B 91:3,koot,lehtpuu,puit
619396,ERM B 91:3,koot,nahk,puit
619396,ERM B 91:3,koot,rihm,puit
619396,ERM B 91:3,koot,sirel,puit
619396,ERM B 91:3,koot,,puit
619397,ERM B 91:4,katuselasn,kask,puit
619397,ERM B 91:4,katuselasn,okaspuit,puit
619397,ERM B 91:4,katuselasn,,puit
619398,ERM B 91:5,korv,mänd,puit
619398,ERM B 91:5,korv,nöör,puit
619398,ERM B 91:5,korv,takk,puit
619399,ERM B 91:6,pesukurikas,kask,puit
619400,ERM B 91:7,kartulikonks,lehtpuu,puit
619400,ERM B 91:7,kartulikonks,raud,metall
619401,ERM B 91:8,kartulikonks,lehtpuu,puit
619401,ERM B 91:8,kartulikonks,raud,metall
619402,ERM B 91:9,võipütt,kadakas,puit
619402,ERM B 91:9,võipütt,kuusk,puit
619402,ERM B 91:9,võipütt,toomingas,puit
619402,ERM B 91:9,võipütt,vits,puit
619403,ERM B 91:10,vikatilüsi,kask,puit
619403,ERM B 91:10,vikatilüsi,mänd,puit
619403,ERM B 91:10,vikatilüsi,,puit
619404,ERM B 91:11,sõnnikukonks,lehtpuu,puit
619404,ERM B 91:11,sõnnikukonks,raud,metall
619405,ERM B 91:12,mättakirves,kuusk,puit
619405,ERM B 91:12,mättakirves,raud,metall
619406,ERM B 91:13,kandekorv,mänd,puit
619407,ERM B 91:14,saapaliist,kask,puit
619407,ERM B 91:14,saapaliist,nahk,puit
619407,ERM B 91:14,saapaliist,rihm,puit
619408,ERM B 91:15,saapaliist,kask,puit
619409,ERM B 91:16,võimasin,kadakas,puit
619409,ERM B 91:16,võimasin,kask,puit
619409,ERM B 91:16,võimasin,mänd,puit
619409,ERM B 91:16,võimasin,vits,puit
619410,ERM B 92:1/a-d,"vöö, 2 noatupe ja kotiga",kett,
619410,ERM B 92:1/a-d,"vöö, 2 noatupe ja kotiga",,puit
619410,ERM B 92:1/a-d,"vöö, 2 noatupe ja kotiga",metall,metall
619410,ERM B 92:1/a-d,"vöö, 2 noatupe ja kotiga",nahk,nahk
619410,ERM B 92:1/a-d,"vöö, 2 noatupe ja kotiga",,
619410,ERM B 92:1/a-d,"vöö, 2 noatupe ja kotiga",sarv,luu
619411,ERM B 92:2/ab,jahimehetarbed,,puit
619411,ERM B 92:2/ab,jahimehetarbed,,puit
619411,ERM B 92:2/ab,jahimehetarbed,luu,puit
619411,ERM B 92:2/ab,jahimehetarbed,nahk,puit
619411,ERM B 92:2/ab,jahimehetarbed,puit,puit
619411,ERM B 92:2/ab,jahimehetarbed,,puit
619411,ERM B 92:2/ab,jahimehetarbed,rihm,puit
619411,ERM B 92:2/ab,jahimehetarbed,,puit
619411,ERM B 92:2/ab,jahimehetarbed,vask,puit
619412,ERM B 92:3,karp,toht,puit
619412,ERM B 92:3,karp,toomingas,puit
619412,ERM B 92:3,karp,,puit
619413,ERM B 92:4,karp,toht,puit
619415,ERM B 92:6,lusikas,kask,puit
619416,ERM B 92:7,lusikas,kask,puit
619417,ERM B 92:8,lusikas,kask,puit
619418,ERM B 92:9/ab,vakk,nahk,puit
619418,ERM B 92:9/ab,vakk,puit,puit
619418,ERM B 92:9/ab,vakk,juured,puit
619418,ERM B 92:9/ab,vakk,rihm,puit
619419,ERM B 92:10,karp,kask,puit
619419,ERM B 92:10,karp,paju,puit
619419,ERM B 92:10,karp,toht,puit
619419,ERM B 92:10,karp,vits,puit
619420,ERM B 92:11,karp,niit,puit
619420,ERM B 92:11,karp,puuvill,puit
619420,ERM B 92:11,karp,toht,puit
619420,ERM B 92:11,karp,toomingas,puit
619420,ERM B 92:11,karp,,puit
619421,ERM B 92:12,korv,niit,puit
619421,ERM B 92:12,korv,puuvill,puit
619421,ERM B 92:12,korv,toht,puit
619423,ERM B 92:14,lusikas,kask,puit
619424,ERM B 92:15,"narta, laste",kask,puit
619424,ERM B 92:15,"narta, laste",mänd,puit
619425,ERM B 92:16,noatupp,kask,puit
619425,ERM B 92:16,noatupp,nahk,puit
619426,ERM B 92:17/a-d,"vöö, noatupe, noa ja kotiga",kask,puit
619426,ERM B 92:17/a-d,"vöö, noatupe, noa ja kotiga",nahk,nahk
619426,ERM B 92:17/a-d,"vöö, noatupe, noa ja kotiga",,metall
619426,ERM B 92:17/a-d,"vöö, noatupe, noa ja kotiga",,metall
619426,ERM B 92:17/a-d,"vöö, noatupe, noa ja kotiga",põder,luu
619426,ERM B 92:17/a-d,"vöö, noatupe, noa ja kotiga",raud,metall
619426,ERM B 92:17/a-d,"vöö, noatupe, noa ja kotiga",rihm,nahk
619426,ERM B 92:17/a-d,"vöö, noatupe, noa ja kotiga",,nahk
619426,ERM B 92:17/a-d,"vöö, noatupe, noa ja kotiga",sarv,luu
619426,ERM B 92:17/a-d,"vöö, noatupe, noa ja kotiga",,nahk
619426,ERM B 92:17/a-d,"vöö, noatupe, noa ja kotiga",,puit
619427,ERM B 92:18,kalakaabits,luu,luu
619427,ERM B 92:18,kalakaabits,põhjapõder,luu
619428,ERM B 92:19,piirits,kask,puit
619428,ERM B 92:19,piirits,niit,tekstiil
619428,ERM B 92:19,piirits,puuvill,tekstiil
619429,ERM B 92:20,lusikas,kask,puit
619432,ERM B 92:23,vaagen,kask,puit
619433,ERM B 92:24,karp,kask,puit
619433,ERM B 92:24,karp,niit,puit
619433,ERM B 92:24,karp,nöör,puit
619433,ERM B 92:24,karp,,puit
619433,ERM B 92:24,karp,toht,puit
619434,ERM B 92:25,lusikas,kask,puit
619435,ERM B 92:26,karp,toht,puit
619437,ERM B 92:28,kulp,kask,puit
619460,ERM B 110:2,piimanõu,savi,keraamika
619461,ERM B 110:3,õllenõu,savi,keraamika
619462,ERM B 110:4,nõu,toht,puit
619463,ERM B 110:5/ab,"koonlapuu, vardaga",mänd,puit
619463,ERM B 110:5/ab,"koonlapuu, vardaga",nöör,puit
619463,ERM B 110:5/ab,"koonlapuu, vardaga",puuvill,puit
619464,ERM B 110:6,kedervars,kask,metall
619465,ERM B 110:7,linahari,kuusk,puit
619465,ERM B 110:7,linahari,metall,metall
619466,ERM B 110:8,"vikat, lühivarreline",kask,puit
619466,ERM B 110:8,"vikat, lühivarreline",raud,metall
619466,ERM B 110:8,"vikat, lühivarreline",,
619468,ERM B 110:10,tikkimisraam,kuusk,puit
619469,ERM B 110:11,mõrd,metall,metall
619469,ERM B 110:11,mõrd,nöör,tekstiil
619469,ERM B 110:11,mõrd,puit,puit
619470,ERM B 110:12,märss,puuvill,puit
619470,ERM B 110:12,märss,rihm,puit
619470,ERM B 110:12,märss,toht,puit
619471,ERM B 110:13/ab,"koonlapuu, vardaga",mänd,puit
619471,ERM B 110:13/ab,"koonlapuu, vardaga",nöör,puit
619471,ERM B 110:13/ab,"koonlapuu, vardaga",puuvill,tekstiil
619472,ERM B 110:14,poolivokk,,puit
619472,ERM B 110:14,poolivokk,kuusk,puit
619472,ERM B 110:14,poolivokk,mänd,puit
619472,ERM B 110:14,poolivokk,raud,puit
619473,ERM B 110:15,korv,paju,puit
619474,ERM B 110:16,voolmed,lehtpuu,puit
619474,ERM B 110:16,voolmed,raud,metall
619475,ERM B 110:17/ab,soolatoos,okaspuit,puit
619475,ERM B 110:17/ab,soolatoos,,puit
619475,ERM B 110:17/ab,soolatoos,toht,puit
619477,ERM B 110:19,"vöö, naiste",linane,tekstiil
619478,ERM B 110:20,vöö,linane,tekstiil
619479,ERM B 110:21,kauss,kask,puit
619480,ERM B 110:22,nõu,savi,keraamika
619481,ERM B 110:23,nõu,toht,puit
619482,ERM B 110:24,kiin,kask,puit
619482,ERM B 110:24,kiin,,
619482,ERM B 110:24,kiin,raud,metall
619482,ERM B 110:24,kiin,,metall
619483,ERM B 110:25/ab,leivamärss,toht,puit
619484,ERM B 110:26/ab,niiepöörad,kask,puit
619484,ERM B 110:26/ab,niiepöörad,nöör,puit
619484,ERM B 110:26/ab,niiepöörad,puuvill,puit
619484,ERM B 110:26/ab,niiepöörad,takk,puit
619490,ERM B 110:32/a-f,semmipuu,kuusk,puit
619490,ERM B 110:32/a-f,semmipuu,nahk,nahk
619490,ERM B 110:32/a-f,semmipuu,raud,metall
619491,ERM B 110:33,kolmjalg-pesunõu,kadakas,puit
619491,ERM B 110:33,kolmjalg-pesunõu,kuusk,puit
619491,ERM B 110:33,kolmjalg-pesunõu,vits,puit
619492,ERM B 110:34,õllenõu,savi,keraamika
619493,ERM B 110:35,sirp,kask,puit
619493,ERM B 110:35,sirp,raud,metall
619493,ERM B 110:35,sirp,,metall
619493,ERM B 110:35,sirp,,
619494,ERM B 110:36,võrguniidi alus,kuusk,puit
619495,ERM B 110:37/ab,"kedervars, korrutamiseks",kask,puit
619495,ERM B 110:37/ab,"kedervars, korrutamiseks",keder,puit
619495,ERM B 110:37/ab,"kedervars, korrutamiseks",mänd,puit
619495,ERM B 110:37/ab,"kedervars, korrutamiseks",,puit
619496,ERM B 110:38,süstik,lehtpuu,puit
619497,ERM B 110:39,kasetohukera,kask,puit
619498,ERM B 110:40,jahunõu,toht,puit
619499,ERM B 110:41,petroolipudel,klaas,klaas
619500,ERM B 110:42,"korv, petroolipudeli",mänd,puit
619501,ERM B 110:43,saapaliist,kask,puit
619502,ERM B 110:44,laeilustus,kommipaber,plastik
619502,ERM B 110:44,laeilustus,niit,tekstiil
619502,ERM B 110:44,laeilustus,nöör,tekstiil
619502,ERM B 110:44,laeilustus,paber,paber
619502,ERM B 110:44,laeilustus,puuvill,tekstiil
619502,ERM B 110:44,laeilustus,õlg,puit
619503,ERM B 110:45,"hark, õle peenendamise",kask,puit
619504,ERM B 110:46,korv,mänd,puit
619504,ERM B 110:46,korv,paju,puit
619504,ERM B 110:46,korv,,puit
619505,ERM B 110:47,korv,mänd,puit
619505,ERM B 110:47,korv,paju,puit
619505,ERM B 110:47,korv,,puit
619507,ERM B 110:49/ab,"kingaliist, laste",kask,puit
619509,ERM B 110:51/ab,viisud,toht,puit
619510,ERM B 126:7,"peakate, naiste",brokaat (riidesort),tekstiil
619510,ERM B 126:7,"peakate, naiste",lina,tekstiil
619510,ERM B 126:7,"peakate, naiste",siid,tekstiil
619511,ERM B 126:8,"kasukas, meeste",karakul,nahk
619511,ERM B 126:8,"kasukas, meeste",karusnahk,nahk
619511,ERM B 126:8,"kasukas, meeste",lammas,nahk
619511,ERM B 126:8,"kasukas, meeste",nahk,nahk
619511,ERM B 126:8,"kasukas, meeste",,nahk
619511,ERM B 126:8,"kasukas, meeste",puuvill,nahk
619512,ERM B 126:9,pihikseelik,lina,tekstiil
619512,ERM B 126:9,pihikseelik,vill,tekstiil
619513,ERM B 126:10,põll,puuvill,tekstiil
619514,ERM B 126:11,"särk, naiste",lina,tekstiil
619514,ERM B 126:11,"särk, naiste",puuvill,tekstiil
619515,ERM B 127:1,ropsimõõk,kask,puit
619516,ERM B 127:2,ropsimõõk,kask,puit
619517,ERM B 127:3,kedervars,kask,puit
619518,ERM B 127:4,kedervars,kask,puit
619519,ERM B 127:5,marjakorv,niin,puit
619519,ERM B 127:5,marjakorv,,puit
619519,ERM B 127:5,marjakorv,toht,puit
619520,ERM B 127:6,marjakühvel,kask,puit
619521,ERM B 127:7,tellisevorm,kuusk,puit
619522,ERM B 127:8,kedervars,kask,puit
619523,ERM B 127:9,märss-korv,toht,puit
619524,ERM B 127:10,käterätt,heegelpits,tekstiil
619524,ERM B 127:10,käterätt,labane kangas,tekstiil
619524,ERM B 127:10,käterätt,linane,tekstiil
619524,ERM B 127:10,käterätt,puuvill,tekstiil
619524,ERM B 127:10,käterätt,puuvill,tekstiil
619524,ERM B 127:10,käterätt,riideriba,tekstiil
619525,ERM B 127:11,võrgunõel,kask,puit
619532,ERM B 127:18,riidekast,,puit
619532,ERM B 127:18,riidekast,kask,puit
619532,ERM B 127:18,riidekast,kuusk,puit
619532,ERM B 127:18,riidekast,,puit
619532,ERM B 127:18,riidekast,vineer,puit
619544,ERM B 128:1,"rüü, naiste",vill,tekstiil
619545,ERM B 128:2,käterätt,kangas,tekstiil
619545,ERM B 128:2,käterätt,linane,tekstiil
619545,ERM B 128:2,käterätt,lõng,tekstiil
619545,ERM B 128:2,käterätt,niit,tekstiil
619545,ERM B 128:2,käterätt,puuvill,tekstiil
619546,ERM B 128:3,voodiriiete kate,linane,tekstiil
619546,ERM B 128:3,voodiriiete kate,vill,tekstiil
619547,ERM B 128:4,põll,,tekstiil
619547,ERM B 128:4,põll,linane,tekstiil
619547,ERM B 128:4,põll,kangas,tekstiil
619547,ERM B 128:4,põll,vill,tekstiil
619548,ERM B 128:5,pealinik,labane kangas,tekstiil
619548,ERM B 128:5,pealinik,linane,tekstiil
619548,ERM B 128:5,pealinik,lõng,tekstiil
619548,ERM B 128:5,pealinik,puuvill,tekstiil
619548,ERM B 128:5,pealinik,riie,tekstiil
619549,ERM B 128:6,pealinik,heegelpits,tekstiil
619549,ERM B 128:6,pealinik,linane,tekstiil
619549,ERM B 128:6,pealinik,,tekstiil
619549,ERM B 128:6,pealinik,puuvill,tekstiil
619549,ERM B 128:6,pealinik,,tekstiil
619550,ERM B 128:7,vaip,kude,tekstiil
619550,ERM B 128:7,vaip,linane,tekstiil
619550,ERM B 128:7,vaip,lõim,tekstiil
619550,ERM B 128:7,vaip,vill,tekstiil
619551,ERM B 128:8,vaip,kude,tekstiil
619551,ERM B 128:8,vaip,linane,tekstiil
619551,ERM B 128:8,vaip,lõim,tekstiil
619551,ERM B 128:8,vaip,vill,tekstiil
619566,ERM B 139:78/ab,säärised,kude,tekstiil
619566,ERM B 139:78/ab,säärised,linane,tekstiil
619566,ERM B 139:78/ab,säärised,lõim,tekstiil
619566,ERM B 139:78/ab,säärised,,tekstiil
619566,ERM B 139:78/ab,säärised,puuvill,tekstiil
619570,ERM B 139:82,karp,niin,puit
619570,ERM B 139:82,karp,toht,puit
619571,ERM B 139:83,nõu,niin,puit
619572,ERM B 139:84,sirp,kask,puit
619572,ERM B 139:84,sirp,raud,metall
619573,ERM B 139:85,mesilaste söödanõu,niin,puit
619573,ERM B 139:85,mesilaste söödanõu,toht,puit
619574,ERM B 139:86,meesegamise labidas,kask,puit
619575,ERM B 139:87,kedervars,kask,puit
619576,ERM B 139:88,meesegamise labidas,kask,puit
619577,ERM B 139:89,viisuliist,kask,puit
619578,ERM B 139:90,"viisk, laste",niin,puit
619579,ERM B 139:91,nõu,toht,puit
619580,ERM B 139:92,niiepöör,kask,puit
619581,ERM B 139:93,"viisuliist, laste",kask,puit
619582,ERM B 139:94,nõu,niin,puit
619582,ERM B 139:94,nõu,toht,puit
619583,ERM B 139:95,vokipool,kask,puit
619584,ERM B 139:96,vokipool,kask,puit
619585,ERM B 139:97,kedervars,kask,puit
619587,ERM B 139:99,leivavorm,kask,puit
619588,ERM B 139:100,korv,puit,puit
619588,ERM B 139:100,korv,vits,puit
619590,ERM B 139:102/ab,viisud,niin,puit
619591,ERM B 139:103,jalarätt,lõng,tekstiil
619591,ERM B 139:103,jalarätt,vill,tekstiil
619594,ERM B 139:106,korv,niin,puit
619596,ERM B 139:108/ab,säärised,kude,tekstiil
619596,ERM B 139:108/ab,säärised,linane,tekstiil
619596,ERM B 139:108/ab,säärised,lõim,tekstiil
619596,ERM B 139:108/ab,säärised,,tekstiil
619596,ERM B 139:108/ab,säärised,puuvill,tekstiil
619599,ERM B 139:111/ab,"kõrvaehe, 2",hõbe,metall
619600,ERM B 139:112/abc,vokk,kask,puit
619601,ERM B 139:113/abc,uurdesaag,kask,puit
619601,ERM B 139:113/abc,uurdesaag,raud,metall
619609,ERM B 152:90,"vöö, meeste",vill,tekstiil
619618,ERM B 152:98,kanepihari,harjas,nahk
619618,ERM B 152:98,kanepihari,lina,tekstiil
619621,ERM B 152:101,korv,paju,puit
619622,ERM B 152:102,korv,paju,puit
619623,ERM B 152:103,korv,paju,puit
619624,ERM B 152:104,korv,paju,puit
619625,ERM B 152:105,korv,paju,puit
619626,ERM B 152:106,"korv, laste",toht,puit
619627,ERM B 152:107,"korv, laste",toht,puit
619628,ERM B 152:108,tops,toht,puit
619629,ERM B 152:109,korv,toht,puit
619630,ERM B 152:110,korv,toht,puit
619631,ERM B 153:1,käterätt,lina,tekstiil
619632,ERM B 153:2,ahjupott,malm,metall
619633,ERM B 153:3,ahjupott,malm,metall
619634,ERM B 153:4/ab,nõu,kuusk,puit
619635,ERM B 153:5,rõdu kaunistusdetail,kuusk,puit
619636,ERM B 153:6,veerenn,haab,puit
619637,ERM B 153:7/abc,samovar,metall,metall
619637,ERM B 153:7/abc,samovar,puit,puit
619638,ERM B 153:8,koonlapuu,kask,puit
619639,ERM B 153:9/ab,niieripid,kask,puit
619639,ERM B 153:9/ab,niieripid,lina,tekstiil
619639,ERM B 153:9/ab,niieripid,nahk,nahk
619640,ERM B 153:10,suga,kask,puit
619640,ERM B 153:10,suga,kuusk,puit
619640,ERM B 153:10,suga,lina,puit
619640,ERM B 153:10,suga,nöör,puit
619640,ERM B 153:10,suga,,puit
619640,ERM B 153:10,suga,,puit
619640,ERM B 153:10,suga,,puit
619641,ERM B 153:11,karp,toht,puit
619642,ERM B 153:12,kingaliist,kuusk,puit
619642,ERM B 153:12,kingaliist,nöör,puit
619642,ERM B 153:12,kingaliist,takk,puit
619643,ERM B 153:13,vikat,raud,metall
619644,ERM B 153:14,pudrunui,kask,puit
619645,ERM B 153:15/ab,palgikoorimise raud,kuusk,puit
619645,ERM B 153:15/ab,palgikoorimise raud,raud,metall
619646,ERM B 153:16,seelik,kanep,tekstiil
619646,ERM B 153:16,seelik,kude,tekstiil
619646,ERM B 153:16,seelik,lõim,tekstiil
619646,ERM B 153:16,seelik,vill,tekstiil
619647,ERM B 153:17,seelik,kanep,tekstiil
619647,ERM B 153:17,seelik,kude,tekstiil
619647,ERM B 153:17,seelik,lõim,tekstiil
619647,ERM B 153:17,seelik,vill,tekstiil
619649,ERM B 153:19,poolivokk,kask,puit
619649,ERM B 153:19,poolivokk,kuusk,puit
619650,ERM B 153:20,lüpsik,kask,puit
619650,ERM B 153:20,lüpsik,kuusk,puit
619651,ERM B 153:21,taignamänd,kuusk,puit
619762,ERM B 165:1,"särk, naiste",kanep,tekstiil
619762,ERM B 165:1,"särk, naiste",kodukootud kangas,tekstiil
619762,ERM B 165:1,"särk, naiste",lõng,tekstiil
619762,ERM B 165:1,"särk, naiste",puuvill,tekstiil
619762,ERM B 165:1,"särk, naiste",tikand,tekstiil
619762,ERM B 165:1,"särk, naiste",vill,tekstiil
619762,ERM B 165:1,"särk, naiste",lõng,tekstiil
619764,ERM B 165:2,"ülerõivas, naiste",kanep,tekstiil
619764,ERM B 165:2,"ülerõivas, naiste",kanep,tekstiil
619764,ERM B 165:2,"ülerõivas, naiste",kodukootud kangas,tekstiil
619764,ERM B 165:2,"ülerõivas, naiste",,tekstiil
619764,ERM B 165:2,"ülerõivas, naiste",puuvill,tekstiil
619764,ERM B 165:2,"ülerõivas, naiste",riie,tekstiil
619764,ERM B 165:2,"ülerõivas, naiste",vill,tekstiil
619764,ERM B 165:2,"ülerõivas, naiste",lõng,tekstiil
619765,ERM B 165:3,"peakate, naiste",kanep,tekstiil
619765,ERM B 165:3,"peakate, naiste",kodukootud kangas,tekstiil
619765,ERM B 165:3,"peakate, naiste",tikand,tekstiil
619765,ERM B 165:3,"peakate, naiste",vill,tekstiil
619767,ERM B 165:4,põll,kanep,tekstiil
619767,ERM B 165:4,põll,kanep,tekstiil
619767,ERM B 165:4,põll,kodukootud kangas,tekstiil
619769,ERM B 165:5,"särk, naiste",kanep,tekstiil
619769,ERM B 165:5,"särk, naiste",kodukootud kangas,tekstiil
619769,ERM B 165:5,"särk, naiste",vill,tekstiil
619770,ERM B 165:6,"särk, naiste",kanep,tekstiil
619770,ERM B 165:6,"särk, naiste",kodukootud kangas,tekstiil
619770,ERM B 165:6,"särk, naiste",tikand,tekstiil
619770,ERM B 165:6,"särk, naiste",vill,tekstiil
619771,ERM B 165:7,"särk, naiste",kanep,tekstiil
619771,ERM B 165:7,"särk, naiste",vill,tekstiil
619773,ERM B 165:8,vöö,vill,tekstiil
619774,ERM B 165:9,vöö,lõng,tekstiil
619774,ERM B 165:9,vöö,vill,tekstiil
619775,ERM B 165:10,vöö,puuvill,tekstiil
619775,ERM B 165:10,vöö,vill,tekstiil
619776,ERM B 165:11,pulmavöö,klaas,tekstiil
619776,ERM B 165:11,pulmavöö,metall,tekstiil
619776,ERM B 165:11,pulmavöö,vill,tekstiil
619777,ERM B 171:6/ab,labakindad,lõng,tekstiil
619777,ERM B 171:6/ab,labakindad,vill,tekstiil
619785,ERM B 171:13,kalakorv,mänd,puit
619786,ERM B 171:14,"lõõts, mesiniku",metall,metall
619786,ERM B 171:14,"lõõts, mesiniku",nahk,nahk
619786,ERM B 171:14,"lõõts, mesiniku",puit,puit
619787,ERM B 171:15,pott,savi,keraamika
619788,ERM B 171:17,kohver,kuusk,puit
619790,ERM B 171:16,piimanõu,savi,keraamika
619797,ERM B 171:23,"aer, laste",kask,puit
619797,ERM B 171:23,"aer, laste",kuusk,puit
619797,ERM B 171:23,"aer, laste",,puit
619797,ERM B 171:23,"aer, laste",,puit
619798,ERM B 171:24,hobusekell,kanep,metall
619798,ERM B 171:24,hobusekell,nöör,metall
619798,ERM B 171:24,hobusekell,raud,metall
619798,ERM B 171:24,hobusekell,,metall
619798,ERM B 171:24,hobusekell,,metall
619798,ERM B 171:24,hobusekell,vask,metall
619799,ERM B 171:25,leivalabidas,kask,puit
619800,ERM B 171:26,kohver,kartong,paber
619800,ERM B 171:26,kohver,metall,metall
619802,ERM B 171:27,jäätuur,mänd,puit
619802,ERM B 171:27,jäätuur,raud,metall
619803,ERM B 171:28/ab,suusad,lehtpuu,puit
619803,ERM B 171:28/ab,suusad,present,
619803,ERM B 171:28/ab,suusad,,tekstiil
619804,ERM B 171:29/ab,labakindad,lõng,tekstiil
619804,ERM B 171:29/ab,labakindad,vill,tekstiil
619805,ERM B 171:30/ab,labakindad,lõng,tekstiil
619805,ERM B 171:30/ab,labakindad,vill,tekstiil
619806,ERM B 171:31/ab,labakindad,lõng,tekstiil
619806,ERM B 171:31/ab,labakindad,vill,tekstiil
619807,ERM B 171:32,pink,lehtpuu,puit
619808,ERM B 171:33,"võrk, ujukitega",kanep,puit
619808,ERM B 171:33,"võrk, ujukitega",okaspuit,puit
619808,ERM B 171:33,"võrk, ujukitega",puuvill,puit
619808,ERM B 171:33,"võrk, ujukitega",selis,puit
619808,ERM B 171:33,"võrk, ujukitega",ujukid,puit
619808,ERM B 171:33,"võrk, ujukitega",võrk,puit
619810,ERM B 171:34/ab,labakindad,lõng,tekstiil
619810,ERM B 171:34/ab,labakindad,vill,tekstiil
619811,ERM B 171:35/ab,labakindad,lõng,tekstiil
619811,ERM B 171:35/ab,labakindad,vill,tekstiil
619812,ERM B 171:36/ab,sokid,lõng,tekstiil
619812,ERM B 171:36/ab,sokid,vill,tekstiil
619813,ERM B 171:37,hui,õunapuu,puit
619814,ERM B 171:38,hui,õunapuu,puit
619816,ERM B 171:40,võrgukivi,savi,keraamika
619817,ERM B 171:41,"võrk, ujukitega",kasetoht,puit
619817,ERM B 171:41,"võrk, ujukitega",kask,puit
619817,ERM B 171:41,"võrk, ujukitega",kork,puit
619817,ERM B 171:41,"võrk, ujukitega",linane,puit
619817,ERM B 171:41,"võrk, ujukitega",puuvill,puit
619817,ERM B 171:41,"võrk, ujukitega",selis,puit
619817,ERM B 171:41,"võrk, ujukitega",,puit
619817,ERM B 171:41,"võrk, ujukitega",ujukid,puit
619817,ERM B 171:41,"võrk, ujukitega",niit,puit
619818,ERM B 171:42,ujuk,okaspuit,puit
619819,ERM B 171:43,ujuk,okaspuit,puit
619822,ERM B 171:44,ujuk,okaspuit,puit
619845,ERM B 177:16/ab,viisud,niin,puit
619859,ERM B 177:28,kirvehoidja,niin,puit
619859,ERM B 177:28,kirvehoidja,pärn,puit
619860,ERM B 177:29,viisuluda,,
619860,ERM B 177:29,viisuluda,pärn,puit
619860,ERM B 177:29,viisuluda,raud,metall
619861,ERM B 177:30,naaskel,metall,metall
619861,ERM B 177:30,naaskel,puit,metall
619862,ERM B 177:31,naaskel,metall,metall
619862,ERM B 177:31,naaskel,puit,metall
619865,ERM B 68:1,linalõuguti,kuusk,puit
619866,ERM B 68:2,nõu,raud,metall
619866,ERM B 68:2,nõu,vits,metall
619867,ERM B 68:3,nõu,puit,puit
619868,ERM B 68:4,koorenõu,kask,puit
619869,ERM B 68:5,vakk,juured,puit
619869,ERM B 68:5,vakk,mänd,puit
619870,ERM B 68:6,nõu,kuusk,puit
619871,ERM B 68:7,saunaviht,kask,puit
619871,ERM B 68:7,saunaviht,nöör,puit
619872,ERM B 68:8,kirves,raud,metall
619873,ERM B 68:9,möll,raud,puit
619874,ERM B 68:10,võinõu,kask,puit
619875,ERM B 68:11,nõu,kask,puit
619876,ERM B 68:12,nõu,kask,puit
619877,ERM B 68:13,uurdesaag,kask,puit
619877,ERM B 68:13,uurdesaag,metall,metall
619878,ERM B 68:14,päsmer,kask,puit
619878,ERM B 68:14,päsmer,raud,metall
619879,ERM B 68:15,lusikanuga,kask,puit
619879,ERM B 68:15,lusikanuga,metall,metall
619880,ERM B 68:16/a-g,"lukk, võtmega",kask,puit
619880,ERM B 68:16/a-g,"lukk, võtmega",mänd,puit
619880,ERM B 68:16/a-g,"lukk, võtmega",,puit
619881,ERM B 68:17,nõu,okaspuit,puit
619882,ERM B 68:18/ab,"lauasaag, terahoidja-mõõdupuuga",kask,puit
619882,ERM B 68:18/ab,"lauasaag, terahoidja-mõõdupuuga",kuusk,puit
619882,ERM B 68:18/ab,"lauasaag, terahoidja-mõõdupuuga",,
619882,ERM B 68:18/ab,"lauasaag, terahoidja-mõõdupuuga",nahk,nahk
619882,ERM B 68:18/ab,"lauasaag, terahoidja-mõõdupuuga",raud,metall
619882,ERM B 68:18/ab,"lauasaag, terahoidja-mõõdupuuga",,puit
619882,ERM B 68:18/ab,"lauasaag, terahoidja-mõõdupuuga",toht,puit
619883,ERM B 68:19,"näokate, mesiniku",lina,tekstiil
619883,ERM B 68:19,"näokate, mesiniku",puit,puit
619884,ERM B 68:20,leivalabidas,kask,puit
619884,ERM B 68:20,leivalabidas,kuusk,puit
619884,ERM B 68:20,leivalabidas,,puit
619884,ERM B 68:20,leivalabidas,,puit
619885,ERM B 68:21,labidas,kask,puit
619885,ERM B 68:21,labidas,raud,metall
619886,ERM B 68:22,korv,kask,puit
619886,ERM B 68:22,korv,nöör,puit
619887,ERM B 68:23,korv,juured,puit
619887,ERM B 68:23,korv,kuusk,puit
619887,ERM B 68:23,korv,nöör,puit
619887,ERM B 68:23,korv,,puit
619888,ERM B 68:24/1,hui,kask,puit
619889,ERM B 68:24/2,hui,kask,puit
619890,ERM B 68:24/3,hui,kask,puit
619891,ERM B 68:24/4,hui,saar,puit
619892,ERM B 68:24/5,hui,tamm,puit
619893,ERM B 68:24/6,hui,saar,puit
619894,ERM B 68:24/7,hui,õunapuu,puit
619895,ERM B 68:24/8,hui,õunapuu,puit
619896,ERM B 68:24/9,hui,kask,puit
619897,ERM B 68:24/10,hui,õunapuu,puit
619898,ERM B 68:24/11,hui,kask,puit
619899,ERM B 68:24/12,hui,kask,puit
619900,ERM B 68:25,võrgusilma mõõt,tamm,puit
619901,ERM B 68:26/1-27,kangaspuud,kask,puit
619901,ERM B 68:26/1-27,kangaspuud,kuusk,puit
619901,ERM B 68:26/1-27,kangaspuud,raud,metall
619902,ERM B 68:27/a-e,käärpuud,lehtpuu,puit
619903,ERM B 68:28,süstik,kask,puit
619904,ERM B 68:29,nahapihid,kask,puit
619904,ERM B 68:29,nahapihid,raud,puit
619905,ERM B 68:30,rehereha,kask,puit
619905,ERM B 68:30,rehereha,kuusk,puit
619905,ERM B 68:30,rehereha,,
619905,ERM B 68:30,rehereha,,puit
619905,ERM B 68:30,rehereha,saar,puit
619905,ERM B 68:30,rehereha,,
619906,ERM B 68:31,rehehark,haab,puit
619906,ERM B 68:31,rehehark,,puit
619906,ERM B 68:31,rehehark,kask,puit
619907,ERM B 68:32,rehekäpp,kask,puit
619907,ERM B 68:32,rehekäpp,kuusk,puit
619907,ERM B 68:32,rehekäpp,,puit
619907,ERM B 68:32,rehekäpp,,puit
619907,ERM B 68:32,rehekäpp,saar,puit
619907,ERM B 68:32,rehekäpp,,puit
619908,ERM B 68:33,viljakühvel,mänd,puit
619909,ERM B 68:34,loogused,lepp,puit
619909,ERM B 68:34,loogused,nöör,puit
619910,ERM B 68:35,raamäke,haab,puit
619910,ERM B 68:35,raamäke,kask,puit
619910,ERM B 68:35,raamäke,kuusk,puit
619910,ERM B 68:35,raamäke,lepp,puit
619910,ERM B 68:35,raamäke,,puit
619910,ERM B 68:35,raamäke,,puit
619910,ERM B 68:35,raamäke,saar,puit
619911,ERM B 68:36,tool,,puit
619911,ERM B 68:36,tool,kask,puit
619911,ERM B 68:36,tool,kuusk,puit
619912,ERM B 68:37,tool,kask,puit
619913,ERM B 68:38,kiikhobune,okaspuit,puit
619913,ERM B 68:38,kiikhobune,raud,metall
619914,ERM B 68:39,küünarpuu,metall,metall
619914,ERM B 68:39,küünarpuu,okaspuit,puit
619914,ERM B 68:39,küünarpuu,traat,metall
619915,ERM B 68:40,latern,kask,puit
619915,ERM B 68:40,latern,klaas,klaas
619915,ERM B 68:40,latern,kuusk,puit
619915,ERM B 68:40,latern,,
619915,ERM B 68:40,latern,,
619915,ERM B 68:40,latern,raud,metall
619915,ERM B 68:40,latern,,puit
619916,ERM B 68:41,käärlaud,saar,puit
619917,ERM B 86:114,võrgukivi,kivim,kivim
619917,ERM B 86:114,võrgukivi,toht,puit
619918,ERM B 86:115,mõõdulint,kask,puit
619918,ERM B 86:115,mõõdulint,lint,
619918,ERM B 86:115,mõõdulint,,puit
619918,ERM B 86:115,mõõdulint,,tekstiil
619918,ERM B 86:115,mõõdulint,vask,metall
619918,ERM B 86:115,mõõdulint,,puit
619919,ERM B 86:116/ab,kraasid,kuusk,puit
619919,ERM B 86:116/ab,kraasid,metall,metall
619919,ERM B 86:116/ab,kraasid,nahk,nahk
619920,ERM B 86:117,kartulikonks,kuusk,puit
619920,ERM B 86:117,kartulikonks,raud,metall
619921,ERM B 86:118/ab,nõu,mänd,puit
619921,ERM B 86:118/ab,nõu,,puit
619921,ERM B 86:118/ab,nõu,,puit
619921,ERM B 86:118/ab,nõu,toht,puit
619922,ERM B 86:119/ab,soolapudel,toht,puit
619923,ERM B 86:120/ab,soolapudel,toht,puit
619924,ERM B 86:121/ab,karp,toht,puit
619925,ERM B 86:122/ab,viisud,toht,puit
619926,ERM B 86:123,märss,liist,puit
619926,ERM B 86:123,märss,toht,puit
619926,ERM B 86:123,märss,toomingas,puit
619927,ERM B 86:124/1-10,rinnamärk,toht,puit
619937,ERM B 87:1,lõks,raud,metall
619938,ERM B 87:2,vibupuur,kask,puit
619938,ERM B 87:2,vibupuur,nael,metall
619938,ERM B 87:2,vibupuur,nahk,nahk
619938,ERM B 87:2,vibupuur,põhjapõder,nahk
619938,ERM B 87:2,vibupuur,raud,metall
619939,ERM B 87:3/ab,"nuga, tupega",kask,puit
619939,ERM B 87:3/ab,"nuga, tupega",nahk,nahk
619939,ERM B 87:3/ab,"nuga, tupega",raud,metall
619940,ERM B 87:4,nõu,nahk,puit
619940,ERM B 87:4,nõu,nöör,puit
619940,ERM B 87:4,nõu,puit,puit
619940,ERM B 87:4,nõu,,puit
619940,ERM B 87:4,nõu,puuvill,puit
619940,ERM B 87:4,nõu,rihm,puit
619940,ERM B 87:4,nõu,toht,puit
619941,ERM B 87:5/ab,"karvasaapad, säärega, laste",karusnahk,nahk
619941,ERM B 87:5/ab,"karvasaapad, säärega, laste",puuvill,nahk
619941,ERM B 87:5/ab,"karvasaapad, säärega, laste",põhjapõder,nahk
619941,ERM B 87:5/ab,"karvasaapad, säärega, laste",riideriba,nahk
619941,ERM B 87:5/ab,"karvasaapad, säärega, laste",vill,nahk
619942,ERM B 87:6/ab,"karvasaapad, säärega, naiste",elektrijuhe,plastik
619942,ERM B 87:6/ab,"karvasaapad, säärega, naiste",karusnahk,nahk
619942,ERM B 87:6/ab,"karvasaapad, säärega, naiste",plast,plastik
619942,ERM B 87:6/ab,"karvasaapad, säärega, naiste",puuvill,tekstiil
619942,ERM B 87:6/ab,"karvasaapad, säärega, naiste",põhjapõder,nahk
619942,ERM B 87:6/ab,"karvasaapad, säärega, naiste",riideriba,tekstiil
619942,ERM B 87:6/ab,"karvasaapad, säärega, naiste",riie,tekstiil
619942,ERM B 87:6/ab,"karvasaapad, säärega, naiste",vill,tekstiil
619943,ERM B 87:7/ab,"karvasaapad, säärega, laste",nahk,nahk
619943,ERM B 87:7/ab,"karvasaapad, säärega, laste",põhjapõder,nahk
619943,ERM B 87:7/ab,"karvasaapad, säärega, laste",riideriba,nahk
619943,ERM B 87:7/ab,"karvasaapad, säärega, laste",vill,nahk
619944,ERM B 87:8,kleit,poeriie,tekstiil
619944,ERM B 87:8,kleit,puuvill,tekstiil
619946,ERM B 87:10/ab,vakk,juured,puit
619946,ERM B 87:10/ab,vakk,kuusk,puit
619946,ERM B 87:10/ab,vakk,vits,puit
619947,ERM B 87:11,kulp,seeder,puit
619950,ERM B 87:14,põhjapõdrarakendi kaunistus,vask,metall
619954,ERM B 87:18,söögilaud,kask,puit
619954,ERM B 87:18,söögilaud,mänd,puit
619955,ERM B 87:19,kulp,seeder,puit
619956,ERM B 87:20,vaagen,seeder,puit
619957,ERM B 87:21/ab,"nuga, tupega, meeste",kask,puit
619957,ERM B 87:21/ab,"nuga, tupega, meeste",,
619957,ERM B 87:21/ab,"nuga, tupega, meeste",,puit
619957,ERM B 87:21/ab,"nuga, tupega, meeste",nahk,nahk
619957,ERM B 87:21/ab,"nuga, tupega, meeste",raud,metall
619957,ERM B 87:21/ab,"nuga, tupega, meeste",,metall
619958,ERM B 87:22,"noatupp, meeste",kask,puit
619958,ERM B 87:22,"noatupp, meeste",nahk,nahk
619959,ERM B 87:23,"noatupp, naiste",konservikarp,metall
619959,ERM B 87:23,"noatupp, naiste",metall,metall
619959,ERM B 87:23,"noatupp, naiste",nahk,nahk
619959,ERM B 87:23,"noatupp, naiste",plaat,
619959,ERM B 87:23,"noatupp, naiste",puit,puit
619959,ERM B 87:23,"noatupp, naiste",raud,metall
619959,ERM B 87:23,"noatupp, naiste",vask,metall
619960,ERM B 87:24,tubakatoos,alumiinium,metall
619960,ERM B 87:24,tubakatoos,puit,puit
619961,ERM B 87:25/ab,tubakatoos,alumiinium,metall
619961,ERM B 87:25/ab,tubakatoos,okaspuit,puit
619961,ERM B 87:25/ab,tubakatoos,,
619961,ERM B 87:25/ab,tubakatoos,,
619962,ERM B 87:26,kulp,seeder,puit
619963,ERM B 87:27,vibupuur,kask,puit
619963,ERM B 87:27,vibupuur,nahk,nahk
619963,ERM B 87:27,vibupuur,raud,metall
619964,ERM B 87:28,võrgunõel,kask,puit
619965,ERM B 87:29/ab,"nuga, tupega",kask,puit
619965,ERM B 87:29/ab,"nuga, tupega",,
619965,ERM B 87:29/ab,"nuga, tupega",,
619965,ERM B 87:29/ab,"nuga, tupega",raud,metall
619965,ERM B 87:29/ab,"nuga, tupega",,metall
619966,ERM B 92:30,keelpill,kask,puit
619966,ERM B 92:30,keelpill,,puit
619966,ERM B 92:30,keelpill,seeder,puit
619967,ERM B 92:31/ab,karp,kask,puit
619967,ERM B 92:31/ab,karp,,puit
619967,ERM B 92:31/ab,karp,toht,puit
619967,ERM B 92:31/ab,karp,toomingas,puit
619967,ERM B 92:31/ab,karp,,puit
619970,ERM B 92:34,kott,karusnahk,nahk
619970,ERM B 92:34,kott,nahk,nahk
619971,ERM B 92:35,"saapad, naiste",nahk,nahk
619973,ERM B 92:37,kalavaagen,kask,puit
619974,ERM B 92:38/ab,vakk,toht,puit
619974,ERM B 92:38/ab,vakk,toomingas,puit
619974,ERM B 92:38/ab,vakk,,puit
619975,ERM B 92:39,kulp,kask,puit
619976,ERM B 92:40/ab,"pulgad, lasso punumise",kuusk,puit
619976,ERM B 92:40/ab,"pulgad, lasso punumise",nahk,puit
619977,ERM B 92:41/ab,käsitöövakk,kask,puit
619977,ERM B 92:41/ab,käsitöövakk,nahk,nahk
619977,ERM B 92:41/ab,käsitöövakk,toht,puit
619977,ERM B 92:41/ab,käsitöövakk,toomingas,puit
619977,ERM B 92:41/ab,käsitöövakk,,puit
619978,ERM B 92:42,lusikas,seeder,puit
619980,ERM B 93:2,kalalaud,kuusk,puit
619981,ERM B 93:3,õngenöör,lehtpuu,puit
619981,ERM B 93:3,õngenöör,nöör,tekstiil
619981,ERM B 93:3,õngenöör,,puit
619981,ERM B 93:3,õngenöör,puuvill,tekstiil
619982,ERM B 93:4,mõrd,metall,metall
619982,ERM B 93:4,mõrd,puuvill,metall
619982,ERM B 93:4,mõrd,traat,metall
619983,ERM B 93:5,võrk,,
619983,ERM B 93:5,võrk,,
619983,ERM B 93:5,võrk,puuvill,tekstiil
619983,ERM B 93:5,võrk,raud,metall
619983,ERM B 93:5,võrk,toht,puit
619983,ERM B 93:5,võrk,võrk,tekstiil
619984,ERM B 93:6,korv,toht,puit
619984,ERM B 93:6,korv,toomingas,puit
619984,ERM B 93:6,korv,vits,puit
619985,ERM B 93:7,laastukorv,mänd,puit
619985,ERM B 93:7,laastukorv,toomingas,puit
619985,ERM B 93:7,laastukorv,vits,puit
619986,ERM B 93:8,hakkraud,raud,metall
619987,ERM B 93:9,sõel,mänd,puit
619987,ERM B 93:9,sõel,vask,metall
619987,ERM B 93:9,sõel,võrk,tekstiil
619988,ERM B 93:10,õngekonks,raud,puit
619989,ERM B 93:11,võikirn,kuusk,puit
619990,ERM B 93:12,laastukorv,mänd,puit
619990,ERM B 93:12,laastukorv,toomingas,puit
619990,ERM B 93:12,laastukorv,vits,puit
619991,ERM B 93:13,kauss,savi,keraamika
619992,ERM B 93:14,nõu,niit,puit
619992,ERM B 93:14,nõu,puuvill,puit
619992,ERM B 93:14,nõu,toht,puit
619993,ERM B 93:15,hundirauad,raud,metall
619994,ERM B 93:16,korv,toht,puit
619995,ERM B 93:17,noatupp,nahk,nahk
619995,ERM B 93:17,noatupp,niit,tekstiil
619995,ERM B 93:17,noatupp,puuvill,tekstiil
619996,ERM B 93:18,noatupp,nahk,nahk
619996,ERM B 93:18,noatupp,niit,tekstiil
619996,ERM B 93:18,noatupp,puuvill,tekstiil
619997,ERM B 93:19,pott,savi,keraamika
619998,ERM B 93:20,võrk,,puit
619998,ERM B 93:20,võrk,puuvill,tekstiil
619998,ERM B 93:20,võrk,raud,metall
619998,ERM B 93:20,võrk,,puit
619998,ERM B 93:20,võrk,toht,puit
619999,ERM B 93:21/a-d,"võrguproov, kaladi, piirits, pulk",kaladi,puit
619999,ERM B 93:21/a-d,"võrguproov, kaladi, piirits, pulk",,puit
619999,ERM B 93:21/a-d,"võrguproov, kaladi, piirits, pulk",kask,puit
619999,ERM B 93:21/a-d,"võrguproov, kaladi, piirits, pulk",kuusk,puit
619999,ERM B 93:21/a-d,"võrguproov, kaladi, piirits, pulk",,puit
619999,ERM B 93:21/a-d,"võrguproov, kaladi, piirits, pulk",puuvill,puit
620000,ERM B 93:22,kelk,puit,puit
620000,ERM B 93:22,kelk,tehismaterjal,puit
620000,ERM B 93:22,kelk,vakstu,puit
620001,ERM B 93:23,vikat,kask,puit
620001,ERM B 93:23,vikat,raud,metall
620003,ERM B 93:25,kedervars,kask,puit
620004,ERM B 93:26,koonlapuu,mänd,puit
620005,ERM B 93:27,märss,lina,puit
620005,ERM B 93:27,märss,nöör,puit
620005,ERM B 93:27,märss,toht,puit
620006,ERM B 93:28,piimakauss,savi,keraamika
620007,ERM B 93:29,suhkrupurustaja,,
620007,ERM B 93:29,suhkrupurustaja,kuusk,puit
620007,ERM B 93:29,suhkrupurustaja,,metall
620007,ERM B 93:29,suhkrupurustaja,raud,metall
620008,ERM B 93:30,koorelahutaja,kask,puit
620008,ERM B 93:30,koorelahutaja,,
620008,ERM B 93:30,koorelahutaja,malm,metall
620008,ERM B 93:30,koorelahutaja,metall,metall
620010,ERM B 94:1,võrgukäba,koor,puit
620010,ERM B 94:1,võrgukäba,mänd,puit
620011,ERM B 94:2,võrgukäba,kork,puit
620011,ERM B 94:2,võrgukäba,puit,puit
620012,ERM B 94:3,võrgukäba,kork,puit
620012,ERM B 94:3,võrgukäba,puit,puit
620013,ERM B 94:4,võrgukäba,koorik,puit
620013,ERM B 94:4,võrgukäba,kork,puit
620014,ERM B 94:5,võrgukäba,koorik,puit
620014,ERM B 94:5,võrgukäba,kork,puit
620015,ERM B 94:6,kauss,savi,keraamika
620016,ERM B 94:7,kauss,savi,keraamika
620039,ERM B 110:52,"viisk, laste",toht,puit
620040,ERM B 110:53,õllenõu,savi,keraamika
620040,ERM B 110:53,õllenõu,toht,puit
620041,ERM B 110:54,kopsik,vask,metall
620041,ERM B 110:54,kopsik,vask,metall
620043,ERM B 110:56,suga,niit,puit
620043,ERM B 110:56,suga,nöör,puit
620043,ERM B 110:56,suga,okaspuit,puit
620043,ERM B 110:56,suga,puuvill,puit
620043,ERM B 110:56,suga,takk,puit
620044,ERM B 110:57,"vöö, naiste",linane,tekstiil
620044,ERM B 110:57,"vöö, naiste",lõng,tekstiil
620044,ERM B 110:57,"vöö, naiste",niit,tekstiil
620044,ERM B 110:57,"vöö, naiste",puuvill,tekstiil
620044,ERM B 110:57,"vöö, naiste",vill,tekstiil
620044,ERM B 110:57,"vöö, naiste",,tekstiil
620045,ERM B 110:58,"vöö, naiste",kunstsiid,tekstiil
620045,ERM B 110:58,"vöö, naiste",niit,tekstiil
620046,ERM B 110:59,koonlapuu,mänd,puit
620047,ERM B 110:60,lihakopp,lehtpuu,puit
620048,ERM B 110:61,vurrpuur,kask,puit
620048,ERM B 110:61,vurrpuur,kuusk,puit
620048,ERM B 110:61,vurrpuur,nahk,nahk
620048,ERM B 110:61,vurrpuur,,puit
620048,ERM B 110:61,vurrpuur,raud,metall
620049,ERM B 110:62,ikooniraam,okaspuit,puit
620050,ERM B 110:63,soalaad,,puit
620050,ERM B 110:63,soalaad,kask,puit
620050,ERM B 110:63,soalaad,kuusk,puit
620051,ERM B 110:64,võikirn,kadakas,puit
620051,ERM B 110:64,võikirn,kuusk,puit
620051,ERM B 110:64,võikirn,vits,puit
620052,ERM B 110:65,vaalikurikas,kask,puit
620053,ERM B 110:66,kurikas,kask,puit
620054,ERM B 110:67,süstik,lehtpuu,puit
620054,ERM B 110:67,süstik,toht,puit
620055,ERM B 110:68,koonlapuu,kask,puit
620055,ERM B 110:68,koonlapuu,liist,puit
620055,ERM B 110:68,koonlapuu,mänd,puit
620055,ERM B 110:68,koonlapuu,,puit
620056,ERM B 110:69,kauss,savi,keraamika
620057,ERM B 110:70,poolivokk,kuusk,puit
620057,ERM B 110:70,poolivokk,raud,metall
620058,ERM B 110:71,nõu,toht,puit
620060,ERM B 110:73/ab,kingaliist,kask,puit
620061,ERM B 110:74,ahing,raud,metall
620062,ERM B 111:1,pealinik,lina,tekstiil
620064,ERM B 111:3,käterätt,lina,tekstiil
620064,ERM B 111:3,käterätt,linane,tekstiil
620064,ERM B 111:3,käterätt,loomne materjal,tekstiil
620064,ERM B 111:3,käterätt,niit,tekstiil
620069,ERM B 111:8/ab,"sukad, naiste",linane,tekstiil
620069,ERM B 111:8/ab,"sukad, naiste",lõng,tekstiil
620069,ERM B 111:8/ab,"sukad, naiste",puuvill,tekstiil
620070,ERM B 111:9/ab,"sukad, naiste",linane,tekstiil
620070,ERM B 111:9/ab,"sukad, naiste",lõng,tekstiil
620070,ERM B 111:9/ab,"sukad, naiste",puuvill,tekstiil
620078,ERM B 112:1,"figuur, looma",savi,keraamika
620083,ERM B 113:1,kätepesunõu,metall,metall
620083,ERM B 113:1,kätepesunõu,savi,metall
620083,ERM B 113:1,kätepesunõu,traat,metall
620084,ERM B 113:2/ab,"luisk, taskuga",kuusk,puit
620084,ERM B 113:2/ab,"luisk, taskuga",,puit
620084,ERM B 113:2/ab,"luisk, taskuga",,puit
620084,ERM B 113:2/ab,"luisk, taskuga",toht,puit
620085,ERM B 113:3,püünis,niin,puit
620085,ERM B 113:3,püünis,raud,metall
620085,ERM B 113:3,püünis,takk,puit
620086,ERM B 113:4,labidas,kask,puit
620087,ERM B 113:5,samovar,vask,metall
620088,ERM B 113:6,käterätt,lina,tekstiil
620088,ERM B 113:6,käterätt,puuvill,tekstiil
620089,ERM B 113:7,"vöö, tuttidega",lõng,tekstiil
620089,ERM B 113:7,"vöö, tuttidega",puuvill,tekstiil
620089,ERM B 113:7,"vöö, tuttidega",vill,tekstiil
620090,ERM B 128:9,viisupael,lõng,tekstiil
620090,ERM B 128:9,viisupael,vill,tekstiil
620091,ERM B 128:10,põllepael,kude,tekstiil
620091,ERM B 128:10,põllepael,linane,tekstiil
620091,ERM B 128:10,põllepael,lõim,tekstiil
620091,ERM B 128:10,põllepael,vill,tekstiil
620092,ERM B 128:11,"rüü, naiste",vill,tekstiil
620096,ERM B 128:15,meekopp,mänd,puit
620097,ERM B 128:16,voodi otsalaud,kask,puit
620098,ERM B 128:17,niiepöör,lehtpuu,puit
620103,ERM B 128:22/ab,viisud,kalev (riidesort),puit
620103,ERM B 128:22/ab,viisud,niin,puit
620103,ERM B 128:22/ab,viisud,pael,puit
620103,ERM B 128:22/ab,viisud,vill,puit
620107,ERM B 128:26,"ülerõivas, pruudi",brokaat (riidesort),tekstiil
620107,ERM B 128:26,"ülerõivas, pruudi",kangas,tekstiil
620107,ERM B 128:26,"ülerõivas, pruudi",pael,tekstiil
620107,ERM B 128:26,"ülerõivas, pruudi",samet,tekstiil
620120,ERM B 128:39,sukk,kangas,tekstiil
620120,ERM B 128:39,sukk,linane,tekstiil
620129,ERM B 128:48/ab,sukad,lõng,tekstiil
620129,ERM B 128:48/ab,sukad,vill,tekstiil
620132,ERM B 128:51,käterätt,lina,tekstiil
620132,ERM B 128:51,käterätt,puuvill,tekstiil
620134,ERM B 128:53,käterätt,linane,tekstiil
620134,ERM B 128:53,käterätt,puuvill,tekstiil
620134,ERM B 128:53,käterätt,riie,tekstiil
620134,ERM B 128:53,käterätt,tikand,tekstiil
620140,ERM B 139:114,viisutegemise nuga,kask,puit
620140,ERM B 139:114,viisutegemise nuga,raud,metall
620141,ERM B 139:115,viisutegemise nuga,kask,puit
620141,ERM B 139:115,viisutegemise nuga,raud,metall
620142,ERM B 139:116/ab,"võikirn, männaga",kask,puit
620142,ERM B 139:116/ab,"võikirn, männaga",kuusk,puit
620142,ERM B 139:116/ab,"võikirn, männaga",,puit
620143,ERM B 139:117/abc,püstvokk,kask,puit
620144,ERM B 139:118/abc,püstvokk,kask,puit
620145,ERM B 139:119,tikkimispuu,kask,puit
620146,ERM B 139:120,tikkimispuu,kask,puit
620147,ERM B 139:121,tikkimispuu,kask,puit
620148,ERM B 139:122,kauss,seeder,puit
620149,ERM B 139:123,uhmer,kask,puit
620150,ERM B 139:124/ab,koonlapuu,kask,puit
620151,ERM B 139:125,voolmed,kask,puit
620151,ERM B 139:125,voolmed,raud,metall
620152,ERM B 139:126,koot,kask,puit
620152,ERM B 139:126,koot,nahk,puit
620152,ERM B 139:126,koot,rihm,puit
620153,ERM B 139:127,konks,kask,puit
620153,ERM B 139:127,konks,nöör,puit
620153,ERM B 139:127,konks,takk,puit
620154,ERM B 140:1/a-h,tagapõll,litrid,tekstiil
620154,ERM B 140:1/a-h,tagapõll,looduslik kiud,tekstiil
620154,ERM B 140:1/a-h,tagapõll,vask,tekstiil
620154,ERM B 140:1/a-h,tagapõll,vill,tekstiil
620160,ERM B 140:8,tagapõll,litrid,metall
620160,ERM B 140:8,tagapõll,looduslik kiud,tekstiil
620160,ERM B 140:8,tagapõll,vask,metall
620160,ERM B 140:8,tagapõll,vill,tekstiil
620161,ERM B 140:9,"kasukas, naiste",nahk,tekstiil
620161,ERM B 140:9,"kasukas, naiste",nööp,tekstiil
620161,ERM B 140:9,"kasukas, naiste",,tekstiil
620161,ERM B 140:9,"kasukas, naiste",puuvill,tekstiil
620161,ERM B 140:9,"kasukas, naiste",riie,tekstiil
620161,ERM B 140:9,"kasukas, naiste",orav,tekstiil
620164,ERM B 140:4,tagapõll,litrid,tekstiil
620164,ERM B 140:4,tagapõll,looduslik kiud,tekstiil
620164,ERM B 140:4,tagapõll,puuvill,tekstiil
620164,ERM B 140:4,tagapõll,vask,tekstiil
620164,ERM B 140:4,tagapõll,vill,tekstiil
620168,ERM B 140:15,kanepikamm,kask,puit
620169,ERM B 140:16,kanepihari,kanep,tekstiil
620169,ERM B 140:16,kanepihari,karv,nahk
620169,ERM B 140:16,kanepihari,nöör,tekstiil
620169,ERM B 140:16,kanepihari,seaharjased,nahk
620170,ERM B 140:17,viisuluda,kask,puit
620170,ERM B 140:17,viisuluda,raud,metall
620171,ERM B 140:18,kanepikamm,lehtpuu,puit
620172,ERM B 140:19,kanepihari,kanep,tekstiil
620172,ERM B 140:19,kanepihari,karv,nahk
620172,ERM B 140:19,kanepihari,nöör,tekstiil
620172,ERM B 140:19,kanepihari,seaharjased,nahk
620176,ERM B 140:23,"süstik, pooliga",kask,puit
620176,ERM B 140:23,"süstik, pooliga",,puit
620176,ERM B 140:23,"süstik, pooliga",,puit
620176,ERM B 140:23,"süstik, pooliga",vaher,puit
620177,ERM B 140:24/ab,viisud,niin,puit
620181,ERM B 140:28,kanepikamm,jalakas,puit
620182,ERM B 140:29/ab,viisud,niin,puit
620183,ERM B 140:30,kanepikamm,jalakas,puit
620184,ERM B 140:31,süstik,pärn,puit
620185,ERM B 140:32/ab,niiepöörad,kask,puit
620186,ERM B 140:33,jahukühvel,kask,puit
620187,ERM B 140:34/ab,pool,lehtpuu,puit
620187,ERM B 140:34/ab,pool,raud,metall
620187,ERM B 140:34/ab,pool,vask,metall
620188,ERM B 140:35,võikann,savi,keraamika
620189,ERM B 153:23,seelik,toot,tekstiil
620189,ERM B 153:23,seelik,kude,tekstiil
620189,ERM B 153:23,seelik,linane,tekstiil
620189,ERM B 153:23,seelik,lõim,tekstiil
620189,ERM B 153:23,seelik,puuvill,tekstiil
620190,ERM B 153:24,pihikseelik,kude,tekstiil
620190,ERM B 153:24,pihikseelik,linane,tekstiil
620190,ERM B 153:24,pihikseelik,lõim,tekstiil
620190,ERM B 153:24,pihikseelik,vill,tekstiil
620192,ERM B 153:26,seelik,kude,tekstiil
620192,ERM B 153:26,seelik,linane,tekstiil
620192,ERM B 153:26,seelik,lõim,tekstiil
620192,ERM B 153:26,seelik,vill,tekstiil
620193,ERM B 153:27,seelik,,tekstiil
620193,ERM B 153:27,seelik,toot,tekstiil
620193,ERM B 153:27,seelik,puuvill,tekstiil
620194,ERM B 153:28,märss,lina,puit
620194,ERM B 153:28,märss,nöör,puit
620194,ERM B 153:28,märss,toht,puit
620198,ERM B 153:32,triikraud,malm,metall
620198,ERM B 153:32,triikraud,puit,puit
620201,ERM B 153:35,vints,raud,metall
620202,ERM B 153:36,saiapann,metall,metall
620202,ERM B 153:36,saiapann,plekk,metall
620208,ERM B 153:42,margapuu,raud,metall
620209,ERM B 153:43,vedrukaal,raud,metall
620210,ERM B 153:44,vedrukaal,raud,metall
620210,ERM B 153:44,vedrukaal,vask,metall
620211,ERM B 153:45,voolmed,kask,puit
620211,ERM B 153:45,voolmed,metall,metall
620212,ERM B 153:46,ahjuroop,raud,metall
620213,ERM B 153:47,kangakeha,haab,puit
620213,ERM B 153:47,kangakeha,,puit
620213,ERM B 153:47,kangakeha,pärn,puit
620215,ERM B 154:1,tagapõll,nööp,metall
620215,ERM B 154:1,tagapõll,puuvill,tekstiil
620215,ERM B 154:1,tagapõll,vask,metall
620215,ERM B 154:1,tagapõll,vill,tekstiil
620218,ERM B 154:4/ab,viisud,niin,puit
620219,ERM B 154:5,tagapõll,brokaat (riidesort),tekstiil
620219,ERM B 154:5,tagapõll,puuvill,tekstiil
620219,ERM B 154:5,tagapõll,vask,metall
620219,ERM B 154:5,tagapõll,vill,tekstiil
620220,ERM B 154:6,tagapõll,lina,tekstiil
620220,ERM B 154:6,tagapõll,litrid,klaas
620220,ERM B 154:6,tagapõll,vask,metall
620220,ERM B 154:6,tagapõll,vill,tekstiil
620223,ERM B 154:9,rüü,kanep,tekstiil
620223,ERM B 154:9,rüü,labane kangas,tekstiil
620223,ERM B 154:9,rüü,litrid,tekstiil
620223,ERM B 154:9,rüü,lõng,tekstiil
620223,ERM B 154:9,rüü,vask,tekstiil
620223,ERM B 154:9,rüü,vill,tekstiil
620227,ERM B 154:13,käterätt,kanep,tekstiil
620227,ERM B 154:13,käterätt,looduslik kiud,tekstiil
620227,ERM B 154:13,käterätt,puuvill,tekstiil
620228,ERM B 154:14,käterätt,kanep,tekstiil
620228,ERM B 154:14,käterätt,looduslik kiud,tekstiil
620228,ERM B 154:14,käterätt,puuvill,tekstiil
620231,ERM B 154:17,viisuluda,kask,puit
620231,ERM B 154:17,viisuluda,raud,metall
620232,ERM B 154:18,pilak,raud,metall
620233,ERM B 154:19,süstik,lehtpuu,puit
620234,ERM B 154:20,kangatempel,kask,puit
620235,ERM B 154:21,suga,kanep,puit
620235,ERM B 154:21,suga,kask,puit
620235,ERM B 154:21,suga,kuusk,puit
620235,ERM B 154:21,suga,nöör,puit
620236,ERM B 154:22,suga,kanep,puit
620236,ERM B 154:22,suga,kask,puit
620236,ERM B 154:22,suga,kuusk,puit
620236,ERM B 154:22,suga,nöör,puit
620326,ERM B 165:12,vöö,vill,tekstiil
620327,ERM B 165:13,kaelaehe,alumiinium,metall
620327,ERM B 165:13,kaelaehe,metall,metall
620327,ERM B 165:13,kaelaehe,plast,metall
620327,ERM B 165:13,kaelaehe,puuvill,metall
620327,ERM B 165:13,kaelaehe,vill,metall
620328,ERM B 165:14,peakate,hõbe,metall
620328,ERM B 165:14,peakate,linane,metall
620328,ERM B 165:14,peakate,münt,metall
620329,ERM B 165:15,peakate,hõbe,metall
620329,ERM B 165:15,peakate,linane,metall
620329,ERM B 165:15,peakate,metall,metall
620332,ERM B 165:17,käevõru,alumiinium,metall
620333,ERM B 165:18,ikoonirätik,lina,tekstiil
620334,ERM B 165:19,pearätik,puuvill,tekstiil
620335,ERM B 165:20,"püksid, naiste",kanep,tekstiil
620337,ERM B 165:21,põll,puuvill,tekstiil
620338,ERM B 165:22,põll,puuvill,tekstiil
620339,ERM B 165:23,kleit,puuvill,tekstiil
620340,ERM B 165:24/ab,sääremähised,litrid,klaas
620340,ERM B 165:24/ab,sääremähised,metall,tekstiil
620340,ERM B 165:24/ab,sääremähised,puuvill,tekstiil
620340,ERM B 165:24/ab,sääremähised,vill,tekstiil
620341,ERM B 165:25/ab,süstik,lehtpuu,puit
620342,ERM B 165:26,kleit,metall,tekstiil
620342,ERM B 165:26,kleit,münt,tekstiil
620342,ERM B 165:26,kleit,nööp,tekstiil
620342,ERM B 165:26,kleit,plast,tekstiil
620342,ERM B 165:26,kleit,puuvill,tekstiil
620342,ERM B 165:26,kleit,vill,tekstiil
620343,ERM B 165:27,kleit,kunstsiid,tekstiil
620343,ERM B 165:27,kleit,puuvill,tekstiil
620343,ERM B 165:27,kleit,,tekstiil
620344,ERM B 165:28,"särk, meeste",puuvill,tekstiil
620345,ERM B 165:29,leilikulp,puit,puit
620346,ERM B 165:30,särk,puuvill,tekstiil
620347,ERM B 165:31,põll,puuvill,tekstiil
620348,ERM B 165:32,rüü,kard,tekstiil
620348,ERM B 165:32,rüü,metallkiud,tekstiil
620348,ERM B 165:32,rüü,puuvill,tekstiil
620355,ERM B 166:1,seelik,,tekstiil
620355,ERM B 166:1,seelik,kude,tekstiil
620355,ERM B 166:1,seelik,lina,tekstiil
620355,ERM B 166:1,seelik,metall,tekstiil
620355,ERM B 166:1,seelik,puuvill,tekstiil
620355,ERM B 166:1,seelik,kanep,tekstiil
620357,ERM B 166:2,seelik,lina,tekstiil
620358,ERM B 166:3,põll,lina,tekstiil
620359,ERM B 166:4,suurrätt,vill,tekstiil
620363,ERM B 166:8,seelik,,tekstiil
620363,ERM B 166:8,seelik,kodukootud kangas,tekstiil
620363,ERM B 166:8,seelik,linane,tekstiil
620363,ERM B 166:8,seelik,metall,tekstiil
620365,ERM B 166:9,seelik,kodukootud kangas,tekstiil
620365,ERM B 166:9,seelik,lina,tekstiil
620366,ERM B 166:10,käterätt,lina,tekstiil
620366,ERM B 166:10,käterätt,puuvill,tekstiil
620367,ERM B 166:11/ab,"viisud, pulma",pärn,puit
620368,ERM B 171:45,ujuk,okaspuit,puit
620369,ERM B 171:46,ujuk,okaspuit,puit
620370,ERM B 171:47,ujuk,okaspuit,puit
620387,ERM B 171:64,käterätt,linane,tekstiil
620387,ERM B 171:64,käterätt,lõng,tekstiil
620387,ERM B 171:64,käterätt,puuvill,tekstiil
620387,ERM B 171:64,käterätt,riie,tekstiil
620388,ERM B 171:65,käterätt,puuvill,tekstiil
620392,ERM B 171:69,käterätt,kangas,tekstiil
620392,ERM B 171:69,käterätt,linane,tekstiil
620392,ERM B 171:69,käterätt,lõng,tekstiil
620392,ERM B 171:69,käterätt,puuvill,tekstiil
620393,ERM B 171:70,käterätt,lina,tekstiil
620393,ERM B 171:70,käterätt,puuvill,tekstiil
620394,ERM B 171:71,käterätt,lina,tekstiil
620394,ERM B 171:71,käterätt,puuvill,tekstiil
620401,ERM B 171:77,käterätt,puuvill,tekstiil
620416,ERM B 177:35,viisuvorm,pärn,puit
620424,ERM B 177:42,käterätt,puuvill,tekstiil
620437,ERM B 177:52/ab,"saapad, naiste",nahk,nahk
620439,ERM B 177:53,käterätt,lina,tekstiil
620439,ERM B 177:53,käterätt,puuvill,tekstiil
620439,ERM B 177:53,käterätt,vill,tekstiil
620451,ERM B 68:42,haspel,kask,puit
620451,ERM B 68:42,haspel,mänd,puit
620451,ERM B 68:42,haspel,,puit
620452,ERM B 68:43,villakorv,mänd,puit
620453,ERM B 68:44,"toober, kalanõu",kuusk,puit
620454,ERM B 68:45,"kast, meremehe",kuusk,puit
620455,ERM B 68:46,valge leiva astja,kask,puit
620456,ERM B 68:47,pesukurikas,saar,puit
620457,ERM B 68:48/abc,käärpuud,lehtpuu,puit
620457,ERM B 68:48/abc,käärpuud,okaspuit,puit
620458,ERM B 68:49,"pesupali, laste",kuusk,puit
620459,ERM B 68:50/ab,pastlad,nahk,nahk
620460,ERM B 68:51/ab,odratünn,kuusk,puit
620461,ERM B 68:52,tursaõng,,metall
620461,ERM B 68:52,tursaõng,mänd,puit
620461,ERM B 68:52,tursaõng,nöör,tekstiil
620461,ERM B 68:52,tursaõng,puuvill,tekstiil
620461,ERM B 68:52,tursaõng,tina,metall
620462,ERM B 68:53,look,kask,puit
620463,ERM B 68:54,kalakorv,kask,puit
620463,ERM B 68:54,kalakorv,kuusk,puit
620463,ERM B 68:54,kalakorv,vits,puit
620464,ERM B 68:55,astjakraap,raud,metall
620465,ERM B 68:56/a-e,kiluvõrk,kork,puit
620465,ERM B 68:56/a-e,kiluvõrk,käbad,puit
620465,ERM B 68:56/a-e,kiluvõrk,nöör,tekstiil
620465,ERM B 68:56/a-e,kiluvõrk,puit,puit
620465,ERM B 68:56/a-e,kiluvõrk,puuvill,tekstiil
620466,ERM B 68:57,võrgukivi,kivim,puit
620466,ERM B 68:57,võrgukivi,nöör,puit
620466,ERM B 68:57,võrgukivi,puuvill,puit
620467,ERM B 68:58,vokk,kask,puit
620468,ERM B 68:59,pink,kuusk,puit
620469,ERM B 68:60,tubakanuga,puit,puit
620469,ERM B 68:60,tubakanuga,raud,metall
620470,ERM B 68:61,rokanõu,kuusk,puit
620471,ERM B 68:62,nõu,kuusk,puit
620471,ERM B 68:62,nõu,lepp,puit
620471,ERM B 68:62,nõu,vits,puit
620472,ERM B 68:63,mõla,kuusk,puit
620473,ERM B 68:64,mõla,kuusk,puit
620474,ERM B 68:65,võrgumärk,kuusk,puit
620474,ERM B 68:65,võrgumärk,raud,metall
620475,ERM B 68:66,palgikonks,haab,puit
620475,ERM B 68:66,palgikonks,raud,metall
620476,ERM B 68:67,kartulikorv,mänd,puit
620477,ERM B 68:68,lõngakorv,mänd,puit
620478,ERM B 68:69,sõel,kiududest võrk,tekstiil
620478,ERM B 68:69,sõel,,
620478,ERM B 68:69,sõel,lepp,puit
620478,ERM B 68:69,sõel,lina,tekstiil
620478,ERM B 68:69,sõel,metall,metall
620478,ERM B 68:69,sõel,,
620478,ERM B 68:69,sõel,traat,metall
620478,ERM B 68:69,sõel,vineer,puit
620479,ERM B 68:70,sõel,jõhv,nahk
620479,ERM B 68:70,sõel,,
620479,ERM B 68:70,sõel,metall,metall
620479,ERM B 68:70,sõel,mänd,puit
620479,ERM B 68:70,sõel,traat,metall
620479,ERM B 68:70,sõel,võrk,tekstiil
620480,ERM B 68:71,"lusikas, lapse",kask,puit
620481,ERM B 68:72,köiepöör,,puit
620481,ERM B 68:72,köiepöör,mänd,puit
620481,ERM B 68:72,köiepöör,raud,metall
620481,ERM B 68:72,köiepöör,,puit
620481,ERM B 68:72,köiepöör,saar,puit
620481,ERM B 68:72,köiepöör,,
620482,ERM B 68:73,võrgu otsimise ankur,raud,metall
620483,ERM B 68:74,lestakorv,kuusk,puit
620483,ERM B 68:74,lestakorv,lehtpuu,puit
620483,ERM B 68:74,lestakorv,linane,puit
620483,ERM B 68:74,lestakorv,nöör,puit
620483,ERM B 68:74,lestakorv,,puit
620483,ERM B 68:74,lestakorv,rihm,puit
620483,ERM B 68:74,lestakorv,toomingas,puit
620483,ERM B 68:74,lestakorv,vineer,puit
620484,ERM B 68:75,võrgumärk,jõhv,nahk
620484,ERM B 68:75,võrgumärk,kork,puit
620484,ERM B 68:75,võrgumärk,kuusk,puit
620484,ERM B 68:75,võrgumärk,mänd,puit
620484,ERM B 68:75,võrgumärk,raud,metall
620484,ERM B 68:75,võrgumärk,saar,puit
620484,ERM B 68:75,võrgumärk,vits,puit
620485,ERM B 68:76,võrgumärk lipuga,kork,puit
620485,ERM B 68:76,võrgumärk lipuga,linane,tekstiil
620485,ERM B 68:76,võrgumärk lipuga,nöör,tekstiil
620485,ERM B 68:76,võrgumärk lipuga,okaspuit,puit
620485,ERM B 68:76,võrgumärk lipuga,raud,metall
620486,ERM B 68:77,vurrpuur,kask,puit
620486,ERM B 68:77,vurrpuur,liist,puit
620486,ERM B 68:77,vurrpuur,mänd,puit
620486,ERM B 68:77,vurrpuur,raud,metall
620486,ERM B 68:77,vurrpuur,,
620487,ERM B 68:78,meremehekast,okaspuit,puit
620487,ERM B 68:78,meremehekast,plaat,
620487,ERM B 68:78,meremehekast,raud,metall
620487,ERM B 68:78,meremehekast,vask,metall
620488,ERM B 68:79,"šabloon, paadi",kask,puit
620488,ERM B 68:79,"šabloon, paadi",metall,puit
620488,ERM B 68:79,"šabloon, paadi",traat,puit
620489,ERM B 68:80,saunapink,haab,puit
620490,ERM B 68:81,"look, toorik",haab,puit
620490,ERM B 68:81,"look, toorik",lepp,puit
620490,ERM B 68:81,"look, toorik",vits,puit
620491,ERM B 68:82,drellpuur,nöör,metall
620491,ERM B 68:82,drellpuur,raud,metall
620492,ERM B 68:83,puurivänt,raud,metall
620493,ERM B 68:84,puurivänt,metall,metall
620493,ERM B 68:84,puurivänt,puit,puit
620494,ERM B 68:85,vitsahammas,metall,metall
620494,ERM B 68:85,vitsahammas,puit,puit
620495,ERM B 68:86,seinakell,klaas,klaas
620495,ERM B 68:86,seinakell,metall,metall
620495,ERM B 68:86,seinakell,puit,puit
620496,ERM B 68:87,pikkhöövel,kask,puit
620496,ERM B 68:87,pikkhöövel,raud,metall
620497,ERM B 68:88,voodi,kuusk,puit
620498,ERM B 68:89,voodi,kuusk,puit
620499,ERM B 68:90,tool,,puit
620499,ERM B 68:90,tool,kask,puit
620499,ERM B 68:90,tool,kuusk,puit
620500,ERM B 68:91,tool,kuusk,puit
620501,ERM B 68:92,pink,kuusk,puit
620503,ERM B 87:30/ab,"nuga, tupega",kask,puit
620503,ERM B 87:30/ab,"nuga, tupega",nahk,nahk
620503,ERM B 87:30/ab,"nuga, tupega",raud,metall
620504,ERM B 87:31,kulp,seeder,puit
620505,ERM B 87:32,vaagen,seeder,puit
620506,ERM B 87:33,nahakaabits,teras,metall
620506,ERM B 87:33,nahakaabits,,metall
620507,ERM B 87:34,vibupuur,kask,puit
620507,ERM B 87:34,vibupuur,nahk,nahk
620507,ERM B 87:34,vibupuur,põhjapõder,nahk
620507,ERM B 87:34,vibupuur,raud,metall
620519,ERM B 87:46,vöö,niit,tekstiil
620519,ERM B 87:46,vöö,puuvill,tekstiil
620521,ERM B 87:48,"särk, naiste",kanep,tekstiil
620521,ERM B 87:48,"särk, naiste",puuvill,tekstiil
620525,ERM B 87:52,kedervars,kask,puit
620526,ERM B 87:53,kedervars,kask,puit
620527,ERM B 87:54,kedervars,kask,puit
620528,ERM B 87:55,pealinik,kanep,tekstiil
620528,ERM B 87:55,pealinik,riie,tekstiil
620539,ERM B 87:66,suga,okaspuit,puit
620540,ERM B 87:67,liimeister,kask,puit
620540,ERM B 87:67,liimeister,raud,metall
620547,ERM B 87:74,pealinik,puuvill,tekstiil
620547,ERM B 87:74,pealinik,riie,tekstiil
620547,ERM B 87:74,pealinik,,tekstiil
620547,ERM B 87:74,pealinik,,tekstiil
620547,ERM B 87:74,pealinik,lõng,tekstiil
620547,ERM B 87:74,pealinik,vill,tekstiil
620549,ERM B 87:76/ab,viisud,niin,puit
620555,ERM B 87:82,"rinnaehe, rahadega",helmed,klaas
620555,ERM B 87:82,"rinnaehe, rahadega",hõbe,metall
620555,ERM B 87:82,"rinnaehe, rahadega",klaas,klaas
620555,ERM B 87:82,"rinnaehe, rahadega",nööp,plastik
620555,ERM B 87:82,"rinnaehe, rahadega",plast,plastik
620555,ERM B 87:82,"rinnaehe, rahadega",vill,tekstiil
620556,ERM B 94:8,kauss,savi,keraamika
620557,ERM B 94:9,nõu,savi,keraamika
620558,ERM B 94:10,kada,kumm,tekstiil
620558,ERM B 94:10,kada,paju,puit
620558,ERM B 94:10,kada,,tekstiil
620559,ERM B 94:11,lusikas,kask,puit
620560,ERM B 94:12,lusikas,kask,puit
620561,ERM B 94:13,riidepuu,metall,metall
620561,ERM B 94:13,riidepuu,mänd,puit
620562,ERM B 94:14,riidepuu,metall,metall
620562,ERM B 94:14,riidepuu,mänd,puit
620563,ERM B 94:15,saapasulane,kuusk,puit
620564,ERM B 94:16,kepp,kask,puit
620565,ERM B 94:17,pesulaud,kuusk,puit
620566,ERM B 94:18,vaalikurikas,kask,puit
620567,ERM B 94:19,kast,metall,metall
620567,ERM B 94:19,kast,mänd,puit
620568,ERM B 94:20,höövel,vaher,puit
620569,ERM B 94:21,"vöö, naiste",labane kangas,tekstiil
620569,ERM B 94:21,"vöö, naiste",linane,tekstiil
620569,ERM B 94:21,"vöö, naiste",vill,tekstiil
620569,ERM B 94:21,"vöö, naiste",,tekstiil
620570,ERM B 94:22,korv,kadakas,puit
620570,ERM B 94:22,korv,mänd,puit
620570,ERM B 94:22,korv,,puit
620571,ERM B 94:23,korv,kask,puit
620571,ERM B 94:23,korv,mänd,puit
620571,ERM B 94:23,korv,,puit
620571,ERM B 94:23,korv,kask,puit
620572,ERM B 94:24,korv,mänd,puit
620572,ERM B 94:24,korv,mänd,puit
620573,ERM B 94:25,korv,mänd,puit
620573,ERM B 94:25,korv,mänd,puit
620575,ERM B 94:27,rehekäpp,kask,puit
620575,ERM B 94:27,rehekäpp,kuusk,puit
620575,ERM B 94:27,rehekäpp,,puit
620576,ERM B 94:28,labidas,kask,puit
620576,ERM B 94:28,labidas,raud,metall
620577,ERM B 94:29,kerilaua alus,kuusk,puit
620579,ERM B 94:30,korv,lina,puit
620579,ERM B 94:30,korv,nöör,puit
620579,ERM B 94:30,korv,paju,puit
620579,ERM B 94:30,korv,,puit
620579,ERM B 94:30,korv,tamm,puit
620580,ERM B 94:31,leivanõu,haab,puit
620581,ERM B 94:32,kolgid,kask,puit
620581,ERM B 94:32,kolgid,raud,metall
620582,ERM B 94:33,võrgu aluspael raskusega,nöör,puit
620582,ERM B 94:33,võrgu aluspael raskusega,,puit
620582,ERM B 94:33,võrgu aluspael raskusega,,puit
620582,ERM B 94:33,võrgu aluspael raskusega,saar,puit
620582,ERM B 94:33,võrgu aluspael raskusega,takk,puit
620582,ERM B 94:33,võrgu aluspael raskusega,tina,metall
620583,ERM B 94:34,nõu,kuusk,puit
620584,ERM B 94:35,nõu,kuusk,puit
620585,ERM B 94:36,"šabloon, paadi tegemisel kasutatav",mänd,puit
620585,ERM B 94:36,"šabloon, paadi tegemisel kasutatav",tamm,puit
620586,ERM B 94:37,"šabloon, paadi külglaudade panemisel kasutatav",mänd,puit
620587,ERM B 94:38,nõu,alumiinium,metall
620587,ERM B 94:38,nõu,savi,keraamika
620587,ERM B 94:38,nõu,traat,metall
620588,ERM B 94:39,kaelpuud,haab,puit
620588,ERM B 94:39,kaelpuud,lina,tekstiil
620588,ERM B 94:39,kaelpuud,nahk,nahk
620588,ERM B 94:39,kaelpuud,nöör,tekstiil
620588,ERM B 94:39,kaelpuud,rihm,nahk
620589,ERM B 94:40/ab,"vaalikurikas, vaalikaigas",kaigas,puit
620589,ERM B 94:40/ab,"vaalikurikas, vaalikaigas",,puit
620589,ERM B 94:40/ab,"vaalikurikas, vaalikaigas",kask,puit
620589,ERM B 94:40/ab,"vaalikurikas, vaalikaigas",,puit
620589,ERM B 94:40/ab,"vaalikurikas, vaalikaigas",saar,puit
620592,ERM B 94:41/a-d,"rõngas, puukoore ribadega",koor,puit
620592,ERM B 94:41/a-d,"rõngas, puukoore ribadega",niin,puit
620592,ERM B 94:41/a-d,"rõngas, puukoore ribadega",nöör,puit
620592,ERM B 94:41/a-d,"rõngas, puukoore ribadega",puit,puit
620592,ERM B 94:41/a-d,"rõngas, puukoore ribadega",takk,puit
620601,ERM B 95:3,müts,kalev (riidesort),tekstiil
620601,ERM B 95:3,müts,puuvill,tekstiil
620626,ERM B 113:8,sarafan,labane kangas,tekstiil
620626,ERM B 113:8,sarafan,linane,tekstiil
620626,ERM B 113:8,sarafan,puuvill,tekstiil
620626,ERM B 113:8,sarafan,riideriba,tekstiil
620627,ERM B 113:9,pilak,raud,metall
620628,ERM B 113:10,vöö,kude,tekstiil
620628,ERM B 113:10,vöö,lõim,tekstiil
620628,ERM B 113:10,vöö,puuvill,tekstiil
620629,ERM B 113:11,"vöö, tuttidega",lõng,tekstiil
620629,ERM B 113:11,"vöö, tuttidega",puuvill,tekstiil
620629,ERM B 113:11,"vöö, tuttidega",vill,tekstiil
620630,ERM B 113:12,"vöö, tuttidega",puuvill,tekstiil
620630,ERM B 113:12,"vöö, tuttidega",,tekstiil
620630,ERM B 113:12,"vöö, tuttidega",,tekstiil
620631,ERM B 113:13,"vöö, tuttidega",,tekstiil
620631,ERM B 113:13,"vöö, tuttidega",puuvill,tekstiil
620631,ERM B 113:13,"vöö, tuttidega",,tekstiil
620632,ERM B 113:14,käterätt,puuvill,tekstiil
620633,ERM B 113:15,pihikseelik,,tekstiil
620633,ERM B 113:15,pihikseelik,labane kangas,tekstiil
620633,ERM B 113:15,pihikseelik,nööp,tekstiil
620633,ERM B 113:15,pihikseelik,plast,tekstiil
620633,ERM B 113:15,pihikseelik,puuvill,tekstiil
620636,ERM B 114:1/ab,koonlapuu,kask,puit
620637,ERM B 114:2,linahari,kask,puit
620637,ERM B 114:2,linahari,raud,metall
620638,ERM B 114:3/ab,linahari,kask,puit
620638,ERM B 114:3/ab,linahari,raud,metall
620639,ERM B 114:4,rebaserauad,raud,metall
620640,ERM B 114:5,lapsekandmise korv,kask,puit
620640,ERM B 114:5,lapsekandmise korv,nahk,nahk
620640,ERM B 114:5,lapsekandmise korv,niin,puit
620640,ERM B 114:5,lapsekandmise korv,paju,puit
620640,ERM B 114:5,lapsekandmise korv,takk,puit
620640,ERM B 114:5,lapsekandmise korv,toht,puit
620640,ERM B 114:5,lapsekandmise korv,vineer,puit
620641,ERM B 114:6,"ülerõivas, naiste",lina,tekstiil
620642,ERM B 114:7,"särk, meeste",lina,tekstiil
620642,ERM B 114:7,"särk, meeste",puuvill,tekstiil
620643,ERM B 114:8,seelik,,tekstiil
620643,ERM B 114:8,seelik,lina,tekstiil
620643,ERM B 114:8,seelik,metall,tekstiil
620643,ERM B 114:8,seelik,niit,tekstiil
620644,ERM B 114:9,seelik,kude,tekstiil
620644,ERM B 114:9,seelik,lina,tekstiil
620644,ERM B 114:9,seelik,linane,tekstiil
620644,ERM B 114:9,seelik,lõim,tekstiil
620644,ERM B 114:9,seelik,metall,tekstiil
620644,ERM B 114:9,seelik,puuvill,tekstiil
620644,ERM B 114:9,seelik,riie,tekstiil
620644,ERM B 114:9,seelik,traat,tekstiil
620645,ERM B 114:10,käterätt,lina,tekstiil
620645,ERM B 114:10,käterätt,puuvill,tekstiil
620646,ERM B 114:11,särk,lina,tekstiil
620646,ERM B 114:11,särk,puuvill,tekstiil
620650,ERM B 114:13,põll,puuvill,tekstiil
620652,ERM B 114:15,käterätt,lina,tekstiil
620652,ERM B 114:15,käterätt,puuvill,tekstiil
620657,ERM B 114:20,püksid,labane kangas,tekstiil
620657,ERM B 114:20,püksid,linane,tekstiil
620658,ERM B 114:21,naaskel,kask,puit
620658,ERM B 114:21,naaskel,raud,metall
620659,ERM B 114:22,naaskel,kask,puit
620659,ERM B 114:22,naaskel,raud,metall
620660,ERM B 114:23,viisuluda,kask,puit
620660,ERM B 114:23,viisuluda,raud,metall
620662,ERM B 114:25,jalarätiriie,linane,tekstiil
620662,ERM B 114:25,jalarätiriie,takk,tekstiil
620663,ERM B 114:26,käterätiriie,lina,tekstiil
620666,ERM B 114:29/ab,viisud,pärn,puit
620670,ERM B 114:32,käterätt,brokaat (riidesort),tekstiil
620670,ERM B 114:32,käterätt,lina,tekstiil
620670,ERM B 114:32,käterätt,puuvill,tekstiil
620670,ERM B 114:32,käterätt,vabrikupits (riidesort),tekstiil
620677,ERM B 128:61,vöö,kude,tekstiil
620677,ERM B 128:61,vöö,linane,tekstiil
620677,ERM B 128:61,vöö,lõim,tekstiil
620677,ERM B 128:61,vöö,vill,tekstiil
620682,ERM B 128:66,peapael,brokaat (riidesort),tekstiil
620682,ERM B 128:66,peapael,sits (riidesort),tekstiil
620682,ERM B 128:66,peapael,linane,tekstiil
620682,ERM B 128:66,peapael,pael,tekstiil
620682,ERM B 128:66,peapael,vill,tekstiil
620682,ERM B 128:66,peapael,puuvill,tekstiil
620682,ERM B 128:66,peapael,pärl,tekstiil
620682,ERM B 128:66,peapael,riideriba,tekstiil
620682,ERM B 128:66,peapael,riie,tekstiil
620682,ERM B 128:66,peapael,siid,tekstiil
620682,ERM B 128:66,peapael,vill,tekstiil
620693,ERM B 128:77,koonlapuu,lehtpuu,puit
620694,ERM B 128:78,voodi otsalaud,puit,puit
620695,ERM B 128:79,voodi otsalaud,lehtpuu,puit
620702,ERM B 128:86,leivaastja,kuusk,puit
620703,ERM B 128:87,samovar,vask,metall
620705,ERM B 128:89,nõu,kuusk,puit
620706,ERM B 128:90,märss,toht,puit
620707,ERM B 128:91,poolivokk,kuusk,puit
620707,ERM B 128:91,poolivokk,raud,metall
620708,ERM B 128:92,koonlapuu,nöör,tekstiil
620708,ERM B 128:92,koonlapuu,puuvill,tekstiil
620708,ERM B 128:92,koonlapuu,sanglepp,puit
620709,ERM B 128:93/ab,viisud,niin,puit
620709,ERM B 128:93/ab,viisud,pärn,puit
620710,ERM B 128:94/ab,niiepöörad,kanep,puit
620710,ERM B 128:94/ab,niiepöörad,lehtpuu,puit
620710,ERM B 128:94/ab,niiepöörad,nöör,puit
620711,ERM B 128:95/ab,nõu,puit,puit
620711,ERM B 128:95/ab,nõu,toht,puit
620712,ERM B 128:96,nõu,kuusk,puit
620713,ERM B 128:97/ab,nõu,kuusk,puit
620713,ERM B 128:97/ab,nõu,,puit
620713,ERM B 128:97/ab,nõu,toht,puit
620714,ERM B 128:98,niipöör,lehtpuu,puit
620714,ERM B 128:98,niipöör,lina,puit
620714,ERM B 128:98,niipöör,nöör,puit
620715,ERM B 128:99,"niied, niiepööradega",kanep,puit
620715,ERM B 128:99,"niied, niiepööradega",nöör,puit
620715,ERM B 128:99,"niied, niiepööradega",,puit
620715,ERM B 128:99,"niied, niiepööradega",puit,puit
620716,ERM B 128:100,vaalikurikas,pärn,puit
620718,ERM B 128:102,nõu,lehtpuu,puit
620718,ERM B 128:102,nõu,toht,puit
620719,ERM B 128:103,mesilaste sülemivakk,kanep,tekstiil
620719,ERM B 128:103,mesilaste sülemivakk,metall,metall
620719,ERM B 128:103,mesilaste sülemivakk,niin,puit
620719,ERM B 128:103,mesilaste sülemivakk,nöör,tekstiil
620719,ERM B 128:103,mesilaste sülemivakk,pärn,puit
620719,ERM B 128:103,mesilaste sülemivakk,,tekstiil
620719,ERM B 128:103,mesilaste sülemivakk,toht,puit
620719,ERM B 128:103,mesilaste sülemivakk,traat,puit
620720,ERM B 128:104,jahuliud,pärn,puit
620721,ERM B 128:105,häll,kask,puit
620721,ERM B 128:105,häll,pärn,puit
620722,ERM B 128:106,süstik,lehtpuu,puit
620722,ERM B 128:106,süstik,sulg,puit
620722,ERM B 128:106,süstik,takk,puit
620723,ERM B 128:107,märss,niin,puit
620723,ERM B 128:107,märss,pärn,puit
620724,ERM B 128:108,latern,kask,puit
620724,ERM B 128:108,latern,klaas,klaas
620724,ERM B 128:108,latern,kuusk,puit
620724,ERM B 128:108,latern,,
620724,ERM B 128:108,latern,metall,metall
620724,ERM B 128:108,latern,,
620730,ERM B 140:41,vöö,kanep,tekstiil
620730,ERM B 140:41,vöö,kude,tekstiil
620730,ERM B 140:41,vöö,lõim,tekstiil
620730,ERM B 140:41,vöö,vill,tekstiil
620731,ERM B 140:42,seelik,poeriie,tekstiil
620731,ERM B 140:42,seelik,puuvill,tekstiil
620732,ERM B 140:43/ab,saapad,nahk,tekstiil
620733,ERM B 140:44,alusseelik,kude,tekstiil
620733,ERM B 140:44,alusseelik,linane,tekstiil
620733,ERM B 140:44,alusseelik,lõim,tekstiil
620733,ERM B 140:44,alusseelik,vill,tekstiil
620737,ERM B 140:48,seelik,poeriie,tekstiil
620737,ERM B 140:48,seelik,puuvill,tekstiil
620739,ERM B 140:50/ab,sukad,lõng,tekstiil
620739,ERM B 140:50/ab,sukad,vill,tekstiil
620745,ERM B 140:56,alusseeliku riie,kanep,tekstiil
620745,ERM B 140:56,alusseeliku riie,kude,tekstiil
620745,ERM B 140:56,alusseeliku riie,lõim,tekstiil
620745,ERM B 140:56,alusseeliku riie,vill,tekstiil
620746,ERM B 140:57,suka ülemine ots,lõng,tekstiil
620746,ERM B 140:57,suka ülemine ots,vill,tekstiil
620747,ERM B 140:58/ab,sukad,lõng,tekstiil
620747,ERM B 140:58/ab,sukad,vill,tekstiil
620751,ERM B 140:62/ab,viisud,kanep,tekstiil
620751,ERM B 140:62/ab,viisud,niin,puit
620751,ERM B 140:62/ab,viisud,nöör,
620751,ERM B 140:62/ab,viisud,pärn,puit
620752,ERM B 140:63,seelik,poeriie,tekstiil
620752,ERM B 140:63,seelik,puuvill,tekstiil
620754,ERM B 140:65/ab,viisud,niin,tekstiil
620754,ERM B 140:65/ab,viisud,pärn,tekstiil
620755,ERM B 140:66/ab,jalarätid,kanep,tekstiil
620759,ERM B 140:70/1-6,kõlad,mänd,puit
620769,ERM B 140:80,tagapõll,looduslik kiud,tekstiil
620769,ERM B 140:80,tagapõll,vask,metall
620769,ERM B 140:80,tagapõll,vill,tekstiil
620774,ERM B 154:25,tagapõll,lina,tekstiil
620774,ERM B 154:25,tagapõll,metall,metall
620774,ERM B 154:25,tagapõll,vill,tekstiil
620776,ERM B 154:27,"kaelaehe, rahadega",hõbe,metall
620776,ERM B 154:27,"kaelaehe, rahadega",klaas,klaas
620776,ERM B 154:27,"kaelaehe, rahadega",metall,metall
620776,ERM B 154:27,"kaelaehe, rahadega",,tekstiil
620779,ERM B 154:30,"kaelaehe, rahadega",hõbe,metall
620779,ERM B 154:30,"kaelaehe, rahadega",metall,metall
620779,ERM B 154:30,"kaelaehe, rahadega",,metall
620780,ERM B 154:31/ab,sukad,lõng,tekstiil
620780,ERM B 154:31/ab,sukad,vill,tekstiil
620782,ERM B 155:1,"kasukas, meeste",kalev (riidesort),nahk
620782,ERM B 155:1,"kasukas, meeste",karusnahk,nahk
620783,ERM B 155:2,umbkuub,samet,tekstiil
620783,ERM B 155:2,umbkuub,puuvill,tekstiil
620784,ERM B 155:3,"kasukas, meeste",kalev (riidesort),nahk
620784,ERM B 155:3,"kasukas, meeste",karusnahk,nahk
620784,ERM B 155:3,"kasukas, meeste",nahk,nahk
620784,ERM B 155:3,"kasukas, meeste",põhjapõder,nahk
620784,ERM B 155:3,"kasukas, meeste",,nahk
620785,ERM B 155:4,nõu,kask,puit
620785,ERM B 155:4,nõu,lehtpuu,puit
620785,ERM B 155:4,nõu,niit,puit
620785,ERM B 155:4,nõu,toht,puit
620785,ERM B 155:4,nõu,vits,puit
620785,ERM B 155:4,nõu,,puit
620785,ERM B 155:4,nõu,,puit
620786,ERM B 155:5,kulp,kask,puit
620787,ERM B 155:6,kulp,kask,puit
620788,ERM B 155:7,lusikas,okaspuit,puit
620789,ERM B 155:8,kopsik,kask,puit
620789,ERM B 155:8,kopsik,pahk,puit
620790,ERM B 155:9,kleit,,tekstiil
620790,ERM B 155:9,kleit,sits (riidesort),tekstiil
620790,ERM B 155:9,kleit,nööp,tekstiil
620790,ERM B 155:9,kleit,plast,tekstiil
620790,ERM B 155:9,kleit,puuvill,tekstiil
620791,ERM B 155:10/ab,suvesaapad,nahk,nahk
620791,ERM B 155:10/ab,suvesaapad,põder,nahk
620794,ERM B 155:13,vaagen,kuusk,puit
620795,ERM B 155:14,noodakivi,graniit,kivim
620795,ERM B 155:14,noodakivi,kask,kivim
620795,ERM B 155:14,noodakivi,toht,kivim
620796,ERM B 155:15,pressraud,malm,metall
620796,ERM B 155:15,pressraud,raud,metall
620797,ERM B 155:16,"ornament, katkend",kalev (riidesort),nahk
620797,ERM B 155:16,"ornament, katkend",nahk,nahk
620797,ERM B 155:16,"ornament, katkend",põhjapõder,nahk
620797,ERM B 155:16,"ornament, katkend",,nahk
620797,ERM B 155:16,"ornament, katkend",vill,nahk
620797,ERM B 155:16,"ornament, katkend",vill,nahk
620800,ERM B 156:2,sussking,nahk,nahk
620800,ERM B 156:2,sussking,nahk,nahk
620801,ERM B 156:3,sussking,nahk,nahk
620801,ERM B 156:3,sussking,,nahk
620807,ERM B 156:9,dekoratiivlind,mänd,tekstiil
620807,ERM B 156:9,dekoratiivlind,niit,tekstiil
620807,ERM B 156:9,dekoratiivlind,puuvill,tekstiil
620809,ERM B 157:1,korv,mänd,puit
620809,ERM B 157:1,korv,,puit
620809,ERM B 157:1,korv,toht,puit
620810,ERM B 157:2/ab,"süstik, pooliga",lehtpuu,puit
620810,ERM B 157:2/ab,"süstik, pooliga",toht,puit
620811,ERM B 157:3,viisk,toht,puit
620812,ERM B 157:4/ab,niiepöörad,kask,puit
620813,ERM B 157:5,seinakorv,toht,puit
620815,ERM B 157:7,märss,toht,puit
620816,ERM B 157:8,nõu,toht,puit
620817,ERM B 157:9,suga,lehtpuu,puit
620817,ERM B 157:9,suga,nöör,puit
620817,ERM B 157:9,suga,takk,puit
620819,ERM B 157:10,suga,lehtpuu,puit
620819,ERM B 157:10,suga,nöör,puit
620819,ERM B 157:10,suga,takk,puit
620820,ERM B 157:11,suga,kask,puit
620820,ERM B 157:11,suga,kuusk,puit
620820,ERM B 157:11,suga,liist,puit
620820,ERM B 157:11,suga,,puit
620820,ERM B 157:11,suga,,puit
620820,ERM B 157:11,suga,vaher,puit
620821,ERM B 157:12,tallalaud,kuusk,puit
620821,ERM B 157:12,tallalaud,nöör,puit
620821,ERM B 157:12,tallalaud,takk,puit
620822,ERM B 157:13,soalaad,kask,puit
620822,ERM B 157:13,soalaad,okaspuit,puit
620903,ERM B 166:13/ab,sukad,lõng,tekstiil
620903,ERM B 166:13/ab,sukad,vill,tekstiil
620904,ERM B 166:14,süstik,saar,puit
620905,ERM B 166:15,niiepöör,saar,puit
620907,ERM B 166:16,niiepöör,saar,puit
620908,ERM B 166:17,ropsimõõk,puit,puit
620909,ERM B 166:18,ropsimõõk,puit,puit
620910,ERM B 166:19,viisuliist,puit,puit
620913,ERM B 166:22,seelik,linane,tekstiil
620913,ERM B 166:22,seelik,,tekstiil
620914,ERM B 166:23,märss,kask,puit
620914,ERM B 166:23,märss,toht,puit
620915,ERM B 166:24,märss,kask,puit
620915,ERM B 166:24,märss,nahk,puit
620915,ERM B 166:24,märss,nöör,puit
620915,ERM B 166:24,märss,takk,puit
620915,ERM B 166:24,märss,toht,puit
620923,ERM B 166:31/ab,"sukad, naiste",kangas,tekstiil
620923,ERM B 166:31/ab,"sukad, naiste",linane,tekstiil
620926,ERM B 166:34/ab,"viisud, laste",niin,puit
620926,ERM B 166:34/ab,"viisud, laste",,puit
620926,ERM B 166:34/ab,"viisud, laste",toht,puit
620927,ERM B 166:35/ab,viisud,niin,puit
620929,ERM B 166:37,märss,kask,puit
620929,ERM B 166:37,märss,paber,puit
620929,ERM B 166:37,märss,toht,puit
620930,ERM B 166:38,käterätt,looduslik kiud,tekstiil
620930,ERM B 166:38,käterätt,puuvill,tekstiil
620932,ERM B 166:40,käterätt,lina,tekstiil
620932,ERM B 166:40,käterätt,sits (riidesort),tekstiil
620932,ERM B 166:40,käterätt,,tekstiil
620933,ERM B 166:41,seelik,labane kangas,tekstiil
620933,ERM B 166:41,seelik,metall,tekstiil
620933,ERM B 166:41,seelik,nööp,tekstiil
620933,ERM B 166:41,seelik,puuvill,tekstiil
620934,ERM B 166:42/ab,nõu,okaspuit,puit
620936,ERM B 166:44,käterätt,lina,tekstiil
620936,ERM B 166:44,käterätt,linane,tekstiil
620936,ERM B 166:44,käterätt,looduslik kiud,tekstiil
620936,ERM B 166:44,käterätt,puuvill,tekstiil
620937,ERM B 166:45,nõu,kuusk,puit
620937,ERM B 166:45,nõu,lehtpuu,puit
620937,ERM B 166:45,nõu,,
620937,ERM B 166:45,nõu,raud,metall
620937,ERM B 166:45,nõu,vits,puit
620938,ERM B 166:46,aidatrepp,puit,puit
620939,ERM B 166:47,märss,kanep,tekstiil
620939,ERM B 166:47,märss,kask,puit
620939,ERM B 166:47,märss,kunstnahk,tekstiil
620939,ERM B 166:47,märss,rihm,nahk
620939,ERM B 166:47,märss,toht,puit
620940,ERM B 166:48,linahari,mänd,puit
620940,ERM B 166:48,linahari,raud,metall
620941,ERM B 166:49,koot,kask,puit
620941,ERM B 166:49,koot,kolk,puit
620941,ERM B 166:49,koot,nahk,nahk
620941,ERM B 166:49,koot,okaspuit,puit
620941,ERM B 166:49,koot,,puit
620942,ERM B 166:50/1-2,semmipuu,puit,puit
620943,ERM B 166:51,kangasuga,lehtpuu,puit
620943,ERM B 166:51,kangasuga,okaspuit,puit
620944,ERM B 166:52,viljakühvel,lehtpuu,puit
620945,ERM B 166:53,linahari,kuusk,puit
620945,ERM B 166:53,linahari,raud,metall
620946,ERM B 166:54,õlletegemisnõu,savi,keraamika
620947,ERM B 166:55,õllekeetmisnõu,puit,puit
620951,ERM B 171:85,"kolk, öövalvuri",kask,puit
620951,ERM B 171:85,"kolk, öövalvuri",nahk,puit
620952,ERM B 171:86,"kiil, seinte sammaldamise",lehtpuu,puit
620954,ERM B 171:87,potihark,lehtpuu,puit
620954,ERM B 171:87,potihark,raud,metall
620955,ERM B 171:88,potihark,lehtpuu,puit
620955,ERM B 171:88,potihark,raud,metall
620956,ERM B 171:89,panninäpits,okaspuit,puit
620956,ERM B 171:89,panninäpits,raud,metall
620957,ERM B 171:90,latern,klaas,klaas
620957,ERM B 171:90,latern,metall,metall
620958,ERM B 171:91,potihark,okaspuit,puit
620958,ERM B 171:91,potihark,raud,metall
620959,ERM B 171:92,viljalabidas,puit,puit
620961,ERM B 171:93,"hark, nööride valmistamise",kadakas,puit
620962,ERM B 171:94,paadiplokk,kask,puit
620962,ERM B 171:94,paadiplokk,köis,tekstiil
620962,ERM B 171:94,paadiplokk,takk,puit
620963,ERM B 171:95,triikraud,,
620963,ERM B 171:95,triikraud,puit,puit
620963,ERM B 171:95,triikraud,raud,metall
620965,ERM B 171:96,kaelkoogud,lehtpuu,puit
620965,ERM B 171:96,kaelkoogud,raud,metall
620966,ERM B 171:97/abc,"kalaraam, 2 vardaga",raud,metall
620967,ERM B 171:98,hobuseraud,raud,metall
620969,ERM B 171:99,sõel,,puit
620969,ERM B 171:99,sõel,niin,puit
620969,ERM B 171:99,sõel,okaspuit,puit
620969,ERM B 171:99,sõel,pärn,puit
620970,ERM B 171:100,kauss,savi,keraamika
620971,ERM B 171:101,kauss,savi,keraamika
620972,ERM B 171:103,peerukorv,mänd,puit
620975,ERM B 171:102,pott,savi,keraamika
620977,ERM B 171:106,pott,savi,keraamika
620978,ERM B 171:107,ujuk,mänd,puit
620979,ERM B 171:108,ujuk,mänd,puit
620980,ERM B 171:109,ujuk,mänd,puit
620981,ERM B 171:110,ujuk,mänd,puit
620982,ERM B 171:111,ujuk,mänd,puit
620983,ERM B 171:112,ujuk,mänd,puit
620984,ERM B 171:113,ujuk,kask,puit
620985,ERM B 171:114,ujuk,toht,puit
620986,ERM B 171:115,võrgukivi,savi,keraamika
620987,ERM B 171:116,pudel,savi,keraamika
620990,ERM B 171:119,hobuselooga alus,lehtpuu,puit
620990,ERM B 171:119,hobuselooga alus,metall,metall
620990,ERM B 171:119,hobuselooga alus,nahk,nahk
620991,ERM B 171:120,kelk,lehtpuu,puit
620991,ERM B 171:120,kelk,metall,metall
620991,ERM B 171:120,kelk,okaspuit,puit
620992,ERM B 171:121,võrguhark,kask,puit
620993,ERM B 171:122,võrgukonks,raud,metall
620994,ERM B 171:123,kahv,lehtpuu,puit
620994,ERM B 171:123,kahv,nöör,tekstiil
620994,ERM B 171:123,kahv,,puit
620995,ERM B 171:124,plekikäärid,okaspuit,puit
620995,ERM B 171:124,plekikäärid,raud,metall
621023,ERM B 68:94,kapp,kuusk,puit
621023,ERM B 68:94,kapp,metall,metall
621023,ERM B 68:94,kapp,saar,puit
621023,ERM B 68:94,kapp,,
621024,ERM B 68:95,viljakast,kuusk,puit
621024,ERM B 68:95,viljakast,raud,metall
621025,ERM B 68:96,sari,haab,puit
621025,ERM B 68:96,sari,kask,puit
621025,ERM B 68:96,sari,,puit
621026,ERM B 68:97,nõu,kuusk,puit
621027,ERM B 68:98,rehekäpp,kask,puit
621027,ERM B 68:98,rehekäpp,okaspuit,puit
621027,ERM B 68:98,rehekäpp,,puit
621027,ERM B 68:98,rehekäpp,,puit
621028,ERM B 68:99,tihv,puit,puit
621029,ERM B 68:100,kelluke,lina,tekstiil
621029,ERM B 68:100,kelluke,nöör,tekstiil
621029,ERM B 68:100,kelluke,vask,metall
621030,ERM B 68:101,kelluke,metall,metall
621031,ERM B 68:102,kalakorv,mänd,puit
621032,ERM B 68:103,jahutünn,puit,puit
621033,ERM B 68:104,jäätuur,kuusk,puit
621033,ERM B 68:104,jäätuur,raud,metall
621034,ERM B 68:105,tooseraud,kask,puit
621034,ERM B 68:105,tooseraud,raud,metall
621034,ERM B 68:105,tooseraud,,
621035,ERM B 68:106,uurdesaag,mänd,puit
621036,ERM B 68:107,põhjaõnged,liist,
621036,ERM B 68:107,põhjaõnged,metall,metall
621036,ERM B 68:107,põhjaõnged,mänd,puit
621036,ERM B 68:107,põhjaõnged,saar,puit
621037,ERM B 68:108,maakirves,kuusk,puit
621037,ERM B 68:108,maakirves,raud,metall
621038,ERM B 68:109,kirves,raud,metall
621038,ERM B 68:109,kirves,tamm,puit
621039,ERM B 68:110/ab,jahutünn,kuusk,puit
621040,ERM B 68:111,leivalabidas,kask,puit
621041,ERM B 68:112,lusikas,kask,puit
621042,ERM B 68:113,koonlalaud,mänd,puit
621043,ERM B 68:114,"vokk, käsipuu",kask,puit
621044,ERM B 68:115,"kerilaud, jalg",kask,puit
621045,ERM B 68:116,käämer,kuusk,puit
621045,ERM B 68:116,käämer,raud,metall
621046,ERM B 68:117,marjakorv,puit,puit
621046,ERM B 68:117,marjakorv,vits,puit
621047,ERM B 68:118,niied,okaspuit,puit
621047,ERM B 68:118,niied,puuvill,tekstiil
621048,ERM B 68:119,niied,okaspuit,puit
621048,ERM B 68:119,niied,puuvill,tekstiil
621049,ERM B 68:120,käärlaud,okaspuit,puit
621050,ERM B 68:121,tursaõng,kala,
621050,ERM B 68:121,tursaõng,,metall
621050,ERM B 68:121,tursaõng,nöör,tekstiil
621050,ERM B 68:121,tursaõng,plaat,
621050,ERM B 68:121,tursaõng,puuvill,tekstiil
621050,ERM B 68:121,tursaõng,raud,metall
621050,ERM B 68:121,tursaõng,vask,metall
621050,ERM B 68:121,tursaõng,vineer,puit
621051,ERM B 68:122,korv,juured,puit
621051,ERM B 68:122,korv,puit,puit
621052,ERM B 68:123,võrguhark,puit,puit
621053,ERM B 68:124,võrguparandamise pink,kuusk,puit
621054,ERM B 68:125,kapi uks,kuusk,puit
621055,ERM B 68:126,kangatempel,metall,metall
621055,ERM B 68:126,kangatempel,saar,puit
621055,ERM B 68:126,kangatempel,vask,metall
621056,ERM B 68:127,nõu,kuusk,puit
621057,ERM B 68:128,pink,,puit
621057,ERM B 68:128,pink,kask,puit
621057,ERM B 68:128,pink,kuusk,puit
621058,ERM B 68:129,tubakanuga,kask,puit
621058,ERM B 68:129,tubakanuga,raud,metall
621059,ERM B 68:130/ab,tornhaamer,okaspuit,puit
621059,ERM B 68:130/ab,tornhaamer,raud,metall
621060,ERM B 68:131,meeter,okaspuit,puit
621061,ERM B 68:132,kapp,kuusk,puit
621062,ERM B 68:133,"kaelkook, toorik",puit,puit
621063,ERM B 68:134,saehammaste painutamise riist,raud,metall
621064,ERM B 68:135,villavakk,mänd,puit
621065,ERM B 68:136,matt,kuusk,puit
621066,ERM B 68:137,hobusekell,nöör,tekstiil
621066,ERM B 68:137,hobusekell,raud,metall
621066,ERM B 68:137,hobusekell,takk,puit
621067,ERM B 68:138,palgilaasimise raud,kuusk,puit
621067,ERM B 68:138,palgilaasimise raud,raud,metall
621068,ERM B 68:139,soolatoos,kuusk,puit
621069,ERM B 68:140,rangid,kask,puit
621069,ERM B 68:140,rangid,nahk,puit
621070,ERM B 68:141/1-2,suga,kuslapuu,puit
621070,ERM B 68:141/1-2,suga,kuusk,puit
621070,ERM B 68:141/1-2,suga,,puit
621071,ERM B 68:142,kangareha,kask,puit
621071,ERM B 68:142,kangareha,mänd,puit
621071,ERM B 68:142,kangareha,,puit
621071,ERM B 68:142,kangareha,,puit
621072,ERM B 68:143,vigel,raud,metall
621072,ERM B 68:143,vigel,saar,puit
621073,ERM B 68:144,sõnnikuhark,kuusk,puit
621073,ERM B 68:144,sõnnikuhark,raud,metall
621074,ERM B 87:83,"rinnaehe, rahadega",helmed,klaas
621074,ERM B 87:83,"rinnaehe, rahadega",hõbe,metall
621074,ERM B 87:83,"rinnaehe, rahadega",kanep,puit
621074,ERM B 87:83,"rinnaehe, rahadega",klaas,klaas
621075,ERM B 87:84,"peaehe, rahadega",helmed,klaas
621075,ERM B 87:84,"peaehe, rahadega",hõbe,metall
621075,ERM B 87:84,"peaehe, rahadega",kett,metall
621075,ERM B 87:84,"peaehe, rahadega",klaas,klaas
621075,ERM B 87:84,"peaehe, rahadega",metall,metall
621075,ERM B 87:84,"peaehe, rahadega",puuvill,tekstiil
621076,ERM B 87:85,"peaehe, rahadega",helmed,metall
621076,ERM B 87:85,"peaehe, rahadega",hõbe,metall
621076,ERM B 87:85,"peaehe, rahadega",kanep,tekstiil
621076,ERM B 87:85,"peaehe, rahadega",klaas,klaas
621076,ERM B 87:85,"peaehe, rahadega",puuvill,tekstiil
621077,ERM B 87:86,"kõrvaehe, rahadega",hõbe,metall
621077,ERM B 87:86,"kõrvaehe, rahadega",nahk,nahk
621077,ERM B 87:86,"kõrvaehe, rahadega",puuvill,tekstiil
621078,ERM B 87:87,"kaelaehe, rahadega",helmed,metall
621078,ERM B 87:87,"kaelaehe, rahadega",hõbe,metall
621078,ERM B 87:87,"kaelaehe, rahadega",klaas,klaas
621078,ERM B 87:87,"kaelaehe, rahadega",linane,tekstiil
621078,ERM B 87:87,"kaelaehe, rahadega",münt,metall
621078,ERM B 87:87,"kaelaehe, rahadega",nöör,tekstiil
621078,ERM B 87:87,"kaelaehe, rahadega",valge metall,metall
621079,ERM B 87:88,"rinnaehe, rahadega",hõbe,metall
621079,ERM B 87:88,"rinnaehe, rahadega",kett,metall
621079,ERM B 87:88,"rinnaehe, rahadega",metall,metall
621079,ERM B 87:88,"rinnaehe, rahadega",münt,metall
621079,ERM B 87:88,"rinnaehe, rahadega",valge metall,metall
621081,ERM B 87:90,noatera lükkamispuu,puit,puit
621082,ERM B 87:91/ab,karp,kask,puit
621082,ERM B 87:91/ab,karp,toht,puit
621084,ERM B 87:93/1-4,põdrarakendi rõngas,põhjapõder,luu
621084,ERM B 87:93/1-4,põdrarakendi rõngas,sarv,luu
621088,ERM B 87:94/1,põhjapõdrarakendi rõngas,põder,luu
621088,ERM B 87:94/1,põhjapõdrarakendi rõngas,sarv,luu
621092,ERM B 87:94/2,põhjapõdrarakendi rõngas,põder,luu
621092,ERM B 87:94/2,põhjapõdrarakendi rõngas,sarv,luu
621093,ERM B 87:94/3,põhjapõdrarakendi rõngas,põder,luu
621093,ERM B 87:94/3,põhjapõdrarakendi rõngas,sarv,luu
621094,ERM B 87:94/4,põhjapõdrarakendi rõngas,põder,luu
621094,ERM B 87:94/4,põhjapõdrarakendi rõngas,sarv,luu
621095,ERM B 87:94/5,põhjapõdrarakendi rõngas,põder,luu
621095,ERM B 87:94/5,põhjapõdrarakendi rõngas,sarv,luu
621096,ERM B 87:96/1-2,"pannal, põhjapõdrarakendi",luu,luu
621098,ERM B 87:97,"plaat, põhjapõdrarakendi ohjade kinnitamiseks",puit,puit
621100,ERM B 87:99/1-2,põhjapõdrarakendi osa,puit,puit
621102,ERM B 87:100,"umbkasukas, meeste",kalev (riidesort),nahk
621102,ERM B 87:100,"umbkasukas, meeste",karusnahk,nahk
621102,ERM B 87:100,"umbkasukas, meeste",,nahk
621102,ERM B 87:100,"umbkasukas, meeste",,nahk
621102,ERM B 87:100,"umbkasukas, meeste",põhjapõder,nahk
621103,ERM B 87:101,"kasukas, naiste",karusnahk,nahk
621103,ERM B 87:101,"kasukas, naiste",põhjapõder,nahk
621104,ERM B 87:102,"umbkasukas, laste",karusnahk,nahk
621104,ERM B 87:102,"umbkasukas, laste",põhjapõder,nahk
621107,ERM B 87:105,lusikas,seeder,puit
621108,ERM B 87:106,nõu,kask,puit
621108,ERM B 87:106,nõu,puuvill,puit
621108,ERM B 87:106,nõu,toht,puit
621109,ERM B 87:107/ab,vakk,juured,puit
621109,ERM B 87:107/ab,vakk,,puit
621109,ERM B 87:107/ab,vakk,seeder,puit
621109,ERM B 87:107/ab,vakk,vineer,puit
621110,ERM B 87:108,nahakaabits,puit,puit
621110,ERM B 87:108,nahakaabits,raud,metall
621111,ERM B 87:109,vibupuur,kask,puit
621111,ERM B 87:109,vibupuur,raud,metall
621112,ERM B 87:110,lusikas,seeder,puit
621113,ERM B 87:111,lusikas,seeder,puit
621114,ERM B 87:112,"kaelamärk, põhjapõdra",puit,puit
621114,ERM B 87:112,"kaelamärk, põhjapõdra",toomingas,puit
621115,ERM B 87:113,"mudel, narta",lehtpuu,puit
621115,ERM B 87:113,"mudel, narta",mänd,puit
621116,ERM B 87:114/a-e,vibu-iselaskja,kuusk,puit
621116,ERM B 87:114/a-e,vibu-iselaskja,lehis,puit
621116,ERM B 87:114/a-e,vibu-iselaskja,metall,metall
621116,ERM B 87:114/a-e,vibu-iselaskja,,puit
621116,ERM B 87:114/a-e,vibu-iselaskja,,metall
621116,ERM B 87:114/a-e,vibu-iselaskja,nöör,tekstiil
621116,ERM B 87:114/a-e,vibu-iselaskja,,puit
621116,ERM B 87:114/a-e,vibu-iselaskja,puuvill,tekstiil
621124,ERM B 95:7,müts,kalev (riidesort),tekstiil
621124,ERM B 95:7,müts,puuvill,tekstiil
621131,ERM B 95:14,käterätt,lina,tekstiil
621131,ERM B 95:14,käterätt,vill,tekstiil
621134,ERM B 95:17,käterätt,lina,tekstiil
621134,ERM B 95:17,käterätt,vill,tekstiil
621136,ERM B 96:1,särgi alane,labane kangas,tekstiil
621136,ERM B 96:1,särgi alane,linane,tekstiil
621136,ERM B 96:1,särgi alane,,tekstiil
621136,ERM B 96:1,särgi alane,puuvill,tekstiil
621137,ERM B 96:2,kedervars,kask,puit
621138,ERM B 96:3,kedervars,kask,puit
621139,ERM B 96:4,vöö,kunstsiid,tekstiil
621139,ERM B 96:4,vöö,lõng,tekstiil
621141,ERM B 96:6,käterätt,lina,tekstiil
621141,ERM B 96:6,käterätt,puuvill,tekstiil
621142,ERM B 96:7,käterätt,labane kangas,tekstiil
621142,ERM B 96:7,käterätt,linane,tekstiil
621142,ERM B 96:7,käterätt,lõng,tekstiil
621142,ERM B 96:7,käterätt,puuvill,tekstiil
621143,ERM B 96:8,käterätt,labane kangas,tekstiil
621143,ERM B 96:8,käterätt,linane,tekstiil
621143,ERM B 96:8,käterätt,lõng,tekstiil
621143,ERM B 96:8,käterätt,puuvill,tekstiil
621148,ERM B 97:5/ab,labakindad,lõng,tekstiil
621148,ERM B 97:5/ab,labakindad,vill,tekstiil
621158,ERM B 98:1,põrandatekk,lina,tekstiil
621158,ERM B 98:1,põrandatekk,puuvill,tekstiil
621159,ERM B 98:2,pildiraam,kask,puit
621159,ERM B 98:2,pildiraam,metall,metall
621159,ERM B 98:2,pildiraam,traat,metall
621160,ERM B 98:3,vaalikurikas,kask,puit
621162,ERM B 98:4,"müts, naiste",flanell (riidesort),tekstiil
621163,ERM B 98:5,sirp,kask,puit
621163,ERM B 98:5,sirp,raud,metall
621164,ERM B 98:6,kedervars,kask,puit
621165,ERM B 98:7,linik,puuvill,tekstiil
621167,ERM B 98:9,korv,kask,puit
621169,ERM B 98:10,kiin,kask,puit
621169,ERM B 98:10,kiin,raud,metall
621193,ERM B 114:37,tangid,raud,metall
621195,ERM B 114:39/ab,säärised,kude,tekstiil
621195,ERM B 114:39/ab,säärised,linane,tekstiil
621195,ERM B 114:39/ab,säärised,lõim,tekstiil
621195,ERM B 114:39/ab,säärised,,tekstiil
621195,ERM B 114:39/ab,säärised,puuvill,tekstiil
621202,ERM B 114:46,"särk, meeste",labane kangas,tekstiil
621202,ERM B 114:46,"särk, meeste",linane,tekstiil
621202,ERM B 114:46,"särk, meeste",,tekstiil
621202,ERM B 114:46,"särk, meeste",,tekstiil
621202,ERM B 114:46,"särk, meeste",puuvill,tekstiil
621204,ERM B 114:48,pealinik,linane,tekstiil
621204,ERM B 114:48,pealinik,lõng,tekstiil
621204,ERM B 114:48,pealinik,riie,tekstiil
621204,ERM B 114:48,pealinik,vill,tekstiil
621208,ERM B 114:51,rinnaehe,kivim,kivim
621208,ERM B 114:51,rinnaehe,klaas,klaas
621208,ERM B 114:51,rinnaehe,metall,metall
621208,ERM B 114:51,rinnaehe,plast,plastik
621208,ERM B 114:51,rinnaehe,raha,metall
621209,ERM B 114:52,rinnaehe,kivim,kivim
621209,ERM B 114:52,rinnaehe,metall,metall
621209,ERM B 114:52,rinnaehe,raha,metall
621210,ERM B 114:53,"pulmasärk, naiste",lina,tekstiil
621210,ERM B 114:53,"pulmasärk, naiste",lõng,tekstiil
621210,ERM B 114:53,"pulmasärk, naiste",riie,tekstiil
621210,ERM B 114:53,"pulmasärk, naiste",vill,tekstiil
621212,ERM B 114:55,rinnalapp,lina,tekstiil
621212,ERM B 114:55,rinnalapp,puuvill,tekstiil
621214,ERM B 114:57/ab,säärised,kude,tekstiil
621214,ERM B 114:57/ab,säärised,linane,tekstiil
621214,ERM B 114:57/ab,säärised,lõim,tekstiil
621214,ERM B 114:57/ab,säärised,vill,tekstiil
621215,ERM B 114:58,pealinik,lina,tekstiil
621215,ERM B 114:58,pealinik,puuvill,tekstiil
621217,ERM B 114:60/a-j,kangaspuud,haab,puit
621217,ERM B 114:60/a-j,kangaspuud,kuusk,puit
621217,ERM B 114:60/a-j,kangaspuud,,puit
621217,ERM B 114:60/a-j,kangaspuud,,puit
621217,ERM B 114:60/a-j,kangaspuud,,puit
621217,ERM B 114:60/a-j,kangaspuud,mänd,puit
621217,ERM B 114:60/a-j,kangaspuud,okaspuit,puit
621217,ERM B 114:60/a-j,kangaspuud,,puit
621217,ERM B 114:60/a-j,kangaspuud,,puit
621217,ERM B 114:60/a-j,kangaspuud,,puit
621219,ERM B 114:61,samovar,vask,metall
621220,ERM B 114:62,reha,kuusk,puit
621220,ERM B 114:62,reha,lehtpuu,puit
621220,ERM B 114:62,reha,,
621221,ERM B 114:63,nõu,haab,puit
621222,ERM B 114:64,püstvokk,kask,puit
621223,ERM B 114:65,nõelumispuu,kask,puit
621223,ERM B 114:65,nõelumispuu,,metall
621223,ERM B 114:65,nõelumispuu,raud,metall
621225,ERM B 114:67,häll,niin,puit
621225,ERM B 114:67,häll,pärn,puit
621225,ERM B 114:67,häll,,puit
621225,ERM B 114:67,häll,nöör,puit
621226,ERM B 114:68,tainanõu,lehtpuu,puit
621227,ERM B 114:69,leivamõhk,haab,puit
621227,ERM B 114:69,leivamõhk,kuusk,puit
621227,ERM B 114:69,leivamõhk,,puit
621228,ERM B 114:70,kangakeha,haab,puit
621228,ERM B 114:70,kangakeha,niin,puit
621228,ERM B 114:70,kangakeha,niit,tekstiil
621228,ERM B 114:70,kangakeha,nöör,puit
621228,ERM B 114:70,kangakeha,okaspuit,puit
621228,ERM B 114:70,kangakeha,,puit
621228,ERM B 114:70,kangakeha,takk,puit
621229,ERM B 114:71,päsmer,raud,metall
621231,ERM B 114:73,käterätt,lina,tekstiil
621232,ERM B 114:74/ab,viisud,niin,puit
621232,ERM B 114:74/ab,viisud,pärn,puit
621232,ERM B 114:74/ab,viisud,toht,puit
621235,ERM B 114:77/abc,püstvokk,kask,puit
621236,ERM B 114:78/ab,uurdesaag,kask,puit
621236,ERM B 114:78/ab,uurdesaag,,puit
621236,ERM B 114:78/ab,uurdesaag,mänd,puit
621237,ERM B 114:79,"tali, raskuste tõstmiseks",,puit
621237,ERM B 114:79,"tali, raskuste tõstmiseks",kask,puit
621237,ERM B 114:79,"tali, raskuste tõstmiseks",köis,puit
621237,ERM B 114:79,"tali, raskuste tõstmiseks",niin,puit
621237,ERM B 114:79,"tali, raskuste tõstmiseks",raud,puit
621237,ERM B 114:79,"tali, raskuste tõstmiseks",vaher,puit
621238,ERM B 114:80,voolmed,kask,puit
621238,ERM B 114:80,voolmed,raud,metall
621239,ERM B 128:109,tubakalõikamise laud,kuusk,puit
621239,ERM B 128:109,tubakalõikamise laud,raud,metall
621240,ERM B 128:110,vokk,puit,puit
621241,ERM B 128:111,korv,niin,puit
621241,ERM B 128:111,korv,pärn,puit
621241,ERM B 128:111,korv,toht,puit
621242,ERM B 128:112,piits,metall,puit
621242,ERM B 128:112,piits,nahk,puit
621242,ERM B 128:112,piits,nöör,puit
621242,ERM B 128:112,piits,pärn,puit
621242,ERM B 128:112,piits,,puit
621243,ERM B 128:113,korv,niin,puit
621243,ERM B 128:113,korv,pärn,puit
621243,ERM B 128:113,korv,toht,puit
621247,ERM B 128:117,"niied, niiepööradega",lehtpuu,puit
621248,ERM B 128:118,niiepöör,niin,puit
621248,ERM B 128:118,niiepöör,nöör,puit
621248,ERM B 128:118,niiepöör,puit,puit
621249,ERM B 128:119/ab,viisud,niin,puit
621249,ERM B 128:119/ab,viisud,pärn,puit
621249,ERM B 128:119/ab,viisud,,puit
621249,ERM B 128:119/ab,viisud,vill,puit
621251,ERM B 128:121,viinanõu,kuusk,puit
621251,ERM B 128:121,viinanõu,pihlakas,puit
621251,ERM B 128:121,viinanõu,vits,puit
621252,ERM B 128:122/ab,koonlapuu,lepp,puit
621252,ERM B 128:122/ab,koonlapuu,pärn,puit
621252,ERM B 128:122/ab,koonlapuu,,puit
621252,ERM B 128:122/ab,koonlapuu,,puit
621253,ERM B 128:123,kangakeha,pärn,puit
621254,ERM B 128:124,riidepakk,pärn,puit
621256,ERM B 128:126,soalaad,pärn,puit
621257,ERM B 128:127/ab,"kõrvarõngas, 2",hõbe,metall
621257,ERM B 128:127/ab,"kõrvarõngas, 2",metall,metall
621258,ERM B 129:1,põhjapõdrarakmed,nahk,nahk
621258,ERM B 129:1,põhjapõdrarakmed,puit,puit
621258,ERM B 129:1,põhjapõdrarakmed,raud,metall
621259,ERM B 129:2,ahke,kask,puit
621259,ERM B 129:2,ahke,metall,metall
621259,ERM B 129:2,ahke,vineer,puit
621261,ERM B 129:4,lehter,niit,puit
621261,ERM B 129:4,lehter,puuvill,puit
621261,ERM B 129:4,lehter,toht,puit
621262,ERM B 129:5,korv,kapron,puit
621262,ERM B 129:5,korv,kask,puit
621262,ERM B 129:5,korv,lehtpuu,puit
621262,ERM B 129:5,korv,,puit
621262,ERM B 129:5,korv,,puit
621262,ERM B 129:5,korv,tehismaterjal,puit
621262,ERM B 129:5,korv,toht,puit
621266,ERM B 129:9/ab,"sukad, naiste",lõng,tekstiil
621266,ERM B 129:9/ab,"sukad, naiste",vill,tekstiil
621267,ERM B 129:10/ab,sokid,lõng,tekstiil
621267,ERM B 129:10/ab,sokid,vill,tekstiil
621269,ERM B 129:12,"peakate, naiste",kalev (riidesort),tekstiil
621269,ERM B 129:12,"peakate, naiste",klaas,klaas
621269,ERM B 129:12,"peakate, naiste",papp,paber
621270,ERM B 130:1/ab,"sokid, tüdrukute",lõng,tekstiil
621270,ERM B 130:1/ab,"sokid, tüdrukute",vill,tekstiil
621271,ERM B 130:2,"kinnas, naiste",lõng,tekstiil
621271,ERM B 130:2,"kinnas, naiste",vill,tekstiil
621272,ERM B 130:3,püünis,raud,metall
621273,ERM B 130:4,püünis,raud,metall
621274,ERM B 130:5,püünis,raud,metall
621275,ERM B 130:6,"sarafan, seelik",pael,tekstiil
621275,ERM B 130:6,"sarafan, seelik",puuvill,tekstiil
621275,ERM B 130:6,"sarafan, seelik",puuvill,tekstiil
621275,ERM B 130:6,"sarafan, seelik",,tekstiil
621276,ERM B 130:7,noodakivi,kivim,kivim
621276,ERM B 130:7,noodakivi,toht,puit
621277,ERM B 130:8,noodalaos,kuusk,puit
621278,ERM B 130:9,kedervars,tamm,puit
621279,ERM B 130:10,tanu,,tekstiil
621279,ERM B 130:10,tanu,siid,tekstiil
621280,ERM B 130:11,kedervars,kuusk,puit
621281,ERM B 130:12,"müts, laste",karusnahk,nahk
621288,ERM B 130:19,võrgunõel,kapron,puit
621288,ERM B 130:19,võrgunõel,seeder,puit
621288,ERM B 130:19,võrgunõel,tehismaterjal,puit
621289,ERM B 130:20,kuub,kalev (riidesort),tekstiil
621289,ERM B 130:20,kuub,karusnahk,tekstiil
621289,ERM B 130:20,kuub,puuvill,tekstiil
621295,ERM B 140:90,"kaelaehe, rahadega",hõbe,metall
621295,ERM B 140:90,"kaelaehe, rahadega",nöör,metall
621295,ERM B 140:90,"kaelaehe, rahadega",vask,metall
621297,ERM B 140:92,"kasukas, meeste",lammas,nahk
621297,ERM B 140:92,"kasukas, meeste",nahk,nahk
621297,ERM B 140:92,"kasukas, meeste",nööp,nahk
621298,ERM B 140:93,tagapõll,litrid,tekstiil
621298,ERM B 140:93,tagapõll,looduslik kiud,tekstiil
621298,ERM B 140:93,tagapõll,vask,tekstiil
621298,ERM B 140:93,tagapõll,vill,tekstiil
621300,ERM B 141:1,lähker,kuusk,puit
621301,ERM B 141:2,nõu,kuusk,puit
621302,ERM B 141:3,nõu,kuusk,puit
621303,ERM B 141:4,nõu,kuusk,puit
621304,ERM B 141:5,nagi,,puit
621304,ERM B 141:5,nagi,kask,puit
621304,ERM B 141:5,nagi,kuusk,puit
621305,ERM B 141:6,pakulaud,kask,puit
621306,ERM B 141:7,raamsaag,kask,puit
621306,ERM B 141:7,raamsaag,kuusk,puit
621306,ERM B 141:7,raamsaag,lina,tekstiil
621306,ERM B 141:7,raamsaag,nöör,tekstiil
621306,ERM B 141:7,raamsaag,teras,metall
621307,ERM B 141:8,koot,kask,puit
621307,ERM B 141:8,koot,nahk,puit
621307,ERM B 141:8,koot,rihm,puit
621308,ERM B 141:9,linakamm,kuusk,puit
621309,ERM B 141:10,jalapuu,kask,puit
621310,ERM B 141:11,kartulilabidas,kuusk,puit
621311,ERM B 141:12,koonlapuu,kask,puit
621312,ERM B 141:13,vikat,kask,puit
621312,ERM B 141:13,vikat,metall,metall
621313,ERM B 141:14,reha,kask,puit
621313,ERM B 141:14,reha,kuusk,puit
621313,ERM B 141:14,reha,,puit
621313,ERM B 141:14,reha,,puit
621313,ERM B 141:14,reha,,puit
621314,ERM B 141:15,käekott,õlg,puit
621315,ERM B 141:16,kauss,savi,keraamika
621316,ERM B 141:17,voodi,kuusk,puit
621317,ERM B 141:18,mõrd,kask,puit
621317,ERM B 141:18,mõrd,lina,puit
621317,ERM B 141:18,mõrd,niit,puit
621317,ERM B 141:18,mõrd,toomingas,puit
621318,ERM B 141:19,küna,haab,puit
621319,ERM B 141:20,võrgukivi,kivim,kivim
621319,ERM B 141:20,võrgukivi,toht,puit
621320,ERM B 141:21,võrguhark,kuusk,puit
621321,ERM B 141:22,kartulilabidas,kuusk,puit
621322,ERM B 141:23,kartulilabidas,kuusk,puit
621324,ERM B 141:25,ujuk,toht,puit
621325,ERM B 141:26,ujuk,toht,puit
621326,ERM B 141:27/ab,suusad,kask,puit
621326,ERM B 141:27/ab,suusad,nahk,puit
621327,ERM B 141:28,koonlapuu,kask,puit
621328,ERM B 141:29,koonlapuu,kuusk,puit
621329,ERM B 142:1,korv,puit,puit
621329,ERM B 142:1,korv,vits,puit
621330,ERM B 142:2/abc,koorekirn,kask,puit
621331,ERM B 142:3,triikraud,kask,puit
621331,ERM B 142:3,triikraud,raud,metall
621331,ERM B 142:3,triikraud,raud,metall
621333,ERM B 142:5,seinavaip,labane kangas,tekstiil
621333,ERM B 142:5,seinavaip,linane,tekstiil
621337,ERM B 142:9,liud,kask,puit
621338,ERM B 142:10,piimakruus,savi,keraamika
621339,ERM B 142:11,pipraveski,kask,puit
621339,ERM B 142:11,pipraveski,raud,metall
621339,ERM B 142:11,pipraveski,metall,metall
621339,ERM B 142:11,pipraveski,plekk,metall
621339,ERM B 142:11,pipraveski,raud,metall
621340,ERM B 142:12,veekann,savi,keraamika
621341,ERM B 157:14,tohukera,toht,puit
621342,ERM B 157:15,luunõel,luu,luu
621343,ERM B 158:1,reha,puit,puit
621344,ERM B 158:2,lutt,lehm,luu
621344,ERM B 158:2,lutt,sarv,luu
621345,ERM B 158:3/ab,vaalikurikas kaikaga,kask,puit
621348,ERM B 158:6,käterätt,lina,tekstiil
621348,ERM B 158:6,käterätt,puuvill,tekstiil
621349,ERM B 158:7,käterätt,lina,tekstiil
621349,ERM B 158:7,käterätt,puuvill,tekstiil
621349,ERM B 158:7,käterätt,vabrikupits (riidesort),tekstiil
621350,ERM B 158:8,käterätt,lina,tekstiil
621350,ERM B 158:8,käterätt,puuvill,tekstiil
621355,ERM B 159:1,"võrk, pulludega",lina,tekstiil
621355,ERM B 159:1,"võrk, pulludega",niin,puit
621355,ERM B 159:1,"võrk, pulludega",savi,keraamika
621355,ERM B 159:1,"võrk, pulludega",toht,puit
621356,ERM B 159:2,niin,niin,puit
621357,ERM B 159:3,nõu,toht,puit
621358,ERM B 159:4,päsmer,raud,metall
621359,ERM B 159:5,"särk, meeste",kodukootud kangas,tekstiil
621359,ERM B 159:5,"särk, meeste",linane,tekstiil
621359,ERM B 159:5,"särk, meeste",nööp,tekstiil
621359,ERM B 159:5,"särk, meeste",plast,tekstiil
621360,ERM B 159:6,seelik,linane,tekstiil
621360,ERM B 159:6,seelik,lõng,tekstiil
621360,ERM B 159:6,seelik,puuvill,tekstiil
621360,ERM B 159:6,seelik,,tekstiil
621362,ERM B 159:8,linahari,lehtpuu,puit
621362,ERM B 159:8,linahari,metall,metall
621364,ERM B 159:10,pott,savi,keraamika
621365,ERM B 159:11/ab,viisud,toht,puit
621366,ERM B 159:12/1-2,koonlapuu,pärn,puit
621367,ERM B 159:13/ab,niiepöörad,kask,puit
621368,ERM B 159:14/ab,niiepöörad,kask,puit
621371,ERM B 159:17,seelik,kude,tekstiil
621371,ERM B 159:17,seelik,linane,tekstiil
621371,ERM B 159:17,seelik,lõim,tekstiil
621371,ERM B 159:17,seelik,vill,tekstiil
621372,ERM B 159:18,seelik,kude,tekstiil
621372,ERM B 159:18,seelik,linane,tekstiil
621372,ERM B 159:18,seelik,lõim,tekstiil
621372,ERM B 159:18,seelik,vill,tekstiil
621375,ERM B 159:21,"korv, kangapoolide",puit,puit
621376,ERM B 159:22,pool,kask,puit
621377,ERM B 159:23,pool,kask,puit
621378,ERM B 159:24,pool,kask,puit
621379,ERM B 159:25/ab,viisud,toht,puit
621380,ERM B 159:26,vokk,lehtpuu,puit
621381,ERM B 159:27,luisutasku,toht,puit
621382,ERM B 159:28,poolivokk,metall,puit
621382,ERM B 159:28,poolivokk,puit,puit
621384,ERM B 159:30,seelik,kude,tekstiil
621384,ERM B 159:30,seelik,linane,tekstiil
621384,ERM B 159:30,seelik,lõim,tekstiil
621384,ERM B 159:30,seelik,vill,tekstiil
621387,ERM B 159:33,korv,juured,puit
621387,ERM B 159:33,korv,mänd,puit
621388,ERM B 159:34,korv,juured,puit
621388,ERM B 159:34,korv,lepp,puit
621388,ERM B 159:34,korv,mänd,puit
621388,ERM B 159:34,korv,oksad,puit
621389,ERM B 159:35,käterätt,lina,tekstiil
621389,ERM B 159:35,käterätt,puuvill,tekstiil
621478,ERM B 166:56,õlle kurnamise pink,kuusk,puit
621480,ERM B 166:57,õlletegemisnõu,haab,puit
621484,ERM B 166:58,sõel,metall,metall
621484,ERM B 166:58,sõel,puit,puit
621485,ERM B 166:59,kaalud,raud,metall
621487,ERM B 166:60,lambarauad,metall,metall
621495,ERM B 167:4,pildiraam,klambrid,metall
621495,ERM B 167:4,pildiraam,,
621495,ERM B 167:4,pildiraam,lehtpuu,puit
621495,ERM B 167:4,pildiraam,metall,metall
621497,ERM B 167:6,kruus,savi,keraamika
621501,ERM B 168:1,kätepesunõu,malm,metall
621501,ERM B 168:1,kätepesunõu,metall,metall
621501,ERM B 168:1,kätepesunõu,malm,metall
621501,ERM B 168:1,kätepesunõu,kett,metall
621502,ERM B 168:2,viisupunumisriist,metall,metall
621503,ERM B 168:3,viisupunumisriist,kask,puit
621503,ERM B 168:3,viisupunumisriist,metall,metall
621504,ERM B 168:4,viisupunumisriist,kask,puit
621504,ERM B 168:4,viisupunumisriist,metall,metall
621506,ERM B 168:5,kühvel,kask,puit
621507,ERM B 168:6,külvivakk,kask,puit
621508,ERM B 168:7,korv,lehtpuu,puit
621509,ERM B 168:8,kauss,lehtpuu,puit
621510,ERM B 168:9,korv,lehtpuu,puit
621511,ERM B 168:10,korv,toht,puit
621512,ERM B 168:11,vara,kask,puit
621512,ERM B 168:11,vara,raud,metall
621514,ERM B 168:12,värten,lehtpuu,puit
621515,ERM B 168:13,värten,lehtpuu,puit
621516,ERM B 168:14,linahari,kask,puit
621517,ERM B 168:15,koonlapuu,kask,puit
621518,ERM B 168:16,koonlapuu,lehtpuu,puit
621526,ERM B 171:125,vikati pinnimise pink,lehtpuu,puit
621527,ERM B 171:126,latern,klaas,klaas
621527,ERM B 171:126,latern,metall,metall
621529,ERM B 171:127,linahari,lehtpuu,puit
621529,ERM B 171:127,linahari,raud,metall
621530,ERM B 171:128,voolmed,raud,metall
621531,ERM B 171:129,samovar,lehtpuu,puit
621531,ERM B 171:129,samovar,vask,metall
621532,ERM B 171:130,ikooni raamkast,,puit
621532,ERM B 171:130,ikooni raamkast,kuusk,puit
621532,ERM B 171:130,ikooni raamkast,metall,puit
621533,ERM B 171:131,süstik,kask,puit
621536,ERM B 171:134,käterätt,puuvill,tekstiil
621538,ERM B 171:135/abc,"ukse käepide, kinnitustega",lehtpuu,puit
621538,ERM B 171:135/abc,"ukse käepide, kinnitustega",metall,metall
621540,ERM B 171:137,korv,mänd,puit
621541,ERM B 171:138,ahjupott,raud,metall
621542,ERM B 171:139,pott,savi,keraamika
621543,ERM B 171:140,pott,savi,keraamika
621544,ERM B 171:141,pesukurikas,kask,puit
621545,ERM B 171:142,sirp,lehtpuu,puit
621545,ERM B 171:142,sirp,metall,metall
621546,ERM B 171:143/ab,kraasid,kask,puit
621546,ERM B 171:143/ab,kraasid,kunstnahk,tekstiil
621546,ERM B 171:143/ab,kraasid,metall,metall
621548,ERM B 171:145/ab,labakindad,lõng,tekstiil
621548,ERM B 171:145/ab,labakindad,vill,tekstiil
621550,ERM B 171:146/ab,sokid,lõng,tekstiil
621550,ERM B 171:146/ab,sokid,vill,tekstiil
621552,ERM B 171:147/ab,labakindad,lõng,tekstiil
621552,ERM B 171:147/ab,labakindad,lõng,tekstiil
621552,ERM B 171:147/ab,labakindad,vill,tekstiil
621553,ERM B 171:148/ab,labakindad,lõng,tekstiil
621553,ERM B 171:148/ab,labakindad,vill,tekstiil
621648,ERM B 192:79,vaalikurikas,lehtpuu,puit
621650,ERM B 192:81,põrandavaip,kude,tekstiil
621650,ERM B 192:81,põrandavaip,lõim,tekstiil
621650,ERM B 192:81,põrandavaip,puuvill,tekstiil
621651,ERM B 192:82,koonlapuu,okaspuit,puit
621652,ERM B 192:83,pudelikorv,toht,puit
621653,ERM B 192:84,nõu,savi,keraamika
621653,ERM B 192:84,nõu,toht,keraamika
621654,ERM B 192:85,lehmakell,metall,metall
621654,ERM B 192:85,lehmakell,nöör,tekstiil
621654,ERM B 192:85,lehmakell,takk,tekstiil
621654,ERM B 192:85,lehmakell,vask,metall
621655,ERM B 192:86,kedervars,kask,puit
621656,ERM B 192:87,kedervars,lehtpuu,puit
621657,ERM B 192:88,kedervars,lehtpuu,puit
621658,ERM B 192:89,kedervars,okaspuit,puit
621659,ERM B 192:90,kedervars,okaspuit,puit
621660,ERM B 192:91,kedervars,lehtpuu,puit
621661,ERM B 192:92,kedervars,lehtpuu,puit
621662,ERM B 192:93,kedervars,lehtpuu,puit
621663,ERM B 192:94,kedervars,lehtpuu,puit
621664,ERM B 192:95,õmblemispuu,kuusk,puit
621667,ERM B 192:98/ab,"sussid, laste",linane,tekstiil
621667,ERM B 192:98/ab,"sussid, laste",nahk,nahk
621667,ERM B 192:98/ab,"sussid, laste",niit,tekstiil
621668,ERM B 192:99/ab,"sussid, laste",lina,tekstiil
621668,ERM B 192:99/ab,"sussid, laste",nahk,nahk
621668,ERM B 192:99/ab,"sussid, laste",niit,tekstiil
621669,ERM B 193:1,nõu,toht,puit
621670,ERM B 193:2,põhjapõdrarangid,kask,puit
621671,ERM B 193:3,põhjapõdrarangid,kuusk,puit
621672,ERM B 193:4,"muusikariist, tüdrukute",luu,luu
621672,ERM B 193:4,"muusikariist, tüdrukute",nöör,tekstiil
621672,ERM B 193:4,"muusikariist, tüdrukute",põder,luu
621672,ERM B 193:4,"muusikariist, tüdrukute",tehismaterjal,plastik
621674,ERM B 193:6,"nukk, mänguasi",plast,plastik
621674,ERM B 193:6,"nukk, mänguasi",karusnahk,nahk
621676,ERM B 193:8/ab,kõrvarõngad,metall,metall
621677,ERM B 193:9,kõrvarõngas,hõbe,metall
621677,ERM B 193:9,kõrvarõngas,klaas,klaas
621679,ERM B 193:11/ab,"kõrvarõngas, 2",hõbe,metall
621679,ERM B 193:11/ab,"kõrvarõngas, 2",klaas,klaas
621680,ERM B 193:12/ab,"kõrvarõngas, 2",hõbe,metall
621680,ERM B 193:12/ab,"kõrvarõngas, 2",klaas,klaas
621683,ERM B 193:15,marjakorjaja,kask,puit
621684,ERM B 193:16,kauss,savi,keraamika
621684,ERM B 193:16,kauss,savi,keraamika
621685,ERM B 193:17,marjakorjaja,kask,puit
621687,ERM B 193:19/ab,sõrmkindad,lõng,tekstiil
621687,ERM B 193:19/ab,sõrmkindad,vill,tekstiil
621688,ERM B 193:20/ab,kindad,lõng,tekstiil
621688,ERM B 193:20/ab,kindad,vill,tekstiil
621692,ERM B 193:24,häll,kask,puit
621693,ERM B 193:25,"kaelarihm, kellukesega",,metall
621693,ERM B 193:25,"kaelarihm, kellukesega",nahk,nahk
621693,ERM B 193:25,"kaelarihm, kellukesega",raud,metall
621693,ERM B 193:25,"kaelarihm, kellukesega",rihm,nahk
621693,ERM B 193:25,"kaelarihm, kellukesega",,metall
621693,ERM B 193:25,"kaelarihm, kellukesega",vask,metall
621694,ERM B 193:26,"kauss, kätepesu",vask,metall
621695,ERM B 193:27/ab,karp,juured,puit
621695,ERM B 193:27/ab,karp,puit,puit
621696,ERM B 209:2,helmekrae,klaas,klaas
621696,ERM B 209:2,helmekrae,,tekstiil
621696,ERM B 209:2,helmekrae,,tekstiil
621696,ERM B 209:2,helmekrae,,tekstiil
621696,ERM B 209:2,helmekrae,,tekstiil
621696,ERM B 209:2,helmekrae,,tekstiil
621696,ERM B 209:2,helmekrae,,tekstiil
621696,ERM B 209:2,helmekrae,klaashelmed,klaas
621697,ERM B 209:3/ab,viisud,niin,puit
621697,ERM B 209:3/ab,viisud,pärn,puit
621697,ERM B 209:3/ab,viisud,,puit
621699,ERM B 209:4,müts,,tekstiil
621699,ERM B 209:4,müts,vilt,tekstiil
621700,ERM B 209:5,karp,puit,puit
621702,ERM B 210:1/ab,"talvesaapad, naiste",,nahk
621702,ERM B 210:1/ab,"talvesaapad, naiste",vill,nahk
621702,ERM B 210:1/ab,"talvesaapad, naiste",nahk,nahk
621702,ERM B 210:1/ab,"talvesaapad, naiste",põhjapõder,nahk
621702,ERM B 210:1/ab,"talvesaapad, naiste",vill,nahk
621702,ERM B 210:1/ab,"talvesaapad, naiste",,nahk
621706,ERM B 211:1,suga,okaspuit,puit
621706,ERM B 211:1,suga,takk,puit
621707,ERM B 211:2,suga,puit,puit
621708,ERM B 211:3,põlleriie,linane,tekstiil
621708,ERM B 211:3,põlleriie,lõim,tekstiil
621708,ERM B 211:3,põlleriie,,tekstiil
621708,ERM B 211:3,põlleriie,,tekstiil
621709,ERM B 211:4,puuämber,,puit
621709,ERM B 211:4,puuämber,,puit
621709,ERM B 211:4,puuämber,puit,puit
621709,ERM B 211:4,puuämber,raud,puit
621709,ERM B 211:4,puuämber,,puit
621709,ERM B 211:4,puuämber,jäme traat,puit
621709,ERM B 211:4,puuämber,vask,puit
621709,ERM B 211:4,puuämber,vits,puit
621709,ERM B 211:4,puuämber,traat,puit
621709,ERM B 211:4,puuämber,vits,puit
621709,ERM B 211:4,puuämber,traat,puit
621710,ERM B 211:5,sõnnikuhark,raud,metall
621711,ERM B 211:6,jalus,raud,metall
622176,ERM B 193:30,marjakorjaja,kask,puit
622179,ERM B 193:33,kauss,kask,puit
622180,ERM B 193:34,ripats,savi,keraamika
622181,ERM B 193:35,ripats,savi,keraamika
622182,ERM B 193:36,ripats,savi,keraamika
622183,ERM B 193:37,ripats,savi,keraamika
622184,ERM B 193:38,kruus,savi,keraamika
622187,ERM B 194:2,ööhäll,nahk,nahk
622187,ERM B 194:2,ööhäll,seeder,puit
622188,ERM B 194:3,võrgunõel,seeder,puit
622192,ERM B 211:7,jalutuskepp,sarapuu,puit
622192,ERM B 211:7,jalutuskepp,käenöör,tekstiil
622192,ERM B 211:7,jalutuskepp,plast,plastik
622192,ERM B 211:7,jalutuskepp,puuvill,tekstiil
622192,ERM B 211:7,jalutuskepp,sarapuu,puit
622193,ERM B 211:8,"piits, lambakarjuse",nöör,tekstiil
622193,ERM B 211:8,"piits, lambakarjuse",,
622193,ERM B 211:8,"piits, lambakarjuse",puit,puit
622193,ERM B 211:8,"piits, lambakarjuse",,tekstiil
622194,ERM B 211:9,ahing,raud,metall
622195,ERM B 211:10,piimapott,savi,keraamika
622196,ERM B 211:11,linahari,nahk,nahk
622196,ERM B 211:11,linahari,puit,puit
622196,ERM B 211:11,linahari,raud,metall
622197,ERM B 211:12/1,"pluusiriie, proovilapp",puuvill,tekstiil
622197,ERM B 211:12/1,"pluusiriie, proovilapp",,tekstiil
622197,ERM B 211:12/1,"pluusiriie, proovilapp",,tekstiil
622198,ERM B 211:12/2,"kitliriie, proovilapp",,tekstiil
622198,ERM B 211:12/2,"kitliriie, proovilapp",,tekstiil
622198,ERM B 211:12/2,"kitliriie, proovilapp",puuvill,tekstiil
622200,ERM B 211:12/4,"kleidiriie, proovilapp",puuvill,tekstiil
622200,ERM B 211:12/4,"kleidiriie, proovilapp",,tekstiil
622640,ERM B 194:11,"kasukas, tüdrukute",karusnahk,nahk
622640,ERM B 194:11,"kasukas, tüdrukute",nahk,nahk
622640,ERM B 194:11,"kasukas, tüdrukute",põhjapõder,nahk
622640,ERM B 194:11,"kasukas, tüdrukute",,nahk
622640,ERM B 194:11,"kasukas, tüdrukute",,nahk
622640,ERM B 194:11,"kasukas, tüdrukute",,nahk
622640,ERM B 194:11,"kasukas, tüdrukute",vill,nahk
622641,ERM B 194:12,"kasukas, tüdrukute",kalev (riidesort),nahk
622641,ERM B 194:12,"kasukas, tüdrukute",karusnahk,nahk
622641,ERM B 194:12,"kasukas, tüdrukute",,nahk
622641,ERM B 194:12,"kasukas, tüdrukute",,nahk
622641,ERM B 194:12,"kasukas, tüdrukute",,nahk
622641,ERM B 194:12,"kasukas, tüdrukute",põhjapõder,nahk
622646,ERM B 194:17,"umbkuub, meeste",kalev (riidesort),tekstiil
622647,ERM B 194:18,"kasukas, poiste",karusnahk,nahk
622647,ERM B 194:18,"kasukas, poiste",puuvill,nahk
622647,ERM B 194:18,"kasukas, poiste",põhjapõder,nahk
622647,ERM B 194:18,"kasukas, poiste",,nahk
622652,ERM B 195:3,vöö,helmed,tekstiil
622652,ERM B 195:3,vöö,ketas,tekstiil
622652,ERM B 195:3,vöö,klaas,tekstiil
622652,ERM B 195:3,vöö,kunstkiudmaterjal,tekstiil
622652,ERM B 195:3,vöö,kunstsiid,tekstiil
622652,ERM B 195:3,vöö,plast,tekstiil
622652,ERM B 195:3,vöö,traat,tekstiil
622652,ERM B 195:3,vöö,valge metall,tekstiil
622652,ERM B 195:3,vöö,vask,tekstiil
622654,ERM B 195:5,müts,karusnahk,tekstiil
622654,ERM B 195:5,müts,,tekstiil
622654,ERM B 195:5,müts,puuvill,tekstiil
622654,ERM B 195:5,müts,rebane,tekstiil
622654,ERM B 195:5,müts,vill,tekstiil
622654,ERM B 195:5,müts,,tekstiil
622656,ERM B 195:7/ab,karp,toht,puit
622657,ERM B 195:8,"figuur, puusepp",lehtpuu,puit
622658,ERM B 195:9,"figuur, öökull",kuusk,puit
622659,ERM B 195:10,"figuur, naine lapsega",savi,keraamika
622660,ERM B 195:11,"mänguasi, ""lina töötlemine""",pärn,puit
622666,ERM B 196:1,"särk, naise",puuvill,tekstiil
622667,ERM B 196:2,ülerõivas,puuvill,tekstiil
622668,ERM B 196:3,põll,polüester,tekstiil
622668,ERM B 196:3,põll,puuvill,tekstiil
622669,ERM B 196:4,"särk, naiste",puuvill,tekstiil
622670,ERM B 196:5,põll,puuvill,tekstiil
622670,ERM B 196:5,põll,vill,tekstiil
622671,ERM B 196:6,särk,puuvill,tekstiil
622671,ERM B 196:6,särk,vill,tekstiil
622672,ERM B 196:7,põll,puuvill,tekstiil
622672,ERM B 196:7,põll,vill,tekstiil
622673,ERM B 196:8,kaelaehe,alumiinium,metall
622673,ERM B 196:8,kaelaehe,plast,plastik
622673,ERM B 196:8,kaelaehe,puuvill,tekstiil
622674,ERM B 196:9,vöö,kangas,tekstiil
622674,ERM B 196:9,vöö,kett,tekstiil
622674,ERM B 196:9,vöö,puuvill,tekstiil
622674,ERM B 196:9,vöö,vask,tekstiil
622675,ERM B 196:10,rätik,vill,tekstiil
622675,ERM B 196:10,rätik,vill,tekstiil
622676,ERM B 196:11,padjapüür,puuvill,tekstiil
622676,ERM B 196:11,padjapüür,vill,tekstiil
622677,ERM B 196:12,padjapüür,puuvill,tekstiil
622678,ERM B 196:13,käteräti pits,puuvill,tekstiil
622679,ERM B 196:14,käteräti pits,puuvill,tekstiil
622680,ERM B 196:15,"särk, naiste",puuvill,tekstiil
622681,ERM B 196:16,"särk, naiste",puuvill,tekstiil
622682,ERM B 196:17,ülerõivas,kunstsiid,tekstiil
622682,ERM B 196:17,ülerõivas,puuvill,tekstiil
622683,ERM B 196:18,"särk, naiste",kunstsiid,tekstiil
622683,ERM B 196:18,"särk, naiste",puuvill,tekstiil
622684,ERM B 196:19,ülerõivas,kunstsiid,tekstiil
622684,ERM B 196:19,ülerõivas,puuvill,tekstiil
623107,ERM B 179:24/abc,võrgukivid,kivim,kivim
623107,ERM B 179:24/abc,võrgukivid,lina,tekstiil
623107,ERM B 179:24/abc,võrgukivid,nöör,tekstiil
623111,ERM B 179:25,võrgukivi,savi,keraamika
623112,ERM B 179:26/ab,ujukid,mänd,puit
623113,ERM B 179:27,maakirves,raud,metall
623114,ERM B 179:28/ab,võrgukivi,tsement,kivim
623117,ERM B 179:29/ab,võrgukivi,kivim,kivim
623117,ERM B 179:29/ab,võrgukivi,šamottkivi,kivim
623124,ERM B 179:30,pesukurikas,kask,puit
623125,ERM B 179:31,võrgukivi,savi,keraamika
623126,ERM B 179:32,pott,savi,keraamika
623127,ERM B 179:33/ab,võimasin,kask,puit
623127,ERM B 179:33/ab,võimasin,klaas,klaas
623128,ERM B 179:34/ab,latern,klaas,klaas
623128,ERM B 179:34/ab,latern,metall,metall
623129,ERM B 179:35,peegel,puit,puit
623129,ERM B 179:35,peegel,,puit
623130,ERM B 179:36,kauss,savi,keraamika
623131,ERM B 179:37,lumelabidas,kask,puit
623135,ERM B 179:40,võimasin,kuusk,puit
623135,ERM B 179:40,võimasin,paju,puit
623135,ERM B 179:40,võimasin,vits,puit
623136,ERM B 179:41,viipsipuu,,puit
623136,ERM B 179:41,viipsipuu,,puit
623136,ERM B 179:41,viipsipuu,kask,puit
623136,ERM B 179:41,viipsipuu,kuusk,puit
623167,ERM B 196:20,ülerõivas,puuvill,tekstiil
623167,ERM B 196:20,ülerõivas,vill,tekstiil
623168,ERM B 196:21,peakate,kalev (riidesort),tekstiil
623168,ERM B 196:21,peakate,karusnahk,tekstiil
623168,ERM B 196:21,peakate,,tekstiil
623169,ERM B 196:22,kõrvarõngad,puuvill,tekstiil
623170,ERM B 196:23,ikoonirätik,puuvill,tekstiil
623171,ERM B 196:24,ikoonirätik,puuvill,tekstiil
623172,ERM B 196:25,ikoonirätik,puuvill,tekstiil
623173,ERM B 196:26,"särk, naiste",kunstsiid,tekstiil
623173,ERM B 196:26,"särk, naiste",puuvill,tekstiil
623174,ERM B 196:27,ülerõivas,kunstsiid,tekstiil
623174,ERM B 196:27,ülerõivas,puuvill,tekstiil
623175,ERM B 196:28,põll,kunstsiid,tekstiil
623176,ERM B 196:29,põll,kunstsiid,tekstiil
623177,ERM B 196:30,rätik,,tekstiil
623177,ERM B 196:30,rätik,vill,tekstiil
623178,ERM B 197:1,kindaproov,lõng,tekstiil
623178,ERM B 197:1,kindaproov,vill,tekstiil
623179,ERM B 197:2,sviitriproov,vill,tekstiil
623180,ERM B 197:3,"labakinnas, poiste",lõng,tekstiil
623180,ERM B 197:3,"labakinnas, poiste",vill,tekstiil
623180,ERM B 197:3,"labakinnas, poiste",vill,tekstiil
623181,ERM B 197:4,labakinnas,lõng,tekstiil
623181,ERM B 197:4,labakinnas,vill,tekstiil
623182,ERM B 197:5,mütsi mustri proov,vill,tekstiil
623183,ERM B 197:6,"vest, poiste",lõng,tekstiil
623183,ERM B 197:6,"vest, poiste",vill,tekstiil
623184,ERM B 197:7,taskurätik,puuvill,tekstiil
623185,ERM B 197:8,sall,puuvill,tekstiil
623186,ERM B 197:9,pesukorv,mänd,puit
623186,ERM B 197:9,pesukorv,,puit
623186,ERM B 197:9,pesukorv,toomingas,puit
623187,ERM B 197:10,seenekorv,mänd,puit
623188,ERM B 197:11/ab,kõrvarõngad,klaas,klaas
623188,ERM B 197:11/ab,kõrvarõngad,metall,metall
623189,ERM B 197:12,kõrvarõngas,klaas,klaas
623189,ERM B 197:12,kõrvarõngas,metall,metall
623190,ERM B 197:13,sõrmus,hõbe,metall
623191,ERM B 197:14,kalurimüts,,tekstiil
623191,ERM B 197:14,kalurimüts,kunstnahk,tekstiil
623191,ERM B 197:14,kalurimüts,puuvill,tekstiil
623191,ERM B 197:14,kalurimüts,,tekstiil
623192,ERM B 197:15,nahkkinnas,nahk,nahk
623192,ERM B 197:15,nahkkinnas,,nahk
623193,ERM B 197:16,"vest, meeste",,tekstiil
623193,ERM B 197:16,"vest, meeste",nööp,tekstiil
623193,ERM B 197:16,"vest, meeste",plast,tekstiil
623193,ERM B 197:16,"vest, meeste",puuvill,tekstiil
623193,ERM B 197:16,"vest, meeste",vill,tekstiil
623193,ERM B 197:16,"vest, meeste",,tekstiil
623195,ERM B 197:18,müts,nahk,nahk
623197,ERM B 197:20,kotikene,puuvill,tekstiil
623198,ERM B 197:21,kotikene,puuvill,tekstiil
623199,ERM B 197:22,kotikene,lina,tekstiil
623200,ERM B 197:23,kotikene,lina,tekstiil
623201,ERM B 197:24,vöö,lõng,tekstiil
623201,ERM B 197:24,vöö,vill,tekstiil
623202,ERM B 197:25,kleidikrae,puuvill,tekstiil
623203,ERM B 197:26,marjakorv,lehtpuu,tekstiil
623204,ERM B 197:27,"seinavaip, köögi",puuvill,tekstiil
623205,ERM B 197:28,pits,puuvill,tekstiil
623206,ERM B 197:29,"kinnas, labakinnas, kirikinnas",vill,tekstiil
623207,ERM B 197:30,kada,kumm,puit
623207,ERM B 197:30,kada,nahk,puit
623207,ERM B 197:30,kada,tehismaterjal,puit
623207,ERM B 197:30,kada,õunapuu,puit
623208,ERM B 197:31,põrandavaip,puuvill,tekstiil
623209,ERM B 197:32,rätik,puuvill,tekstiil
623210,ERM B 197:33,sall,tehiskiud,tekstiil
623210,ERM B 197:33,sall,vill,tekstiil
623211,ERM B 197:34,"rätik, siidirätt",siid,tekstiil
623212,ERM B 197:35,käterätt,puuvill,tekstiil
623213,ERM B 197:36,pott,savi,keraamika
623214,ERM B 197:37,tool,lehtpuu,puit
623215,ERM B 197:38,"seelik, vatiseelik",puuvill,tekstiil
623215,ERM B 197:38,"seelik, vatiseelik",riie,tekstiil
623215,ERM B 197:38,"seelik, vatiseelik",vatt,tekstiil
623216,ERM B 197:39,aknaluuk,,
623216,ERM B 197:39,aknaluuk,metall,metall
623216,ERM B 197:39,aknaluuk,okaspuit,puit
623217,ERM B 197:40/ab,"vaalikurikas, nui",lehtpuu,puit
623677,ERM B 179:44,soalaad,kask,puit
623678,ERM B 179:45,niidikeha,kask,puit
623679,ERM B 179:46,viipsipuu,kask,puit
623679,ERM B 179:46,viipsipuu,raud,metall
623682,ERM B 179:49/ab,kindad,lõng,tekstiil
623682,ERM B 179:49/ab,kindad,vill,tekstiil
623684,ERM B 179:50,heegelsussid,lõng,tekstiil
623684,ERM B 179:50,heegelsussid,vill,tekstiil
623685,ERM B 179:51,pott,savi,keraamika
623693,ERM B 179:58,võrguhark,kask,puit
623694,ERM B 179:59,ahjuroop,raud,metall
623695,ERM B 179:60,potihark,kuusk,puit
623695,ERM B 179:60,potihark,raud,metall
623696,ERM B 179:61,potihark,kuusk,puit
623696,ERM B 179:61,potihark,raud,metall
623697,ERM B 179:62,potihark,kuusk,puit
623697,ERM B 179:62,potihark,raud,metall
623699,ERM B 179:63,panninäpits,kuusk,puit
623699,ERM B 179:63,panninäpits,raud,metall
623700,ERM B 179:64,panninäpits,kuusk,puit
623700,ERM B 179:64,panninäpits,raud,metall
623701,ERM B 179:65,panninäpits,kuusk,puit
623701,ERM B 179:65,panninäpits,raud,metall
623702,ERM B 179:66,soolatops,kask,puit
623713,ERM B 179:73,marjakühvel,kuusk,puit
623713,ERM B 179:73,marjakühvel,nahk,puit
623713,ERM B 179:73,marjakühvel,raud,puit
623714,ERM B 179:74,kalakorv,mänd,puit
623715,ERM B 179:75,noodapüügi konks,kask,puit
623715,ERM B 179:75,noodapüügi konks,lina,puit
623715,ERM B 179:75,noodapüügi konks,nöör,puit
623717,ERM B 179:76,võrgukivi,savi,keraamika
623718,ERM B 179:77,jääking,lina,tekstiil
623718,ERM B 179:77,jääking,nahk,nahk
623718,ERM B 179:77,jääking,nöör,tekstiil
623718,ERM B 179:77,jääking,raud,metall
623747,ERM B 197:41,ikoon,lehtpuu,puit
623747,ERM B 197:41,ikoon,metall,metall
623747,ERM B 197:41,ikoon,paber,paber
623748,ERM B 197:42,pearätik,vill,tekstiil
623749,ERM B 197:43,"põll, laste",puuvill,tekstiil
623750,ERM B 197:44,"postkaart, nimepäeva",paber,paber
623751,ERM B 197:45,"postkaart, nimepäeva",paber,paber
623756,ERM B 197:50,tikkimisraam,vill,tekstiil
623756,ERM B 197:50,tikkimisraam,vineer,puit
623757,ERM B 197:51,mõrd,nöör,tekstiil
623757,ERM B 197:51,mõrd,okaspuit,puit
623757,ERM B 197:51,mõrd,papp,paber
623757,ERM B 197:51,mõrd,raud,metall
623757,ERM B 197:51,mõrd,,
623758,ERM B 197:52,kauss,savi,keraamika
623759,ERM B 197:53,taburet,lehtpuu,puit
623760,ERM B 197:54,suurrätt,vill,tekstiil
623761,ERM B 197:55,kleit,,tekstiil
623762,ERM B 197:56,alusseelik,puuvill,tekstiil
623763,ERM B 197:57,laudlina,puuvill,tekstiil
623764,ERM B 197:58,laudlina,puuvill,tekstiil
623765,ERM B 197:59,voodikate,puuvill,tekstiil
623766,ERM B 197:60,põll,puuvill,tekstiil
623767,ERM B 197:61,päevatekk,puuvill,tekstiil
623768,ERM B 197:62,pluus,puuvill,tekstiil
623769,ERM B 197:63,kleit,puuvill,tekstiil
623770,ERM B 197:64,"särgiriie, katkend",puuvill,tekstiil
623771,ERM B 197:65,"särgiriie, katkend",puuvill,tekstiil
623772,ERM B 197:66,põll,puuvill,tekstiil
623773,ERM B 197:67/ab,labakindad,lõng,tekstiil
623773,ERM B 197:67/ab,labakindad,vill,tekstiil
623774,ERM B 197:68,ujuk,mänd,puit
623775,ERM B 197:69,leivalabidas,lehtpuu,puit
623776,ERM B 197:70/1-15,"niied, varbadega",lehtpuu,puit
623776,ERM B 197:70/1-15,"niied, varbadega",lina,tekstiil
623777,ERM B 197:71,triikraud,kask,puit
623777,ERM B 197:71,triikraud,malm,metall
623777,ERM B 197:71,triikraud,malm,metall
623778,ERM B 197:72,"kleidiriie, katkend",puuvill,tekstiil
623779,ERM B 197:73,"palitu vooder, katkend",atlassiid,tekstiil
623779,ERM B 197:73,"palitu vooder, katkend",,tekstiil
623780,ERM B 197:74,"kleidiriie, katkend",puuvill,tekstiil
623781,ERM B 197:75,"kleidiriie, katkend",puuvill,tekstiil
623782,ERM B 197:76,"kleidiriie, katkend",puuvill,tekstiil
623783,ERM B 197:77,"särgiriie, meeste, katkend",puuvill,tekstiil
623784,ERM B 197:78,"pluusiriie, katkend",puuvill,tekstiil
623785,ERM B 197:79,"kitliriie, katkend",bemberg (riidesort),tekstiil
623786,ERM B 197:80,"alusseeliku riie, katkend",puuvill,tekstiil
623787,ERM B 197:81,"voodririie, katkend",kude,tekstiil
623787,ERM B 197:81,"voodririie, katkend",lina,tekstiil
623787,ERM B 197:81,"voodririie, katkend",lõim,tekstiil
623787,ERM B 197:81,"voodririie, katkend",vill,tekstiil
623788,ERM B 197:82,"kitliriie, katkend",puuvill,tekstiil
623789,ERM B 197:83,"kleidiriie, katkend",puuvill,tekstiil
623790,ERM B 197:84,"kleidiriie, katkend",puuvill,tekstiil
623791,ERM B 197:85,"kleidiriie, katkend",puuvill,tekstiil
623792,ERM B 197:86,"kleidiriie, katkend",puuvill,tekstiil
623793,ERM B 197:87,"jaki voodririie, katkend",puuvill,tekstiil
623794,ERM B 197:88,"kleidiriie, katkend",puuvill,tekstiil
623795,ERM B 197:89,"vatiteki riie, katkend",puuvill,tekstiil
624238,ERM B 179:79,seelik,pael,tekstiil
624238,ERM B 179:79,seelik,puuvill,tekstiil
624238,ERM B 179:79,seelik,sits (riidesort),tekstiil
624238,ERM B 179:79,seelik,trikotaazh,tekstiil
624240,ERM B 179:81,margapuu,raud,metall
624244,ERM B 179:85/ab,labakindad,lõng,tekstiil
624244,ERM B 179:85/ab,labakindad,vill,tekstiil
624247,ERM B 179:87,samovar,kask,puit
624247,ERM B 179:87,samovar,metall,metall
624250,ERM B 179:90,hui,lehtpuu,puit
624251,ERM B 179:91,võrguhark,,puit
624251,ERM B 179:91,võrguhark,kask,puit
624251,ERM B 179:91,võrguhark,kuusk,puit
624252,ERM B 179:92,sõrmenuga,metall,metall
624253,ERM B 179:93,kapsanui,lehtpuu,puit
624254,ERM B 179:94,torbik,toht,puit
624254,ERM B 179:94,torbik,toomingas,puit
624254,ERM B 179:94,torbik,vits,puit
624255,ERM B 179:95,korv,niit,puit
624255,ERM B 179:95,korv,puuvill,puit
624255,ERM B 179:95,korv,toht,puit
624256,ERM B 179:96,põrandariide materjali kerija,kask,puit
624256,ERM B 179:96,põrandariide materjali kerija,kuusk,puit
624256,ERM B 179:96,põrandariide materjali kerija,,puit
624259,ERM B 179:98,"marjakühvel, mustika",kask,puit
624260,ERM B 179:99,naelakast,kuusk,puit
624261,ERM B 179:100,seljakorv,mänd,puit
624262,ERM B 179:101/ab,labakindad,,tekstiil
624262,ERM B 179:101/ab,labakindad,lõng,tekstiil
624262,ERM B 179:101/ab,labakindad,vill,tekstiil
624264,ERM B 179:102/ab,võikarp,haab,puit
624264,ERM B 179:102/ab,võikarp,kuusk,puit
624264,ERM B 179:102/ab,võikarp,,puit
624264,ERM B 179:102/ab,võikarp,niit,puit
624264,ERM B 179:102/ab,võikarp,puuvill,puit
624264,ERM B 179:102/ab,võikarp,,puit
624264,ERM B 179:102/ab,võikarp,,puit
624265,ERM B 179:103/ab,karp,juured,puit
624265,ERM B 179:103/ab,karp,mänd,puit
624268,ERM B 179:105,labakinnas,lõng,tekstiil
624268,ERM B 179:105,labakinnas,vill,tekstiil
624269,ERM B 179:106/ab,"labakindad, meeste",,tekstiil
624269,ERM B 179:106/ab,"labakindad, meeste",lõng,tekstiil
624269,ERM B 179:106/ab,"labakindad, meeste",vill,tekstiil
624270,ERM B 179:107,sõrmkinnas,lõng,tekstiil
624270,ERM B 179:107,sõrmkinnas,lõng,tekstiil
624270,ERM B 179:107,sõrmkinnas,vill,tekstiil
624272,ERM B 179:109,seelikuriie,kude,tekstiil
624272,ERM B 179:109,seelikuriie,linane,tekstiil
624272,ERM B 179:109,seelikuriie,lõim,tekstiil
624273,ERM B 179:110,külimit,juured,puit
624273,ERM B 179:110,külimit,mänd,puit
624274,ERM B 179:111,korv,mänd,puit
624274,ERM B 179:111,korv,nöör,puit
624274,ERM B 179:111,korv,puuvill,puit
624275,ERM B 179:112,kalakorv,mänd,puit
624275,ERM B 179:112,kalakorv,nöör,puit
624275,ERM B 179:112,kalakorv,puuvill,puit
624276,ERM B 179:113,seljakorv,mänd,puit
624277,ERM B 179:114,heinakorv,mänd,puit
624311,ERM B 197:90,"kleidiriie, katkend",puuvill,tekstiil
624312,ERM B 197:91,"kleidiriie, katkend",puuvill,tekstiil
624313,ERM B 197:92,"kleidiriie, katkend",puuvill,tekstiil
624314,ERM B 197:93,"kitliriie, katkend",puuvill,tekstiil
624315,ERM B 197:94,"kleidiriie, katkend",puuvill,tekstiil
624316,ERM B 197:95,"pluusiriie, katkend",puuvill,tekstiil
624317,ERM B 197:96,"kleidiriie, katkend",puuvill,tekstiil
624318,ERM B 197:97,"kleidiriie, katkend",puuvill,tekstiil
624319,ERM B 197:98,"kleidiriie, tüdrukute, katkend",puuvill,tekstiil
624320,ERM B 197:99,"kleidiriie, katkend",puuvill,tekstiil
624321,ERM B 197:100,"kleidiriie, tüdrukute, katkend",puuvill,tekstiil
624322,ERM B 197:101,"kleidiriie, katkend",puuvill,tekstiil
624323,ERM B 197:102,"pluusiriie, katkend",puuvill,tekstiil
624324,ERM B 197:103,"kleidiriie, katkend",puuvill,tekstiil
624325,ERM B 197:104,mänguasi arvelaud,metall,metall
624325,ERM B 197:104,mänguasi arvelaud,plast,plastik
624326,ERM B 197:105,pihtseelik,vill,tekstiil
624327,ERM B 197:106,sülemi nõu,metall,metall
624327,ERM B 197:106,sülemi nõu,puuvill,puit
624327,ERM B 197:106,sülemi nõu,vineer,puit
624328,ERM B 197:107,hui,vask,metall
624329,ERM B 197:108,rätik,polüester,tekstiil
624330,ERM B 197:109,rätik,polüester,tekstiil
624331,ERM B 197:110,pluus,polüester,tekstiil
624332,ERM B 197:111,pluus,polüester,tekstiil
624333,ERM B 197:112,pluus,nailon,tekstiil
624334,ERM B 197:113,"kingad, naiste",nahk,nahk
624335,ERM B 197:114,"pluus, naiste",polüester,tekstiil
624336,ERM B 197:115,"pluus, naiste",polüamiid,tekstiil
624339,ERM B 197:118,seelik,,tekstiil
624339,ERM B 197:118,seelik,metall,tekstiil
624339,ERM B 197:118,seelik,,tekstiil
624339,ERM B 197:118,seelik,vabrikuriie,tekstiil
624339,ERM B 197:118,seelik,vill,tekstiil
624340,ERM B 197:119,vest,vill,tekstiil
624341,ERM B 197:120,seelik,,tekstiil
624341,ERM B 197:120,seelik,vabrikuriie,tekstiil
624342,ERM B 197:121,"vest, naiste",,tekstiil
624343,ERM B 197:122,"aluspesu, rinnahoidja",puuvill,tekstiil
624344,ERM B 197:123,"ujumispüksid, poiste",polüamiid,tekstiil
624345,ERM B 197:124,pluus,puuvill,tekstiil
624346,ERM B 197:125/ab,kingad,lakknahk,nahk
624347,ERM B 197:126,leivalabidas,lehtpuu,puit
624348,ERM B 197:127,suitsed,raud,metall
624349,ERM B 197:128,uksehaak,raud,metall
624350,ERM B 197:129,ankur,raud,metall
624351,ERM B 197:130,nahapihid,kask,puit
624352,ERM B 197:131,ikoon,metall,metall
624352,ERM B 197:131,ikoon,okaspuit,puit
624352,ERM B 197:131,ikoon,plekk,metall
624353,ERM B 197:132,kann,fajanss,keraamika
624354,ERM B 197:133,"kleidiriie, katkend",puuvill,tekstiil
624355,ERM B 197:134,pühasenurga alus,okaspuit,puit
624356,ERM B 197:135,kardin,puuvill,tekstiil
624357,ERM B 197:136/1-2,kardinapuud,metall,metall
624357,ERM B 197:136/1-2,kardinapuud,nöör,tekstiil
624357,ERM B 197:136/1-2,kardinapuud,okaspuit,puit
624357,ERM B 197:136/1-2,kardinapuud,plekk,metall
624357,ERM B 197:136/1-2,kardinapuud,puuvill,tekstiil
624358,ERM B 197:137,kohver,kask,puit
624358,ERM B 197:137,kohver,metall,metall
624358,ERM B 197:137,kohver,okaspuit,puit
624358,ERM B 197:137,kohver,vineer,puit
624833,ERM B 179:117,suga,lehtpuu,puit
624833,ERM B 179:117,suga,okaspuit,puit
624833,ERM B 179:117,suga,,puit
624833,ERM B 179:117,suga,,metall
624834,ERM B 179:118,lillepott,kuusk,puit
624841,ERM B 179:121,seelikuriie,,tekstiil
624841,ERM B 179:121,seelikuriie,linane,tekstiil
624841,ERM B 179:121,seelikuriie,lõim,tekstiil
624841,ERM B 179:121,seelikuriie,vill,tekstiil
624842,ERM B 179:122,seelikuriie,kude,tekstiil
624842,ERM B 179:122,seelikuriie,linane,tekstiil
624842,ERM B 179:122,seelikuriie,lõim,tekstiil
624842,ERM B 179:122,seelikuriie,vill,tekstiil
624843,ERM B 179:123,käi,kivim,tekstiil
624843,ERM B 179:123,käi,kuusk,tekstiil
624843,ERM B 179:123,käi,nahk,tekstiil
624843,ERM B 179:123,käi,raud,tekstiil
624845,ERM B 179:124/ab,"vaalikurikas, kaikaga",kaigas,puit
624845,ERM B 179:124/ab,"vaalikurikas, kaikaga",kask,puit
624845,ERM B 179:124/ab,"vaalikurikas, kaikaga",,puit
624845,ERM B 179:124/ab,"vaalikurikas, kaikaga",kuusk,puit
624846,ERM B 179:125/ab,labakindad,lõng,tekstiil
624846,ERM B 179:125/ab,labakindad,vill,tekstiil
624847,ERM B 179:126,alusseelik,labane kangas,tekstiil
624847,ERM B 179:126,alusseelik,linane,tekstiil
624850,ERM B 179:127,seelikuriie,kude,tekstiil
624850,ERM B 179:127,seelikuriie,linane,tekstiil
624850,ERM B 179:127,seelikuriie,lõim,tekstiil
624852,ERM B 179:128,vikat,kask,puit
624852,ERM B 179:128,vikat,metall,metall
624853,ERM B 179:129/ab,labakindad,lõng,tekstiil
624853,ERM B 179:129/ab,labakindad,lõng,tekstiil
624853,ERM B 179:129/ab,labakindad,nahk,tekstiil
624853,ERM B 179:129/ab,labakindad,vill,tekstiil
624854,ERM B 179:130,korv,mänd,puit
624855,ERM B 179:131,korv,mänd,puit
624857,ERM B 179:133,alusseelik,puuvill,tekstiil
624857,ERM B 179:133,alusseelik,,tekstiil
624857,ERM B 179:133,alusseelik,,tekstiil
624861,ERM B 179:136,seelik,,tekstiil
624861,ERM B 179:136,seelik,kumm,tekstiil
624861,ERM B 179:136,seelik,metall,tekstiil
624861,ERM B 179:136,seelik,pael,tekstiil
624861,ERM B 179:136,seelik,puuvill,tekstiil
624861,ERM B 179:136,seelik,,tekstiil
624864,ERM B 179:138,seelik,puuvill,tekstiil
624864,ERM B 179:138,seelik,,tekstiil
624868,ERM B 179:141,käsikivi,lehtpuu,puit
624869,ERM B 179:142,kaelkoogud,kask,puit
624869,ERM B 179:142,kaelkoogud,metall,metall
624870,ERM B 179:143/ab,"vaalikurikas, kaikaga",kask,puit
624871,ERM B 179:144,saapaliist,mänd,puit
624872,ERM B 179:145,sirp,metall,metall
624873,ERM B 179:146,ankur,metall,metall
624902,ERM B 187:62,suveniirkaru,lehtpuu,puit
624903,ERM B 187:63,seinakaunistus,lehtpuu,puit
624904,ERM B 187:64,lusikas,puit,puit
624905,ERM B 187:65,lusikas,puit,puit
624906,ERM B 187:66,salatilusikas,puit,puit
624907,ERM B 187:67,kauss,puit,puit
624908,ERM B 187:68/ab,tops,puit,puit
624909,ERM B 187:69,tops,puit,puit
624910,ERM B 187:70/ab,tops,puit,puit
624916,ERM B 188:1,"rinnaehe, rahadega",hõbe,metall
624916,ERM B 188:1,"rinnaehe, rahadega",klaas,klaas
624916,ERM B 188:1,"rinnaehe, rahadega",korall,luu
624916,ERM B 188:1,"rinnaehe, rahadega",metall,metall
624916,ERM B 188:1,"rinnaehe, rahadega",,tekstiil
624940,ERM B 198:1,"peaehe, rahadega",hõbe,metall
624940,ERM B 198:1,"peaehe, rahadega",metall,metall
624940,ERM B 198:1,"peaehe, rahadega",nahk,nahk
624941,ERM B 198:2,peapael,lõng,tekstiil
624941,ERM B 198:2,peapael,puuvill,tekstiil
624941,ERM B 198:2,peapael,riie,tekstiil
624941,ERM B 198:2,peapael,siid,tekstiil
624942,ERM B 198:3,pearätik,kunstsiid,tekstiil
624942,ERM B 198:3,pearätik,sünteetika,tekstiil
624943,ERM B 198:4,vöö,koelõng,tekstiil
624943,ERM B 198:4,vöö,puuvill,tekstiil
624943,ERM B 198:4,vöö,,tekstiil
624944,ERM B 198:5/ab,varrukavärvlid,puuvill,tekstiil
624944,ERM B 198:5/ab,varrukavärvlid,riie,tekstiil
624945,ERM B 198:6,"vöö, meeste",vill,tekstiil
624945,ERM B 198:6,"vöö, meeste",vill,tekstiil
624946,ERM B 198:7,"rüü, naiste",kanep,tekstiil
624946,ERM B 198:7,"rüü, naiste",puuvill,tekstiil
624946,ERM B 198:7,"rüü, naiste",vill,tekstiil
624947,ERM B 198:8,püksid,kanep,tekstiil
624947,ERM B 198:8,püksid,puuvill,tekstiil
624948,ERM B 198:9,särk,kanep,tekstiil
624948,ERM B 198:9,särk,puuvill,tekstiil
624948,ERM B 198:9,särk,vill,tekstiil
625440,ERM B 179:147,ankur,metall,metall
625441,ERM B 179:148,ankur,metall,metall
625442,ERM B 179:149,vibupuur,kask,puit
625442,ERM B 179:149,vibupuur,kuusk,puit
625442,ERM B 179:149,vibupuur,nahk,nahk
625442,ERM B 179:149,vibupuur,,puit
625444,ERM B 179:150,pootshaak,lehtpuu,puit
625444,ERM B 179:150,pootshaak,raud,metall
625444,ERM B 179:150,pootshaak,,
625446,ERM B 179:152,taignamänd,kuusk,puit
625447,ERM B 179:153,seljakorv,okaspuit,puit
625449,ERM B 179:154,suga,lehtpuu,puit
625449,ERM B 179:154,suga,okaspuit,puit
625449,ERM B 179:154,suga,,puit
625449,ERM B 179:154,suga,,puit
625450,ERM B 179:155,suga,lehtpuu,puit
625450,ERM B 179:155,suga,okaspuit,puit
625450,ERM B 179:155,suga,,puit
625451,ERM B 179:156,aknarenn,okaspuit,puit
625452,ERM B 179:157,aknarenn,okaspuit,puit
625453,ERM B 179:158,viipsipuu,kuusk,puit
625456,ERM B 179:159,pott,savi,keraamika
625457,ERM B 179:160,suga,puit,puit
625457,ERM B 179:160,suga,puuvill,puit
625458,ERM B 179:161,suga,kanep,puit
625458,ERM B 179:161,suga,nöör,puit
625458,ERM B 179:161,suga,puit,puit
625459,ERM B 179:162,suga,kanep,puit
625459,ERM B 179:162,suga,nöör,puit
625459,ERM B 179:162,suga,puit,puit
625460,ERM B 179:163,suga,metall,metall
625460,ERM B 179:163,suga,puit,puit
625461,ERM B 179:164,soalaad,kanep,puit
625461,ERM B 179:164,soalaad,kask,puit
625461,ERM B 179:164,soalaad,metall,metall
625461,ERM B 179:164,soalaad,nöör,puit
625461,ERM B 179:164,soalaad,traat,metall
625462,ERM B 179:165,nõu,savi,keraamika
625463,ERM B 179:166,tuur,okaspuit,puit
625463,ERM B 179:166,tuur,raud,puit
625464,ERM B 179:167,võrguhark,lehtpuu,puit
625465,ERM B 179:168,võrguhark,lehtpuu,puit
625466,ERM B 179:169,kaalud,metall,metall
625468,ERM B 179:170/ab,jalatsiliistud,kask,puit
625470,ERM B 179:172,lõngakeha,okaspuit,puit
625471,ERM B 179:173,"pott, hanede jooginõu",savi,keraamika
625473,ERM B 179:176,pott,savi,keraamika
625479,ERM B 179:177,pott,savi,keraamika
625481,ERM B 179:178,korv,kuusk,puit
625482,ERM B 179:179,korv,kuusk,puit
625484,ERM B 188:8,käterätt,lina,tekstiil
625484,ERM B 188:8,käterätt,puuvill,tekstiil
625484,ERM B 188:8,käterätt,vabrikupits (riidesort),tekstiil
625485,ERM B 188:9,käterätt,lina,tekstiil
625485,ERM B 188:9,käterätt,puuvill,tekstiil
625486,ERM B 188:10,käterätt,lina,tekstiil
625486,ERM B 188:10,käterätt,puuvill,tekstiil
625486,ERM B 188:10,käterätt,vill,tekstiil
625487,ERM B 188:11,käterätt,lina,tekstiil
625487,ERM B 188:11,käterätt,puuvill,tekstiil
625487,ERM B 188:11,käterätt,vabrikupits (riidesort),tekstiil
625488,ERM B 188:12,hobusekell,pronks,metall
625497,ERM B 189:9,värten,kask,puit
625498,ERM B 189:10,kanepikamm,kask,puit
625500,ERM B 189:12,lusikas,lehtpuu,puit
625501,ERM B 189:13,lusikas,lehtpuu,puit
625516,ERM B 189:28,kann,savi,keraamika
625517,ERM B 189:29,lusikakarp,niin,puit
625517,ERM B 189:29,lusikakarp,pärn,puit
625518,ERM B 189:30,lusikas,lehtpuu,puit
625520,ERM B 189:32,käterätt,looduslik kiud,tekstiil
625520,ERM B 189:32,käterätt,puuvill,tekstiil
625523,ERM B 189:35,käterätt,lina,tekstiil
625523,ERM B 189:35,käterätt,puuvill,tekstiil
625523,ERM B 189:35,käterätt,vabrikupits (riidesort),tekstiil
625524,ERM B 189:36,käterätt,puuvill,tekstiil
625531,ERM B 198:10,käterätt,puuvill,tekstiil
625531,ERM B 198:10,käterätt,riie,tekstiil
625531,ERM B 198:10,käterätt,pits,tekstiil
625536,ERM B 198:11,"särk, pruudi",puuvill,tekstiil
625537,ERM B 198:12,särk,puuvill,tekstiil
625538,ERM B 198:13,särk,puuvill,tekstiil
625539,ERM B 198:14,särk,broderii,tekstiil
625539,ERM B 198:14,särk,puuvill,tekstiil
625540,ERM B 198:15,"peakate, naiste",kanep,tekstiil
625540,ERM B 198:15,"peakate, naiste",vill,tekstiil
625541,ERM B 198:16,"peakate, naiste",helmed,klaas
625541,ERM B 198:16,"peakate, naiste",klaas,klaas
625541,ERM B 198:16,"peakate, naiste",lina,tekstiil
625541,ERM B 198:16,"peakate, naiste",litrid,klaas
625541,ERM B 198:16,"peakate, naiste",metall,metall
625541,ERM B 198:16,"peakate, naiste",puuvill,tekstiil
625541,ERM B 198:16,"peakate, naiste",vill,tekstiil
625542,ERM B 198:17,peapael,puuvill,tekstiil
625542,ERM B 198:17,peapael,siid,tekstiil
625542,ERM B 198:17,peapael,vill,tekstiil
625543,ERM B 198:18,pealinik,puuvill,tekstiil
625543,ERM B 198:18,pealinik,tikand,tekstiil
625543,ERM B 198:18,pealinik,vill,tekstiil
625544,ERM B 198:19,pealinik,puuvill,tekstiil
625544,ERM B 198:19,pealinik,tikand,tekstiil
625544,ERM B 198:19,pealinik,vill,tekstiil
625545,ERM B 198:20/ab,"saapad, pruudi",nahk,nahk
625546,ERM B 198:21,süstik,lehtpuu,puit
625547,ERM B 198:22,"rüü, naiste",kanep,tekstiil
625548,ERM B 198:23,särk,puuvill,tekstiil
625549,ERM B 198:24,"talverõivas, naiste",,tekstiil
625549,ERM B 198:24,"talverõivas, naiste",sits (riidesort),tekstiil
625549,ERM B 198:24,"talverõivas, naiste",vatt,tekstiil
625549,ERM B 198:24,"talverõivas, naiste",,tekstiil
625549,ERM B 198:24,"talverõivas, naiste",puuvill,tekstiil
625550,ERM B 198:25,särk,lina,tekstiil
625550,ERM B 198:25,särk,puuvill,tekstiil
625550,ERM B 198:25,särk,,tekstiil
625551,ERM B 198:26,särk,puuvill,tekstiil
625552,ERM B 198:27,põlle seljapael,pael,tekstiil
625552,ERM B 198:27,põlle seljapael,puuvill,tekstiil
625552,ERM B 198:27,põlle seljapael,siid,tekstiil
625553,ERM B 198:28/ab,põlle seljapaelad,lina,tekstiil
625553,ERM B 198:28/ab,põlle seljapaelad,puuvill,tekstiil
625553,ERM B 198:28/ab,põlle seljapaelad,siid,tekstiil
625554,ERM B 198:29/ab,saapad,nahk,nahk
625554,ERM B 198:29/ab,saapad,veis,nahk
625555,ERM B 198:30,linahari,harjas,puit
625555,ERM B 198:30,linahari,kanep,puit
625556,ERM B 198:31,põlle seljapael,puuvill,tekstiil
625556,ERM B 198:31,põlle seljapael,siid,tekstiil
625557,ERM B 198:32,põlle seljapael,pael,tekstiil
625557,ERM B 198:32,põlle seljapael,puuvill,tekstiil
625557,ERM B 198:32,põlle seljapael,siid,tekstiil
625558,ERM B 198:33,põlle seljapael,puuvill,tekstiil
625558,ERM B 198:33,põlle seljapael,siid,tekstiil
625559,ERM B 198:34,pealinik,puuvill,tekstiil
625559,ERM B 198:34,pealinik,siid,tekstiil
625559,ERM B 198:34,pealinik,vill,tekstiil
625560,ERM B 198:35,põll,puuvill,tekstiil
625561,ERM B 198:36,põll,puuvill,tekstiil
625562,ERM B 198:37,vöö,puuvill,tekstiil
625563,ERM B 198:38,särk,puuvill,tekstiil
625564,ERM B 198:39,"talverõivas, meeste",puuvill,tekstiil
625565,ERM B 198:40,"talverõivas, naiste",puuvill,tekstiil
625566,ERM B 198:41,põll,puuvill,tekstiil
625567,ERM B 198:42,kaelakee,metall,tekstiil
625567,ERM B 198:42,kaelakee,siid,tekstiil
625568,ERM B 198:43,pealinik,pael,tekstiil
625568,ERM B 198:43,pealinik,puuvill,tekstiil
625568,ERM B 198:43,pealinik,siid,tekstiil
625568,ERM B 198:43,pealinik,tikand,tekstiil
625568,ERM B 198:43,pealinik,vill,tekstiil
625569,ERM B 198:44,pealinik,puuvill,tekstiil
625569,ERM B 198:44,pealinik,siid,tekstiil
625569,ERM B 198:44,pealinik,vill,tekstiil
625570,ERM B 198:45,pealinik,brokaat (riidesort),tekstiil
625570,ERM B 198:45,pealinik,helmed,tekstiil
625570,ERM B 198:45,pealinik,klaas,tekstiil
625570,ERM B 198:45,pealinik,pael,tekstiil
625570,ERM B 198:45,pealinik,plast,tekstiil
625570,ERM B 198:45,pealinik,puuvill,tekstiil
625570,ERM B 198:45,pealinik,siid,tekstiil
625571,ERM B 198:46,"korv, kaanega",,metall
625571,ERM B 198:46,"korv, kaanega",kuusk,puit
625571,ERM B 198:46,"korv, kaanega",juured,puit
625571,ERM B 198:46,"korv, kaanega",kuusk,puit
625571,ERM B 198:46,"korv, kaanega",puit,puit
625571,ERM B 198:46,"korv, kaanega",raud,metall
625572,ERM B 198:47,"kaelaehe, rahadega",hõbe,metall
625572,ERM B 198:47,"kaelaehe, rahadega",,tekstiil
625573,ERM B 198:48,vöö,puuvill,tekstiil
625574,ERM B 198:49,põlle seljapael,lina,tekstiil
625574,ERM B 198:49,põlle seljapael,siid,tekstiil
625575,ERM B 198:50,põlle seljapael,siid,tekstiil
626055,ERM B 179:180,hui,õunapuu,puit
626056,ERM B 179:181,sirp,raud,metall
626058,ERM B 179:182/ab,hobuseraud,raud,metall
626060,ERM B 179:184,korv,kuusk,puit
626061,ERM B 179:185,kahvel,puit,puit
626061,ERM B 179:185,kahvel,raud,metall
626061,ERM B 179:185,kahvel,vask,metall
626064,ERM B 179:188,mõrd,kivim,kivim
626064,ERM B 179:188,mõrd,lehtpuu,puit
626064,ERM B 179:188,mõrd,lina,tekstiil
626066,ERM B 179:189,pootshaak,raud,metall
626067,ERM B 179:190,mesilaste suitsulõõts,kunstnahk,tekstiil
626067,ERM B 179:190,mesilaste suitsulõõts,metall,metall
626067,ERM B 179:190,mesilaste suitsulõõts,plekk,metall
626067,ERM B 179:190,mesilaste suitsulõõts,vineer,puit
626068,ERM B 179:191,triikraud,puit,puit
626068,ERM B 179:191,triikraud,raud,metall
626069,ERM B 179:192,saapa...?,puit,puit
626069,ERM B 179:192,saapa...?,raud,metall
626072,ERM B 179:193,kalakorv,kuusk,puit
626073,ERM B 179:194,hark,raud,metall
626074,ERM B 179:195/ab,niied,lina,puit
626074,ERM B 179:195/ab,niied,puit,puit
626082,ERM B 180:1/ab,võipütt,kuusk,puit
626084,ERM B 180:2/ab,võipütt,kuusk,puit
626085,ERM B 180:3,pott,savi,keraamika
626086,ERM B 180:4,võipütt,haab,puit
626087,ERM B 180:5,kann,savi,keraamika
626090,ERM B 180:8,praetaldrik,fajanss,keraamika
626091,ERM B 180:9/ab,labakindad,lõng,tekstiil
626091,ERM B 180:9/ab,labakindad,lõng,tekstiil
626091,ERM B 180:9/ab,labakindad,vill,tekstiil
626092,ERM B 180:10/ab,sukad,lõng,tekstiil
626092,ERM B 180:10/ab,sukad,vill,tekstiil
626096,ERM B 189:44,kaelaehe,klaas,klaas
626096,ERM B 189:44,kaelaehe,nääriehe,klaas
626099,ERM B 189:47/ab,jalarätid,kanep,tekstiil
626100,ERM B 189:48/ab,jalarätid,kanep,tekstiil
626102,ERM B 189:50,kanepihari,harjas,nahk
626102,ERM B 189:50,kanepihari,kanep,tekstiil
626102,ERM B 189:50,kanepihari,nöör,tekstiil
626102,ERM B 189:50,kanepihari,riie,tekstiil
626102,ERM B 189:50,kanepihari,puit,puit
626102,ERM B 189:50,kanepihari,siga,nahk
626103,ERM B 189:51,samovar,metall,metall
626103,ERM B 189:51,samovar,vask,metall
626104,ERM B 189:52/ab,viisud,niin,puit
626105,ERM B 189:53,jalarätt,kanep,tekstiil
626106,ERM B 189:54/ab,"viisk, viisuliist",niin,puit
626106,ERM B 189:54/ab,"viisk, viisuliist",pärn,puit
626108,ERM B 189:55,pesukurikas,tamm,puit
626109,ERM B 189:56,vaalikurikas,pärn,puit
626112,ERM B 189:59,käterätt,looduslik kiud,tekstiil
626112,ERM B 189:59,käterätt,puuvill,tekstiil
626115,ERM B 189:61,värtnakivi,savi,keraamika
626116,ERM B 189:62,värten,tamm,puit
626117,ERM B 189:63,käärlaud,kuusk,puit
626118,ERM B 189:64/abc,"süstik, poolid",lehtpuu,puit
626124,ERM B 189:70/ab,viisud,niin,puit
626125,ERM B 189:71,käterätt,puuvill,tekstiil
626125,ERM B 189:71,käterätt,vabrikupits (riidesort),tekstiil
626127,ERM B 189:73,kanepikamm,kask,puit
626130,ERM B 189:76,käterätt,puuvill,tekstiil
626134,ERM B 189:80,kaelaehe,helmed,klaas
626134,ERM B 189:80,kaelaehe,klaas,klaas
626139,ERM B 189:85,koonlapuu jalg,pärn,puit
626141,ERM B 189:87,korv,niin,puit
626141,ERM B 189:87,korv,pärn,puit
626142,ERM B 189:88,korv,kanep,puit
626142,ERM B 189:88,korv,nöör,puit
626142,ERM B 189:88,korv,pärn,puit
626144,ERM B 198:51/ab,õlatikandid,siid,tekstiil
626144,ERM B 198:51/ab,õlatikandid,tikand,tekstiil
626144,ERM B 198:51/ab,õlatikandid,vill,tekstiil
626145,ERM B 198:52,põll,puuvill,tekstiil
626146,ERM B 198:53,põlle seljapael,lina,tekstiil
626146,ERM B 198:53,põlle seljapael,siid,tekstiil
626147,ERM B 198:54/ab,õlatikandid,siid,tekstiil
626147,ERM B 198:54/ab,õlatikandid,tikand,tekstiil
626147,ERM B 198:54/ab,õlatikandid,vill,tekstiil
626148,ERM B 198:55,vöö,puuvill,tekstiil
626148,ERM B 198:55,vöö,siid,tekstiil
626149,ERM B 198:56/ab,varrukavärvlid,puuvill,tekstiil
626150,ERM B 198:57/ab,varrukavärvlid,puuvill,tekstiil
626151,ERM B 198:58,õlatikand,vill,tekstiil
626152,ERM B 198:59,õlatikand,vill,tekstiil
626153,ERM B 198:60,pearätik,nailon,tekstiil
626153,ERM B 198:60,pearätik,pits,tekstiil
626153,ERM B 198:60,pearätik,puuvill,tekstiil
626154,ERM B 198:61,vöö,puuvill,tekstiil
626156,ERM B 198:63,rinnaesine kaunistus,helmed,plastik
626156,ERM B 198:63,rinnaesine kaunistus,plast,plastik
626156,ERM B 198:63,rinnaesine kaunistus,siid,tekstiil
626156,ERM B 198:63,rinnaesine kaunistus,vill,tekstiil
626157,ERM B 198:64,vöö,puuvill,tekstiil
626158,ERM B 198:65,"kaelakee, rahadega",hõbe,metall
626158,ERM B 198:65,"kaelakee, rahadega",metall,metall
626158,ERM B 198:65,"kaelakee, rahadega",,tekstiil
626159,ERM B 198:66,kedervars,kask,puit
626160,ERM B 198:67,kedervars,kask,puit
626161,ERM B 198:68,kedervars,kask,puit
626162,ERM B 198:69,kaelakee,metall,metall
626163,ERM B 198:70,korv,kuusk,puit
626163,ERM B 198:70,korv,paju,puit
626163,ERM B 198:70,korv,,puit
626163,ERM B 198:70,korv,vits,puit
626164,ERM B 198:71,"rüü, laste",puuvill,tekstiil
626165,ERM B 198:72,rüü,,tekstiil
626165,ERM B 198:72,rüü,metall,tekstiil
626165,ERM B 198:72,rüü,puuvill,tekstiil
626166,ERM B 198:73,"rüü, tüdrukute",puuvill,tekstiil
626167,ERM B 198:74,põll,puuvill,tekstiil
626168,ERM B 198:75/ab,viisud,niin,puit
626168,ERM B 198:75/ab,viisud,pärn,puit
626168,ERM B 198:75/ab,viisud,sidumisnöör,puit
626169,ERM B 198:76/ab,viisud,niin,puit
626169,ERM B 198:76/ab,viisud,pärn,puit
626169,ERM B 198:76/ab,viisud,sidumisnöör,puit
626170,ERM B 198:77/ab,tubakatampimise uhmer,kask,puit
626170,ERM B 198:77/ab,tubakatampimise uhmer,okaspuit,puit
626170,ERM B 198:77/ab,tubakatampimise uhmer,,
626170,ERM B 198:77/ab,tubakatampimise uhmer,raud,metall
626170,ERM B 198:77/ab,tubakatampimise uhmer,,metall
626171,ERM B 198:78,särk,kanep,tekstiil
626171,ERM B 198:78,särk,vill,tekstiil
626172,ERM B 198:79,põll,kanep,tekstiil
626173,ERM B 198:80,püksid,kanep,tekstiil
626174,ERM B 198:81/ab,jalaräti osad,vill,tekstiil
626175,ERM B 198:82,kaelaehe,metall,metall
626175,ERM B 198:82,kaelaehe,münt,metall
626176,ERM B 198:83,korv,paju,puit
626177,ERM B 198:84,korv,paju,puit
626177,ERM B 198:84,korv,nöör,puit
626177,ERM B 198:84,korv,tehismaterjal,puit
626179,ERM B 198:86,kangas,puuvill,tekstiil
626180,ERM B 198:87,särk,nööp,tekstiil
626180,ERM B 198:87,särk,pael,tekstiil
626180,ERM B 198:87,särk,plast,tekstiil
626180,ERM B 198:87,särk,puuvill,tekstiil
626180,ERM B 198:87,särk,siid,tekstiil
626180,ERM B 198:87,särk,tikand,tekstiil
626180,ERM B 198:87,särk,vill,tekstiil
626181,ERM B 198:88,põll,puuvill,tekstiil
626181,ERM B 198:88,põll,vill,tekstiil
626182,ERM B 198:89,rüü,lina,tekstiil
626182,ERM B 198:89,rüü,puuvill,tekstiil
626183,ERM B 198:90,"särk, naiste",lina,tekstiil
626183,ERM B 198:90,"särk, naiste",mulinee,tekstiil
626183,ERM B 198:90,"särk, naiste",puuvill,tekstiil
626184,ERM B 198:91,"särk, meeste",,tekstiil
626184,ERM B 198:91,"särk, meeste",lõng,tekstiil
626184,ERM B 198:91,"särk, meeste",metall,tekstiil
626184,ERM B 198:91,"särk, meeste",puuvill,tekstiil
626184,ERM B 198:91,"särk, meeste",vill,tekstiil
626185,ERM B 198:92,pulmamüts,kanep,tekstiil
626185,ERM B 198:92,pulmamüts,klaas,tekstiil
626185,ERM B 198:92,pulmamüts,looduslik kiud,tekstiil
626185,ERM B 198:92,pulmamüts,metall,tekstiil
626185,ERM B 198:92,pulmamüts,puuvill,tekstiil
626185,ERM B 198:92,pulmamüts,riie,tekstiil
626186,ERM B 198:93,"särk, naiste",puuvill,tekstiil
626186,ERM B 198:93,"särk, naiste",,tekstiil
626187,ERM B 198:94,"särk, naiste",lina,tekstiil
626187,ERM B 198:94,"särk, naiste",,tekstiil
626187,ERM B 198:94,"särk, naiste",satiin,tekstiil
626188,ERM B 198:95,padjapüür,puuvill,tekstiil
626188,ERM B 198:95,padjapüür,riie,tekstiil
626189,ERM B 198:96,padjapüür,puuvill,tekstiil
626189,ERM B 198:96,padjapüür,riie,tekstiil
626191,ERM B 199:1,laudlina,kanep,tekstiil
626192,ERM B 199:2,põll,kanep,tekstiil
626694,ERM B 181:12,käterätt,kanep,tekstiil
626694,ERM B 181:12,käterätt,lina,tekstiil
626694,ERM B 181:12,käterätt,looduslik kiud,tekstiil
626694,ERM B 181:12,käterätt,puuvill,tekstiil
626695,ERM B 181:13/ab,viisud,niin,puit
626699,ERM B 181:16,seelik,puuvill,tekstiil
626699,ERM B 181:16,seelik,vabrikuriie,tekstiil
626701,ERM B 181:18,süstik,jalakas,puit
626702,ERM B 181:19,süstik,jalakas,puit
626704,ERM B 181:20/ab,labakindad,lõng,tekstiil
626704,ERM B 181:20/ab,labakindad,vill,tekstiil
626710,ERM B 182:4,kulp,puit,puit
626711,ERM B 182:5,"vibulõks, mänguasi",kuusk,puit
626712,ERM B 182:6,"kasukas, naiste",karusnahk,nahk
626712,ERM B 182:6,"kasukas, naiste",nahk,nahk
626712,ERM B 182:6,"kasukas, naiste",pael,nahk
626712,ERM B 182:6,"kasukas, naiste",,nahk
626712,ERM B 182:6,"kasukas, naiste",puuvill,nahk
626712,ERM B 182:6,"kasukas, naiste",põhjapõder,nahk
626712,ERM B 182:6,"kasukas, naiste",riideriba,nahk
626712,ERM B 182:6,"kasukas, naiste",vill,nahk
626715,ERM B 182:9,"kasukas, poiste",karusnahk,nahk
626715,ERM B 182:9,"kasukas, poiste",lõng,nahk
626715,ERM B 182:9,"kasukas, poiste",põhjapõder,nahk
626715,ERM B 182:9,"kasukas, poiste",vill,nahk
626728,ERM B 189:95/ab,sokid,lõng,tekstiil
626728,ERM B 189:95/ab,sokid,vill,tekstiil
626729,ERM B 189:96,käterätt,looduslik kiud,tekstiil
626729,ERM B 189:96,käterätt,puuvill,tekstiil
626735,ERM B 189:102,käterätt,puuvill,tekstiil
626735,ERM B 189:102,käterätt,tüll (riidesort),tekstiil
626745,ERM B 189:112,lokulaud,kask,puit
626745,ERM B 189:112,lokulaud,nahk,puit
626747,ERM B 189:113,korv,lehtpuu,puit
626747,ERM B 189:113,korv,niin,puit
626756,ERM B 189:120,korv,lehtpuu,puit
626756,ERM B 189:120,korv,niin,puit
626757,ERM B 189:121,korv,niin,puit
626757,ERM B 189:121,korv,puit,puit
626759,ERM B 189:123,süstik,kask,puit
626761,ERM B 199:3,põll prossiga,puuvill,tekstiil
626762,ERM B 199:4,kleit,kanep,tekstiil
626762,ERM B 199:4,kleit,puuvill,tekstiil
626763,ERM B 199:5,kleit,kanep,tekstiil
626763,ERM B 199:5,kleit,puuvill,tekstiil
626764,ERM B 199:6,püssirohusarv,puit,puit
626764,ERM B 199:6,püssirohusarv,sarv,puit
626764,ERM B 199:6,püssirohusarv,vill,puit
626765,ERM B 199:7,käterätt,lina,tekstiil
626766,ERM B 199:8,käterätt,puuvill,tekstiil
626767,ERM B 199:9,kleit,kanep,tekstiil
626768,ERM B 199:10,põll,puuvill,tekstiil
626769,ERM B 199:11,käterätt,puuvill,tekstiil
626770,ERM B 200:1,pott,savi,keraamika
626771,ERM B 200:2,taskurätik,puuvill,tekstiil
626772,ERM B 200:3,"püksid, laste",puuvill,tekstiil
626774,ERM B 200:4,"püksid, laste",puuvill,tekstiil
626775,ERM B 200:5,triiksärk,puuvill,tekstiil
626776,ERM B 200:6,"jakk, naiste",krepp,tekstiil
626776,ERM B 200:6,"jakk, naiste",vill,tekstiil
626777,ERM B 200:7/abc,samovar,puit,puit
626777,ERM B 200:7/abc,samovar,raud,metall
626777,ERM B 200:7/abc,samovar,raudplekk,metall
626777,ERM B 200:7/abc,samovar,vasesulam,metall
626777,ERM B 200:7/abc,samovar,vask,metall
626778,ERM B 200:8,kaelkoogud,,metall
626778,ERM B 200:8,kaelkoogud,lehtpuu,puit
626778,ERM B 200:8,kaelkoogud,metall,metall
626778,ERM B 200:8,kaelkoogud,nöör,metall
626778,ERM B 200:8,kaelkoogud,tehismaterjal,plastik
626779,ERM B 200:9,riidekirst,puit,puit
626779,ERM B 200:9,riidekirst,raud,metall
626780,ERM B 200:10,"vile, mänguasi",savi,keraamika
626780,ERM B 200:10,"vile, mänguasi",savi,keraamika
626781,ERM B 200:11,piimapott,savi,keraamika
626782,ERM B 200:12,pajakook,kuusk,puit
626782,ERM B 200:12,pajakook,raud,metall
626783,ERM B 200:13,kleit,puuvill,tekstiil
626784,ERM B 200:14,põll,puuvill,tekstiil
626785,ERM B 200:15/ab,labakindad,lõng,tekstiil
626785,ERM B 200:15/ab,labakindad,vill,tekstiil
626786,ERM B 200:16,kleit,flanell (riidesort),tekstiil
626786,ERM B 200:16,kleit,puuvill,tekstiil
626787,ERM B 200:17,kleit,nööp,tekstiil
626787,ERM B 200:17,kleit,puuvill,tekstiil
626787,ERM B 200:17,kleit,tehismaterjal,tekstiil
626788,ERM B 200:18,pluus,nööp,tekstiil
626788,ERM B 200:18,pluus,puuvill,tekstiil
626788,ERM B 200:18,pluus,tehismaterjal,tekstiil
626789,ERM B 200:19,kleit,nööp,tekstiil
626789,ERM B 200:19,kleit,puuvill,tekstiil
626789,ERM B 200:19,kleit,tehismaterjal,tekstiil
626790,ERM B 200:20,kleit,puuvill,tekstiil
626791,ERM B 200:21,kleit,puuvill,tekstiil
626792,ERM B 200:22,kleit,puuvill,tekstiil
626793,ERM B 200:23/ab,sirm,puuvill,tekstiil
626794,ERM B 200:24,tekk,puuvill,tekstiil
626795,ERM B 200:25,laudlina,lina,tekstiil
626796,ERM B 200:26,põrandariie,puuvill,tekstiil
626797,ERM B 200:27,"kinnas, kalapüügi",nahk,nahk
626798,ERM B 200:28,palvehelmed,vask,metall
626799,ERM B 200:29,"jakk, naiste",plüüs (riidesort),tekstiil
626800,ERM B 200:30,rätik,kunstsiid,tekstiil
626801,ERM B 200:31,"aluspesu, aluspüksid, naiste",siid,tekstiil
626802,ERM B 200:32,seelik,puuvill,tekstiil
626803,ERM B 200:33,kleit,puuvill,tekstiil
626804,ERM B 200:34,juukseklamber,metall,metall
626804,ERM B 200:34,juukseklamber,plast,plastik
626805,ERM B 200:35,juukseklamber,metall,metall
626805,ERM B 200:35,juukseklamber,plast,plastik
626806,ERM B 200:36,"hobune, mänguasi",savi,keraamika
626806,ERM B 200:36,"hobune, mänguasi",savi,keraamika
626807,ERM B 200:37,"lind, mänguasi",tehismaterjal,plastik
626808,ERM B 200:38,"auto, mänguasi",metall,metall
626808,ERM B 200:38,"auto, mänguasi",plast,plastik
626808,ERM B 200:38,"auto, mänguasi",tehismaterjal,plastik
626809,ERM B 200:39,vaas,savi,keraamika
627327,ERM B 182:21,noatupp,lehtpuu,puit
627338,ERM B 183:3/ab,figuur vanamees,pärn,puit
627340,ERM B 183:4,figuur hobune,pärn,puit
627343,ERM B 183:5,figuur muinasjutuvestja,pärn,puit
627344,ERM B 183:6,figuur laps,pärn,puit
627345,ERM B 183:7,figuur madukuningas,savi,keraamika
627348,ERM B 183:9/ab,toos,pärn,puit
627359,ERM B 190:3/ab,labakindad,lõng,tekstiil
627359,ERM B 190:3/ab,labakindad,vill,tekstiil
627360,ERM B 190:4,labakinnas,lõng,tekstiil
627360,ERM B 190:4,labakinnas,vill,tekstiil
627361,ERM B 190:5,labakinnas,lõng,tekstiil
627361,ERM B 190:5,labakinnas,vill,tekstiil
627363,ERM B 190:7,piirits,kapron,puit
627363,ERM B 190:7,piirits,lehtpuu,puit
627363,ERM B 190:7,piirits,nöör,puit
627364,ERM B 190:8,piiritsa tegemise pulk,puit,puit
627365,ERM B 190:9,piirits,plast,plastik
627366,ERM B 190:10,sõrmenuga,metall,metall
627372,ERM B 190:16,põrandavaip,kapron,tekstiil
627372,ERM B 190:16,põrandavaip,kude,tekstiil
627372,ERM B 190:16,põrandavaip,kalts,tekstiil
627372,ERM B 190:16,põrandavaip,lõim,tekstiil
627372,ERM B 190:16,põrandavaip,puuvill,tekstiil
627397,ERM B 190:41,alusseelik,puuvill,tekstiil
627401,ERM B 200:41,"kampsun, dzhemper",tehiskiud,tekstiil
627402,ERM B 200:42,suhkrutoos,klaas,tekstiil
627403,ERM B 200:43,taskurätik,puuvill,tekstiil
627404,ERM B 200:44,"aluspesu, rinnahoidja",plast,tekstiil
627404,ERM B 200:44,"aluspesu, rinnahoidja",puuvill,tekstiil
627405,ERM B 200:45,sall,vill,tekstiil
627406,ERM B 200:46,kombinee,trikoo (riidesort),tekstiil
627407,ERM B 200:47,pluus,trikoo (riidesort),tekstiil
627408,ERM B 200:48,"pluus, meeste",puuvill,tekstiil
627409,ERM B 200:49,suurrätt,puuvill,tekstiil
627410,ERM B 200:50/ab,supelkostüüm,metall,tekstiil
627410,ERM B 200:50/ab,supelkostüüm,trikoo (riidesort),tekstiil
627413,ERM B 200:51,sviiter,vill,tekstiil
627414,ERM B 200:52,heinakorv,puit,puit
627416,ERM B 200:53,"tool, mänguasi",kask,puit
627417,ERM B 200:54,köögikardin,puuvill,tekstiil
627418,ERM B 200:55,vaalikurikas,kask,puit
627419,ERM B 200:56/ab,"kingad, naiste",nahk,nahk
627420,ERM B 200:57,vaalikurikas,kask,puit
627421,ERM B 200:58,luisk,kivim,kivim
627422,ERM B 200:59,liimeister,metall,metall
627423,ERM B 200:60,sirp,kask,puit
627423,ERM B 200:60,sirp,raud,metall
627424,ERM B 200:61,sõnnikukonks,raud,metall
627425,ERM B 200:62,õunakorv,paju,puit
627426,ERM B 200:63,kingaliist,kuusk,puit
627427,ERM B 200:64,lubjahari,jõhv,metall
627427,ERM B 200:64,lubjahari,metall,metall
627428,ERM B 200:65,sõel,lehtpuu,puit
627428,ERM B 200:65,sõel,nailon,tekstiil
627428,ERM B 200:65,sõel,tehismaterjal,tekstiil
627429,ERM B 200:66,teekann,metall,metall
627430,ERM B 200:67,pott,malm,metall
627431,ERM B 200:68,luisutupp,alumiinium,metall
627431,ERM B 200:68,luisutupp,toht,puit
627431,ERM B 200:68,luisutupp,traat,metall
627432,ERM B 200:69,"kepp, metsas käimiseks",lehtpuu,puit
627433,ERM B 200:70,triikraud,kask,puit
627433,ERM B 200:70,triikraud,malm,metall
627433,ERM B 200:70,triikraud,raud,metall
627434,ERM B 200:71,vikat,teras,metall
627435,ERM B 200:72,margapuu,raud,metall
627435,ERM B 200:72,margapuu,saar,puit
627436,ERM B 200:73,"höövel, pakk",kask,puit
627437,ERM B 200:74,höövel,lehtpuu,puit
627437,ERM B 200:74,höövel,metall,metall
627438,ERM B 200:75,kapsaraud,raud,metall
627439,ERM B 200:76,nael,raud,metall
627440,ERM B 200:77,lambarauad,teras,metall
627441,ERM B 200:78,ujuk,plast,plastik
627441,ERM B 200:78,ujuk,traat,metall
627441,ERM B 200:78,ujuk,vahtplast,plastik
627441,ERM B 200:78,ujuk,vask,metall
627442,ERM B 200:79,ujuk,metall,metall
627442,ERM B 200:79,ujuk,plast,plastik
627442,ERM B 200:79,ujuk,vahtplast,plastik
627443,ERM B 200:80,õngeritv,lehtpuu,puit
627443,ERM B 200:80,õngeritv,plast,plastik
627444,ERM B 200:81,kiin,lehtpuu,puit
627444,ERM B 200:81,kiin,metall,metall
627445,ERM B 200:82,tuhatoos,kask,puit
627446,ERM B 200:83,"kurikas, vaiade tagumiseks",kask,puit
627447,ERM B 200:84,riideproov,vill,tekstiil
627448,ERM B 200:85,riideproov,puuvill,tekstiil
627449,ERM B 200:86,puuhaamer,kask,puit
627450,ERM B 200:87,"kampsun, katkend",vill,tekstiil
627961,ERM B 184:12,nõu,puit,puit
627962,ERM B 184:13,tops,puit,puit
627963,ERM B 184:14,tops,puit,puit
627964,ERM B 184:15,tops,puit,puit
627965,ERM B 184:16,tops,puit,puit
627966,ERM B 184:17,tops,puit,puit
627967,ERM B 184:18,tops,puit,puit
627970,ERM B 184:20,alus,toht,puit
627971,ERM B 184:21/ab,karp,kuusk,puit
627971,ERM B 184:21/ab,karp,toht,puit
627989,ERM B 190:49,siidirätik,siid,tekstiil
627995,ERM B 190:55,käterätt,lina,tekstiil
628001,ERM B 190:61,seelik,puuvill,tekstiil
628001,ERM B 190:61,seelik,vabrikuriie,tekstiil
628002,ERM B 190:62,alusseelik,puuvill,tekstiil
628002,ERM B 190:62,alusseelik,,tekstiil
628003,ERM B 190:63/ab,pulmaküünlad,looduslik materjal,tekstiil
628003,ERM B 190:63/ab,pulmaküünlad,metall,metall
628003,ERM B 190:63/ab,pulmaküünlad,rasv,toit
628003,ERM B 190:63/ab,pulmaküünlad,,tekstiil
628017,ERM B 190:77,seelik,riie,tekstiil
628017,ERM B 190:77,seelik,vill,tekstiil
628020,ERM B 190:80,seelik,siid,tekstiil
628022,ERM B 190:82,figuur lammas,savi,keraamika
628031,ERM B 190:91,käterätt,lina,tekstiil
628038,ERM B 201:1,sõrmus,metall,metall
628038,ERM B 201:1,sõrmus,metall,metall
628039,ERM B 201:2,sõrmus,metall,metall
628039,ERM B 201:2,sõrmus,metall,metall
628040,ERM B 201:3,"särk, meeste",puuvill,tekstiil
628041,ERM B 201:4,rätik,vill,tekstiil
628042,ERM B 201:5,"müts, laste",karusnahk,nahk
628042,ERM B 201:5,"müts, laste",koer,nahk
628043,ERM B 201:6,"aluspesu, rinnahoidja",puuvill,tekstiil
628044,ERM B 201:7,"sarafan, laste",puuvill,tekstiil
628045,ERM B 201:8,barett,riie,tekstiil
628045,ERM B 201:8,barett,vill,tekstiil
628046,ERM B 201:9/ab,"kleit, vööga",linane,tekstiil
628048,ERM B 201:10/ab,"kleit, vööga",lõng,tekstiil
628048,ERM B 201:10/ab,"kleit, vööga",puuvill,tekstiil
628048,ERM B 201:10/ab,"kleit, vööga",riie,tekstiil
628049,ERM B 201:11,põrandavaip,sünteetika,tekstiil
628050,ERM B 201:12/ab,kõrvarõngad,klaas,klaas
628050,ERM B 201:12/ab,kõrvarõngad,metall,metall
628050,ERM B 201:12/ab,kõrvarõngad,pärl,luu
628050,ERM B 201:12/ab,kõrvarõngad,metall,metall
628051,ERM B 201:13,sõrmus,metall,metall
628052,ERM B 201:14/ab,kõrvarõngad,metall,metall
628053,ERM B 201:15,sõrmus,metall,metall
628054,ERM B 201:16/ab,kõrvarõngad,klaas,klaas
628054,ERM B 201:16/ab,kõrvarõngad,metall,metall
628055,ERM B 201:17,sõrmus,klaas,klaas
628055,ERM B 201:17,sõrmus,metall,metall
628056,ERM B 201:18,"puss, tupega",metall,metall
628056,ERM B 201:18,"puss, tupega",nahk,nahk
628056,ERM B 201:18,"puss, tupega",puit,puit
628057,ERM B 201:19,kleit,vill,tekstiil
628063,ERM B 202:1,palinkapudel,email,keraamika
628063,ERM B 202:1,palinkapudel,savi,keraamika
628064,ERM B 202:2/ab,palinkapudel,savi,keraamika
628065,ERM B 202:3/ab,palinkapudel,email,keraamika
628065,ERM B 202:3/ab,palinkapudel,savi,keraamika
628066,ERM B 202:4,veinikann,email,keraamika
628066,ERM B 202:4,veinikann,savi,keraamika
628067,ERM B 202:5,seinataldrik,email,keraamika
628067,ERM B 202:5,seinataldrik,savi,keraamika
628068,ERM B 202:6,seinataldrik,email,keraamika
628068,ERM B 202:6,seinataldrik,savi,keraamika
628069,ERM B 202:7,seinataldrik,email,keraamika
628069,ERM B 202:7,seinataldrik,savi,keraamika
628070,ERM B 202:8,seinataldrik,email,keraamika
628070,ERM B 202:8,seinataldrik,savi,keraamika
628071,ERM B 202:9,maitseainetopsid,email,keraamika
628071,ERM B 202:9,maitseainetopsid,savi,keraamika
628072,ERM B 202:10,suveniirvaas,email,keraamika
628072,ERM B 202:10,suveniirvaas,savi,keraamika
628073,ERM B 202:11,suveniirvaas,email,keraamika
628073,ERM B 202:11,suveniirvaas,savi,keraamika
628074,ERM B 202:12,hobusetalli otsa kaunistus,raud,metall
628075,ERM B 202:13,taigna- ja leivakorv,,puit
628075,ERM B 202:13,taigna- ja leivakorv,taimne kiud,puit
628575,ERM B 185:1,mänguasi hobune,savi,keraamika
628577,ERM B 185:2,mänguasi siga,savi,keraamika
628578,ERM B 185:3,mänguasi koer,savi,keraamika
628579,ERM B 185:4,mänguasi härg,savi,keraamika
628580,ERM B 185:5,mänguasi inimene,savi,keraamika
628581,ERM B 185:6,mänguasi karupoeg,savi,keraamika
628582,ERM B 185:7,mänguasi: lind,savi,keraamika
628584,ERM B 185:8,mänguasi vile,savi,keraamika
628585,ERM B 185:9,mänguasi kits,savi,keraamika
628586,ERM B 185:10,mänguasi kukk,savi,keraamika
628587,ERM B 185:11,mänguasi ratsanik,savi,keraamika
628594,ERM B 186:1,"kuub, mehe",kalev (riidesort),tekstiil
628595,ERM B 186:2/ab,sõlg,messing,metall
628597,ERM B 186:3,"suvemüts, meeste",kalev (riidesort),tekstiil
628598,ERM B 186:4,"talvemüts, meeste",kalev (riidesort),tekstiil
628599,ERM B 186:5,kleit,kalev (riidesort),tekstiil
628600,ERM B 186:6,"peakate, naiste",kalev (riidesort),tekstiil
628600,ERM B 186:6,"peakate, naiste",puuvill,tekstiil
628601,ERM B 186:7,"kleit, tüdrukute",kalev (riidesort),tekstiil
628601,ERM B 186:7,"kleit, tüdrukute",sits (riidesort),tekstiil
628609,ERM B 190:103,koorekann,savi,keraamika
628610,ERM B 190:104/ab,teekann,fajanss,keraamika
628611,ERM B 190:105/ab,teekann,fajanss,keraamika
628612,ERM B 190:106,pott,savi,keraamika
628613,ERM B 190:107/ab,sokid,lõng,tekstiil
628613,ERM B 190:107/ab,sokid,vill,tekstiil
628614,ERM B 190:108,seinaplaat,puit,puit
628628,ERM B 190:122,"talvemüts, poiste",karv,tekstiil
628628,ERM B 190:122,"talvemüts, poiste",kunstnahk,tekstiil
628628,ERM B 190:122,"talvemüts, poiste",,tekstiil
628628,ERM B 190:122,"talvemüts, poiste",puuvill,tekstiil
628637,ERM B 190:131/ab,labakindad,lõng,tekstiil
628637,ERM B 190:131/ab,labakindad,vill,tekstiil
628640,ERM B 190:134,"plüüskasukas, naiste",,tekstiil
628640,ERM B 190:134,"plüüskasukas, naiste",,tekstiil
628640,ERM B 190:134,"plüüskasukas, naiste",fliis,tekstiil
628640,ERM B 190:134,"plüüskasukas, naiste",puuvill,tekstiil
628640,ERM B 190:134,"plüüskasukas, naiste",vatt,tekstiil
628648,ERM B 190:142,käterätiku ots,puuvill,tekstiil
628652,ERM B 202:14,seinakaunistus,,tekstiil
628652,ERM B 202:14,seinakaunistus,taimne kiud,tekstiil
628654,ERM B 202:16,veinikann,savi,keraamika
628655,ERM B 202:17,munakorv,,puit
628655,ERM B 202:17,munakorv,taimne kiud,puit
628656,ERM B 202:18,kaubakorv,paju,puit
628657,ERM B 202:19,"korv, laste",paju,puit
628659,ERM B 202:21,mänguasi: nukk (rahvarõivais mees),plast,plastik
628659,ERM B 202:21,mänguasi: nukk (rahvarõivais mees),puuvill,tekstiil
628659,ERM B 202:21,mänguasi: nukk (rahvarõivais mees),vill,tekstiil
628660,ERM B 202:22,mänguasi: nukk (rahvarõivais naine),plast,plastik
628660,ERM B 202:22,mänguasi: nukk (rahvarõivais naine),puuvill,tekstiil
628660,ERM B 202:22,mänguasi: nukk (rahvarõivais naine),vill,tekstiil
628662,ERM B 202:23,leivakorv,paju,puit
628663,ERM B 202:24,vaarikakorv,paju,puit
628666,ERM B 202:27,latern,klaas,klaas
628666,ERM B 202:27,latern,metall,metall
628666,ERM B 202:27,latern,puit,puit
628667,ERM B 202:28,padjakate,puuvill,tekstiil
628667,ERM B 202:28,padjakate,vill,tekstiil
628668,ERM B 202:29,linik,puuvill,tekstiil
628669,ERM B 202:30,veinikann,email,keraamika
628669,ERM B 202:30,veinikann,savi,keraamika
628670,ERM B 202:31,veinikann,email,keraamika
628670,ERM B 202:31,veinikann,savi,keraamika
628671,ERM B 202:32,veinikann,email,keraamika
628671,ERM B 202:32,veinikann,savi,keraamika
628674,ERM B 203:1/ab,kardinad,puuvill,tekstiil
628676,ERM B 203:2,linik,puuvill,tekstiil
628676,ERM B 203:2,linik,vill,tekstiil
628677,ERM B 203:3,linik,lina,tekstiil
628677,ERM B 203:3,linik,puuvill,tekstiil
628678,ERM B 203:4,käterätt,lina,tekstiil
628678,ERM B 203:4,käterätt,puuvill,tekstiil
628679,ERM B 203:5,laudlina,lina,tekstiil
628680,ERM B 203:6,põll,lina,tekstiil
628680,ERM B 203:6,põll,puuvill,tekstiil
628680,ERM B 203:6,põll,vill,tekstiil
628681,ERM B 203:7,põll,lina,tekstiil
628681,ERM B 203:7,põll,puuvill,tekstiil
628682,ERM B 203:8,käterätt,lina,tekstiil
628682,ERM B 203:8,käterätt,vabrikupits (riidesort),tekstiil
628683,ERM B 203:9,seelik,,tekstiil
628683,ERM B 203:9,seelik,metall,tekstiil
628683,ERM B 203:9,seelik,puuvill,tekstiil
628683,ERM B 203:9,seelik,vabrikuriie,tekstiil
628684,ERM B 203:10,seelik,pael,tekstiil
628684,ERM B 203:10,seelik,riie,tekstiil
628684,ERM B 203:10,seelik,sits (riidesort),tekstiil
628685,ERM B 203:11,jakk,sits (riidesort),tekstiil
628686,ERM B 203:12,jakk,sits (riidesort),tekstiil
628687,ERM B 203:13,kleit,sits (riidesort),tekstiil
628688,ERM B 203:14,suurrätt,vill,tekstiil
628689,ERM B 203:15,suurrätt,vill,tekstiil
628690,ERM B 203:16,vöö,lina,tekstiil
628690,ERM B 203:16,vöö,lõng,tekstiil
628690,ERM B 203:16,vöö,vill,tekstiil
628691,ERM B 203:17,vaas,puuvill,tekstiil
628692,ERM B 203:18,laudlina,lina,tekstiil
628692,ERM B 203:18,laudlina,puuvill,tekstiil
628693,ERM B 203:19,käterätt,lina,tekstiil
628693,ERM B 203:19,käterätt,puuvill,tekstiil
628697,ERM B 203:23/ab,piimanõu,kuusk,puit
628697,ERM B 203:23/ab,piimanõu,,puit
628697,ERM B 203:23/ab,piimanõu,,puit
628697,ERM B 203:23/ab,piimanõu,toht,puit
629170,ERM B 186:8,"müts, tüdrukute",kalev (riidesort),tekstiil
629170,ERM B 186:8,"müts, tüdrukute",puuvill,tekstiil
629171,ERM B 186:9/ab,jalatsipaelad,vill,tekstiil
629172,ERM B 186:10/ab,"talvejalatsid, naiste",kalev (riidesort),nahk
629172,ERM B 186:10/ab,"talvejalatsid, naiste",karusnahk,nahk
629174,ERM B 186:11,"vöö, meeste",vill,tekstiil
629175,ERM B 186:12,"vöö, naiste",puuvill,tekstiil
629175,ERM B 186:12,"vöö, naiste",vill,tekstiil
629175,ERM B 186:12,"vöö, naiste",,tekstiil
629176,ERM B 186:13,"vöö, tüdrukute",puuvill,tekstiil
629176,ERM B 186:13,"vöö, tüdrukute",vill,tekstiil
629190,ERM B 186:24,"müts, naiste",kalev (riidesort),tekstiil
629190,ERM B 186:24,"müts, naiste",puuvill,tekstiil
629191,ERM B 186:25,puss,metall,metall
629191,ERM B 186:25,puss,nahk,nahk
629192,ERM B 186:26/ab,puss,lehm,nahk
629192,ERM B 186:26/ab,puss,messing,metall
629192,ERM B 186:26/ab,puss,nahk,nahk
629192,ERM B 186:26/ab,puss,puit,puit
629192,ERM B 186:26/ab,puss,teras,metall
629213,ERM B 190:146,seelik,vabrikuriie,tekstiil
629213,ERM B 190:146,seelik,kumm,tekstiil
629213,ERM B 190:146,seelik,pael,tekstiil
629213,ERM B 190:146,seelik,viskoos,tekstiil
629237,ERM B 190:169,leivalabidas,kuusk,puit
629238,ERM B 190:170,korv,mänd,puit
629239,ERM B 190:171,korv,mänd,puit
629240,ERM B 190:172/ab,labakindad,lõng,tekstiil
629240,ERM B 190:172/ab,labakindad,vill,tekstiil
629241,ERM B 190:173,võrguhark,lehtpuu,puit
629241,ERM B 190:173,võrguhark,nahk,nahk
629241,ERM B 190:173,võrguhark,,metall
629242,ERM B 190:174,lambarauad,teras,metall
629243,ERM B 190:175,võimasin,kuusk,puit
629243,ERM B 190:175,võimasin,kuusk,puit
629243,ERM B 190:175,võimasin,lehtpuu,puit
629243,ERM B 190:175,võimasin,raud,metall
629244,ERM B 190:176,piimapott,savi,keraamika
629246,ERM B 190:178,samovar,vask,metall
629247,ERM B 190:179/ab,kohvikann,metall,metall
629248,ERM B 190:180,sadul,lehtpuu,puit
629249,ERM B 190:181,pesukurikas,lehtpuu,puit
629250,ERM B 190:182,voolmed,lehtpuu,puit
629250,ERM B 190:182,voolmed,raud,metall
629251,ERM B 190:183,kangakeha,mänd,puit
629252,ERM B 190:184,vaalikurikas,kask,puit
629253,ERM B 190:185,pilak,raud,metall
629258,ERM B 190:190,alusseelik,labane kangas,tekstiil
629258,ERM B 190:190,alusseelik,pael,tekstiil
629258,ERM B 190:190,alusseelik,puuvill,tekstiil
629263,ERM B 203:25,triikraud,kask,puit
629263,ERM B 203:25,triikraud,malm,metall
629263,ERM B 203:25,triikraud,malm,metall
629267,ERM B 204:1,"särk, naiste",kanep,tekstiil
629268,ERM B 204:2,"särk, naiste",kanep,tekstiil
629268,ERM B 204:2,"särk, naiste",mulinee,tekstiil
629268,ERM B 204:2,"särk, naiste",,tekstiil
629268,ERM B 204:2,"särk, naiste",puuvill,tekstiil
629268,ERM B 204:2,"särk, naiste",,tekstiil
629268,ERM B 204:2,"särk, naiste",sünteetika,tekstiil
629268,ERM B 204:2,"särk, naiste",,tekstiil
629273,ERM B 204:7,põll,puuvill,tekstiil
629273,ERM B 204:7,põll,riie,tekstiil
629273,ERM B 204:7,põll,vill,tekstiil
629273,ERM B 204:7,põll,,tekstiil
629275,ERM B 204:9,peakate,helmed,tekstiil
629275,ERM B 204:9,peakate,kanep,tekstiil
629275,ERM B 204:9,peakate,klaas,tekstiil
629275,ERM B 204:9,peakate,kodukootud kangas,tekstiil
629275,ERM B 204:9,peakate,nööp,tekstiil
629275,ERM B 204:9,peakate,plast,tekstiil
629276,ERM B 204:10,vöö,lõng,tekstiil
629276,ERM B 204:10,vöö,vill,tekstiil
629285,ERM B 204:18,särk,kanep,tekstiil
629285,ERM B 204:18,särk,puuvill,tekstiil
629286,ERM B 204:19,särk,puuvill,tekstiil
629287,ERM B 204:20,särk,puuvill,tekstiil
629288,ERM B 204:21,pulmarüü,puuvill,tekstiil
629290,ERM B 204:23,"särk, naiste",puuvill,tekstiil
629291,ERM B 204:24,"särk, naiste",puuvill,tekstiil
629292,ERM B 204:25,"särk, meeste",puuvill,tekstiil
629296,ERM B 204:29,rinnaehe,helmed,tekstiil
629296,ERM B 204:29,rinnaehe,plast,tekstiil
629296,ERM B 204:29,rinnaehe,puuvill,tekstiil
629296,ERM B 204:29,rinnaehe,riie,tekstiil
629297,ERM B 204:30,"särk, naiste",puuvill,tekstiil
629298,ERM B 204:31,"särk, naiste",puuvill,tekstiil
629303,ERM B 204:35/ab,viisud,niin,puit
629303,ERM B 204:35/ab,viisud,pärn,puit
629305,ERM B 205:1,rinnaehe,mineraal,kivim
629305,ERM B 205:1,rinnaehe,vill,tekstiil
629306,ERM B 205:2,pluus,puuvill,tekstiil
629780,ERM B 187:26,joogikapp,kask,puit
629781,ERM B 187:27,joogikapp,kask,puit
629782,ERM B 187:28/ab,viisud,niin,puit
629786,ERM B 187:29/ab,viisud,niin,puit
629787,ERM B 187:30/ab,viisud,paju,puit
629811,ERM B 190:196,seinaplaat,vask,puit
629811,ERM B 190:196,seinaplaat,vineer,puit
629813,ERM B 190:198,alusseelik,puuvill,tekstiil
629813,ERM B 190:198,alusseelik,,tekstiil
629814,ERM B 191:1,"peakate, naiste",puuvill,tekstiil
629815,ERM B 191:2,pealinik,lina,tekstiil
629816,ERM B 191:3,põll,looduslik kiud,tekstiil
629817,ERM B 191:4,pealinik,puuvill,tekstiil
629817,ERM B 191:4,pealinik,vill,tekstiil
629818,ERM B 191:5,kleit,lina,tekstiil
629818,ERM B 191:5,kleit,puuvill,tekstiil
629818,ERM B 191:5,kleit,siid,tekstiil
629819,ERM B 191:6,kleit,lina,tekstiil
629820,ERM B 191:7,põll,puuvill,tekstiil
629821,ERM B 191:8,"kuub, naiste, pidulik",lina,tekstiil
629821,ERM B 191:8,"kuub, naiste, pidulik",puuvill,tekstiil
629821,ERM B 191:8,"kuub, naiste, pidulik",,tekstiil
629822,ERM B 191:9,kangas,puuvill,tekstiil
629822,ERM B 191:9,kangas,vill,tekstiil
629823,ERM B 191:10,pearätik,lina,tekstiil
629823,ERM B 191:10,pearätik,puuvill,tekstiil
629823,ERM B 191:10,pearätik,siid,tekstiil
629824,ERM B 191:11,kleit,lina,tekstiil
629824,ERM B 191:11,kleit,puuvill,tekstiil
629825,ERM B 191:12,kleit,lina,tekstiil
629825,ERM B 191:12,kleit,puuvill,tekstiil
629826,ERM B 191:13,põll,puuvill,tekstiil
629826,ERM B 191:13,põll,,tekstiil
629827,ERM B 191:14,"põll, pooleliolev",lina,tekstiil
629827,ERM B 191:14,"põll, pooleliolev",puuvill,tekstiil
629828,ERM B 191:15,korv,juured,puit
629828,ERM B 191:15,korv,vits,puit
629828,ERM B 191:15,korv,puit,puit
629829,ERM B 191:16,korv,juured,puit
629829,ERM B 191:16,korv,vits,puit
629829,ERM B 191:16,korv,puit,puit
629830,ERM B 191:17,kleit,puuvill,tekstiil
629831,ERM B 191:18,põll,puuvill,tekstiil
629832,ERM B 191:19,"peakate, naiste",brokaat (riidesort),tekstiil
629832,ERM B 191:19,"peakate, naiste",hõbe,tekstiil
629832,ERM B 191:19,"peakate, naiste",kangas,tekstiil
629832,ERM B 191:19,"peakate, naiste",pael,tekstiil
629832,ERM B 191:19,"peakate, naiste",puuvill,tekstiil
629832,ERM B 191:19,"peakate, naiste",raha,tekstiil
629833,ERM B 191:20,viiul,kuusk,puit
629834,ERM B 192:1,"särk, naiste",labane kangas,tekstiil
629834,ERM B 192:1,"särk, naiste",,tekstiil
629834,ERM B 192:1,"särk, naiste",lina,tekstiil
629834,ERM B 192:1,"särk, naiste",puuvill,tekstiil
629834,ERM B 192:1,"särk, naiste",,tekstiil
629835,ERM B 192:2,korv,lepp,puit
629835,ERM B 192:2,korv,,puit
629835,ERM B 192:2,korv,toht,puit
629836,ERM B 192:3,kedervars,kask,puit
629838,ERM B 192:5/ab,"sukad, meeste",lõng,tekstiil
629838,ERM B 192:5/ab,"sukad, meeste",vill,tekstiil
629839,ERM B 192:6/ab,"sukad, meeste",lõng,tekstiil
629839,ERM B 192:6/ab,"sukad, meeste",vill,tekstiil
629841,ERM B 192:8,"vest, jahimehe",loomanahk,nahk
629841,ERM B 192:8,"vest, jahimehe",nahk,nahk
629841,ERM B 192:8,"vest, jahimehe",puuvill,nahk
629841,ERM B 192:8,"vest, jahimehe",,nahk
629842,ERM B 192:9,põrandavaip,kude,tekstiil
629842,ERM B 192:9,põrandavaip,lõim,tekstiil
629842,ERM B 192:9,põrandavaip,puuvill,tekstiil
629843,ERM B 192:10,vöö,kude,tekstiil
629843,ERM B 192:10,vöö,linane,tekstiil
629843,ERM B 192:10,vöö,lõim,tekstiil
629843,ERM B 192:10,vöö,vill,tekstiil
629844,ERM B 192:11,vöötihv,kuusk,puit
629845,ERM B 192:12/ab,nõu,,puit
629845,ERM B 192:12/ab,nõu,kask,puit
629845,ERM B 192:12/ab,nõu,kuusk,puit
629845,ERM B 192:12/ab,nõu,,puit
629845,ERM B 192:12/ab,nõu,toht,puit
629846,ERM B 192:13/ab,nõu,,puit
629846,ERM B 192:13/ab,nõu,kask,puit
629846,ERM B 192:13/ab,nõu,okaspuit,puit
629846,ERM B 192:13/ab,nõu,,puit
629846,ERM B 192:13/ab,nõu,toht,puit
629847,ERM B 192:14,pikkhöövel,kask,puit
629848,ERM B 192:15,höövel,kask,puit
629848,ERM B 192:15,höövel,metall,metall
629849,ERM B 192:16,"labidas, seinapragude toppimise",kuusk,puit
629850,ERM B 192:17/ab,nõu,,puit
629850,ERM B 192:17/ab,nõu,kask,puit
629850,ERM B 192:17/ab,nõu,kuusk,puit
629850,ERM B 192:17/ab,nõu,,puit
629850,ERM B 192:17/ab,nõu,toht,puit
629852,ERM B 192:19,sarafan,puuvill,tekstiil
629852,ERM B 192:19,sarafan,,tekstiil
629853,ERM B 192:20,"mantel, naiste",kalev (riidesort),tekstiil
629853,ERM B 192:20,"mantel, naiste",,tekstiil
629853,ERM B 192:20,"mantel, naiste",lina,tekstiil
629853,ERM B 192:20,"mantel, naiste",sits (riidesort),tekstiil
629853,ERM B 192:20,"mantel, naiste",,tekstiil
629855,ERM B 192:22/ab,sukad,lõng,tekstiil
629855,ERM B 192:22/ab,sukad,puuvill,tekstiil
629855,ERM B 192:22/ab,sukad,vill,tekstiil
629856,ERM B 192:23/a-d,jahitarbed,kask,puit
629856,ERM B 192:23/a-d,jahitarbed,klaas,klaas
629856,ERM B 192:23/a-d,jahitarbed,nahk,nahk
629856,ERM B 192:23/a-d,jahitarbed,pahk,puit
629856,ERM B 192:23/a-d,jahitarbed,,klaas
629856,ERM B 192:23/a-d,jahitarbed,,luu
629856,ERM B 192:23/a-d,jahitarbed,rihm,nahk
629856,ERM B 192:23/a-d,jahitarbed,,nahk
629856,ERM B 192:23/a-d,jahitarbed,,nahk
629856,ERM B 192:23/a-d,jahitarbed,sarv,luu
629858,ERM B 192:25,sarv lapse toitmiseks,kumm,luu
629858,ERM B 192:25,sarv lapse toitmiseks,sarv,luu
629858,ERM B 192:25,sarv lapse toitmiseks,tehismaterjal,luu
629859,ERM B 205:3,müts,pael,tekstiil
629859,ERM B 205:3,müts,,tekstiil
629859,ERM B 205:3,müts,puuvill,tekstiil
629859,ERM B 205:3,müts,,tekstiil
629859,ERM B 205:3,müts,pits,tekstiil
629859,ERM B 205:3,müts,vill,tekstiil
629860,ERM B 205:4,käterätt,lina,tekstiil
629860,ERM B 205:4,käterätt,puuvill,tekstiil
629861,ERM B 205:5,käterätt,puuvill,tekstiil
629865,ERM B 206:1,mänguasi: nukk,puuvill,tekstiil
629865,ERM B 206:1,mänguasi: nukk,siid,tekstiil
629866,ERM B 206:2,mänguasi: nukk,plast,plastik
629866,ERM B 206:2,mänguasi: nukk,vill,plastik
629867,ERM B 206:3,mänguasi: nukk,plast,plastik
629867,ERM B 206:3,mänguasi: nukk,vill,plastik
629868,ERM B 207:1,padjapüüri pits,puuvill,tekstiil
629869,ERM B 207:2,rätik,siid,tekstiil
629870,ERM B 207:3,kauss,savi,keraamika
629871,ERM B 207:4,kraasid,metall,metall
629871,ERM B 207:4,kraasid,puit,puit
629872,ERM B 207:5,kombinee,nailon,tekstiil
629872,ERM B 207:5,kombinee,,tekstiil
629872,ERM B 207:5,kombinee,pits,tekstiil
629872,ERM B 207:5,kombinee,plast,tekstiil
629872,ERM B 207:5,kombinee,puuvill,tekstiil
629873,ERM B 207:6,"aluspesu, rinnahoidja",puuvill,tekstiil
629874,ERM B 207:7,pluus,puuvill,tekstiil
629875,ERM B 207:8,"müts, poiste",akrüül,tekstiil
629876,ERM B 207:9,"põll, laste",puuvill,tekstiil
629877,ERM B 207:10,"särk, laste",puuvill,tekstiil
629878,ERM B 207:11,"käekett, laste",metall,metall
629879,ERM B 207:12/ab,teekann,email,keraamika
629879,ERM B 207:12/ab,teekann,savi,keraamika
629880,ERM B 207:13,kaelakee,metall,metall
629881,ERM B 207:14/ab,kõrvarõngad,klaas,klaas
629881,ERM B 207:14/ab,kõrvarõngad,metall,metall
629882,ERM B 207:15,rahakott,metall,metall
629882,ERM B 207:15,rahakott,nahk,metall
629882,ERM B 207:15,rahakott,trukk,metall
629883,ERM B 207:16,seinakapp,metall,metall
629883,ERM B 207:16,seinakapp,puit,puit
629884,ERM B 207:17/ab,kõrvarõngad,klaas,klaas
629884,ERM B 207:17/ab,kõrvarõngad,metall,metall
629885,ERM B 207:18,sõrmus,metall,metall
629886,ERM B 207:19,kingad,nahk,nahk
629887,ERM B 207:20,"mantel, laste",vill,tekstiil
629888,ERM B 207:21/ab,kõrvarõngad,metall,metall
629890,ERM B 207:22,sõrmus,metall,metall
629891,ERM B 207:23,sall,siid,tekstiil
629893,ERM B 207:25,sviiter,vill,tekstiil
629894,ERM B 207:26,ankur,raud,metall
629895,ERM B 207:27,pajahark,puit,puit
629895,ERM B 207:27,pajahark,raud,metall
629896,ERM B 207:28,pajahark,puit,puit
629896,ERM B 207:28,pajahark,raud,metall
629897,ERM B 207:29,pajahark,puit,puit
629897,ERM B 207:29,pajahark,raud,metall
629898,ERM B 207:30,sõel,puit,puit
629898,ERM B 207:30,sõel,takk,puit
629899,ERM B 207:31,kõblas,puit,puit
629899,ERM B 207:31,kõblas,raud,metall
629900,ERM B 207:32/ab,jäärauad,raud,metall
629901,ERM B 207:33,lehmakell,metall,metall
629902,ERM B 207:34,võipütt,puit,puit
629903,ERM B 207:35,heinahark,puit,puit
629904,ERM B 207:36,"müts, laste",puuvill,tekstiil
630417,ERM B 192:26,"vöötihv, vööga",kask,puit
630417,ERM B 192:26,"vöötihv, vööga",vill,tekstiil
630419,ERM B 192:28,taignarull,haab,puit
630421,ERM B 192:30,jooginõu,vask,metall
630422,ERM B 192:31,"suga, niied",lehtpuu,puit
630422,ERM B 192:31,"suga, niied",lina,puit
630422,ERM B 192:31,"suga, niied",okaspuit,puit
630422,ERM B 192:31,"suga, niied",,puit
630422,ERM B 192:31,"suga, niied",,puit
630422,ERM B 192:31,"suga, niied",,puit
630423,ERM B 192:32/ab,"aidalukk, võti",metall,metall
630424,ERM B 192:33,seljakorv,toht,puit
630426,ERM B 192:35,kopsik,vask,metall
630427,ERM B 192:36,koonlapuu,kuusk,puit
630428,ERM B 192:37,triikraud,metall,metall
630429,ERM B 192:38,veenõu,vask,metall
630430,ERM B 192:39,kandekorv,kõrkjad,puit
630430,ERM B 192:39,kandekorv,taimne kiud,puit
630433,ERM B 192:42,sarafan,linane,tekstiil
630433,ERM B 192:42,sarafan,,tekstiil
630434,ERM B 192:43,karp,toht,puit
630435,ERM B 192:44,kedervars,kask,puit
630436,ERM B 192:45,korv,toht,puit
630437,ERM B 192:46,kanderaam,kuusk,puit
630437,ERM B 192:46,kanderaam,toht,puit
630438,ERM B 192:47/ab,nõu,kuusk,puit
630438,ERM B 192:47/ab,nõu,,puit
630438,ERM B 192:47/ab,nõu,,puit
630438,ERM B 192:47/ab,nõu,toht,puit
630439,ERM B 192:48,vakk,kuusk,puit
630439,ERM B 192:48,vakk,pärn,puit
630439,ERM B 192:48,vakk,,puit
630440,ERM B 192:49,"särk, naiste",lõng,tekstiil
630440,ERM B 192:49,"särk, naiste",puuvill,tekstiil
630440,ERM B 192:49,"särk, naiste",riie,tekstiil
630442,ERM B 192:51/ab,labakindad,lõng,tekstiil
630442,ERM B 192:51/ab,labakindad,vill,tekstiil
630443,ERM B 192:52/ab,villakraasid,,
630443,ERM B 192:52/ab,villakraasid,lehtpuu,puit
630443,ERM B 192:52/ab,villakraasid,metall,metall
630443,ERM B 192:52/ab,villakraasid,mänd,puit
630444,ERM B 192:53,lusikas,alumiinium,metall
630445,ERM B 192:54,kanderaam,lehtpuu,puit
630445,ERM B 192:54,kanderaam,nahk,nahk
630445,ERM B 192:54,kanderaam,nöör,tekstiil
630445,ERM B 192:54,kanderaam,present,plastik
630445,ERM B 192:54,kanderaam,takk,tekstiil
630445,ERM B 192:54,kanderaam,,tekstiil
630445,ERM B 192:54,kanderaam,toht,tekstiil
630446,ERM B 192:55,alus,toht,puit
630447,ERM B 192:56,poolivokk,lehtpuu,puit
630447,ERM B 192:56,poolivokk,okaspuit,puit
630447,ERM B 192:56,poolivokk,,puit
630448,ERM B 192:57,koot,lehtpuu,puit
630448,ERM B 192:57,koot,nahk,nahk
630450,ERM B 192:59,nõu,kask,puit
630451,ERM B 192:60,vöö,vill,tekstiil
630452,ERM B 192:61,nahakook,lehtpuu,puit
630452,ERM B 192:61,nahakook,raud,metall
630453,ERM B 192:62/ab,sussid,linane,tekstiil
630453,ERM B 192:62/ab,sussid,loomanahk,nahk
630453,ERM B 192:62/ab,sussid,niit,tekstiil
630453,ERM B 192:62/ab,sussid,,nahk
630453,ERM B 192:62/ab,sussid,punutud nöör,tekstiil
630453,ERM B 192:62/ab,sussid,vill,tekstiil
630454,ERM B 192:63,nõu,toht,puit
630455,ERM B 192:64,haavlikott,lina,tekstiil
630455,ERM B 192:64,haavlikott,nahk,nahk
630455,ERM B 192:64,haavlikott,niit,tekstiil
630456,ERM B 192:65,püssirohutoos,kask,puit
630456,ERM B 192:65,püssirohutoos,metall,metall
630456,ERM B 192:65,püssirohutoos,nahk,nahk
630457,ERM B 192:66/ab,nõu,okaspuit,puit
630457,ERM B 192:66/ab,nõu,,puit
630457,ERM B 192:66/ab,nõu,,puit
630457,ERM B 192:66/ab,nõu,toht,puit
630458,ERM B 192:67,sõnnikuhark,lehtpuu,puit
630458,ERM B 192:67,sõnnikuhark,metall,metall
630459,ERM B 192:68,kulp,lehtpuu,puit
630461,ERM B 192:70,kanderaam,kuusk,puit
630461,ERM B 192:70,kanderaam,riie,tekstiil
630461,ERM B 192:70,kanderaam,takk,puit
630461,ERM B 192:70,kanderaam,toht,puit
630462,ERM B 192:71/ab,sukad,lõng,tekstiil
630462,ERM B 192:71/ab,sukad,vill,tekstiil
630465,ERM B 192:74,kaelkoogud,lehtpuu,puit
630466,ERM B 192:75,süstik,lehtpuu,puit
630467,ERM B 192:76,süstik,lehtpuu,puit
630468,ERM B 192:77,korv,juured,puit
630468,ERM B 192:77,korv,puit,puit
630469,ERM B 207:37,"pluus, naiste",puuvill,tekstiil
630470,ERM B 207:38,"pluus, naiste",puuvill,tekstiil
630471,ERM B 207:39,"võrgukivi, silmumõrra",savi,keraamika
630473,ERM B 207:41,"pluus, naiste",puuvill,tekstiil
630474,ERM B 207:42,kott,nahk,tekstiil
630474,ERM B 207:42,kott,polüester,tekstiil
630474,ERM B 207:42,kott,,tekstiil
630476,ERM B 208:1/ab,suvesaapad,nahk,nahk
630476,ERM B 208:1/ab,suvesaapad,puuvill,nahk
630476,ERM B 208:1/ab,suvesaapad,riie,nahk
630479,ERM B 208:3/ab,saapad,karusnahk,nahk
630479,ERM B 208:3/ab,saapad,põder,nahk
630479,ERM B 208:3/ab,saapad,riie,nahk
630479,ERM B 208:3/ab,saapad,sünteetika,nahk
630479,ERM B 208:3/ab,saapad,vill,nahk
630479,ERM B 208:3/ab,saapad,vilt,nahk
630480,ERM B 208:4/ab,saapad,puuvill,nahk
630480,ERM B 208:4/ab,saapad,riie,nahk
630480,ERM B 208:4/ab,saapad,sünteeskiud,nahk
630480,ERM B 208:4/ab,saapad,vilt,nahk
630481,ERM B 208:5,käsitöö kott,nahk,nahk
630483,ERM B 208:6,kotike,karusnahk,nahk
630483,ERM B 208:6,kotike,põhjapõder,nahk
630483,ERM B 208:6,kotike,,nahk
630483,ERM B 208:6,kotike,,nahk
630483,ERM B 208:6,kotike,,nahk
630483,ERM B 208:6,kotike,vill,nahk
630483,ERM B 208:6,kotike,nahk,nahk
630483,ERM B 208:6,kotike,nöör,nahk
630483,ERM B 208:6,kotike,puuvill,nahk
630483,ERM B 208:6,kotike,vill,nahk
630483,ERM B 208:6,kotike,,nahk
630484,ERM B 208:7,luisukott,nahk,nahk
630484,ERM B 208:7,luisukott,põhjapõder,nahk
630485,ERM B 208:8/ab,"nuga, tupega, meeste",kask,puit
630485,ERM B 208:8/ab,"nuga, tupega, meeste",nahk,nahk
630485,ERM B 208:8/ab,"nuga, tupega, meeste",raud,puit
630485,ERM B 208:8/ab,"nuga, tupega, meeste",rihm,nahk
630485,ERM B 208:8/ab,"nuga, tupega, meeste",,puit
630485,ERM B 208:8/ab,"nuga, tupega, meeste",,nahk
630485,ERM B 208:8/ab,"nuga, tupega, meeste",,puit
630486,ERM B 208:9/ab,"nuga, tupega, naiste",alumiinium,metall
630486,ERM B 208:9/ab,"nuga, tupega, naiste",puit,puit
630486,ERM B 208:9/ab,"nuga, tupega, naiste",raud,metall
630486,ERM B 208:9/ab,"nuga, tupega, naiste",,tekstiil
630486,ERM B 208:9/ab,"nuga, tupega, naiste",,metall
630486,ERM B 208:9/ab,"nuga, tupega, naiste",traat,metall
630486,ERM B 208:9/ab,"nuga, tupega, naiste",,metall
630486,ERM B 208:9/ab,"nuga, tupega, naiste",,
630487,ERM B 208:10,noatupp,kask,puit
630487,ERM B 208:10,noatupp,nahk,nahk
630488,ERM B 208:11/ab,"mänguasi: nukk, pearätiga",nahk,nahk
630488,ERM B 208:11/ab,"mänguasi: nukk, pearätiga",puuvill,tekstiil
630488,ERM B 208:11/ab,"mänguasi: nukk, pearätiga",,tekstiil
630488,ERM B 208:11/ab,"mänguasi: nukk, pearätiga",puuvill,tekstiil
630489,ERM B 208:12/ab,"suvesaapad, laste",nahk,nahk
630491,ERM B 208:13,mänguasi: nukk,puuvill,tekstiil
630492,ERM B 208:14,mänguasi: nukk,puuvill,tekstiil
630493,ERM B 208:15/ab,"nuga, tupega",kask,puit
630493,ERM B 208:15/ab,"nuga, tupega",nahk,nahk
630493,ERM B 208:15/ab,"nuga, tupega",raud,metall
630493,ERM B 208:15/ab,"nuga, tupega",rihm,
630493,ERM B 208:15/ab,"nuga, tupega",,metall
630493,ERM B 208:15/ab,"nuga, tupega",,nahk
630493,ERM B 208:15/ab,"nuga, tupega",,puit
630494,ERM B 208:16,kulp,kask,puit
630495,ERM B 208:17/ab,suvesaapad,nahk,nahk
630495,ERM B 208:17/ab,suvesaapad,present,tekstiil
630495,ERM B 208:17/ab,suvesaapad,sünteetika,tekstiil
630495,ERM B 208:17/ab,suvesaapad,,
630497,ERM B 208:18,"talvesaabas, laste",kalev (riidesort),nahk
630497,ERM B 208:18,"talvesaabas, laste",karusnahk,nahk
630497,ERM B 208:18,"talvesaabas, laste",nahk,nahk
630497,ERM B 208:18,"talvesaabas, laste",põhjapõder,nahk
630497,ERM B 208:18,"talvesaabas, laste",riideriba,nahk
630499,ERM B 212:2,roopill,pilliroog,puit
630499,ERM B 212:2,roopill,taimne kiud,puit
630500,ERM B 212:3,roopill,pilliroog,puit
630500,ERM B 212:3,roopill,taimne kiud,puit
630502,ERM B 212:4/ab,viisud,niin,puit
630502,ERM B 212:4/ab,viisud,pärn,puit
630504,ERM B 209:1,särk,lina,tekstiil
630504,ERM B 209:1,särk,puuvill,tekstiil
630946,ERM B 36:2/ab,viisud,toht,puit
630947,ERM B 37:1,vaip,lina,tekstiil
630947,ERM B 37:1,vaip,lõim,tekstiil
630947,ERM B 37:1,vaip,vill,tekstiil
630947,ERM B 37:1,vaip,,tekstiil
630948,ERM B 38:1,nöörikonks,puit,puit
630949,ERM B 38:2,nöörikonks,puit,puit
630950,ERM B 38:3,nöörikonks,puit,puit
630951,ERM B 38:4,vinnal,puit,puit
630952,ERM B 38:5,oherdi pea,puit,puit
630953,ERM B 38:6,koonlalaud,puit,puit
630988,ERM B 51:1,"särk, naiste",lina,tekstiil
630988,ERM B 51:1,"särk, naiste",puuvill,tekstiil
630988,ERM B 51:1,"särk, naiste",puuvill,tekstiil
630988,ERM B 51:1,"särk, naiste",labane kangas,tekstiil
630988,ERM B 51:1,"särk, naiste",,tekstiil
630989,ERM B 51:2,käterätt,linane,tekstiil
630989,ERM B 51:2,käterätt,lõng,tekstiil
630989,ERM B 51:2,käterätt,puuvill,tekstiil
630989,ERM B 51:2,käterätt,riie,tekstiil
630990,ERM B 51:3/ab,viisud,toht,puit
630992,ERM B 51:4,võinapp,kask,puit
630993,ERM B 51:5,vurrpuur,metall,metall
630993,ERM B 51:5,vurrpuur,puit,puit
630993,ERM B 51:5,vurrpuur,,metall
630994,ERM B 51:6,kõblas,puit,puit
630994,ERM B 51:6,kõblas,raud,metall
630995,ERM B 51:7,pilak,raud,puit
630996,ERM B 51:9,linahari,kask,puit
630996,ERM B 51:9,linahari,klots,puit
630996,ERM B 51:9,linahari,kuusk,puit
630996,ERM B 51:9,linahari,raud,puit
630997,ERM B 51:8,künakirves,raud,puit
630998,ERM B 51:10,kirves,puit,puit
630998,ERM B 51:10,kirves,raud,metall
630999,ERM B 51:11,tangid,raud,metall
631000,ERM B 51:12,vöö,kude,tekstiil
631000,ERM B 51:12,vöö,lõim,tekstiil
631000,ERM B 51:12,vöö,puuvill,tekstiil
631000,ERM B 51:12,vöö,siid,tekstiil
631007,ERM B 52:1,käterätt,labane kangas,tekstiil
631007,ERM B 52:1,käterätt,linane,tekstiil
631007,ERM B 52:1,käterätt,puuvill,tekstiil
631007,ERM B 52:1,käterätt,tikand,tekstiil
631007,ERM B 52:1,käterätt,tikand,tekstiil
631007,ERM B 52:1,käterätt,vill,tekstiil
631008,ERM B 52:2,käterätt,,tekstiil
631008,ERM B 52:2,käterätt,labane kangas,tekstiil
631008,ERM B 52:2,käterätt,linane,tekstiil
631008,ERM B 52:2,käterätt,puuvill,tekstiil
631009,ERM B 52:3,käterätt,linane,tekstiil
631009,ERM B 52:3,käterätt,puuvill,tekstiil
631009,ERM B 52:3,käterätt,riie,tekstiil
631009,ERM B 52:3,käterätt,riie,tekstiil
631009,ERM B 52:3,käterätt,satään,tekstiil
631010,ERM B 52:4,käterätt,puuvill,tekstiil
631010,ERM B 52:4,käterätt,tikand,tekstiil
631011,ERM B 52:5,seelik,linane,tekstiil
631011,ERM B 52:5,seelik,,tekstiil
631012,ERM B 52:6,kätepesunõu,nahk,nahk
631012,ERM B 52:6,kätepesunõu,raud,metall
631012,ERM B 52:6,kätepesunõu,savi,keraamika
631013,ERM B 52:7,luisutupp,puuvill,tekstiil
631013,ERM B 52:7,luisutupp,toht,puit
631014,ERM B 52:8/ab,"rangid, leid",kask,puit
631014,ERM B 52:8/ab,"rangid, leid",metall,metall
631014,ERM B 52:8/ab,"rangid, leid",nahk,nahk
631015,ERM B 52:9,viljakühvel,kask,puit
631016,ERM B 52:10,külvivakk,toht,puit
631017,ERM B 52:11,vakk,haab,puit
631018,ERM B 52:12/ab,viisud,toht,puit
631019,ERM B 52:13,käsikivi,metall,metall
631019,ERM B 52:13,käsikivi,tamm,puit
631020,ERM B 52:14,märss,lina,puit
631020,ERM B 52:14,märss,toht,puit
631021,ERM B 52:15,nahkkott,,nahk
631021,ERM B 52:15,nahkkott,lina,nahk
631021,ERM B 52:15,nahkkott,metall,nahk
631021,ERM B 52:15,nahkkott,nahk,nahk
631021,ERM B 52:15,nahkkott,puit,nahk
631021,ERM B 52:15,nahkkott,,nahk
631021,ERM B 52:15,nahkkott,,nahk
631023,ERM B 52:16,koonlajalg,kuusk,puit
631024,ERM B 52:17/abc,koonlajalg,kuusk,puit
631025,ERM B 52:18,kedervars,kask,puit
631026,ERM B 52:19,kedervars,kask,puit
631027,ERM B 52:20/1-2,koot,kask,puit
631027,ERM B 52:20/1-2,koot,kolk,puit
631027,ERM B 52:20/1-2,koot,kuusk,puit
631027,ERM B 52:20/1-2,koot,nahk,puit
631027,ERM B 52:20/1-2,koot,,puit
631028,ERM B 52:21,linahari,,puit
631028,ERM B 52:21,linahari,kask,puit
631028,ERM B 52:21,linahari,kuusk,puit
631028,ERM B 52:21,linahari,raud,puit
631029,ERM B 52:22,tampimisnui,kask,puit
631030,ERM B 52:23,sirp,metall,metall
631030,ERM B 52:23,sirp,saar,puit
631031,ERM B 52:24,köiepöör,kask,puit
631031,ERM B 52:24,köiepöör,kuusk,puit
631031,ERM B 52:24,köiepöör,,puit
631031,ERM B 52:24,köiepöör,,puit
631634,ERM B 7:28,"särk, naiste",labane kangas,tekstiil
631634,ERM B 7:28,"särk, naiste",lina,tekstiil
631637,ERM B 7:31,"särk, naiste",kanep,tekstiil
631637,ERM B 7:31,"särk, naiste",lina,tekstiil
631638,ERM B 7:32,amb,luu,luu
631638,ERM B 7:32,amb,metall,metall
631638,ERM B 7:32,amb,nahk,metall
631638,ERM B 7:32,amb,puit,puit
631639,ERM B 7:33,"amb, detail",puit,puit
631641,ERM B 7:35/ab,viisud,toht,puit
631642,ERM B 7:36,viisk,toht,puit
631643,ERM B 7:37,linik,brokaat (riidesort),tekstiil
631643,ERM B 7:37,linik,labane kangas,tekstiil
631643,ERM B 7:37,linik,linane,tekstiil
631643,ERM B 7:37,linik,pael,tekstiil
631643,ERM B 7:37,linik,siid,tekstiil
631644,ERM B 7:38,linik,labane kangas,tekstiil
631644,ERM B 7:38,linik,linane,tekstiil
631644,ERM B 7:38,linik,pael,tekstiil
631644,ERM B 7:38,linik,siid,tekstiil
631646,ERM B 7:40,linik,labane kangas,tekstiil
631646,ERM B 7:40,linik,linane,tekstiil
631648,ERM B 7:42,kalender-kepp,puit,puit
631649,ERM B 7:43,kalender-kepp,messing,metall
631649,ERM B 7:43,kalender-kepp,puit,puit
631650,ERM B 8:1,koonlalaud,kask,puit
631651,ERM B 8:2,takuork,mänd,puit
631652,ERM B 8:3,takuork,kask,puit
631653,ERM B 8:4,takuork,okaspuit,puit
631654,ERM B 8:5,süstik,lehtpuu,puit
631655,ERM B 8:6,süstik,kadakas,puit
631656,ERM B 8:7,tihv,tamm,puit
631657,ERM B 8:8,pool,haab,puit
631658,ERM B 8:9,pool,haab,puit
631658,ERM B 8:9,pool,puuvill,puit
631659,ERM B 8:10,pool,haab,puit
631659,ERM B 8:10,pool,puuvill,puit
631660,ERM B 8:11,pool,lehtpuu,puit
631661,ERM B 8:12,pesukurikas,puit,puit
631662,ERM B 8:13/ab,niied,lina,puit
631662,ERM B 8:13/ab,niied,puit,puit
631663,ERM B 8:14/ab,naasklikarp,kask,puit
631664,ERM B 8:15,lusikas,puit,puit
631665,ERM B 8:16,lusikas,puit,puit
631666,ERM B 8:17,lusikas,puit,puit
631667,ERM B 8:18,õllekulp,kask,puit
631668,ERM B 8:19,juuksehari,harjas,nahk
631668,ERM B 8:19,juuksehari,nöör,tekstiil
631668,ERM B 8:19,juuksehari,vaik,puit
631669,ERM B 8:20,juuksehari,harjas,nahk
631669,ERM B 8:20,juuksehari,nöör,tekstiil
631669,ERM B 8:20,juuksehari,vaik,puit
631670,ERM B 8:21,karp,mänd,puit
631670,ERM B 8:21,karp,saar,puit
631670,ERM B 8:21,karp,sulg,puit
631672,ERM B 39:35,linik,kanep,tekstiil
631672,ERM B 39:35,linik,riie,tekstiil
631672,ERM B 39:35,linik,siid,tekstiil
631672,ERM B 39:35,linik,tikand,tekstiil
631672,ERM B 39:35,linik,,tekstiil
631672,ERM B 39:35,linik,vill,tekstiil
631721,ERM B 52:25/ab,"vaalikurikas, pulgaga",jalakas,puit
631721,ERM B 52:25/ab,"vaalikurikas, pulgaga",kaigas,puit
631721,ERM B 52:25/ab,"vaalikurikas, pulgaga",kask,puit
631721,ERM B 52:25/ab,"vaalikurikas, pulgaga",,puit
631722,ERM B 52:26,pudrumänd,mänd,puit
631723,ERM B 52:27/ab,kartulipress,kuusk,puit
631723,ERM B 52:27/ab,kartulipress,,puit
631723,ERM B 52:27/ab,kartulipress,nahk,nahk
631723,ERM B 52:27/ab,kartulipress,pakk,
631723,ERM B 52:27/ab,kartulipress,raud,metall
631723,ERM B 52:27/ab,kartulipress,saar,puit
631724,ERM B 52:28,märsskorv,puit,puit
631725,ERM B 52:29,kurn,puit,puit
631727,ERM B 52:30,sõel,haab,puit
631727,ERM B 52:30,sõel,niin,puit
631728,ERM B 52:31,"kaelakell, lehma",metall,metall
631729,ERM B 52:32,voolmed,kask,puit
631729,ERM B 52:32,voolmed,raud,metall
631730,ERM B 52:33,lambarauad,metall,metall
631731,ERM B 52:34,pann,metall,metall
631732,ERM B 52:35/ab,"kaelarihm, kuljusega",metall,metall
631732,ERM B 52:35/ab,"kaelarihm, kuljusega",nahk,nahk
631732,ERM B 52:35/ab,"kaelarihm, kuljusega",,metall
631732,ERM B 52:35/ab,"kaelarihm, kuljusega",vask,metall
631733,ERM B 52:36,lastetool,kuusk,puit
631733,ERM B 52:36,lastetool,,puit
631733,ERM B 52:36,lastetool,vineer,puit
631734,ERM B 52:37,"konks, liha ülesriputamise",puit,puit
631736,ERM B 53:1,lõngakeha,haab,puit
631736,ERM B 53:1,lõngakeha,kuusk,puit
631736,ERM B 53:1,lõngakeha,niin,puit
631737,ERM B 53:2/ab,lõngakeha jalg,mänd,puit
631738,ERM B 53:3/a-d,koonlapuu,kask,puit
631739,ERM B 53:4,süstik,kadakas,puit
631740,ERM B 53:5,värten,kask,puit
631741,ERM B 53:6,värten,kask,puit
631742,ERM B 53:7,kangaspuude tallalaud,kask,puit
631743,ERM B 53:8,lüpsik,kuusk,puit
631743,ERM B 53:8,lüpsik,mänd,puit
631744,ERM B 53:9,pavoinik,riie,tekstiil
631744,ERM B 53:9,pavoinik,puuvill,tekstiil
631744,ERM B 53:9,pavoinik,,tekstiil
631744,ERM B 53:9,pavoinik,siid,tekstiil
631745,ERM B 53:10,särgialane,labane kangas,tekstiil
631745,ERM B 53:10,särgialane,linane,tekstiil
631745,ERM B 53:10,särgialane,,tekstiil
631745,ERM B 53:10,särgialane,puuvill,tekstiil
631746,ERM B 53:11,"põrandariie, katkend",niit,tekstiil
631746,ERM B 53:11,"põrandariie, katkend",puuvill,tekstiil
631746,ERM B 53:11,"põrandariie, katkend",riideriba,tekstiil
631747,ERM B 53:12,niiepöör,kask,puit
631748,ERM B 53:13,niiepöör,kask,puit
631749,ERM B 53:14,pilak,kask,puit
631749,ERM B 53:14,pilak,raud,metall
631750,ERM B 53:15,"tikand, käteräti otsa",,tekstiil
631750,ERM B 53:15,"tikand, käteräti otsa",linane,tekstiil
631750,ERM B 53:15,"tikand, käteräti otsa",puuvill,tekstiil
631750,ERM B 53:15,"tikand, käteräti otsa",riie,tekstiil
631751,ERM B 53:16,särgialase kiri,linane,tekstiil
631752,ERM B 53:17,käterätt,linane,tekstiil
631752,ERM B 53:17,käterätt,niit,tekstiil
631752,ERM B 53:17,käterätt,riie,tekstiil
631753,ERM B 54:1,kätepesunõu,metall,metall
631753,ERM B 54:1,kätepesunõu,nahk,nahk
631753,ERM B 54:1,kätepesunõu,savi,keraamika
631754,ERM B 54:2,mõrd,lina,tekstiil
631754,ERM B 54:2,mõrd,sarapuu,puit
631755,ERM B 54:3,käterätt,linane,tekstiil
631755,ERM B 54:3,käterätt,lõng,tekstiil
631755,ERM B 54:3,käterätt,,tekstiil
631755,ERM B 54:3,käterätt,puuvill,tekstiil
631756,ERM B 54:4,särgialane,linane,tekstiil
631756,ERM B 54:4,särgialane,lõng,tekstiil
631756,ERM B 54:4,särgialane,puuvill,tekstiil
631756,ERM B 54:4,särgialane,riie,tekstiil
631757,ERM B 54:5,käterätt,linane,tekstiil
631757,ERM B 54:5,käterätt,labane kangas,tekstiil
631757,ERM B 54:5,käterätt,puuvill,tekstiil
631757,ERM B 54:5,käterätt,lõng,tekstiil
631758,ERM B 54:7,särgi alase kaunistus,linane,tekstiil
631758,ERM B 54:7,särgi alase kaunistus,lõng,tekstiil
631758,ERM B 54:7,särgi alase kaunistus,puuvill,tekstiil
631758,ERM B 54:7,särgi alase kaunistus,riie,tekstiil
631760,ERM B 54:6,käterätt,kootud,tekstiil
631760,ERM B 54:6,käterätt,linane,tekstiil
631760,ERM B 54:6,käterätt,lõng,tekstiil
631760,ERM B 54:6,käterätt,puuvill,tekstiil
631762,ERM B 54:10,koot,,puit
631762,ERM B 54:10,koot,kuusk,puit
631762,ERM B 54:10,koot,lehtpuu,puit
631762,ERM B 54:10,koot,nahk,nahk
631762,ERM B 54:10,koot,rihm,nahk
631762,ERM B 54:10,koot,,puit
631763,ERM B 54:11,märss,nöör,puit
631763,ERM B 54:11,märss,puit,puit
631763,ERM B 54:11,märss,,puit
631763,ERM B 54:11,märss,takk,puit
631763,ERM B 54:11,märss,toht,puit
631765,ERM B 54:13/ab,viisud,toht,puit
631766,ERM B 54:14/ab,viisk,toht,puit
631767,ERM B 54:15,koonlajalg,kuusk,puit
632345,ERM B 8:22/ab,karp,puit,puit
632346,ERM B 8:23,põllekarp,puit,puit
632348,ERM B 8:25,pang,metall,metall
632348,ERM B 8:25,pang,puit,puit
632352,ERM B 8:29,karp,saar,puit
632353,ERM B 8:30,piip,kask,puit
632353,ERM B 8:30,piip,raud,metall
632354,ERM B 8:31,pill,paju,puit
632355,ERM B 8:32,pill,paju,puit
632356,ERM B 8:33,pill,paju,puit
632357,ERM B 8:34/ab,pill,lepp,puit
632358,ERM B 8:35/ab,pill,lepp,puit
632359,ERM B 8:36/ab,"vurrkann, mänguasi",puit,puit
632360,ERM B 8:37/ab,"vurrkann, mänguasi",puit,puit
632361,ERM B 8:38,vindlavänt,sarv,puit
632361,ERM B 8:38,vindlavänt,tamm,puit
632362,ERM B 8:39,vindlavänt,kask,puit
632363,ERM B 8:40,torbik,lepp,puit
632364,ERM B 8:41,torbik,lepp,puit
632365,ERM B 8:42,torbik,lepp,puit
632366,ERM B 8:43,lusikanuga,metall,metall
632366,ERM B 8:43,lusikanuga,puit,puit
632367,ERM B 8:44,"vurr, mänguasi",puit,puit
632367,ERM B 8:44,"vurr, mänguasi",,puit
632368,ERM B 8:45,"vurr, mänguasi",puit,puit
632368,ERM B 8:45,"vurr, mänguasi",,puit
632369,ERM B 8:46,nahakook,nöör,tekstiil
632369,ERM B 8:46,nahakook,puit,puit
632369,ERM B 8:46,nahakook,raud,metall
632369,ERM B 8:46,nahakook,takk,puit
632370,ERM B 8:47,mahlatila,saar,puit
632371,ERM B 8:48,nahavenitamisraud,raud,metall
632372,ERM B 8:49,uurderaud,raud,metall
632372,ERM B 8:49,uurderaud,saar,puit
632373,ERM B 8:50,rebaserauad,raud,metall
632374,ERM B 8:51,tubakapulbrisarv,merevaik (fossiilvaik),puit
632374,ERM B 8:51,tubakapulbrisarv,puit,puit
632374,ERM B 8:51,tubakapulbrisarv,sarv,luu
632375,ERM B 8:52,hülgeraud,nöör,tekstiil
632375,ERM B 8:52,hülgeraud,raud,metall
632376,ERM B 8:53,köiepöör,puit,puit
632377,ERM B 8:54,köiepöör,puit,puit
632378,ERM B 8:55,köiekook,kadakas,puit
632379,ERM B 8:56,võrguhark,mänd,puit
632380,ERM B 8:57,võrguhui,kadakas,puit
632381,ERM B 8:58,märkelaud,puit,puit
632382,ERM B 8:59,"konks, ""härjajalg""",raud,metall
632383,ERM B 8:60,pealaud,lehtpuu,puit
632384,ERM B 8:61,sukavakk,mänd,puit
632385,ERM B 8:62,vakk,juured,puit
632385,ERM B 8:62,vakk,mänd,puit
632386,ERM B 8:63,kartulikorv,mänd,puit
632386,ERM B 8:63,kartulikorv,paju,puit
632386,ERM B 8:63,kartulikorv,,puit
632387,ERM B 8:64,korv,mänd,puit
632388,ERM B 8:65,kartulikorv,puit,puit
632389,ERM B 8:66,vakk,mänd,puit
632390,ERM B 8:67,kalakorv,nöör,tekstiil
632390,ERM B 8:67,kalakorv,puit,puit
632391,ERM B 8:68,käks,kuusk,puit
632391,ERM B 8:68,käks,raud,metall
632391,ERM B 8:68,käks,kuusk,puit
632392,ERM B 8:69,sõnnikuhang,raud,metall
632393,ERM B 8:70,võrgupaikamispink,puit,puit
632394,ERM B 8:71,kaapraud,raud,metall
632395,ERM B 8:72,loogused,kanep,puit
632395,ERM B 8:72,loogused,nöör,tekstiil
632395,ERM B 8:72,loogused,sarapuu,puit
632396,ERM B 8:73/ab,viisud,lina,tekstiil
632396,ERM B 8:73/ab,viisud,pael,tekstiil
632396,ERM B 8:73/ab,viisud,paju,puit
632449,ERM B 54:16,kangasuga,lehtpuu,puit
632449,ERM B 54:16,kangasuga,lina,puit
632449,ERM B 54:16,kangasuga,vaher või kuslapuu,puit
632450,ERM B 54:17,margapuu,kask,puit
632450,ERM B 54:17,margapuu,raud,puit
632451,ERM B 54:18,märss,puuvill,tekstiil
632451,ERM B 54:18,märss,toht,tekstiil
632452,ERM B 54:19,pall,toht,puit
632453,ERM B 54:20,majakaunistus,mänd,puit
632454,ERM B 54:21/ab,karp,toht,puit
632455,ERM B 54:22,"konks, sideme keerutamise",,puit
632455,ERM B 54:22,"konks, sideme keerutamise",sarapuu,puit
632455,ERM B 54:22,"konks, sideme keerutamise",õlg,puit
632456,ERM B 54:23,kauss,pärn,puit
632457,ERM B 54:24,võimänd,lehtpuu,puit
632458,ERM B 54:25,luisk,tamm,puit
632459,ERM B 54:26/ab,"luisk, tupp",kasetoht,puit
632459,ERM B 54:26/ab,"luisk, tupp",kask,puit
632459,ERM B 54:26/ab,"luisk, tupp",tamm,puit
632460,ERM B 54:27/ab,"luisk, tupp",kasetoht,puit
632460,ERM B 54:27/ab,"luisk, tupp",kask,puit
632460,ERM B 54:27/ab,"luisk, tupp",tamm,puit
632461,ERM B 54:28,märss,toht,puit
632462,ERM B 54:29,korv,,tekstiil
632462,ERM B 54:29,korv,toht,puit
632463,ERM B 54:30,kulp,kask,puit
632466,ERM B 54:33,rüü,jäme toimne kude,tekstiil
632466,ERM B 54:33,rüü,linane,tekstiil
633033,ERM B 8:78/ab,sokid,,tekstiil
633033,ERM B 8:78/ab,sokid,,tekstiil
633033,ERM B 8:78/ab,sokid,,tekstiil
633033,ERM B 8:78/ab,sokid,vill,tekstiil
633037,ERM B 8:82,vöö,kude,tekstiil
633037,ERM B 8:82,vöö,lõim,tekstiil
633037,ERM B 8:82,vöö,puuvill,tekstiil
633037,ERM B 8:82,vöö,vill,tekstiil
633038,ERM B 8:83/ab,säärepaelad,vill,tekstiil
633039,ERM B 8:84,seelik,,tekstiil
633039,ERM B 8:84,seelik,vill,tekstiil
633040,ERM B 8:85,seelik,vill,tekstiil
633042,ERM B 9:1,juustuvorm,juured,puit
633042,ERM B 9:1,juustuvorm,puit,puit
633044,ERM B 9:3,täireha,puit,puit
633053,ERM B 10:9/ab,kindad,lõng,tekstiil
633053,ERM B 10:9/ab,kindad,vill,tekstiil
633054,ERM B 10:10,vöö,kude,tekstiil
633054,ERM B 10:10,vöö,lõim,tekstiil
633054,ERM B 10:10,vöö,puuvill,tekstiil
633054,ERM B 10:10,vöö,vill,tekstiil
633055,ERM B 10:11,vöö,kude,tekstiil
633055,ERM B 10:11,vöö,lõim,tekstiil
633055,ERM B 10:11,vöö,puuvill,tekstiil
633055,ERM B 10:11,vöö,vill,tekstiil
633056,ERM B 10:12,vöö,kude,tekstiil
633056,ERM B 10:12,vöö,lõim,tekstiil
633056,ERM B 10:12,vöö,puuvill,tekstiil
633056,ERM B 10:12,vöö,vill,tekstiil
633057,ERM B 10:13,vöö,,tekstiil
633057,ERM B 10:13,vöö,lõim,tekstiil
633057,ERM B 10:13,vöö,puuvill,tekstiil
633059,ERM B 10:15,vöö,kude,tekstiil
633059,ERM B 10:15,vöö,lõim,tekstiil
633059,ERM B 10:15,vöö,puuvill,tekstiil
633059,ERM B 10:15,vöö,vill,tekstiil
633060,ERM B 10:16,vöö,lõim,tekstiil
633060,ERM B 10:16,vöö,puuvill,tekstiil
633062,ERM B 10:18,põll,pits,tekstiil
633062,ERM B 10:18,põll,puuvill,tekstiil
633062,ERM B 10:18,põll,,tekstiil
633062,ERM B 10:18,põll,sits (riidesort),tekstiil
633063,ERM B 10:19,pruudi kroon,klaas,klaas
633063,ERM B 10:19,pruudi kroon,metall,metall
633063,ERM B 10:19,pruudi kroon,pael,tekstiil
633063,ERM B 10:19,pruudi kroon,pärl,luu
633063,ERM B 10:19,pruudi kroon,siid,tekstiil
633063,ERM B 10:19,pruudi kroon,tsingitud raudplekk,metall
633064,ERM B 10:20,tanu,pael,tekstiil
633064,ERM B 10:20,tanu,siid,tekstiil
633066,ERM B 10:22,tanu,klaas,tekstiil
633066,ERM B 10:22,tanu,pael,tekstiil
633066,ERM B 10:22,tanu,pärl,tekstiil
633066,ERM B 10:22,tanu,siid,tekstiil
633067,ERM B 10:23,taskurätt,puuvill,tekstiil
633067,ERM B 10:23,taskurätt,sits (riidesort),tekstiil
633068,ERM B 11:1,käekott,kalev (riidesort),tekstiil
633068,ERM B 11:1,käekott,,tekstiil
633068,ERM B 11:1,käekott,luu,tekstiil
633068,ERM B 11:1,käekott,loomanahk,tekstiil
633068,ERM B 11:1,käekott,nahk,tekstiil
633068,ERM B 11:1,käekott,vill,tekstiil
633069,ERM B 11:2,käekott,kalev (riidesort),tekstiil
633069,ERM B 11:2,käekott,lind,tekstiil
633069,ERM B 11:2,käekott,puuvill,tekstiil
633069,ERM B 11:2,käekott,sulg,tekstiil
633069,ERM B 11:2,käekott,,tekstiil
633069,ERM B 11:2,käekott,vill,tekstiil
633070,ERM B 11:3,"vöö, naiste",kalev (riidesort),tekstiil
633070,ERM B 11:3,"vöö, naiste",kude,tekstiil
633070,ERM B 11:3,"vöö, naiste",lõim,tekstiil
633070,ERM B 11:3,"vöö, naiste",,tekstiil
633070,ERM B 11:3,"vöö, naiste",puuvill,tekstiil
633070,ERM B 11:3,"vöö, naiste",vill,tekstiil
633071,ERM B 11:4,"vöö, naiste",vill,tekstiil
633072,ERM B 11:5/ab,"kindad, naiste",vill,tekstiil
633073,ERM B 11:6/ab,"kindad, meeste",,tekstiil
633073,ERM B 11:6/ab,"kindad, meeste",vill,tekstiil
633074,ERM B 11:7,"vöö, meeste",kalev (riidesort),tekstiil
633074,ERM B 11:7,"vöö, meeste",,tekstiil
633074,ERM B 11:7,"vöö, meeste",,tekstiil
633074,ERM B 11:7,"vöö, meeste",,tekstiil
633074,ERM B 11:7,"vöö, meeste",vill,tekstiil
633747,ERM B 11:8,"vöö, naiste",vill,tekstiil
633748,ERM B 11:9,"müts, naiste",,tekstiil
633748,ERM B 11:9,"müts, naiste",kalev (riidesort),tekstiil
633748,ERM B 11:9,"müts, naiste",karusnahk,tekstiil
633748,ERM B 11:9,"müts, naiste",sits (riidesort),tekstiil
633748,ERM B 11:9,"müts, naiste",puuvill,tekstiil
633748,ERM B 11:9,"müts, naiste",,tekstiil
633749,ERM B 11:10,müts,kalev (riidesort),tekstiil
633749,ERM B 11:10,müts,pael,tekstiil
633749,ERM B 11:10,müts,pits,tekstiil
633749,ERM B 11:10,müts,,tekstiil
633749,ERM B 11:10,müts,puuvill,tekstiil
633749,ERM B 11:10,müts,siid,tekstiil
633750,ERM B 11:11,"müts, meeste",karusnahk,tekstiil
633750,ERM B 11:11,"müts, meeste",põder,tekstiil
633751,ERM B 11:12,kindad,kalev (riidesort),nahk
633751,ERM B 11:12,kindad,karusnahk,nahk
633751,ERM B 11:12,kindad,põder,nahk
633752,ERM B 11:13,mänguasi: nukk,kalev (riidesort),tekstiil
633752,ERM B 11:13,mänguasi: nukk,karusnahk,nahk
633752,ERM B 11:13,mänguasi: nukk,,
633752,ERM B 11:13,mänguasi: nukk,,puit
633752,ERM B 11:13,mänguasi: nukk,puit,puit
633752,ERM B 11:13,mänguasi: nukk,umbkuub,tekstiil
633753,ERM B 11:14,mänguasi: nukk,kalev (riidesort),tekstiil
633753,ERM B 11:14,mänguasi: nukk,karusnahk,nahk
633753,ERM B 11:14,mänguasi: nukk,,nahk
633753,ERM B 11:14,mänguasi: nukk,,puit
633753,ERM B 11:14,mänguasi: nukk,puit,puit
633753,ERM B 11:14,mänguasi: nukk,umbkuub,tekstiil
633761,ERM B 11:19,nui,puit,puit
633762,ERM B 11:20,kätkikonks,põder,luu
633762,ERM B 11:20,kätkikonks,sarv,luu
633766,ERM B 12:2,"nöörmäng, mänguasi",nöör,tekstiil
633766,ERM B 12:2,"nöörmäng, mänguasi",papp,paber
633766,ERM B 12:2,"nöörmäng, mänguasi",takk,tekstiil
633767,ERM B 12:3,tursaõnged,nöör,tekstiil
633767,ERM B 12:3,tursaõnged,puuvill,tekstiil
633767,ERM B 12:3,tursaõnged,raud,metall
633767,ERM B 12:3,tursaõnged,tina,metall
633768,ERM B 12:4,ahing,raud,metall
633769,ERM B 12:5,saapaõmblemise pihid,puit,puit
633771,ERM B 12:7,vöötihv,puit,puit
633772,ERM B 12:8,lehmasarve nupp,puit,puit
633773,ERM B 12:9,lehmasarve nupp,puit,puit
633774,ERM B 12:10,lehmasarve nupp,puit,puit
633775,ERM B 12:11,kalamütt,kask,puit
633776,ERM B 12:12/ab,noodalapid,vilt,tekstiil
633777,ERM B 12:13/ab,noodalapid,,tekstiil
633778,ERM B 12:14,mesiniku tungal,saar,puit
633779,ERM B 12:15,vähihark,saar,puit
633780,ERM B 12:16,"labidas, kartulivõtmise",saar,puit
633781,ERM B 12:17,silguvarras,raud,metall
633782,ERM B 12:18,lauanuga,mänd,puit
633783,ERM B 12:19,lauanuga,mänd,puit
634444,ERM B 13:7/ab,kindad,kalev (riidesort),tekstiil
634446,ERM B 13:9,särk,puuvill,tekstiil
634446,ERM B 13:9,särk,riie,tekstiil
634451,ERM B 13:14/ab,karvakingad,karusnahk,nahk
634452,ERM B 13:15/ab,karvakingad,karusnahk,nahk
634452,ERM B 13:15/ab,karvakingad,vill,nahk
634453,ERM B 13:16/ab,nahkkingad,kalev (riidesort),nahk
634453,ERM B 13:16/ab,nahkkingad,nahk,nahk
634453,ERM B 13:16/ab,nahkkingad,,nahk
634453,ERM B 13:16/ab,nahkkingad,,nahk
634455,ERM B 13:17/ab,säärised,kalev (riidesort),tekstiil
634455,ERM B 13:17/ab,säärised,nahk,nahk
634455,ERM B 13:17/ab,säärised,,nahk
634455,ERM B 13:17/ab,säärised,riie,tekstiil
634456,ERM B 13:18/ab,kindad,karusnahk,nahk
634457,ERM B 13:19/ab,kindad,lõng,tekstiil
634457,ERM B 13:19/ab,kindad,vill,tekstiil
634459,ERM B 13:21/ab,säärised,kalev (riidesort),tekstiil
634459,ERM B 13:21/ab,säärised,karusnahk,nahk
634459,ERM B 13:21/ab,säärised,,
634459,ERM B 13:21/ab,säärised,,
634460,ERM B 13:22,"umbkuub, naiste",,tekstiil
634460,ERM B 13:22,"umbkuub, naiste",kalev (riidesort),tekstiil
634460,ERM B 13:22,"umbkuub, naiste",,
634460,ERM B 13:22,"umbkuub, naiste",metall,metall
634460,ERM B 13:22,"umbkuub, naiste",puuvill,tekstiil
634460,ERM B 13:22,"umbkuub, naiste",,
634461,ERM B 13:23,"umbkasukas, naiste",kalev (riidesort),tekstiil
634461,ERM B 13:23,"umbkasukas, naiste",karusnahk,nahk
634461,ERM B 13:23,"umbkasukas, naiste",lõng,tekstiil
634461,ERM B 13:23,"umbkasukas, naiste",põder,nahk
634461,ERM B 13:23,"umbkasukas, naiste",põder,nahk
634461,ERM B 13:23,"umbkasukas, naiste",riie,tekstiil
634461,ERM B 13:23,"umbkasukas, naiste",vill,tekstiil
634462,ERM B 13:24,"umbkasukas, naiste",kalev (riidesort),tekstiil
634462,ERM B 13:24,"umbkasukas, naiste",karusnahk,nahk
634462,ERM B 13:24,"umbkasukas, naiste",lõng,tekstiil
634462,ERM B 13:24,"umbkasukas, naiste",pael,tekstiil
634462,ERM B 13:24,"umbkasukas, naiste",põhjapõder,nahk
634462,ERM B 13:24,"umbkasukas, naiste",vill,tekstiil
634464,ERM B 13:26,nahkkott,karusnahk,nahk
634464,ERM B 13:26,nahkkott,nahk,nahk
634464,ERM B 13:26,nahkkott,,nahk
634464,ERM B 13:26,nahkkott,põder,nahk
634465,ERM B 13:27,koivakott,karusnahk,nahk
634465,ERM B 13:27,koivakott,nahk,nahk
634466,ERM B 13:28,"müts, laste",kalev (riidesort),tekstiil
634466,ERM B 13:28,"müts, laste",pael,tekstiil
634466,ERM B 13:28,"müts, laste",,
634466,ERM B 13:28,"müts, laste",puuvill,tekstiil
634467,ERM B 13:29,"tihv, paelaga",luu,luu
634467,ERM B 13:29,"tihv, paelaga",lõng,tekstiil
634467,ERM B 13:29,"tihv, paelaga",neet,
634467,ERM B 13:29,"tihv, paelaga",vask,metall
634467,ERM B 13:29,"tihv, paelaga",vill,tekstiil
634468,ERM B 13:30,"kohvikott, kohviprooviga",kalev (riidesort),tekstiil
634468,ERM B 13:30,"kohvikott, kohviprooviga",nahk,nahk
634468,ERM B 13:30,"kohvikott, kohviprooviga",pael,
634468,ERM B 13:30,"kohvikott, kohviprooviga",,
634471,ERM B 13:33,lusikas,sarv,luu
634472,ERM B 13:34,jooginõu,kask,puit
634472,ERM B 13:34,jooginõu,pahk,puit
634473,ERM B 13:35,jooginõu,kask,puit
634474,ERM B 13:36,puukauss,kask,puit
634474,ERM B 13:36,puukauss,pahk,puit
634475,ERM B 13:37,puukauss,kask,puit
634475,ERM B 13:37,puukauss,pahk,puit
635101,ERM B 13:38,puukauss,kask,puit
635101,ERM B 13:38,puukauss,pahk,puit
635102,ERM B 13:39,lüpsinõu,puit,puit
635103,ERM B 13:40,vinnal,puit,puit
635103,ERM B 13:40,vinnal,raud,metall
635104,ERM B 13:41,vakk,,metall
635104,ERM B 13:41,vakk,messing,metall
635104,ERM B 13:41,vakk,puit,puit
635104,ERM B 13:41,vakk,raud,metall
635104,ERM B 13:41,vakk,,
635105,ERM B 13:42,lasso,kanep,tekstiil
635105,ERM B 13:42,lasso,nöör,tekstiil
635105,ERM B 13:42,lasso,,puit
635105,ERM B 13:42,lasso,sarv,luu
635106,ERM B 13:43,põdrarangid,nahk,nahk
635106,ERM B 13:43,põdrarangid,puit,puit
635107,ERM B 13:44,häll,nahk,nahk
635107,ERM B 13:44,häll,,nahk
635107,ERM B 13:44,häll,puit,puit
635107,ERM B 13:44,häll,puuvill,tekstiil
635107,ERM B 13:44,häll,riie,tekstiil
635107,ERM B 13:44,häll,vill,tekstiil
635108,ERM B 13:45,padi,puuvill,tekstiil
635108,ERM B 13:45,padi,riie,tekstiil
635108,ERM B 13:45,padi,sulg,tekstiil
635109,ERM B 13:46,juustuvorm,puit,puit
635113,ERM B 14:2,hui,luu,luu
635115,ERM B 14:4/ab,"tihv, alustatud vööga",kude,tekstiil
635115,ERM B 14:4/ab,"tihv, alustatud vööga",,
635115,ERM B 14:4/ab,"tihv, alustatud vööga",luu,luu
635115,ERM B 14:4/ab,"tihv, alustatud vööga",lõim,
635115,ERM B 14:4/ab,"tihv, alustatud vööga",,
635115,ERM B 14:4/ab,"tihv, alustatud vööga",nael,metall
635115,ERM B 14:4/ab,"tihv, alustatud vööga",puuvill,tekstiil
635115,ERM B 14:4/ab,"tihv, alustatud vööga",vask,metall
635115,ERM B 14:4/ab,"tihv, alustatud vööga",vill,tekstiil
635116,ERM B 14:5/ab,"kingapaelad, meeste",vill,tekstiil
635116,ERM B 14:5/ab,"kingapaelad, meeste",,tekstiil
635117,ERM B 14:6,liud,kask,puit
635118,ERM B 14:8,"konks, sõidurihma",põder,luu
635118,ERM B 14:8,"konks, sõidurihma",sarv,luu
635122,ERM B 14:12,"kalavõrk, 7 võrgukivi",kivim,kivim
635122,ERM B 14:12,"kalavõrk, 7 võrgukivi",lina,tekstiil
635122,ERM B 14:12,"kalavõrk, 7 võrgukivi",toht,puit
635127,ERM B 14:7,liud,mänd,puit
635129,ERM B 15:1,umbkuub,,tekstiil
635129,ERM B 15:1,umbkuub,kalev (riidesort),tekstiil
635129,ERM B 15:1,umbkuub,luu,tekstiil
635129,ERM B 15:1,umbkuub,pael,tekstiil
635129,ERM B 15:1,umbkuub,,tekstiil
635129,ERM B 15:1,umbkuub,,tekstiil
635129,ERM B 15:1,umbkuub,puuvill,tekstiil
635129,ERM B 15:1,umbkuub,,tekstiil
635129,ERM B 15:1,umbkuub,,tekstiil
635130,ERM B 15:2,"""lukka""",kalev (riidesort),tekstiil
635130,ERM B 15:2,"""lukka""",pael,tekstiil
635130,ERM B 15:2,"""lukka""",,tekstiil
635131,ERM B 15:3,püksid,,tekstiil
635131,ERM B 15:3,püksid,vill,tekstiil
635132,ERM B 15:4,särk,puuvill,tekstiil
635132,ERM B 15:4,särk,,tekstiil
635132,ERM B 15:4,särk,,tekstiil
635132,ERM B 15:4,särk,vill,tekstiil
635133,ERM B 15:5,rinnaesine,puuvill,tekstiil
635134,ERM B 15:6,püksid,,tekstiil
635134,ERM B 15:6,püksid,kalev (riidesort),tekstiil
635134,ERM B 15:6,püksid,karusnahk,tekstiil
635134,ERM B 15:6,püksid,nahk,tekstiil
635134,ERM B 15:6,püksid,põhjapõder,tekstiil
635135,ERM B 15:7,müts,kalev (riidesort),tekstiil
635135,ERM B 15:7,müts,karusnahk,tekstiil
635135,ERM B 15:7,müts,,tekstiil
635135,ERM B 15:7,müts,puuvill,tekstiil
635135,ERM B 15:7,müts,põder,tekstiil
635135,ERM B 15:7,müts,riie,tekstiil
635135,ERM B 15:7,müts,sulg,tekstiil
635135,ERM B 15:7,müts,,tekstiil
635136,ERM B 15:8/ab,nahkkingad,nahk,nahk
635136,ERM B 15:8/ab,nahkkingad,,nahk
635764,ERM B 15:9,viirsekk,puuvill,tekstiil
635765,ERM B 15:10/ac,"vöö ja nõelakoda, naiste",linane,luu
635765,ERM B 15:10/ac,"vöö ja nõelakoda, naiste",luu,luu
635765,ERM B 15:10/ac,"vöö ja nõelakoda, naiste",lõng,luu
635765,ERM B 15:10/ac,"vöö ja nõelakoda, naiste",vill,luu
635765,ERM B 15:10/ac,"vöö ja nõelakoda, naiste",,luu
635767,ERM B 15:12/ab,"põdrarangid, kõhuvööga",kalev (riidesort),tekstiil
635767,ERM B 15:12/ab,"põdrarangid, kõhuvööga",nahk,nahk
635767,ERM B 15:12/ab,"põdrarangid, kõhuvööga",nöör,tekstiil
635767,ERM B 15:12/ab,"põdrarangid, kõhuvööga",puit,puit
635767,ERM B 15:12/ab,"põdrarangid, kõhuvööga",,metall
635767,ERM B 15:12/ab,"põdrarangid, kõhuvööga",vask,metall
635767,ERM B 15:12/ab,"põdrarangid, kõhuvööga",,nahk
635768,ERM B 15:13/ab,"veorihm, kõhupuuga",nahk,nahk
635768,ERM B 15:13/ab,"veorihm, kõhupuuga",puit,puit
635769,ERM B 15:14,põdrarihm,hüljes,nahk
635769,ERM B 15:14,põdrarihm,luu,luu
635769,ERM B 15:14,põdrarihm,nahk,nahk
635769,ERM B 15:14,põdrarihm,,puit
635770,ERM B 15:15,"kell, kandmega",kalev (riidesort),tekstiil
635770,ERM B 15:15,"kell, kandmega",metall,metall
635774,ERM B 15:19,"päitsed, põdra",kalev (riidesort),tekstiil
635774,ERM B 15:19,"päitsed, põdra",nahk,nahk
635775,ERM B 15:20,pudrumänd,mänd,puit
635777,ERM B 16:1,pühakuju,puit,puit
635778,ERM B 17:1,"särk, naiste",labane kangas,tekstiil
635778,ERM B 17:1,"särk, naiste",linane,tekstiil
635779,ERM B 17:2,"särk, meeste",labane kangas,tekstiil
635779,ERM B 17:2,"särk, meeste",lina,tekstiil
635780,ERM B 17:3,"kampsun, naiste",klaas,tekstiil
635780,ERM B 17:3,"kampsun, naiste",nööp,tekstiil
635780,ERM B 17:3,"kampsun, naiste",,tekstiil
635780,ERM B 17:3,"kampsun, naiste",vill,tekstiil
635782,ERM B 17:5,"vammus, pihtkuub, meeste",luu,tekstiil
635782,ERM B 17:5,"vammus, pihtkuub, meeste",kangas,tekstiil
635782,ERM B 17:5,"vammus, pihtkuub, meeste",nööp,tekstiil
635782,ERM B 17:5,"vammus, pihtkuub, meeste",vill,tekstiil
635783,ERM B 17:6,"vest, meeste",kangas,tekstiil
635783,ERM B 17:6,"vest, meeste",nööp,tekstiil
635783,ERM B 17:6,"vest, meeste",puuvill,tekstiil
635783,ERM B 17:6,"vest, meeste",,tekstiil
635783,ERM B 17:6,"vest, meeste",,tekstiil
635783,ERM B 17:6,"vest, meeste",vill,tekstiil
635784,ERM B 17:7/abc,"püksid, säärepaelad",luu,tekstiil
635784,ERM B 17:7/abc,"püksid, säärepaelad",kangas,tekstiil
635784,ERM B 17:7/abc,"püksid, säärepaelad",nööp,tekstiil
635784,ERM B 17:7/abc,"püksid, säärepaelad",pael,tekstiil
635784,ERM B 17:7/abc,"püksid, säärepaelad",,tekstiil
635784,ERM B 17:7/abc,"püksid, säärepaelad",,tekstiil
635784,ERM B 17:7/abc,"püksid, säärepaelad",vill,tekstiil
635785,ERM B 17:8/ab,sokid,lõng,tekstiil
635785,ERM B 17:8/ab,sokid,vill,tekstiil
635786,ERM B 17:9/ab,"säärepaelad, naiste",lõng,tekstiil
635786,ERM B 17:9/ab,"säärepaelad, naiste",vill,tekstiil
635790,ERM B 18:1,kalanui,mänd,puit
635791,ERM B 18:2,maakirves,raud,metall
635792,ERM B 18:3,soonekirves,metall,metall
635793,ERM B 18:4,ahing,raud,metall
635794,ERM B 18:5,ahing,raud,metall
635795,ERM B 18:6,"nuga, meevõtmise",raud,metall
635795,ERM B 18:6,"nuga, meevõtmise",tamm,puit
635796,ERM B 18:7,kurenina,mänd,puit
635797,ERM B 18:8,"vöö, katkend",,tekstiil
635797,ERM B 18:8,"vöö, katkend",vill,tekstiil
635798,ERM B 18:9,"seelikuriie, katkend",kude,tekstiil
635798,ERM B 18:9,"seelikuriie, katkend",linane,tekstiil
635798,ERM B 18:9,"seelikuriie, katkend",lõim,tekstiil
635798,ERM B 18:9,"seelikuriie, katkend",vill,tekstiil
635799,ERM B 18:10/ab,narmaproov,vill,tekstiil
635820,ERM B 39:355,"särk, naiste",lina,tekstiil
635820,ERM B 39:355,"särk, naiste",linane,tekstiil
635820,ERM B 39:355,"särk, naiste",riie,tekstiil
635820,ERM B 39:355,"särk, naiste",vill,tekstiil
635822,ERM B 39:357,"särk, naiste",lina,tekstiil
635822,ERM B 39:357,"särk, naiste",vill,tekstiil
635824,ERM B 39:359,"särk, naiste",lina,tekstiil
635824,ERM B 39:359,"särk, naiste",vill,tekstiil
635826,ERM B 39:361,"särk, naiste",lina,tekstiil
635826,ERM B 39:361,"särk, naiste",vill,tekstiil
635837,ERM B 39:371,"särk, naiste",lina,tekstiil
635837,ERM B 39:371,"särk, naiste",vill,tekstiil
636399,ERM B 1:1,"peakate, naiste",litrid,plastik
636399,ERM B 1:1,"peakate, naiste",lina,tekstiil
636399,ERM B 1:1,"peakate, naiste",lõng,tekstiil
636399,ERM B 1:1,"peakate, naiste",puit,puit
636399,ERM B 1:1,"peakate, naiste",riie,tekstiil
636399,ERM B 1:1,"peakate, naiste",vask,metall
636399,ERM B 1:1,"peakate, naiste",vill,tekstiil
636400,ERM B 1:2,"peapael, neidude",lina,tekstiil
636400,ERM B 1:2,"peapael, neidude",litrid,klaas
636400,ERM B 1:2,"peapael, neidude",puuvill,tekstiil
636400,ERM B 1:2,"peapael, neidude",,tekstiil
636400,ERM B 1:2,"peapael, neidude",riie,tekstiil
636400,ERM B 1:2,"peapael, neidude",vask,metall
636401,ERM B 18:11,pruudikrae,helmed,klaas
636401,ERM B 18:11,pruudikrae,,tekstiil
636401,ERM B 18:11,pruudikrae,klaas,klaas
636401,ERM B 18:11,pruudikrae,siid,tekstiil
636401,ERM B 18:11,pruudikrae,pael,tekstiil
636401,ERM B 18:11,pruudikrae,puuvill,tekstiil
636401,ERM B 18:11,pruudikrae,pärl,luu
636401,ERM B 18:11,pruudikrae,pits,tekstiil
636401,ERM B 18:11,pruudikrae,,tekstiil
636401,ERM B 18:11,pruudikrae,,tekstiil
636402,ERM B 18:12,"hobune, mänguasi",mänd,puit
636403,ERM B 18:13,"hobune, mänguasi",mänd,puit
636404,ERM B 18:14,"hobune, mänguasi",mänd,puit
636405,ERM B 18:15,"hobune, mänguasi",mänd,puit
636406,ERM B 18:16,"viru värav, mänguasi",mänd,puit
636407,ERM B 18:17,"saagija, mänguasi",mänd,puit
636408,ERM B 18:18,"seapõis, hernestega, mänguasi",looduslik materjal,nahk
636408,ERM B 18:18,"seapõis, hernestega, mänguasi",loomne materjal,nahk
636409,ERM B 18:19,"viiul, mänguasi",mänd,puit
636410,ERM B 18:20,"uriluu, mänguasi",lammas,luu
636410,ERM B 18:20,"uriluu, mänguasi",luu,luu
636410,ERM B 18:20,"uriluu, mänguasi",nöör,tekstiil
636410,ERM B 18:20,"uriluu, mänguasi",puuvill,tekstiil
636411,ERM B 18:21,"uriluu, mänguasi",lammas,luu
636411,ERM B 18:21,"uriluu, mänguasi",luu,luu
636411,ERM B 18:21,"uriluu, mänguasi",nöör,tekstiil
636411,ERM B 18:21,"uriluu, mänguasi",puuvill,tekstiil
636412,ERM B 18:22/ab,küünlaahel,raud,metall
636413,ERM B 18:23,"alasi, vikati pinnimise",raud,metall
636414,ERM B 18:24,muda-vigel,raud,metall
636416,ERM B 18:26/a,lehmasarve nupp,kask,puit
636417,ERM B 18:27/a,lehmasarve nupp,kask,puit
636429,ERM B 18:30,"""rasvakaku roos""",mänd,puit
636430,ERM B 18:31,sõel,lammas,nahk
636430,ERM B 18:31,sõel,nahk,nahk
636430,ERM B 18:31,sõel,puit,puit
636431,ERM B 18:32,"peakorv, mesiniku",kuusk,puit
636431,ERM B 18:32,"peakorv, mesiniku",lina,tekstiil
636431,ERM B 18:32,"peakorv, mesiniku",metall,metall
636431,ERM B 18:32,"peakorv, mesiniku",traat,metall
636432,ERM B 18:33,vitssõlg,metall,metall
636433,ERM B 18:34,mesilasemapuur,puit,puit
636434,ERM B 18:35,lestavõrk,lina,tekstiil
636434,ERM B 18:35,lestavõrk,mänd,puit
636434,ERM B 18:35,lestavõrk,,puit
636434,ERM B 18:35,lestavõrk,lõng,tekstiil
636435,ERM B 18:36,piibupea,kask,puit
636436,ERM B 18:37,pohemold,puit,puit
636437,ERM B 18:38,narmarabamislaud,vill,tekstiil
636438,ERM B 18:39,kaapkübar,lammas,tekstiil
636438,ERM B 18:39,kaapkübar,vilt,tekstiil
636439,ERM B 18:40,voodivaip,vill,tekstiil
636441,ERM B 18:42,käsipuur,raud,metall
636441,ERM B 18:42,käsipuur,saar,puit
636442,ERM B 18:43,käsialasi,raud,metall
636445,ERM B 19:1/a-d,koja puuraamistik,puit,puit
636446,ERM B 19:2/a-d,koja katteriie ja uks,linane,tekstiil
636446,ERM B 19:2/a-d,koja katteriie ja uks,riie,tekstiil
636447,ERM B 19:3,tekk,lõng,tekstiil
636447,ERM B 19:3,tekk,vill,tekstiil
636448,ERM B 19:4,tekk,lõng,tekstiil
636448,ERM B 19:4,tekk,vill,tekstiil
636449,ERM B 19:5,pajaahel,raud,metall
636463,ERM B 39:393/1-3,"särk, naiste",lina,tekstiil
636463,ERM B 39:393/1-3,"särk, naiste",vill,tekstiil
637031,ERM B 1:3,"särk, naiste",labane kangas,tekstiil
637031,ERM B 1:3,"särk, naiste",lina,tekstiil
637031,ERM B 1:3,"särk, naiste",riie,tekstiil
637031,ERM B 1:3,"särk, naiste",tikand,tekstiil
637031,ERM B 1:3,"särk, naiste",vill,tekstiil
637031,ERM B 1:3,"särk, naiste",,tekstiil
637032,ERM B 1:4,"rüü, naiste",labane kangas,tekstiil
637032,ERM B 1:4,"rüü, naiste",lina,tekstiil
637032,ERM B 1:4,"rüü, naiste",litrid,plastik
637032,ERM B 1:4,"rüü, naiste",pael,tekstiil
637032,ERM B 1:4,"rüü, naiste",puuvill,tekstiil
637032,ERM B 1:4,"rüü, naiste",labane kangas,tekstiil
637032,ERM B 1:4,"rüü, naiste",vask,metall
637032,ERM B 1:4,"rüü, naiste",vill,tekstiil
637032,ERM B 1:4,"rüü, naiste",,tekstiil
637033,ERM B 1:5,põll,lina,tekstiil
637033,ERM B 1:5,põll,,tekstiil
637033,ERM B 1:5,põll,vill,tekstiil
637035,ERM B 1:7,joogikauss,puit,puit
637037,ERM B 19:7,ahke,puit,puit
637038,ERM B 19:8,ahke,puit,puit
637039,ERM B 19:9/ab,"kelk, aisadega",kask,puit
637041,ERM B 19:11/ab,suusad,kask,puit
637042,ERM B 19:12,vakk,,metall
637042,ERM B 19:12,vakk,nahk,nahk
637042,ERM B 19:12,vakk,puit,puit
637042,ERM B 19:12,vakk,raud,metall
637042,ERM B 19:12,vakk,tripp,nahk
637043,ERM B 19:13,nahkkott,kalev (riidesort),nahk
637043,ERM B 19:13,nahkkott,lõng,nahk
637043,ERM B 19:13,nahkkott,nahk,nahk
637043,ERM B 19:13,nahkkott,,nahk
637043,ERM B 19:13,nahkkott,riie,nahk
637043,ERM B 19:13,nahkkott,vill,nahk
637044,ERM B 19:14,"umbkuub,",kalev (riidesort),tekstiil
637044,ERM B 19:14,"umbkuub,",pael,tekstiil
637044,ERM B 19:14,"umbkuub,",,tekstiil
637044,ERM B 19:14,"umbkuub,",riie,tekstiil
637045,ERM B 19:15,"""sieppuri""",karu,nahk
637045,ERM B 19:15,"""sieppuri""",karusnahk,nahk
637045,ERM B 19:15,"""sieppuri""",pael,nahk
637045,ERM B 19:15,"""sieppuri""",puuvill,nahk
637045,ERM B 19:15,"""sieppuri""",riie,nahk
637045,ERM B 19:15,"""sieppuri""",vill,nahk
637046,ERM B 19:16,põhjapõdra nahk,nahk,nahk
637046,ERM B 19:16,põhjapõdra nahk,põhjapõder,nahk
637047,ERM B 19:17,põhjapõdra nahk,nahk,nahk
637047,ERM B 19:17,põhjapõdra nahk,põhjapõder,nahk
637048,ERM B 19:18,põhjapõdra nahk,nahk,nahk
637048,ERM B 19:18,põhjapõdra nahk,põhjapõder,nahk
637052,ERM B 20:1/ab,toos,toht,puit
637053,ERM B 20:2,soolatoos,toht,puit
637054,ERM B 20:3,soolatoos,toht,puit
637055,ERM B 20:4/ab,nõelatoos,toht,puit
637056,ERM B 20:5/ab,vakk,toht,puit
637057,ERM B 20:6,tohukott,nahk,puit
637057,ERM B 20:6,tohukott,puit,puit
637057,ERM B 20:6,tohukott,rihm,puit
637057,ERM B 20:6,tohukott,toht,puit
637058,ERM B 20:7,karp,toht,puit
637060,ERM B 20:9,koonlalaud,puit,puit
637061,ERM B 20:10,värten,puit,puit
637062,ERM B 20:11,värten,puit,puit
637063,ERM B 20:12,värten,puit,puit
637064,ERM B 20:13,värten,puit,puit
637065,ERM B 20:14,värtna-koda,mänd,puit
637066,ERM B 20:15,värten,kivim,kivim
637066,ERM B 20:15,värten,puit,puit
637067,ERM B 20:16,sirp,metall,metall
637067,ERM B 20:16,sirp,puit,puit
637068,ERM B 20:17,sirp,metall,metall
637068,ERM B 20:17,sirp,puit,puit
637069,ERM B 20:18,sirp,metall,metall
637069,ERM B 20:18,sirp,puit,puit
637070,ERM B 20:19,sirp,metall,metall
637070,ERM B 20:19,sirp,puit,puit
637071,ERM B 20:20,poolikorv,mänd,puit
637073,ERM B 20:22,tulejalg,,metall
637073,ERM B 20:22,tulejalg,,
637073,ERM B 20:22,tulejalg,,puit
637073,ERM B 20:22,tulejalg,puit,puit
637073,ERM B 20:22,tulejalg,raud,metall
637074,ERM B 20:23,suhkruvasar,puit,puit
637090,ERM B 39:429/ab,juustuvorm,lina,tekstiil
637090,ERM B 39:429/ab,juustuvorm,puit,puit
637090,ERM B 39:429/ab,juustuvorm,sulg,nahk
637090,ERM B 39:429/ab,juustuvorm,,tekstiil
637095,ERM B 42:1,ripats,metall,metall
637095,ERM B 42:1,ripats,münt,metall
637096,ERM B 42:2/ab,nahksussid,nahk,nahk
637097,ERM B 42:3/ab,nahksussid,karusnahk,nahk
637098,ERM B 42:4,"peakate, katkend",looduslik kiud,tekstiil
637098,ERM B 42:4,"peakate, katkend",siid,tekstiil
637101,ERM B 42:7,kohvikann,vask,metall
637102,ERM B 42:8,pada,pronks,metall
637102,ERM B 42:8,pada,raud,metall
637668,ERM B 2:3,peakate,hõbe,metall
637668,ERM B 2:3,peakate,kard,tekstiil
637668,ERM B 2:3,peakate,litrid,klaas
637668,ERM B 2:3,peakate,tikand,tekstiil
637668,ERM B 2:3,peakate,vask,metall
637668,ERM B 2:3,peakate,vill,tekstiil
637669,ERM B 2:4,peakate,kodukootud kangas,tekstiil
637669,ERM B 2:4,peakate,linane,tekstiil
637669,ERM B 2:4,peakate,vill,tekstiil
637669,ERM B 2:4,peakate,lõng,tekstiil
637670,ERM B 2:5,peakate,brokaat (riidesort),tekstiil
637670,ERM B 2:5,peakate,kard,tekstiil
637670,ERM B 2:5,peakate,linane,tekstiil
637670,ERM B 2:5,peakate,litrid,klaas
637670,ERM B 2:5,peakate,riie,tekstiil
637670,ERM B 2:5,peakate,,tekstiil
637670,ERM B 2:5,peakate,vask,metall
637670,ERM B 2:5,peakate,vill,tekstiil
637671,ERM B 2:6,pearätt,kodukootud kangas,tekstiil
637671,ERM B 2:6,pearätt,linane,tekstiil
637671,ERM B 2:6,pearätt,litrid,klaas
637671,ERM B 2:6,pearätt,vask,metall
637672,ERM B 2:7,peaehe,taimne kiud,tekstiil
637672,ERM B 2:7,peaehe,õlg,tekstiil
637673,ERM B 2:8,peaehe,taimne kiud,tekstiil
637673,ERM B 2:8,peaehe,õlg,tekstiil
637674,ERM B 2:9,peaehe,lõng,tekstiil
637674,ERM B 2:9,peaehe,vill,tekstiil
637675,ERM B 20:24,vikat,metall,metall
637675,ERM B 20:24,vikat,puit,puit
637676,ERM B 20:25,vikat,metall,metall
637676,ERM B 20:25,vikat,puit,puit
637677,ERM B 20:26,vikatilüsi,puit,puit
637678,ERM B 20:27,tohurull,toht,puit
637679,ERM B 20:28,tohukott,puit,puit
637679,ERM B 20:28,tohukott,toht,puit
637680,ERM B 20:29/ab,võinapp,kadakas,puit
637680,ERM B 20:29/ab,võinapp,kask,puit
637680,ERM B 20:29/ab,võinapp,,puit
637681,ERM B 20:30/ab,võitoos,puit,puit
637681,ERM B 20:30/ab,võitoos,toht,puit
637682,ERM B 20:31,vakk,toht,puit
637683,ERM B 20:32,köiepöör,puit,puit
637684,ERM B 20:33,koonlapuu,puit,puit
637685,ERM B 20:34,koonlapuu,puit,puit
637686,ERM B 20:35/ab,"koonalvarras, paelaga",lõng,tekstiil
637686,ERM B 20:35/ab,"koonalvarras, paelaga",metall,metall
637686,ERM B 20:35/ab,"koonalvarras, paelaga",vill,tekstiil
637687,ERM B 20:36/ab,"koonalvarras, paelaga",lõng,tekstiil
637687,ERM B 20:36/ab,"koonalvarras, paelaga",metall,metall
637687,ERM B 20:36/ab,"koonalvarras, paelaga",vill,tekstiil
637688,ERM B 20:37/ab,"koonalvarras, paelaga",lõng,tekstiil
637688,ERM B 20:37/ab,"koonalvarras, paelaga",metall,metall
637688,ERM B 20:37/ab,"koonalvarras, paelaga",vill,tekstiil
637690,ERM B 20:39/a-d,jahitarbed,kask,puit
637690,ERM B 20:39/a-d,jahitarbed,,nahk
637690,ERM B 20:39/a-d,jahitarbed,,puit
637690,ERM B 20:39/a-d,jahitarbed,metall,metall
637690,ERM B 20:39/a-d,jahitarbed,nahk,nahk
637690,ERM B 20:39/a-d,jahitarbed,sarv,luu
637690,ERM B 20:39/a-d,jahitarbed,,puit
637690,ERM B 20:39/a-d,jahitarbed,vask,metall
637696,ERM B 20:42,viipsik,puit,puit
637697,ERM B 20:43,võrgukivi,kivim,kivim
637697,ERM B 20:43,võrgukivi,toht,puit
637698,ERM B 20:44,võrgukivi,kivim,kivim
637698,ERM B 20:44,võrgukivi,toht,puit
637699,ERM B 20:45,võrgukivi,kivim,kivim
637699,ERM B 20:45,võrgukivi,toht,puit
637700,ERM B 20:46,võrgupullu,toht,puit
637701,ERM B 20:47,võrgupullu,toht,puit
637702,ERM B 20:48,tohuköis,toht,puit
637703,ERM B 20:49,tohutasku,puit,puit
637703,ERM B 20:49,tohutasku,toht,puit
637705,ERM B 20:51,"häll, detail",puit,puit
637706,ERM B 20:52,puur,puit,puit
637706,ERM B 20:52,puur,raud,metall
637707,ERM B 20:53,katlakook,raud,metall
637708,ERM B 20:54/ab,pussitupp,metall,metall
637708,ERM B 20:54/ab,pussitupp,nahk,nahk
637709,ERM B 20:55,kuulikott,nahk,nahk
637710,ERM B 20:56,palgikoorimisraud,metall,metall
637710,ERM B 20:56,palgikoorimisraud,puit,puit
637711,ERM B 20:57,küünlavalem,metall,metall
637712,ERM B 20:58,pootshaak,metall,metall
637713,ERM B 20:59,ropsimõõk,puit,puit
637714,ERM B 20:60,tihv,tamm,puit
637715,ERM B 20:61,kiin,metall,metall
637715,ERM B 20:61,kiin,puit,puit
637716,ERM B 20:62,suitsupann,metall,metall
637717,ERM B 20:63,õng,jõhv,metall
637717,ERM B 20:63,õng,,metall
637717,ERM B 20:63,õng,raud,metall
637717,ERM B 20:63,õng,tina,metall
637718,ERM B 20:64,kuulitangid,raud,metall
638294,ERM B 2:13,"särk, naiste",lina,tekstiil
638294,ERM B 2:13,"särk, naiste",riie,tekstiil
638294,ERM B 2:13,"särk, naiste",vill,tekstiil
638294,ERM B 2:13,"särk, naiste",,tekstiil
638295,ERM B 2:14,"särk, naiste",lina,tekstiil
638295,ERM B 2:14,"särk, naiste",,tekstiil
638295,ERM B 2:14,"särk, naiste",riie,tekstiil
638295,ERM B 2:14,"särk, naiste",vill,tekstiil
638295,ERM B 2:14,"särk, naiste",vill,tekstiil
638295,ERM B 2:14,"särk, naiste",,tekstiil
638296,ERM B 2:15,"särk, naiste",lina,tekstiil
638296,ERM B 2:15,"särk, naiste",riie,tekstiil
638296,ERM B 2:15,"särk, naiste",vill,tekstiil
638296,ERM B 2:15,"särk, naiste",,tekstiil
638297,ERM B 2:16,"särk, naiste",labane kangas,tekstiil
638297,ERM B 2:16,"särk, naiste",lina,tekstiil
638297,ERM B 2:16,"särk, naiste",tikand,tekstiil
638297,ERM B 2:16,"särk, naiste",vill,tekstiil
638298,ERM B 2:17,"särk, pruudi",lina,tekstiil
638298,ERM B 2:17,"särk, pruudi",vill,tekstiil
638299,ERM B 2:18,"särk, naiste",labane kangas,tekstiil
638299,ERM B 2:18,"särk, naiste",lina,tekstiil
638299,ERM B 2:18,"särk, naiste",tikand,tekstiil
638299,ERM B 2:18,"särk, naiste",vill,tekstiil
638302,ERM B 20:67,püssirohusarv,härg,luu
638302,ERM B 20:67,püssirohusarv,nahk,nahk
638302,ERM B 20:67,püssirohusarv,puit,puit
638302,ERM B 20:67,püssirohusarv,,puit
638302,ERM B 20:67,püssirohusarv,,puit
638302,ERM B 20:67,püssirohusarv,sarv,luu
638303,ERM B 20:68,voolmed,metall,metall
638303,ERM B 20:68,voolmed,puit,puit
638305,ERM B 20:70,hui,puit,puit
638306,ERM B 20:71,kaladi,kask,puit
638307,ERM B 20:72,kaladi,kuusk,puit
638308,ERM B 20:73,kaladi,kask,puit
638310,ERM B 20:75,püüpaelad,jõhv,puit
638310,ERM B 20:75,püüpaelad,kadakas,puit
638310,ERM B 20:75,püüpaelad,kanep,puit
638310,ERM B 20:75,püüpaelad,nöör,puit
638311,ERM B 20:76,vispel,mänd,puit
638312,ERM B 20:77,vispel,mänd,puit
638313,ERM B 20:78,kella-kanne,toht,puit
638315,ERM B 20:81,pussitupp,nahk,nahk
638315,ERM B 20:81,pussitupp,toht,puit
638316,ERM B 20:82,peibutuslind,puit,puit
638317,ERM B 20:83,õng,jõhv,nahk
638317,ERM B 20:83,õng,kett,metall
638317,ERM B 20:83,õng,messing,metall
638317,ERM B 20:83,õng,puit,puit
638317,ERM B 20:83,õng,raud,metall
638318,ERM B 20:84/ab,"tuleraud, kotikesega",,nahk
638318,ERM B 20:84/ab,"tuleraud, kotikesega",nahk,nahk
638318,ERM B 20:84/ab,"tuleraud, kotikesega",raud,metall
638319,ERM B 20:79,kella-kanne,toht,puit
638320,ERM B 20:85/ab,"treipink, värtna",mänd,puit
638320,ERM B 20:85/ab,"treipink, värtna",nahk,nahk
638321,ERM B 20:86,vinnal,metall,metall
638321,ERM B 20:86,vinnal,puit,puit
638322,ERM B 20:87,poolivokk,puit,puit
638323,ERM B 20:88,pesukurikas,puit,puit
638324,ERM B 20:89,vaalikurikas,puit,puit
638325,ERM B 20:90,tainarull,puit,puit
638326,ERM B 20:91,"pilbas, piruka",puit,puit
638327,ERM B 20:92,"pilbas, piruka",puit,puit
638328,ERM B 20:93/ab,viisud,toht,puit
638329,ERM B 20:94/ab,viisud,nahk,nahk
638329,ERM B 20:94/ab,viisud,pael,tekstiil
638329,ERM B 20:94/ab,viisud,toht,puit
638330,ERM B 20:95/ab,kindad,lõng,tekstiil
638330,ERM B 20:95/ab,kindad,vill,tekstiil
638331,ERM B 20:96/ab,kindad,lõng,tekstiil
638331,ERM B 20:96/ab,kindad,vill,tekstiil
638332,ERM B 20:97/ab,kindad,lõng,tekstiil
638332,ERM B 20:97/ab,kindad,vill,tekstiil
638333,ERM B 20:98,käterätt,labane kangas,tekstiil
638333,ERM B 20:98,käterätt,linane,tekstiil
638333,ERM B 20:98,käterätt,puuvill,tekstiil
638333,ERM B 20:98,käterätt,,tekstiil
638336,ERM B 20:101,käterätik,labane kangas,tekstiil
638336,ERM B 20:101,käterätik,linane,tekstiil
638336,ERM B 20:101,käterätik,,tekstiil
638336,ERM B 20:101,käterätik,puuvill,tekstiil
638341,ERM B 20:106,alusseelik,labane kangas,tekstiil
638341,ERM B 20:106,alusseelik,linane,tekstiil
638341,ERM B 20:106,alusseelik,,tekstiil
638890,ERM B 2:19,"särk, meeste",labane kangas,tekstiil
638890,ERM B 2:19,"särk, meeste",lina,tekstiil
638890,ERM B 2:19,"särk, meeste",linane,tekstiil
638890,ERM B 2:19,"särk, meeste",litrid,tekstiil
638890,ERM B 2:19,"särk, meeste",tikand,tekstiil
638890,ERM B 2:19,"särk, meeste",vask,tekstiil
638890,ERM B 2:19,"särk, meeste",vill,tekstiil
638891,ERM B 2:20,"rüü, naiste",labane kangas,tekstiil
638891,ERM B 2:20,"rüü, naiste",lina,tekstiil
638891,ERM B 2:20,"rüü, naiste",linane,tekstiil
638891,ERM B 2:20,"rüü, naiste",litrid,tekstiil
638891,ERM B 2:20,"rüü, naiste",tikand,tekstiil
638891,ERM B 2:20,"rüü, naiste",vask,tekstiil
638891,ERM B 2:20,"rüü, naiste",vill,tekstiil
638892,ERM B 2:21,"rüü, naiste",labane kangas,tekstiil
638892,ERM B 2:21,"rüü, naiste",lina,tekstiil
638892,ERM B 2:21,"rüü, naiste",lõng,tekstiil
638892,ERM B 2:21,"rüü, naiste",vill,tekstiil
638893,ERM B 2:22,"rüü, naiste",labane kangas,tekstiil
638893,ERM B 2:22,"rüü, naiste",lina,tekstiil
638893,ERM B 2:22,"rüü, naiste",lõng,tekstiil
638893,ERM B 2:22,"rüü, naiste",vill,tekstiil
638894,ERM B 2:23,"rüü, naiste",labane kangas,tekstiil
638894,ERM B 2:23,"rüü, naiste",lina,tekstiil
638894,ERM B 2:23,"rüü, naiste",lõng,tekstiil
638894,ERM B 2:23,"rüü, naiste",vill,tekstiil
638895,ERM B 2:24,püksid,kangas,tekstiil
638895,ERM B 2:24,püksid,lina,tekstiil
638896,ERM B 2:25,"põll, pruudi",lina,tekstiil
638896,ERM B 2:25,"põll, pruudi",riie,tekstiil
638896,ERM B 2:25,"põll, pruudi",vill,tekstiil
638896,ERM B 2:25,"põll, pruudi",,tekstiil
638897,ERM B 20:107,alusseelik,linane,tekstiil
638897,ERM B 20:107,alusseelik,labane kangas,tekstiil
638897,ERM B 20:107,alusseelik,puuvill,tekstiil
638897,ERM B 20:107,alusseelik,lõng,tekstiil
638898,ERM B 20:108,"müts, naiste",brokaat (riidesort),tekstiil
638898,ERM B 20:108,"müts, naiste",linane,tekstiil
638898,ERM B 20:108,"müts, naiste",riie,tekstiil
638898,ERM B 20:108,"müts, naiste",,tekstiil
638899,ERM B 20:109,"müts, naiste",,tekstiil
638899,ERM B 20:109,"müts, naiste",pael,tekstiil
638899,ERM B 20:109,"müts, naiste",puuvill,tekstiil
638899,ERM B 20:109,"müts, naiste",,tekstiil
638900,ERM B 21:1/ab,"tohusaapad, laste",toht,puit
638901,ERM B 22:1,"müts, naiste",,tekstiil
638901,ERM B 22:1,"müts, naiste",,tekstiil
638901,ERM B 22:1,"müts, naiste",,tekstiil
638901,ERM B 22:1,"müts, naiste",pael,tekstiil
638901,ERM B 22:1,"müts, naiste",,tekstiil
638901,ERM B 22:1,"müts, naiste",puuvill,tekstiil
638901,ERM B 22:1,"müts, naiste",siid,tekstiil
638902,ERM B 22:2,"müts, naiste",brokaat (riidesort),tekstiil
638902,ERM B 22:2,"müts, naiste",,tekstiil
638902,ERM B 22:2,"müts, naiste",labane kangas,tekstiil
638902,ERM B 22:2,"müts, naiste",linane,tekstiil
638903,ERM B 22:3,"müts, naiste",,tekstiil
638903,ERM B 22:3,"müts, naiste",pael,tekstiil
638903,ERM B 22:3,"müts, naiste",,tekstiil
638903,ERM B 22:3,"müts, naiste",,tekstiil
638905,ERM B 22:5,pearätik,siid,tekstiil
638906,ERM B 22:6,vöö,lõng,tekstiil
638906,ERM B 22:6,vöö,puuvill,tekstiil
638906,ERM B 22:6,vöö,siid,tekstiil
638906,ERM B 22:6,vöö,,tekstiil
638908,ERM B 23:2,vöö,,tekstiil
638908,ERM B 23:2,vöö,puuvill,tekstiil
638908,ERM B 23:2,vöö,,tekstiil
638908,ERM B 23:2,vöö,vill,tekstiil
638909,ERM B 24:1,"rätik, peiupoisi",puuvill,tekstiil
638909,ERM B 24:1,"rätik, peiupoisi",lõng,tekstiil
638909,ERM B 24:1,"rätik, peiupoisi",,tekstiil
638910,ERM B 24:2,"rätik, peiupoisi",lõng,tekstiil
638910,ERM B 24:2,"rätik, peiupoisi",puuvill,tekstiil
638910,ERM B 24:2,"rätik, peiupoisi",,tekstiil
638911,ERM B 25:1,lähker,kask,puit
638911,ERM B 25:1,lähker,metall,metall
638912,ERM B 25:2,kandekorv,kask,puit
638912,ERM B 25:2,kandekorv,nahk,nahk
638913,ERM B 25:3,koormarangid,puit,puit
638914,ERM B 25:4,kandekorv,kask,puit
638915,ERM B 25:5,pudrumänd,kask,puit
638915,ERM B 25:5,pudrumänd,mänd,puit
638915,ERM B 25:5,pudrumänd,,puit
638916,ERM B 25:6,lusikas,puit,puit
638917,ERM B 25:7,kõõvits,metall,puit
638917,ERM B 25:7,kõõvits,puit,puit
638918,ERM B 25:8,piimasõel,puit,puit
638919,ERM B 25:9,kauss,puit,puit
638920,ERM B 25:10,kauss,puit,puit
638921,ERM B 25:11,kauss,puit,puit
638922,ERM B 25:12,lusikas,puit,puit
638923,ERM B 25:13,lusikas,puit,puit
638924,ERM B 25:14,lusikas,puit,puit
638926,ERM B 25:15,lusikas,puit,puit
638927,ERM B 25:16,piimanapp,kask,puit
638927,ERM B 25:16,piimanapp,messing,metall
638927,ERM B 25:16,piimanapp,pahk,puit
638929,ERM B 25:17,kauss,kask,puit
638930,ERM B 25:18,"hein, kimp",hein,puit
638930,ERM B 25:18,"hein, kimp",looduslik materjal,puit
638931,ERM B 25:19,piimalusikas,puit,puit
638932,ERM B 25:20/ab,karvakingad,karusnahk,nahk
638932,ERM B 25:20/ab,karvakingad,lõng,nahk
638932,ERM B 25:20/ab,karvakingad,põhjapõder,nahk
638932,ERM B 25:20/ab,karvakingad,vill,nahk
638933,ERM B 25:21,lasso,kanep,tekstiil
638933,ERM B 25:21,lasso,luu,luu
638933,ERM B 25:21,lasso,nahk,nahk
638933,ERM B 25:21,lasso,nöör,tekstiil
638933,ERM B 25:21,lasso,,tekstiil
638933,ERM B 25:21,lasso,,tekstiil
638934,ERM B 25:22,juustuvorm,juured,puit
638934,ERM B 25:22,juustuvorm,puit,puit
638935,ERM B 25:23/abc,"vöö, pussi ja lusikaga, meeste",nahk,nahk
638935,ERM B 25:23/abc,"vöö, pussi ja lusikaga, meeste",puit,puit
638935,ERM B 25:23/abc,"vöö, pussi ja lusikaga, meeste",vill,tekstiil
638937,ERM B 25:24,rinnalapp,,tekstiil
638937,ERM B 25:24,rinnalapp,hõbe,tekstiil
638937,ERM B 25:24,rinnalapp,kalev (riidesort),tekstiil
638937,ERM B 25:24,rinnalapp,,tekstiil
638937,ERM B 25:24,rinnalapp,metall,tekstiil
638937,ERM B 25:24,rinnalapp,nahk,tekstiil
638937,ERM B 25:24,rinnalapp,satiin,tekstiil
638937,ERM B 25:24,rinnalapp,,tekstiil
638937,ERM B 25:24,rinnalapp,spiraaltraat,tekstiil
638937,ERM B 25:24,rinnalapp,,tekstiil
638938,ERM B 25:25,"müts, meeste",kalev (riidesort),tekstiil
638938,ERM B 25:25,"müts, meeste",pael,tekstiil
638938,ERM B 25:25,"müts, meeste",kalev (riidesort),tekstiil
638938,ERM B 25:25,"müts, meeste",satiin,tekstiil
638938,ERM B 25:25,"müts, meeste",,tekstiil
638938,ERM B 25:25,"müts, meeste",,tekstiil
638945,ERM B 40:1,vöö,,tekstiil
638945,ERM B 40:1,vöö,vill,tekstiil
638946,ERM B 40:2/ab,sääreribad,kalev (riidesort),tekstiil
638946,ERM B 40:2/ab,sääreribad,lina,tekstiil
638946,ERM B 40:2/ab,sääreribad,lõng,tekstiil
638946,ERM B 40:2/ab,sääreribad,,tekstiil
638946,ERM B 40:2/ab,sääreribad,takk,tekstiil
638946,ERM B 40:2/ab,sääreribad,,tekstiil
638946,ERM B 40:2/ab,sääreribad,vill,tekstiil
638947,ERM B 40:3,"seelik, naiste",lina,tekstiil
638947,ERM B 40:3,"seelik, naiste",pael,tekstiil
638947,ERM B 40:3,"seelik, naiste",pael,tekstiil
638947,ERM B 40:3,"seelik, naiste",siid,tekstiil
638947,ERM B 40:3,"seelik, naiste",,tekstiil
638947,ERM B 40:3,"seelik, naiste",vill,tekstiil
638948,ERM B 40:4,särk,lina,tekstiil
638948,ERM B 40:4,särk,puuvill,tekstiil
638948,ERM B 40:4,särk,vill,tekstiil
638949,ERM B 40:5/ab,sääreribad,kalev (riidesort),tekstiil
638949,ERM B 40:5/ab,sääreribad,lina,tekstiil
638950,ERM B 40:6,vöö,lõng,tekstiil
638950,ERM B 40:6,vöö,vill,tekstiil
638958,ERM B 40:9,seinarätt,lina,tekstiil
638958,ERM B 40:9,seinarätt,vill,tekstiil
638960,ERM B 40:10,"seelik, traksidega",labane kangas,tekstiil
638960,ERM B 40:10,"seelik, traksidega",linane,tekstiil
638960,ERM B 40:10,"seelik, traksidega",pael,tekstiil
638960,ERM B 40:10,"seelik, traksidega",pael,tekstiil
638960,ERM B 40:10,"seelik, traksidega",riie,tekstiil
638960,ERM B 40:10,"seelik, traksidega",siid,tekstiil
638960,ERM B 40:10,"seelik, traksidega",vill,tekstiil
638969,ERM B 40:17,"seelik, traksidega",linane,tekstiil
638969,ERM B 40:17,"seelik, traksidega",pael,tekstiil
638969,ERM B 40:17,"seelik, traksidega",pael,tekstiil
638969,ERM B 40:17,"seelik, traksidega",,tekstiil
638969,ERM B 40:17,"seelik, traksidega",siid,tekstiil
638969,ERM B 40:17,"seelik, traksidega",,tekstiil
638972,ERM B 40:20/ab,sõrmkindad,lõng,tekstiil
638972,ERM B 40:20/ab,sõrmkindad,vill,tekstiil
639521,ERM B 2:27,põll,labane kangas,tekstiil
639521,ERM B 2:27,põll,lina,tekstiil
639521,ERM B 2:27,põll,tikand,tekstiil
639521,ERM B 2:27,põll,vill,tekstiil
639522,ERM B 2:28,põll,labane kangas,tekstiil
639522,ERM B 2:28,põll,lina,tekstiil
639522,ERM B 2:28,põll,tikand,tekstiil
639522,ERM B 2:28,põll,vill,tekstiil
639523,ERM B 2:29,põll,labane kangas,tekstiil
639523,ERM B 2:29,põll,lina,tekstiil
639523,ERM B 2:29,põll,vill,tekstiil
639523,ERM B 2:29,põll,lõng,tekstiil
639524,ERM B 2:30,põll,labane kangas,tekstiil
639524,ERM B 2:30,põll,lina,tekstiil
639524,ERM B 2:30,põll,litrid,tekstiil
639524,ERM B 2:30,põll,vask,tekstiil
639524,ERM B 2:30,põll,vill,tekstiil
639524,ERM B 2:30,põll,,tekstiil
639525,ERM B 2:31,põll,labane kangas,tekstiil
639525,ERM B 2:31,põll,lina,tekstiil
639525,ERM B 2:31,põll,vill,tekstiil
639525,ERM B 2:31,põll,lõng,tekstiil
639526,ERM B 2:32,tagapõll,linane,tekstiil
639526,ERM B 2:32,tagapõll,litrid,plastik
639526,ERM B 2:32,tagapõll,lõng,tekstiil
639526,ERM B 2:32,tagapõll,labane kangas,tekstiil
639526,ERM B 2:32,tagapõll,vask,metall
639526,ERM B 2:32,tagapõll,vill,tekstiil
639527,ERM B 25:27,päitsed põdra,nöör,tekstiil
639527,ERM B 25:27,päitsed põdra,kanep,tekstiil
639527,ERM B 25:27,päitsed põdra,nahk,nahk
639531,ERM B 26:1,umbkuub,kalev (riidesort),tekstiil
639531,ERM B 26:1,umbkuub,pael,tekstiil
639531,ERM B 26:1,umbkuub,,tekstiil
639531,ERM B 26:1,umbkuub,,tekstiil
639532,ERM B 26:2,müts,kalev (riidesort),tekstiil
639532,ERM B 26:2,müts,,tekstiil
639532,ERM B 26:2,müts,lõng,tekstiil
639532,ERM B 26:2,müts,nahk,tekstiil
639532,ERM B 26:2,müts,,tekstiil
639532,ERM B 26:2,müts,vill,tekstiil
639533,ERM B 26:3,püksid,kalev (riidesort),tekstiil
639533,ERM B 26:3,püksid,,tekstiil
639534,ERM B 26:4,rinnalapp,,tekstiil
639534,ERM B 26:4,rinnalapp,,tekstiil
639534,ERM B 26:4,rinnalapp,kalev (riidesort),tekstiil
639534,ERM B 26:4,rinnalapp,,tekstiil
639534,ERM B 26:4,rinnalapp,puuvill,tekstiil
639534,ERM B 26:4,rinnalapp,satiin,tekstiil
639534,ERM B 26:4,rinnalapp,,tekstiil
639535,ERM B 26:5/ab,"kingad, paeltega",nahk,nahk
639535,ERM B 26:5/ab,"kingad, paeltega",,nahk
639535,ERM B 26:5/ab,"kingad, paeltega",,nahk
639535,ERM B 26:5/ab,"kingad, paeltega",vill,nahk
639539,ERM B 27:2/ab,kõrvarõngad,messing,metall
639542,ERM B 28:3,"põder, mänguasi",mänd,puit
639543,ERM B 28:4,"härg, mänguasi",mänd,puit
639544,ERM B 28:5,"sarvloom, mänguasi",mänd,puit
639545,ERM B 28:6,"loom, mänguasi",mänd,puit
639546,ERM B 28:7,"vasikas, mänguasi",mänd,puit
639547,ERM B 28:8,"hunt, mänguasi",mänd,puit
639548,ERM B 28:9,"regi, mänguasi",mänd,puit
639549,ERM B 28:10,"regi, mänguasi",mänd,puit
639554,ERM B 30:1,vakk,toht,puit
639555,ERM B 30:2,seinaehe,pael,tekstiil
639555,ERM B 30:2,seinaehe,puit,puit
639555,ERM B 30:2,seinaehe,siid,tekstiil
639556,ERM B 30:3,kasukas,kalev (riidesort),tekstiil
639556,ERM B 30:3,kasukas,karusnahk,tekstiil
639556,ERM B 30:3,kasukas,,tekstiil
639556,ERM B 30:3,kasukas,põhjapõder,tekstiil
639557,ERM B 31:1,puulukk,kask,puit
639557,ERM B 31:1,puulukk,tamm,puit
639557,ERM B 31:1,puulukk,,puit
639558,ERM B 31:2,karp,haab,puit
639558,ERM B 31:2,karp,sulg,puit
639558,ERM B 31:2,karp,,puit
639558,ERM B 31:2,karp,sulg,puit
639559,ERM B 31:3,karp,haab,puit
639559,ERM B 31:3,karp,sulg,puit
639559,ERM B 31:3,karp,,puit
639559,ERM B 31:3,karp,sulg,puit
639560,ERM B 31:4/ab,"näpits, karbi laast",kask,puit
639560,ERM B 31:4/ab,"näpits, karbi laast",laast,puit
639561,ERM B 31:5,külvivakk,juured,puit
639561,ERM B 31:5,külvivakk,,puit
639561,ERM B 31:5,külvivakk,kadakas,puit
639561,ERM B 31:5,külvivakk,kask,puit
639561,ERM B 31:5,külvivakk,mänd,puit
639561,ERM B 31:5,külvivakk,puit,puit
639561,ERM B 31:5,külvivakk,,puit
639561,ERM B 31:5,külvivakk,,puit
639562,ERM B 31:6,koonlalaud,puit,puit
639563,ERM B 31:7,koonlalaud,puit,puit
639564,ERM B 31:8,"võrk, katke",kanep,tekstiil
639564,ERM B 31:8,"võrk, katke",kivim,kivim
639564,ERM B 31:8,"võrk, katke",lina,tekstiil
639564,ERM B 31:8,"võrk, katke",selis,
639564,ERM B 31:8,"võrk, katke",toht,puit
639564,ERM B 31:8,"võrk, katke",võrk,tekstiil
639565,ERM B 31:9,"juureköis, katke",juured,puit
639565,ERM B 31:9,"juureköis, katke",kuusk,puit
639566,ERM B 31:10,sukapael,lõng,tekstiil
639566,ERM B 31:10,sukapael,puuvill,tekstiil
639567,ERM B 31:11,sukapael,lõng,tekstiil
639567,ERM B 31:11,sukapael,puuvill,tekstiil
639570,ERM B 31:14,taskuhaak,messing,metall
639571,ERM B 40:21,taldader,puit,puit
639571,ERM B 40:21,taldader,raud,metall
639574,ERM B 40:24,seinarätt,lina,tekstiil
639574,ERM B 40:24,seinarätt,puuvill,tekstiil
639574,ERM B 40:24,seinarätt,vill,tekstiil
639575,ERM B 40:25,karjapasun,kask,puit
639575,ERM B 40:25,karjapasun,toht,puit
639576,ERM B 40:26,harkader,puit,puit
639576,ERM B 40:26,harkader,raud,metall
639577,ERM B 40:27,seinarätt,lina,tekstiil
639577,ERM B 40:27,seinarätt,puuvill,tekstiil
639577,ERM B 40:27,seinarätt,vill,tekstiil
639578,ERM B 40:28,"seelik, traksidega",pael,tekstiil
639578,ERM B 40:28,"seelik, traksidega",poepael,tekstiil
639578,ERM B 40:28,"seelik, traksidega",puuvill,tekstiil
639578,ERM B 40:28,"seelik, traksidega",sakkpael,tekstiil
639578,ERM B 40:28,"seelik, traksidega",siid,tekstiil
639578,ERM B 40:28,"seelik, traksidega",vill,tekstiil
639583,ERM B 40:33,pärlikett,klaas,klaas
639583,ERM B 40:33,pärlikett,linane,tekstiil
639583,ERM B 40:33,pärlikett,niit,tekstiil
639583,ERM B 40:33,pärlikett,pärl,luu
639584,ERM B 40:34,"pärlikett, kõrvarõngaste, lintide ja tuttidega",klaas,klaas
639584,ERM B 40:34,"pärlikett, kõrvarõngaste, lintide ja tuttidega",krepp,paber
639584,ERM B 40:34,"pärlikett, kõrvarõngaste, lintide ja tuttidega",linane,tekstiil
639584,ERM B 40:34,"pärlikett, kõrvarõngaste, lintide ja tuttidega",niit,tekstiil
639584,ERM B 40:34,"pärlikett, kõrvarõngaste, lintide ja tuttidega",pael,tekstiil
639584,ERM B 40:34,"pärlikett, kõrvarõngaste, lintide ja tuttidega",pärl,luu
639584,ERM B 40:34,"pärlikett, kõrvarõngaste, lintide ja tuttidega",,tekstiil
639584,ERM B 40:34,"pärlikett, kõrvarõngaste, lintide ja tuttidega",riideriba,tekstiil
639584,ERM B 40:34,"pärlikett, kõrvarõngaste, lintide ja tuttidega",siid,tekstiil
639584,ERM B 40:34,"pärlikett, kõrvarõngaste, lintide ja tuttidega",vill,tekstiil
639586,ERM B 40:35,vöö,brokaat (riidesort),tekstiil
639586,ERM B 40:35,vöö,kask,tekstiil
639586,ERM B 40:35,vöö,,tekstiil
639586,ERM B 40:35,vöö,pael,tekstiil
639586,ERM B 40:35,vöö,puuvill,tekstiil
639586,ERM B 40:35,vöö,toht,tekstiil
639588,ERM B 43:1,"särk, naiste",lõng,tekstiil
639588,ERM B 43:1,"särk, naiste",lina,tekstiil
639588,ERM B 43:1,"särk, naiste",riie,tekstiil
639588,ERM B 43:1,"särk, naiste",vill,tekstiil
639589,ERM B 43:2,rüü,brokaat (riidesort),tekstiil
639589,ERM B 43:2,rüü,lina,tekstiil
639589,ERM B 43:2,rüü,puuvill,tekstiil
639589,ERM B 43:2,rüü,siid,tekstiil
639589,ERM B 43:2,rüü,vill,tekstiil
639590,ERM B 43:3,"rüü, naiste",lina,tekstiil
639590,ERM B 43:3,"rüü, naiste",puuvill,tekstiil
639590,ERM B 43:3,"rüü, naiste",vask,metall
639590,ERM B 43:3,"rüü, naiste",vill,tekstiil
639591,ERM B 43:4,"rüü, naiste",lina,tekstiil
639591,ERM B 43:4,"rüü, naiste",litrid,plastik
639591,ERM B 43:4,"rüü, naiste",riie,tekstiil
639591,ERM B 43:4,"rüü, naiste",vask,metall
639591,ERM B 43:4,"rüü, naiste",vill,tekstiil
639591,ERM B 43:4,"rüü, naiste",,tekstiil
639593,ERM B 43:5,"särk (kuub), naiste",labane kangas,tekstiil
639593,ERM B 43:5,"särk (kuub), naiste",lina,tekstiil
639593,ERM B 43:5,"särk (kuub), naiste",vill,tekstiil
639593,ERM B 43:5,"särk (kuub), naiste",lõng,tekstiil
639595,ERM B 43:6,"särk, naiste",lina,tekstiil
639595,ERM B 43:6,"särk, naiste",riie,tekstiil
639595,ERM B 43:6,"särk, naiste",vill,tekstiil
639595,ERM B 43:6,"särk, naiste",lõng,tekstiil
639596,ERM B 43:7,põll,puuvill,tekstiil
639596,ERM B 43:7,põll,riie,tekstiil
639597,ERM B 43:8,põll,lina,tekstiil
639597,ERM B 43:8,põll,riie,tekstiil
639597,ERM B 43:8,põll,vill,tekstiil
639598,ERM B 43:9,müts,hõbe-ja kuldkardpael,tekstiil
639598,ERM B 43:9,müts,lõng,tekstiil
639598,ERM B 43:9,müts,pael,tekstiil
639598,ERM B 43:9,müts,,tekstiil
639599,ERM B 43:10,tagapõll,lina,tekstiil
639599,ERM B 43:10,tagapõll,looduslik materjal,tekstiil
639599,ERM B 43:10,tagapõll,mineraal,kivim
639599,ERM B 43:10,tagapõll,vill,tekstiil
639600,ERM B 43:11,käterätipits,,tekstiil
639600,ERM B 43:11,käterätipits,lina,tekstiil
639600,ERM B 43:11,käterätipits,vill,tekstiil
639601,ERM B 43:12,pluuspõll,litrid,metall
639601,ERM B 43:12,pluuspõll,pael,tekstiil
639601,ERM B 43:12,pluuspõll,puuvill,tekstiil
639601,ERM B 43:12,pluuspõll,riie,tekstiil
639601,ERM B 43:12,pluuspõll,siid,tekstiil
639601,ERM B 43:12,pluuspõll,vask,metall
639602,ERM B 43:13,sõrmus,kasetoht,puit
639602,ERM B 43:13,sõrmus,kask,puit
639603,ERM B 43:14,tagapõll,kudrused,metall
639603,ERM B 43:14,tagapõll,lina,tekstiil
639603,ERM B 43:14,tagapõll,metall,metall
639603,ERM B 43:14,tagapõll,,
639603,ERM B 43:14,tagapõll,,
639603,ERM B 43:14,tagapõll,vill,tekstiil
639605,ERM B 43:15,"vest, meeste",lina,tekstiil
639605,ERM B 43:15,"vest, meeste",riie,tekstiil
639605,ERM B 43:15,"vest, meeste",samet,tekstiil
639605,ERM B 43:15,"vest, meeste",vill,tekstiil
639608,ERM B 44:3,"särk, naiste",lina,tekstiil
639609,ERM B 44:4,"särk, naiste",lina,tekstiil
639609,ERM B 44:4,"särk, naiste",vill,tekstiil
639610,ERM B 44:5,vaipseelik,linane,tekstiil
639610,ERM B 44:5,vaipseelik,vill,tekstiil
640142,ERM B 2:33,tagapõll,labane kangas,tekstiil
640142,ERM B 2:33,tagapõll,lina,tekstiil
640142,ERM B 2:33,tagapõll,vill,tekstiil
640142,ERM B 2:33,tagapõll,lõng,tekstiil
640143,ERM B 2:34,tagapõll,labane kangas,tekstiil
640143,ERM B 2:34,tagapõll,lina,tekstiil
640143,ERM B 2:34,tagapõll,looduslik materjal,tekstiil
640143,ERM B 2:34,tagapõll,metall,metall
640143,ERM B 2:34,tagapõll,vill,tekstiil
640143,ERM B 2:34,tagapõll,lõng,tekstiil
640144,ERM B 2:35,tagapõll,labane kangas,tekstiil
640144,ERM B 2:35,tagapõll,linane,tekstiil
640144,ERM B 2:35,tagapõll,vill,tekstiil
640144,ERM B 2:35,tagapõll,,tekstiil
640145,ERM B 2:36,tagapõll,looduslik materjal,tekstiil
640145,ERM B 2:36,tagapõll,lõng,tekstiil
640145,ERM B 2:36,tagapõll,nööp,plastik
640145,ERM B 2:36,tagapõll,,metall
640145,ERM B 2:36,tagapõll,vask,metall
640145,ERM B 2:36,tagapõll,vill,tekstiil
640146,ERM B 2:37,tagapõll,labane kangas,tekstiil
640146,ERM B 2:37,tagapõll,linane,tekstiil
640146,ERM B 2:37,tagapõll,vill,tekstiil
640147,ERM B 2:38,tagapõll,helmed,klaas
640147,ERM B 2:38,tagapõll,lina,tekstiil
640147,ERM B 2:38,tagapõll,metall,metall
640147,ERM B 2:38,tagapõll,mineraal,kivim
640147,ERM B 2:38,tagapõll,vill,tekstiil
640147,ERM B 2:38,tagapõll,,tekstiil
640148,ERM B 2:39/ab,"puusaehe, naiste",helmed,klaas
640148,ERM B 2:39/ab,"puusaehe, naiste",klaas,klaas
640148,ERM B 2:39/ab,"puusaehe, naiste",labane kangas,tekstiil
640148,ERM B 2:39/ab,"puusaehe, naiste",linane,tekstiil
640148,ERM B 2:39/ab,"puusaehe, naiste",litrid,klaas
640148,ERM B 2:39/ab,"puusaehe, naiste",narmad,tekstiil
640148,ERM B 2:39/ab,"puusaehe, naiste",puuvill,tekstiil
640148,ERM B 2:39/ab,"puusaehe, naiste",vask,metall
640148,ERM B 2:39/ab,"puusaehe, naiste",vill,tekstiil
640148,ERM B 2:39/ab,"puusaehe, naiste",,tekstiil
640150,ERM B 2:40,"vööehe, meeste",kivim,kivim
640150,ERM B 2:40,"vööehe, meeste",metall,metall
640150,ERM B 2:40,"vööehe, meeste",vill,tekstiil
640151,ERM B 2:41,"puusaehe, meeste",litrid,klaas
640151,ERM B 2:41,"puusaehe, meeste",lõng,tekstiil
640151,ERM B 2:41,"puusaehe, meeste",nahk,nahk
640151,ERM B 2:41,"puusaehe, meeste",vask,metall
640151,ERM B 2:41,"puusaehe, meeste",vill,tekstiil
640152,ERM B 2:42,"puusaehe, meeste",linane,tekstiil
640152,ERM B 2:42,"puusaehe, meeste",lõng,tekstiil
640152,ERM B 2:42,"puusaehe, meeste",poeriie,tekstiil
640152,ERM B 2:42,"puusaehe, meeste",vill,tekstiil
640152,ERM B 2:42,"puusaehe, meeste",vill,tekstiil
640159,ERM B 2:48/a,rinnaehe,klaas,klaas
640159,ERM B 2:48/a,rinnaehe,vask,metall
640164,ERM B 2:52/ab,viisud,,tekstiil
640164,ERM B 2:52/ab,viisud,niin,tekstiil
640165,ERM B 31:15,sokusarv,sarv,luu
640166,ERM B 31:16,koonlahoidja,puit,puit
640167,ERM B 31:17/ab,viisud,toht,puit
640170,ERM B 33:1,nöörihark,puit,puit
640171,ERM B 33:2,pottmüts,,
640171,ERM B 33:2,pottmüts,lõng,tekstiil
640171,ERM B 33:2,pottmüts,siid,tekstiil
640171,ERM B 33:2,pottmüts,papp,paber
640171,ERM B 33:2,pottmüts,siid,tekstiil
640171,ERM B 33:2,pottmüts,,tekstiil
640175,ERM B 33:6,juustuvorm,puit,puit
640176,ERM B 33:7,juustuvorm,puit,puit
640177,ERM B 33:8,õllekann,puit,puit
640178,ERM B 33:9,kulp,puit,puit
640179,ERM B 33:10,õllekann,puit,puit
640180,ERM B 33:11/ab,kohviuhmer nuiaga,puit,puit
640181,ERM B 33:12,taldrik,puit,puit
640182,ERM B 33:13,leivatempel,puit,puit
640183,ERM B 33:14,juustuvorm,puit,puit
640184,ERM B 33:15,küünlajalg,puit,puit
640185,ERM B 33:16,küünlajalg,puit,puit
640186,ERM B 33:17,korv,toht,puit
640187,ERM B 33:18,kurnamissõel,puit,puit
640188,ERM B 33:19,napp,puit,puit
640189,ERM B 33:20,joogikapp,puit,puit
640190,ERM B 33:21,õllekann,puit,puit
640191,ERM B 33:22,kulp,puit,puit
640192,ERM B 33:23,lusikas,puit,puit
640193,ERM B 33:24,lusikas,puit,puit
640194,ERM B 33:25,viinatops,puit,puit
640195,ERM B 33:26,lusikas,puit,puit
640196,ERM B 33:27,kauss,puit,puit
640197,ERM B 33:28,pesemisnuustik,toht,puit
640198,ERM B 33:29,soolanõu,toht,puit
640199,ERM B 33:30,kohvinõu,toht,puit
640200,ERM B 33:31/1-2,tohuribad,toht,puit
640201,ERM B 33:32,leivatempel,puit,puit
640202,ERM B 33:33,tohutorbik,puit,puit
640202,ERM B 33:33,tohutorbik,,puit
640202,ERM B 33:33,tohutorbik,toht,puit
640203,ERM B 33:34/1-2,pesemisnuustik,toht,puit
640204,ERM B 33:35,tohtkera,toht,puit
640205,ERM B 33:36,tohuribad,toht,puit
640206,ERM B 33:37/ab,karp,puit,puit
640207,ERM B 33:38,viinatops,puit,puit
640208,ERM B 33:39,märsskorv,toht,puit
640209,ERM B 33:40/ab,nõud,toht,puit
640211,ERM B 33:41,soolanõu,toht,puit
640212,ERM B 33:42,leivasarv,sarv,luu
640213,ERM B 33:43,koonlalaud,puit,puit
640214,ERM B 44:6,soolatoos,kask,puit
640214,ERM B 44:6,soolatoos,toht,puit
640215,ERM B 44:7,marjakorv,toht,puit
640216,ERM B 44:8/ab,viisud,koor,puit
640216,ERM B 44:8/ab,viisud,paju,puit
640222,ERM B 45:1,viipsik,kask,puit
640222,ERM B 45:1,viipsik,,puit
640222,ERM B 45:1,viipsik,sarapuu,puit
640222,ERM B 45:1,viipsik,,puit
640224,ERM B 45:3,võrguhark,kuusk,puit
640225,ERM B 45:4,künakirves,kask,puit
640225,ERM B 45:4,künakirves,raud,metall
640225,ERM B 45:4,künakirves,,metall
640225,ERM B 45:4,künakirves,,puit
640226,ERM B 45:5,ropsimõõk,haab,puit
640227,ERM B 45:6,reha,kask,puit
640227,ERM B 45:6,reha,kuusk,puit
640227,ERM B 45:6,reha,,puit
640227,ERM B 45:6,reha,,puit
640227,ERM B 45:6,reha,tamm,puit
640227,ERM B 45:6,reha,,puit
640228,ERM B 45:7,pesukurikas,haab,puit
640229,ERM B 45:8,"luisutupp, luisk",niin,puit
640229,ERM B 45:8,"luisutupp, luisk",toht,puit
640229,ERM B 45:8,"luisutupp, luisk",,puit
640230,ERM B 45:9,sirp,metall,metall
640231,ERM B 45:10,peerukorv,kuusk,puit
640232,ERM B 45:11,peerukorv,kanep,puit
640232,ERM B 45:11,peerukorv,kuusk,puit
640232,ERM B 45:11,peerukorv,laast,puit
640232,ERM B 45:11,peerukorv,nöör,puit
640233,ERM B 45:12,kammits,niin,puit
640233,ERM B 45:12,kammits,pärn,puit
640234,ERM B 45:13,ropsimõõk,puit,puit
640235,ERM B 45:14,käristi,kask,puit
640240,ERM B 45:19,"liist, naiste kinga",,
640240,ERM B 45:19,"liist, naiste kinga",kuusk,puit
640240,ERM B 45:19,"liist, naiste kinga",nahk,nahk
640244,ERM B 45:21,"luisk, tupp",kivim,kivim
640244,ERM B 45:21,"luisk, tupp",liiv,kivim
640244,ERM B 45:21,"luisk, tupp",toht,puit
640247,ERM B 45:24,värten,kask,puit
640248,ERM B 45:25,värten,kask,puit
640248,ERM B 45:25,värten,lina,tekstiil
640250,ERM B 45:27,voolmed,metall,metall
640250,ERM B 45:27,voolmed,tamm,puit
640251,ERM B 45:28,"pilak, katke",raud,metall
640254,ERM B 45:30,koot,kolk,puit
640254,ERM B 45:30,koot,kuusk,puit
640254,ERM B 45:30,koot,nahk,puit
640254,ERM B 45:30,koot,pihlakas,puit
640254,ERM B 45:30,koot,rihm,puit
640254,ERM B 45:30,koot,,puit
640255,ERM B 45:31,rehehark,kask,puit
640257,ERM B 45:33,"särk, naiste",lina,tekstiil
640257,ERM B 45:33,"särk, naiste",lõng,tekstiil
640257,ERM B 45:33,"särk, naiste",,tekstiil
640257,ERM B 45:33,"särk, naiste",puuvill,tekstiil
640257,ERM B 45:33,"särk, naiste",riie,tekstiil
640257,ERM B 45:33,"särk, naiste",vill,tekstiil
640258,ERM B 45:34,tanu,linane,tekstiil
640258,ERM B 45:34,tanu,riie,tekstiil
640259,ERM B 45:35,tanu,linane,tekstiil
640259,ERM B 45:35,tanu,lõng,tekstiil
640259,ERM B 45:35,tanu,puuvill,tekstiil
640259,ERM B 45:35,tanu,riie,tekstiil
640840,ERM B 2:53,"peakate, naiste",tikand,tekstiil
640840,ERM B 2:53,"peakate, naiste",vill,tekstiil
640841,ERM B 2:54,"vöö, meeste",vill,tekstiil
640844,ERM B 2:57,vööpael,vill,tekstiil
640845,ERM B 3:1,"peakate, naiste",lina,tekstiil
640845,ERM B 3:1,"peakate, naiste",litrid,plastik
640845,ERM B 3:1,"peakate, naiste",,tekstiil
640845,ERM B 3:1,"peakate, naiste",vask,metall
640845,ERM B 3:1,"peakate, naiste",vill,tekstiil
640845,ERM B 3:1,"peakate, naiste",lõng,tekstiil
640845,ERM B 3:1,"peakate, naiste",,tekstiil
640846,ERM B 3:2,"peakate, naiste",lina,tekstiil
640846,ERM B 3:2,"peakate, naiste",,tekstiil
640847,ERM B 3:3,"rüü, naiste",labane kangas,tekstiil
640847,ERM B 3:3,"rüü, naiste",lina,tekstiil
640847,ERM B 3:3,"rüü, naiste",litrid,tekstiil
640847,ERM B 3:3,"rüü, naiste",riie,tekstiil
640847,ERM B 3:3,"rüü, naiste",vask,tekstiil
640848,ERM B 3:4,tagapõll,labane kangas,tekstiil
640848,ERM B 3:4,tagapõll,lina,tekstiil
640848,ERM B 3:4,tagapõll,raha,metall
640848,ERM B 3:4,tagapõll,tikand,tekstiil
640848,ERM B 3:4,tagapõll,vask,metall
640848,ERM B 3:4,tagapõll,vill,tekstiil
640849,ERM B 3:5,tagapõll,lõng,tekstiil
640849,ERM B 3:5,tagapõll,vill,tekstiil
640850,ERM B 3:6,"vöö, naiste",lõng,tekstiil
640850,ERM B 3:6,"vöö, naiste",vill,tekstiil
640851,ERM B 3:7/ab,"ehe, puusapõll",kett,metall
640851,ERM B 3:7/ab,"ehe, puusapõll",linane,tekstiil
640851,ERM B 3:7/ab,"ehe, puusapõll",litrid,metall
640851,ERM B 3:7/ab,"ehe, puusapõll",lõng,tekstiil
640851,ERM B 3:7/ab,"ehe, puusapõll",poeriie,tekstiil
640851,ERM B 3:7/ab,"ehe, puusapõll",,tekstiil
640851,ERM B 3:7/ab,"ehe, puusapõll",vask,metall
640851,ERM B 3:7/ab,"ehe, puusapõll",vill,tekstiil
640856,ERM B 4:1,peakate,linane,tekstiil
640856,ERM B 4:1,peakate,riie,tekstiil
640856,ERM B 4:1,peakate,tikand,tekstiil
640856,ERM B 4:1,peakate,vill,tekstiil
640856,ERM B 4:1,peakate,,tekstiil
640857,ERM B 4:2,"särk, naiste",labane kangas,tekstiil
640857,ERM B 4:2,"särk, naiste",labane kangas,tekstiil
640857,ERM B 4:2,"särk, naiste",linane,tekstiil
640857,ERM B 4:2,"särk, naiste",,tekstiil
640857,ERM B 4:2,"särk, naiste",tikand,tekstiil
640857,ERM B 4:2,"särk, naiste",vill,tekstiil
640858,ERM B 4:3,rüü,lina,tekstiil
640858,ERM B 4:3,rüü,puuvill,tekstiil
640858,ERM B 4:3,rüü,riie,tekstiil
640860,ERM B 4:5/ab,vööehe,brokaat (riidesort),tekstiil
640860,ERM B 4:5/ab,vööehe,linane,tekstiil
640860,ERM B 4:5/ab,vööehe,narmad,tekstiil
640860,ERM B 4:5/ab,vööehe,riideriba,tekstiil
640860,ERM B 4:5/ab,vööehe,vask,tekstiil
640860,ERM B 4:5/ab,vööehe,vill,tekstiil
640862,ERM B 4:6,kaelaehe,helmed ja kudrused,klaas
640862,ERM B 4:6,kaelaehe,klaas,klaas
640862,ERM B 4:6,kaelaehe,linane,tekstiil
640862,ERM B 4:6,kaelaehe,pael,tekstiil
640863,ERM B 4:7,sõlg,helmed,klaas
640863,ERM B 4:7,sõlg,klaas,klaas
640863,ERM B 4:7,sõlg,plaat,metall
640863,ERM B 4:7,sõlg,traat,metall
640863,ERM B 4:7,sõlg,vask,metall
640865,ERM B 4:9,särk,linane,tekstiil
640865,ERM B 4:9,särk,lõng,tekstiil
640865,ERM B 4:9,särk,,tekstiil
640865,ERM B 4:9,särk,riie,tekstiil
640865,ERM B 4:9,särk,vill,tekstiil
640867,ERM B 4:11,kaelaehe,kivim,kivim
640867,ERM B 4:11,kaelaehe,klaas,klaas
640867,ERM B 4:11,kaelaehe,lina,tekstiil
640868,ERM B 4:12,vöö,lina,tekstiil
640868,ERM B 4:12,vöö,vill,tekstiil
640869,ERM B 4:13/ab,puusaehe,helmed ja kudrused,klaas
640869,ERM B 4:13/ab,puusaehe,klaas,klaas
640869,ERM B 4:13/ab,puusaehe,lõng,tekstiil
640869,ERM B 4:13/ab,puusaehe,vill,tekstiil
640873,ERM B 5:3,peakate,labane kangas,tekstiil
640873,ERM B 5:3,peakate,linane,tekstiil
640873,ERM B 5:3,peakate,litrid,tekstiil
640873,ERM B 5:3,peakate,lõng,tekstiil
640873,ERM B 5:3,peakate,pael,tekstiil
640873,ERM B 5:3,peakate,,tekstiil
640873,ERM B 5:3,peakate,siid,tekstiil
640873,ERM B 5:3,peakate,vask,tekstiil
640873,ERM B 5:3,peakate,vill,tekstiil
640874,ERM B 5:4,särk,labane kangas,tekstiil
640874,ERM B 5:4,särk,lina,tekstiil
640874,ERM B 5:4,särk,linane,tekstiil
640874,ERM B 5:4,särk,pael,tekstiil
640874,ERM B 5:4,särk,riie,tekstiil
640874,ERM B 5:4,särk,vill,tekstiil
640875,ERM B 5:5/a,puusarätik,labane kangas,tekstiil
640875,ERM B 5:5/a,puusarätik,linane,tekstiil
640875,ERM B 5:5/a,puusarätik,pael,tekstiil
640875,ERM B 5:5/a,puusarätik,puuvill,tekstiil
640875,ERM B 5:5/a,puusarätik,siid,tekstiil
640875,ERM B 5:5/a,puusarätik,tikand,tekstiil
640875,ERM B 5:5/a,puusarätik,vill,tekstiil
640876,ERM B 5:5/b,puusarätik,labane kangas,tekstiil
640876,ERM B 5:5/b,puusarätik,linane,tekstiil
640876,ERM B 5:5/b,puusarätik,vill,tekstiil
640876,ERM B 5:5/b,puusarätik,,tekstiil
640877,ERM B 5:6/ab,puusaehe,helmed,klaas
640877,ERM B 5:6/ab,puusaehe,klaas,klaas
640877,ERM B 5:6/ab,puusaehe,loomne materjal,nahk
640877,ERM B 5:6/ab,puusaehe,metall,metall
640877,ERM B 5:6/ab,puusaehe,naak,
640877,ERM B 5:6/ab,puusaehe,,
640877,ERM B 5:6/ab,puusaehe,narmad,tekstiil
640877,ERM B 5:6/ab,puusaehe,teokarbid,luu
640877,ERM B 5:6/ab,puusaehe,vill,tekstiil
640881,ERM B 5:8,"ehe, peakatte",kett,metall
640881,ERM B 5:8,"ehe, peakatte",labane kangas,tekstiil
640881,ERM B 5:8,"ehe, peakatte",linane,tekstiil
640881,ERM B 5:8,"ehe, peakatte",vask,metall
640882,ERM B 33:44,koonlalaud,puit,puit
640883,ERM B 33:45,koonlalaud,puit,puit
640884,ERM B 33:46,poolijalg,puit,puit
640885,ERM B 33:47,poolijalg,metall,metall
640885,ERM B 33:47,poolijalg,puit,puit
640886,ERM B 33:48,pilupaun koonlapuu,lina,tekstiil
640886,ERM B 33:48,pilupaun koonlapuu,puit,puit
640887,ERM B 33:49,koonlalaud,puit,puit
640888,ERM B 33:50,koonlalaud,puit,puit
640889,ERM B 33:51,koonlalaud,puit,puit
640890,ERM B 33:52,koonlalaud,puit,puit
640894,ERM B 33:53,"ropsipink, ropsimõõk",puit,puit
640894,ERM B 33:53,"ropsipink, ropsimõõk",raud,metall
640895,ERM B 33:54,vaalikurikas,nahk,nahk
640895,ERM B 33:54,vaalikurikas,puit,puit
640895,ERM B 33:54,vaalikurikas,rihm,nahk
640896,ERM B 33:55,vaalimiskurikas,puit,puit
640897,ERM B 33:56,kangasõlg,puit,puit
640898,ERM B 33:57,kangasõlg,nahk,nahk
640898,ERM B 33:57,kangasõlg,puit,puit
640899,ERM B 33:58,pesukurikas,puit,puit
640900,ERM B 33:59/1-2,niiepöörad,puit,puit
640901,ERM B 33:60/1-2,niiepöörad,puit,puit
640902,ERM B 33:61,kedervars,puit,puit
640903,ERM B 33:62/1-4,kõlalauad,puit,puit
640904,ERM B 33:63,nõelakoda,pronks,metall
640905,ERM B 33:64,poolivokk,puit,puit
640906,ERM B 33:65,koonlapuu,puit,puit
640907,ERM B 33:66,koonlalaud,puit,puit
640908,ERM B 33:67,tihv,puit,puit
640909,ERM B 33:69,koonlalaud,puit,puit
640910,ERM B 33:70,vaalimislaud,puit,puit
640911,ERM B 33:68,tihv,puit,puit
640912,ERM B 33:71,linaraats,puit,puit
640913,ERM B 33:72,noatupp,nahk,puit
640914,ERM B 33:73,nahavoolmed,puit,puit
640914,ERM B 33:73,nahavoolmed,raud,metall
640915,ERM B 33:74,kirvetupp,toht,puit
640916,ERM B 33:75,ropsimõõk,puit,puit
640917,ERM B 33:76,rangid,puit,puit
640918,ERM B 33:77,kirves,puit,puit
640918,ERM B 33:77,kirves,raud,metall
640919,ERM B 33:78,aleroop,raud,puit
640920,ERM B 33:79,kiin,puit,puit
640920,ERM B 33:79,kiin,raud,metall
640921,ERM B 33:80,kirves,raud,puit
640922,ERM B 33:81,vart,puit,puit
640923,ERM B 33:82,sirp,raud,metall
640923,ERM B 33:82,sirp,toht,puit
640924,ERM B 33:83,sedelgas,metall,puit
640924,ERM B 33:83,sedelgas,nahk,puit
640924,ERM B 33:83,sedelgas,puit,puit
640925,ERM B 33:84,luisutupp,toht,puit
640926,ERM B 45:36,ajalehe hoidja,linane,tekstiil
640926,ERM B 45:36,ajalehe hoidja,lõng,tekstiil
640926,ERM B 45:36,ajalehe hoidja,puuvill,tekstiil
640926,ERM B 45:36,ajalehe hoidja,riie,tekstiil
640927,ERM B 45:37,"särk, naiste",lina,tekstiil
640927,ERM B 45:37,"särk, naiste",riie,tekstiil
640928,ERM B 45:38,tanu otsik,linane,tekstiil
640928,ERM B 45:38,tanu otsik,puuvill,tekstiil
640928,ERM B 45:38,tanu otsik,riie,tekstiil
640928,ERM B 45:38,tanu otsik,lõng,tekstiil
640931,ERM B 45:41,pesukurikas,kask,puit
640932,ERM B 45:42/ab,sääremähised,linane,tekstiil
640932,ERM B 45:42/ab,sääremähised,lõng,tekstiil
640932,ERM B 45:42/ab,sääremähised,vill,tekstiil
640932,ERM B 45:42/ab,sääremähised,vill,tekstiil
640932,ERM B 45:42/ab,sääremähised,,tekstiil
640934,ERM B 45:44,vahr,linane,tekstiil
640934,ERM B 45:44,vahr,riie,tekstiil
640935,ERM B 45:45,peaehe,klaas,klaas
640935,ERM B 45:45,peaehe,kudrused,tekstiil
640935,ERM B 45:45,peaehe,linane,tekstiil
640935,ERM B 45:45,peaehe,riideriba,tekstiil
640936,ERM B 45:46,tanu,linane,tekstiil
640936,ERM B 45:46,tanu,lõng,tekstiil
640936,ERM B 45:46,tanu,riie,tekstiil
640936,ERM B 45:46,tanu,vill,tekstiil
640937,ERM B 45:47,süstik,kask,puit
640938,ERM B 45:48,vaalikurikas,kask,puit
640939,ERM B 45:49,koonlapuu,kuusk,puit
640940,ERM B 45:50,karjapasun,kadakas,puit
640940,ERM B 45:50,karjapasun,toht,puit
640941,ERM B 45:51,vaalikaigas,kask,puit
640942,ERM B 46:1,hülgeraud,raud,metall
640943,ERM B 46:2,hülgeraud,raud,metall
640944,ERM B 46:3,kilukarp,puit,puit
640945,ERM B 46:4,silgukarp,laast,puit
640945,ERM B 46:4,silgukarp,puit,puit
640945,ERM B 46:4,silgukarp,sulg,puit
640945,ERM B 46:4,silgukarp,hani,puit
640946,ERM B 46:5,jahuluud,lina,puit
640946,ERM B 46:5,jahuluud,pilliroog,puit
640953,ERM B 48:4,vöö,,tekstiil
640953,ERM B 48:4,vöö,kude,tekstiil
640953,ERM B 48:4,vöö,lõim,tekstiil
640953,ERM B 48:4,vöö,lõng,tekstiil
640953,ERM B 48:4,vöö,papp,tekstiil
640953,ERM B 48:4,vöö,puuvill,tekstiil
640953,ERM B 48:4,vöö,siid,tekstiil
640953,ERM B 48:4,vöö,,tekstiil
640953,ERM B 48:4,vöö,,tekstiil
640953,ERM B 48:4,vöö,,tekstiil
640953,ERM B 48:4,vöö,,tekstiil
640956,ERM B 49:2/ab,"sukad, naiste",lõng,tekstiil
640956,ERM B 49:2/ab,"sukad, naiste",vill,tekstiil
640957,ERM B 49:3/a b1-2,põll,labane kangas,tekstiil
640957,ERM B 49:3/a b1-2,põll,linane,tekstiil
640957,ERM B 49:3/a b1-2,põll,lõng,tekstiil
640957,ERM B 49:3/a b1-2,põll,pael,tekstiil
640957,ERM B 49:3/a b1-2,põll,siid,tekstiil
640957,ERM B 49:3/a b1-2,põll,vill,tekstiil
640958,ERM B 49:4,peavöö,brokaat (riidesort),tekstiil
640958,ERM B 49:4,peavöö,kangas,tekstiil
640958,ERM B 49:4,peavöö,linane,tekstiil
640958,ERM B 49:4,peavöö,lõng,tekstiil
640958,ERM B 49:4,peavöö,pael,tekstiil
640958,ERM B 49:4,peavöö,vill,tekstiil
640958,ERM B 49:4,peavöö,,tekstiil
640960,ERM B 49:6,seelik,kude,tekstiil
640960,ERM B 49:6,seelik,linane,tekstiil
640960,ERM B 49:6,seelik,,tekstiil
640960,ERM B 49:6,seelik,vill,tekstiil
640961,ERM B 49:7,seelik,,tekstiil
640961,ERM B 49:7,seelik,toot,tekstiil
640961,ERM B 49:7,seelik,kude,tekstiil
640961,ERM B 49:7,seelik,,tekstiil
640961,ERM B 49:7,seelik,linane,tekstiil
640961,ERM B 49:7,seelik,lõim,tekstiil
640961,ERM B 49:7,seelik,vill,tekstiil
640962,ERM B 49:8,seelik,kude,tekstiil
640962,ERM B 49:8,seelik,linane,tekstiil
640962,ERM B 49:8,seelik,lõim,tekstiil
640962,ERM B 49:8,seelik,,tekstiil
640962,ERM B 49:8,seelik,vill,tekstiil
640963,ERM B 50:1,seelik,,tekstiil
640963,ERM B 50:1,seelik,kude,tekstiil
640963,ERM B 50:1,seelik,kumm,tekstiil
640963,ERM B 50:1,seelik,linane,tekstiil
640963,ERM B 50:1,seelik,,tekstiil
640963,ERM B 50:1,seelik,metall,tekstiil
640963,ERM B 50:1,seelik,pael,tekstiil
640963,ERM B 50:1,seelik,vill,tekstiil
640965,ERM B 50:3,seelik,kude,tekstiil
640965,ERM B 50:3,seelik,linane,tekstiil
640965,ERM B 50:3,seelik,lõim,tekstiil
640965,ERM B 50:3,seelik,vill,tekstiil
640966,ERM B 50:4/ab,labakindad,lõng,tekstiil
640966,ERM B 50:4/ab,labakindad,vill,tekstiil
640967,ERM B 50:5/ab,sukad,lõng,tekstiil
640967,ERM B 50:5/ab,sukad,vill,tekstiil
640969,ERM B 50:7/ab,ninatubakatoos,kask,puit
640969,ERM B 50:7/ab,ninatubakatoos,toht,puit
640971,ERM B 50:9,seeliku alaäär,linane,tekstiil
640971,ERM B 50:9,seeliku alaäär,labane kangas,tekstiil
640974,ERM B 50:12,vöö,lõng,tekstiil
640974,ERM B 50:12,vöö,vill,tekstiil
640975,ERM B 50:13,kinnas,lõng,tekstiil
640975,ERM B 50:13,kinnas,vill,tekstiil
641550,ERM B 5:10,särk,lina,tekstiil
641550,ERM B 5:10,särk,,tekstiil
641550,ERM B 5:10,särk,vill,tekstiil
641550,ERM B 5:10,särk,,tekstiil
641551,ERM B 5:11,tagapõll,lina,tekstiil
641551,ERM B 5:11,tagapõll,metall,metall
641551,ERM B 5:11,tagapõll,vill,tekstiil
641552,ERM B 5:12,tagapõll,lina,tekstiil
641552,ERM B 5:12,tagapõll,vill,tekstiil
641553,ERM B 5:13/1-2,kõrvaehted,kivim,kivim
641553,ERM B 5:13/1-2,kõrvaehted,lina,tekstiil
641553,ERM B 5:13/1-2,kõrvaehted,metall,metall
641557,ERM B 5:17,kaelaehe,,metall
641557,ERM B 5:17,kaelaehe,kett,metall
641557,ERM B 5:17,kaelaehe,klaas,klaas
641557,ERM B 5:17,kaelaehe,linane,tekstiil
641557,ERM B 5:17,kaelaehe,metall,metall
641557,ERM B 5:17,kaelaehe,,tekstiil
641557,ERM B 5:17,kaelaehe,kudrused,metall
641558,ERM B 5:18,sõlg,helmed,klaas
641558,ERM B 5:18,sõlg,,klaas
641558,ERM B 5:18,sõlg,klaas,klaas
641558,ERM B 5:18,sõlg,metall,metall
641558,ERM B 5:18,sõlg,kett,metall
641558,ERM B 5:18,sõlg,plaat,metall
641558,ERM B 5:18,sõlg,vask,metall
641559,ERM B 5:19,sõlg,helmed,metall
641559,ERM B 5:19,sõlg,klaas,metall
641559,ERM B 5:19,sõlg,metall,metall
641559,ERM B 5:19,sõlg,vask,metall
641560,ERM B 5:20,kaelaehe,,metall
641560,ERM B 5:20,kaelaehe,helmed,klaas
641560,ERM B 5:20,kaelaehe,klaas,klaas
641560,ERM B 5:20,kaelaehe,messing,metall
641561,ERM B 6:1,padjapüüri äär,lina,tekstiil
641561,ERM B 6:1,padjapüüri äär,puuvill,tekstiil
641561,ERM B 6:1,padjapüüri äär,riie,tekstiil
641561,ERM B 6:1,padjapüüri äär,tikand,tekstiil
641561,ERM B 6:1,padjapüüri äär,,tekstiil
641562,ERM B 6:2,padjapüüri äär,puuvill,tekstiil
641562,ERM B 6:2,padjapüüri äär,,tekstiil
641563,ERM B 6:3,padjapüüri äär,lina,tekstiil
641563,ERM B 6:3,padjapüüri äär,puuvill,tekstiil
641564,ERM B 6:4,tanu väljaõmblus,lina,tekstiil
641564,ERM B 6:4,tanu väljaõmblus,puuvill,tekstiil
641565,ERM B 6:5,tanu väljaõmblus,lina,tekstiil
641565,ERM B 6:5,tanu väljaõmblus,puuvill,tekstiil
641567,ERM B 6:7,põll,brokaat (riidesort),tekstiil
641567,ERM B 6:7,põll,litrid,tekstiil
641567,ERM B 6:7,põll,metall,tekstiil
641567,ERM B 6:7,põll,puuvill,tekstiil
641567,ERM B 6:7,põll,siid,tekstiil
641568,ERM B 6:8,põll,helmed,tekstiil
641568,ERM B 6:8,põll,klaas,tekstiil
641568,ERM B 6:8,põll,litrid,tekstiil
641568,ERM B 6:8,põll,metall,tekstiil
641568,ERM B 6:8,põll,siid,tekstiil
641568,ERM B 6:8,põll,vill,tekstiil
641569,ERM B 6:9,põll,lina,tekstiil
641571,ERM B 6:11,"särk, meeste",puuvill,tekstiil
641577,ERM B 6:17/ab,varrukad,kalingur,tekstiil
641577,ERM B 6:17/ab,varrukad,lõng,tekstiil
641577,ERM B 6:17/ab,varrukad,siid,tekstiil
641577,ERM B 6:17/ab,varrukad,,tekstiil
641578,ERM B 6:18,"pihtkasukas, naiste",lammas,tekstiil
641578,ERM B 6:18,"pihtkasukas, naiste",lõng,tekstiil
641578,ERM B 6:18,"pihtkasukas, naiste",nahk,tekstiil
641578,ERM B 6:18,"pihtkasukas, naiste",nööp,tekstiil
641578,ERM B 6:18,"pihtkasukas, naiste",seemisnahk,tekstiil
641578,ERM B 6:18,"pihtkasukas, naiste",siid,tekstiil
641583,ERM B 6:23,kann,savi,keraamika
641584,ERM B 6:24,kann,savi,keraamika
641585,ERM B 6:25,kann,savi,keraamika
641586,ERM B 7:1,kannel,,puit
641586,ERM B 7:1,kannel,kask,puit
641586,ERM B 7:1,kannel,,puit
641586,ERM B 7:1,kannel,kuusk,puit
641586,ERM B 7:1,kannel,vask,puit
641587,ERM B 7:2,kannel,puit,puit
641590,ERM B 7:5,lähker,puit,puit
641591,ERM B 7:6,"aganaleib, tükk",taimne kiud,toit
641594,ERM B 7:9,"rüü, naiste",lina,tekstiil
641594,ERM B 7:9,"rüü, naiste",vill,tekstiil
641598,ERM B 33:85,"luisk, vikati",liiv,puit
641598,ERM B 33:85,"luisk, vikati",puit,puit
641599,ERM B 33:86,kütke,puit,puit
641600,ERM B 33:87,"vikat, vars",puit,puit
641601,ERM B 33:88,koot,puit,puit
641602,ERM B 33:89,"vikat, vars",puit,puit
641603,ERM B 33:90,sirp,metall,metall
641603,ERM B 33:90,sirp,puit,puit
641604,ERM B 33:91,rangid,puit,puit
641605,ERM B 33:92,sedelgas,puit,puit
641606,ERM B 33:93,härjaike,puit,puit
641607,ERM B 33:94,oda,puit,puit
641607,ERM B 33:94,oda,raud,metall
641608,ERM B 33:95,oda,puit,puit
641608,ERM B 33:95,oda,raud,metall
641609,ERM B 33:96,märss,puit,puit
641609,ERM B 33:96,märss,toht,puit
641613,ERM B 33:100,tohurull,toht,puit
641614,ERM B 33:101,tömpnool,puit,puit
641614,ERM B 33:101,tömpnool,sulg,puit
641615,ERM B 33:102,karp,puit,puit
641617,ERM B 33:103,ninatubakatoos,nahk,nahk
641617,ERM B 33:103,ninatubakatoos,toht,puit
641618,ERM B 33:104,ninatubakasarv,metall,metall
641618,ERM B 33:104,ninatubakasarv,sarv,luu
641619,ERM B 33:105,karp,nahk,nahk
641619,ERM B 33:105,karp,puit,puit
641620,ERM B 33:106,sokusarv,sarv,luu
641621,ERM B 33:107,kannel,metall,metall
641621,ERM B 33:107,kannel,puit,puit
641622,ERM B 33:108,karp,vask,metall
641623,ERM B 33:109,karp,metall,metall
641624,ERM B 33:110/ab,lumikingad,puit,puit
641625,ERM B 33:111,pottmüts,pael,tekstiil
641625,ERM B 33:111,pottmüts,puuvill,tekstiil
641625,ERM B 33:111,pottmüts,,tekstiil
641625,ERM B 33:111,pottmüts,,tekstiil
641625,ERM B 33:111,pottmüts,siid,tekstiil
641625,ERM B 33:111,pottmüts,siid,tekstiil
641626,ERM B 33:113,jooginõu,puit,puit
641627,ERM B 33:114,viinatops,puit,puit
641628,ERM B 33:115,kauss,puit,puit
641629,ERM B 33:116,koonlalaud,puit,puit
641630,ERM B 33:117,koonlalaud,puit,puit
641631,ERM B 33:112,pottmüts,,tekstiil
641631,ERM B 33:112,pottmüts,lõng,tekstiil
641631,ERM B 33:112,pottmüts,pael,tekstiil
641631,ERM B 33:112,pottmüts,siid,tekstiil
641631,ERM B 33:112,pottmüts,siid,tekstiil
641631,ERM B 33:112,pottmüts,,tekstiil
641631,ERM B 33:112,pottmüts,,tekstiil
641631,ERM B 33:112,pottmüts,siid,tekstiil
641632,ERM B 33:118,koonlahoidja,puit,puit
641633,ERM B 33:119,koonlalaud,puit,puit
641634,ERM B 33:120,koonlalaud,puit,puit
641635,ERM B 33:121/a-f,jahitarbed,,
641635,ERM B 33:121/a-f,jahitarbed,,
641635,ERM B 33:121/a-f,jahitarbed,,
641635,ERM B 33:121/a-f,jahitarbed,,
641635,ERM B 33:121/a-f,jahitarbed,,
641635,ERM B 33:121/a-f,jahitarbed,,
641635,ERM B 33:121/a-f,jahitarbed,metall,metall
641635,ERM B 33:121/a-f,jahitarbed,nahk,nahk
641635,ERM B 33:121/a-f,jahitarbed,puit,puit
641635,ERM B 33:121/a-f,jahitarbed,sarv,luu
685578,ERM B 231:1,särk,lina,tekstiil
685578,ERM B 231:1,särk,puuvill,tekstiil
685578,ERM B 231:1,särk,,tekstiil
685578,ERM B 231:1,särk,linane,tekstiil
685578,ERM B 231:1,särk,puuvill,tekstiil
685578,ERM B 231:1,särk,,tekstiil
685579,ERM B 231:2,sarafan,plast,tekstiil
685579,ERM B 231:2,sarafan,puuvill,tekstiil
685580,ERM B 231:3,palvehelmed,,tekstiil
685580,ERM B 231:3,palvehelmed,,tekstiil
685580,ERM B 231:3,palvehelmed,pael,tekstiil
685580,ERM B 231:3,palvehelmed,,tekstiil
709575,ERM B 232:1,võtmehoidja,metall,metall
709575,ERM B 232:1,võtmehoidja,plast,plastik
709575,ERM B 232:1,võtmehoidja,,plastik
709575,ERM B 232:1,võtmehoidja,,plastik
709575,ERM B 232:1,võtmehoidja,valge metall,metall
709576,ERM B 232:2,pross,,metall
709576,ERM B 232:2,pross,,metall
709576,ERM B 232:2,pross,,metall
709576,ERM B 232:2,pross,,metall
709576,ERM B 232:2,pross,keraamika,metall
709576,ERM B 232:2,pross,metall,metall
709576,ERM B 232:2,pross,nõel,metall
709577,ERM B 232:3/ab,kõrvarõngad,,metall
709577,ERM B 232:3/ab,kõrvarõngad,,metall
709577,ERM B 232:3/ab,kõrvarõngad,,metall
709577,ERM B 232:3/ab,kõrvarõngad,,metall
709577,ERM B 232:3/ab,kõrvarõngad,keraamika,metall
709577,ERM B 232:3/ab,kõrvarõngad,metall,metall
709577,ERM B 232:3/ab,kõrvarõngad,nõel,metall
711404,ERM B 149:65/b,võimänd,kask,puit
765735,ERM B 233:1,pluus,tikand,tekstiil
765735,ERM B 233:1,pluus,vill,tekstiil
765736,ERM B 233:2,pihikseelik,narmad,tekstiil
765736,ERM B 233:2,pihikseelik,,tekstiil
765736,ERM B 233:2,pihikseelik,vill,tekstiil
765737,ERM B 233:3,põll,kalev (riidesort),tekstiil
765738,ERM B 233:4,peapael,atlasriie,tekstiil
765738,ERM B 233:4,peapael,,tekstiil
765739,ERM B 233:5/1-2,vöö. noaga,metall,metall
765739,ERM B 233:5/1-2,vöö. noaga,nahk,nahk
765740,ERM B 233:6,rinnaehe,nahk,nahk
765740,ERM B 233:6,rinnaehe,metall,metall
766002,ERM B 233:7,sõlg,metall,metall
802282,ERM B 234:6,"talvekasukas, laste",põder,nahk
802282,ERM B 234:6,"talvekasukas, laste",nahk,nahk
802283,ERM B 234:7/ab,"talvasaapad, laste",põhjapõder,nahk
802283,ERM B 234:7/ab,"talvasaapad, laste",nahk,nahk
808601,ERM B 234:1,kunstpatsid,,tekstiil
808601,ERM B 234:1,kunstpatsid,metall,metall
808601,ERM B 234:1,kunstpatsid,kalev (riidesort),tekstiil
808602,ERM B 234:2,"suverüü, laste",,nahk
808602,ERM B 234:2,"suverüü, laste",kalev (riidesort),tekstiil
808603,ERM B 234:3,"kleit, laste",sünteetika,tekstiil
808604,ERM B 234:4/ab,"sussid, laste",kunstnahk,nahk
808605,ERM B 234:5,"rinnaehe, laste",pärl,klaas
890221,ERM B 235:7,pearätt,puuvill,tekstiil
891323,ERM B 235:8,"särk, naiste",linane,tekstiil
894361,ERM B 17:10/a,kinnas,vill,tekstiil
894361,ERM B 17:10/a,kinnas,lõng,tekstiil
894663,ERM B 235:1,nukk,sünteetika,tekstiil
894663,ERM B 235:1,nukk,,tekstiil
894663,ERM B 235:1,nukk,lamee,tekstiil
894663,ERM B 235:1,nukk,puuvill,tekstiil
894664,ERM B 235:3,õmblussooned,kõõlus,luu
894664,ERM B 235:3,õmblussooned,kõõlus,luu
894664,ERM B 235:3,õmblussooned,luu,luu
894665,ERM B 235:5,õmblussooned,põder,luu
894665,ERM B 235:5,õmblussooned,kõõlus,luu
894666,ERM B 235:2,nukk,sünteetika,tekstiil
894666,ERM B 235:2,nukk,puuvill,tekstiil
894892,ERM B 235:4,õmblussooned,põder,luu
894892,ERM B 235:4,õmblussooned,kõõlus,luu
894892,ERM B 235:4,õmblussooned,luu,luu
894893,ERM B 235:6/1-2,õmblussooned,põder,luu
894893,ERM B 235:6/1-2,õmblussooned,kõõlus,luu
902234,ERM B 236:1,kingaliist,puit,puit
902235,ERM B 236:14,kinga tallaääre silumise raud,metall,metall
902235,ERM B 236:14,kinga tallaääre silumise raud,puit,puit
902236,ERM B 236:16,kingsepa naaskel,metall,metall
902236,ERM B 236:16,kingsepa naaskel,nahk,nahk
902236,ERM B 236:16,kingsepa naaskel,puit,puit
902237,ERM B 236:18,kinga tallaääre silumise raud,metall,metall
902237,ERM B 236:18,kinga tallaääre silumise raud,puit,puit
902238,ERM B 236:19,sääriku silumise šnitt,metall,metall
902238,ERM B 236:19,sääriku silumise šnitt,puit,puit
902239,ERM B 236:20,kinga tallaääre silumise raud,metall,metall
902239,ERM B 236:20,kinga tallaääre silumise raud,puit,puit
902240,ERM B 236:22,kingarandi siluja,puit,puit
902241,ERM B 236:25,"põll, kingsepa",present,tekstiil
902241,ERM B 236:25,"põll, kingsepa",puuvill,tekstiil
902242,ERM B 236:26,savinõu,savi,keraamika
902243,ERM B 236:27,savikauss,savi,keraamika
902244,ERM B 236:29,savikann,savi,keraamika
902244,ERM B 236:29,savikann,toht,keraamika
902245,ERM B 236:30,süstik,puit,puit
902246,ERM B 236:31,luisutasku,,tekstiil
902246,ERM B 236:31,luisutasku,toht,tekstiil
902247,ERM B 236:32,käärlaud,puit,puit
902248,ERM B 236:33,kedervars,puit,puit
902249,ERM B 236:44,soalaad,puit,puit
902250,ERM B 236:45,koonlapuu,puit,puit
902251,ERM B 236:46,mõla,puit,puit
902252,ERM B 236:47,ahjuroop,metall,metall
902252,ERM B 236:47,ahjuroop,puit,puit
902253,ERM B 236:48,märss,toht,puit
902254,ERM B 236:49,potiraud,raud,metall
902255,ERM B 236:50,pootshaak,raud,metall
902256,ERM B 236:51/ab,vildid,vilt,tekstiil
902257,ERM B 236:52/ab,kindad,nahk,nahk
902258,ERM B 236:2,kingaliist,puit,puit
902460,ERM B 235:10,"puukalender, koopia",puit,puit
902545,ERM B 236:3,kingaliist,puit,puit
902546,ERM B 236:4,kingaliist,puit,puit
902547,ERM B 236:5,kingaliist,puit,puit
902548,ERM B 236:6,kingaliist,puit,puit
902548,ERM B 236:6,kingaliist,,tekstiil
902549,ERM B 236:7,kingaliist,puit,puit
902550,ERM B 236:8,kingaliist,puit,puit
902551,ERM B 236:9,kingaliist,puit,puit
902552,ERM B 236:10,kingaliist,puit,puit
902553,ERM B 236:11,kingaliist,puit,puit
902554,ERM B 236:12,kingaliist,plast,plastik
902555,ERM B 236:13,kingaliist,plast,plastik
902556,ERM B 236:15,kinga tallaääre silumise raud,metall,metall
902556,ERM B 236:15,kinga tallaääre silumise raud,puit,puit
902557,ERM B 236:17,kingsepa naaskel,metall,metall
902557,ERM B 236:17,kingsepa naaskel,puit,puit
902558,ERM B 236:21,kinga tallaääre silumise raud,metall,metall
902558,ERM B 236:21,kinga tallaääre silumise raud,puit,puit
902559,ERM B 236:23,kingarandi siluja,puit,puit
902560,ERM B 236:24,kingarandi siluja,puit,puit
902561,ERM B 236:28,savikauss,savi,puit
902562,ERM B 236:34,kedervars,puit,puit
902563,ERM B 236:35,kedervars,puit,puit
902564,ERM B 236:36,kedervars,puit,puit
902565,ERM B 236:37,kedervars,puit,puit
902566,ERM B 236:38,kedervars,puit,puit
902567,ERM B 236:39,kedervars,puit,puit
902568,ERM B 236:40,kedervars,puit,puit
902569,ERM B 236:41,kedervars,puit,puit
902570,ERM B 236:42,kedervars,puit,puit
902571,ERM B 236:43,kedervars,puit,puit
902572,ERM B 236:53/ab,kindad,vill,tekstiil
1118475,ERM B 237:1/1-3,"vaas, karbi ja voldikuga",klaas,klaas
1118475,ERM B 237:1/1-3,"vaas, karbi ja voldikuga",paber,paber
1118475,ERM B 237:1/1-3,"vaas, karbi ja voldikuga",papp,paber
1118476,ERM B 237:2/1-7,"küünlajalad, karbi ja legendidega",liimpuit,puit
1118476,ERM B 237:2/1-7,"küünlajalad, karbi ja legendidega",metall,metall
1118476,ERM B 237:2/1-7,"küünlajalad, karbi ja legendidega",metall,metall
1118476,ERM B 237:2/1-7,"küünlajalad, karbi ja legendidega",paber,paber
1118476,ERM B 237:2/1-7,"küünlajalad, karbi ja legendidega",papp,paber
1118476,ERM B 237:2/1-7,"küünlajalad, karbi ja legendidega",puit,puit
1119454,ERM B 238:1,rätik,,tekstiil
1119454,ERM B 238:1,rätik,siid,tekstiil
1207513,ERM B 238:2,"kasukas, naiste (šuba)",karusnahk,nahk
1207513,ERM B 238:2,"kasukas, naiste (šuba)",,nahk
1207513,ERM B 238:2,"kasukas, naiste (šuba)",lammas,nahk
1207514,ERM B 238:3,"kuub,naiste (dis)",puuvill,tekstiil
1207514,ERM B 238:3,"kuub,naiste (dis)",sits (riidesort),tekstiil
1207514,ERM B 238:3,"kuub,naiste (dis)",,tekstiil
1207514,ERM B 238:3,"kuub,naiste (dis)",vill,tekstiil
1207516,ERM B 238:4,vaip (kovjor),kude,tekstiil
1207516,ERM B 238:4,vaip (kovjor),lõim,tekstiil
1207516,ERM B 238:4,vaip (kovjor),puuvill,tekstiil
1207516,ERM B 238:4,vaip (kovjor),vill,tekstiil
1208150,ERM B 238:5,kleit (derem),kanep,tekstiil
1208150,ERM B 238:5,kleit (derem),kude,tekstiil
1208150,ERM B 238:5,kleit (derem),lõim,tekstiil
1208150,ERM B 238:5,kleit (derem),puuvill,tekstiil
1208150,ERM B 238:5,kleit (derem),vill,tekstiil
1208154,ERM B 238:6,"põll, pruudi (aišet)",,tekstiil
1208154,ERM B 238:6,"põll, pruudi (aišet)",kanep,tekstiil
1208154,ERM B 238:6,"põll, pruudi (aišet)",puuvill,tekstiil
1208154,ERM B 238:6,"põll, pruudi (aišet)",vill,tekstiil
1208169,ERM B 238:7,käterätik (tšuškon),kangas,tekstiil
1208169,ERM B 238:7,käterätik (tšuškon),tikand,tekstiil
1208169,ERM B 238:7,käterätik (tšuškon),puuvill,tekstiil
1290067,ERM B 239:1,pesukurikas,puit,puit
1290075,ERM B 239:2/1-2,karp,juured,puit
1290075,ERM B 239:2/1-2,karp,seeder,puit
1290092,ERM B 239:4,vimpel,,tekstiil
1290101,ERM B 239:5,särk,puuvill,tekstiil
1290143,ERM B 239:6,käterätt,,tekstiil
1332250,ERM B 239:7,pearätt,puuvill,tekstiil
1332251,ERM B 239:8,kangas,linane,tekstiil
1332252,ERM B 239:9,lukk,metall,metall
1332253,ERM B 239:10,"ripats ""hingelind""",pronks,metall
1332254,ERM B 239:11,"ripats ""ühtesulamine""",pronks,metall
1332255,ERM B 239:12,"ripats ""taevas""",pronks,metall
1332256,ERM B 239:13,"ripats ""inimene-põder""",pronks,metall
1332257,ERM B 239:14,"ripats ""maailmapuu""",pronks,metall
1332258,ERM B 239:15,"ripats ""karu""",pronks,metall
1332259,ERM B 239:16,"ripats ""karu rituaalses poosis",pronks,metall
1332260,ERM B 239:17,"ripats ""naisratsanik-jumalanna""",pronks,metall
1332261,ERM B 239:18,"ripats ""lind""",pronks,metall
1332262,ERM B 239:19,"ripats-märk ""hingelind""",pronks,metall
1426010,ERM B 241:1,jakk,nööp,tekstiil
1426010,ERM B 241:1,jakk,plast,tekstiil
1426010,ERM B 241:1,jakk,siid,tekstiil
1426011,ERM B 241:2,voodikaunistus,broderii,tekstiil
1426011,ERM B 241:2,voodikaunistus,pits,tekstiil
1426011,ERM B 241:2,voodikaunistus,puuvill,tekstiil
1426012,ERM B 241:3,"amulett, tüdruku",flanell (riidesort),tekstiil
1426012,ERM B 241:3,"amulett, tüdruku",lõng,tekstiil
1426012,ERM B 241:3,"amulett, tüdruku",puuvill,tekstiil
1426012,ERM B 241:3,"amulett, tüdruku",vill,tekstiil
1426013,ERM B 241:4,"amulett, poisi",flanell (riidesort),tekstiil
1426013,ERM B 241:4,"amulett, poisi",kangas,tekstiil
1426013,ERM B 241:4,"amulett, poisi",vabrikupits (riidesort),tekstiil
1426013,ERM B 241:4,"amulett, poisi",lõng,tekstiil
1426013,ERM B 241:4,"amulett, poisi",puuvill,tekstiil
1426013,ERM B 241:4,"amulett, poisi",vill,tekstiil
1426014,ERM B 241:5/1-2,"kompass, kaanega",paber,puit
1426014,ERM B 241:5/1-2,"kompass, kaanega",puit,puit
1443185,ERM B 240:1,"jakk, naiste",,tekstiil
1443185,ERM B 240:1,"jakk, naiste",puuvill,tekstiil
1443185,ERM B 240:1,"jakk, naiste",samet,tekstiil
1443185,ERM B 240:1,"jakk, naiste",siid,tekstiil
1443185,ERM B 240:1,"jakk, naiste",traat,tekstiil
1443185,ERM B 240:1,"jakk, naiste",vatiin (riidesort),tekstiil
1443185,ERM B 240:1,"jakk, naiste",,tekstiil
1443186,ERM B 240:6,seelik,linane,tekstiil
1443186,ERM B 240:6,seelik,puuvill,tekstiil
1443186,ERM B 240:6,seelik,taimne kiud,tekstiil
1443186,ERM B 240:6,seelik,takk,tekstiil
1443186,ERM B 240:6,seelik,,tekstiil
1443187,ERM B 240:8,"vest, naiste",,tekstiil
1443187,ERM B 240:8,"vest, naiste",litrid,tekstiil
1443187,ERM B 240:8,"vest, naiste",,tekstiil
1443187,ERM B 240:8,"vest, naiste",kunstkiudmaterjal,tekstiil
1443187,ERM B 240:8,"vest, naiste",nööp,tekstiil
1443187,ERM B 240:8,"vest, naiste",plast,tekstiil
1443187,ERM B 240:8,"vest, naiste",puuvill,tekstiil
1443187,ERM B 240:8,"vest, naiste",siid,tekstiil
1443188,ERM B 240:9,seelik,,tekstiil
1443188,ERM B 240:9,seelik,traat,tekstiil
1443188,ERM B 240:9,seelik,vill,tekstiil
1443189,ERM B 240:10,"vest, naiste",,tekstiil
1443189,ERM B 240:10,"vest, naiste",puuvill,tekstiil
1443189,ERM B 240:10,"vest, naiste",siid,tekstiil
1443189,ERM B 240:10,"vest, naiste",traat,tekstiil
1443189,ERM B 240:10,"vest, naiste",,tekstiil
1443190,ERM B 240:11,põll,puuvill,tekstiil
1443190,ERM B 240:11,põll,,tekstiil
1443190,ERM B 240:11,põll,vill,tekstiil
1443192,ERM B 240:15,särk,linane,tekstiil
1443192,ERM B 240:15,särk,puuvill,tekstiil
1443192,ERM B 240:15,särk,heegelniit,tekstiil
1443193,ERM B 240:25,rätik,puuvill,tekstiil
1443194,ERM B 240:33,käterätt,linane,tekstiil
1443194,ERM B 240:33,käterätt,puuvill,tekstiil
1443194,ERM B 240:33,käterätt,tikkimisniit,tekstiil
1443194,ERM B 240:33,käterätt,narmad,tekstiil
1443195,ERM B 240:35,padjakott,linane,tekstiil
1443204,ERM B 240:37,voodilina,linane,tekstiil
1443205,ERM B 240:38,"linane kangas, rullis",linane,tekstiil
1443206,ERM B 240:40,rätik,lõng,tekstiil
1443206,ERM B 240:40,rätik,vill,tekstiil
1443209,ERM B 240:2,"jakk, naiste",kard,tekstiil
1443209,ERM B 240:2,"jakk, naiste",litrid,tekstiil
1443209,ERM B 240:2,"jakk, naiste",kunstkiudmaterjal,tekstiil
1443209,ERM B 240:2,"jakk, naiste",puuvill,tekstiil
1443209,ERM B 240:2,"jakk, naiste",samet,tekstiil
1443209,ERM B 240:2,"jakk, naiste",siid,tekstiil
1443209,ERM B 240:2,"jakk, naiste",vatiin (riidesort),tekstiil
1443209,ERM B 240:2,"jakk, naiste",,tekstiil
1443210,ERM B 240:3,"jakk, naiste",fliis,tekstiil
1443210,ERM B 240:3,"jakk, naiste",,tekstiil
1443210,ERM B 240:3,"jakk, naiste",nööp,tekstiil
1443210,ERM B 240:3,"jakk, naiste",plast,tekstiil
1443210,ERM B 240:3,"jakk, naiste",puuvill,tekstiil
1443210,ERM B 240:3,"jakk, naiste",samet,tekstiil
1443210,ERM B 240:3,"jakk, naiste",siid,tekstiil
1443211,ERM B 240:4,"jakk, naiste",atlasriie,tekstiil
1443211,ERM B 240:4,"jakk, naiste",,tekstiil
1443211,ERM B 240:4,"jakk, naiste",puuvill,tekstiil
1443211,ERM B 240:4,"jakk, naiste",samet,tekstiil
1443211,ERM B 240:4,"jakk, naiste",traat,tekstiil
1443211,ERM B 240:4,"jakk, naiste",vatiin (riidesort),tekstiil
1443211,ERM B 240:4,"jakk, naiste",,tekstiil
1443212,ERM B 240:5,"jakk, naiste",nööp,tekstiil
1443212,ERM B 240:5,"jakk, naiste",plast,tekstiil
1443212,ERM B 240:5,"jakk, naiste",puuvill,tekstiil
1443212,ERM B 240:5,"jakk, naiste",samet,tekstiil
1443212,ERM B 240:5,"jakk, naiste",siid,tekstiil
1443212,ERM B 240:5,"jakk, naiste",,tekstiil
1443213,ERM B 240:7,seelik,atlasriie,tekstiil
1443213,ERM B 240:7,seelik,,tekstiil
1443213,ERM B 240:7,seelik,linane,tekstiil
1443213,ERM B 240:7,seelik,puuvill,tekstiil
1443213,ERM B 240:7,seelik,taimne kiud,tekstiil
1443213,ERM B 240:7,seelik,takk,tekstiil
1443213,ERM B 240:7,seelik,,tekstiil
1443214,ERM B 240:12,põll,atlasriie,tekstiil
1443214,ERM B 240:12,põll,,tekstiil
1443214,ERM B 240:12,põll,,tekstiil
1443214,ERM B 240:12,põll,puuvill,tekstiil
1443215,ERM B 240:13,põll,kangas,tekstiil
1443215,ERM B 240:13,põll,,tekstiil
1443215,ERM B 240:13,põll,lõng,tekstiil
1443215,ERM B 240:13,põll,puuvill,tekstiil
1443215,ERM B 240:13,põll,sünteetika,tekstiil
1443215,ERM B 240:13,põll,sünteetika,tekstiil
1443215,ERM B 240:13,põll,,tekstiil
1443216,ERM B 240:14,põll,,tekstiil
1443216,ERM B 240:14,põll,puuvill,tekstiil
1443216,ERM B 240:14,põll,siid,tekstiil
1443217,ERM B 240:16,särk,heegelniit,tekstiil
1443217,ERM B 240:16,särk,linane,tekstiil
1443217,ERM B 240:16,särk,puuvill,tekstiil
1443218,ERM B 240:17,särk,heegelniit,tekstiil
1443218,ERM B 240:17,särk,linane,tekstiil
1443218,ERM B 240:17,särk,puuvill,tekstiil
1443219,ERM B 240:18,särk,heegelniit,tekstiil
1443219,ERM B 240:18,särk,linane,tekstiil
1443219,ERM B 240:18,särk,puuvill,tekstiil
1443220,ERM B 240:19,särk,heegelniit,tekstiil
1443220,ERM B 240:19,särk,linane,tekstiil
1443220,ERM B 240:19,särk,puuvill,tekstiil
1443221,ERM B 240:20,särk,heegelniit,tekstiil
1443221,ERM B 240:20,särk,linane,tekstiil
1443221,ERM B 240:20,särk,puuvill,tekstiil
1443222,ERM B 240:21,särk,linane,tekstiil
1443222,ERM B 240:21,särk,puuvill,tekstiil
1443222,ERM B 240:21,särk,heegelniit,tekstiil
1443223,ERM B 240:22,särk,linane,tekstiil
1443223,ERM B 240:22,särk,puuvill,tekstiil
1443223,ERM B 240:22,särk,heegelniit,tekstiil
1443224,ERM B 240:23,särk,heegelniit,tekstiil
1443224,ERM B 240:23,särk,linane,tekstiil
1443224,ERM B 240:23,särk,puuvill,tekstiil
1443225,ERM B 240:24,"särk, laste",broderii,tekstiil
1443225,ERM B 240:24,"särk, laste",linane,tekstiil
1443225,ERM B 240:24,"särk, laste",pits,tekstiil
1443226,ERM B 240:26,rätik,lõng,tekstiil
1443226,ERM B 240:26,rätik,vill,tekstiil
1443227,ERM B 240:27,rätik,lõng,tekstiil
1443227,ERM B 240:27,rätik,pael,tekstiil
1443227,ERM B 240:27,rätik,siid,tekstiil
1443227,ERM B 240:27,rätik,vill,tekstiil
1443228,ERM B 240:28,rätik,siid,tekstiil
1443229,ERM B 240:29,rätik,narmad,tekstiil
1443229,ERM B 240:29,rätik,tikkimisniit,tekstiil
1443229,ERM B 240:29,rätik,puuvill,tekstiil
1443229,ERM B 240:29,rätik,siid,tekstiil
1443230,ERM B 240:30,rätik,lõng,tekstiil
1443230,ERM B 240:30,rätik,vill,tekstiil
1443231,ERM B 240:31,rätik,lõng,tekstiil
1443231,ERM B 240:31,rätik,vill,tekstiil
1443232,ERM B 240:32,rätik,lõng,tekstiil
1443232,ERM B 240:32,rätik,vill,tekstiil
1443233,ERM B 240:34,käterätt,linane,tekstiil
1443233,ERM B 240:34,käterätt,puuvill,tekstiil
1443233,ERM B 240:34,käterätt,tikkimisniit,tekstiil
1443233,ERM B 240:34,käterätt,narmad,tekstiil
1443234,ERM B 240:36,padjakott,linane,tekstiil
1443235,ERM B 240:39,"linane kangas, rullis",linane,tekstiil
1587417,ERM B 241:6,sarafan,puuvill,tekstiil
1587418,ERM B 241:7,kunstpats,juuksed,tekstiil
1587418,ERM B 241:7,kunstpats,,tekstiil
1587418,ERM B 241:7,kunstpats,pael,tekstiil
1587418,ERM B 241:7,kunstpats,niit,tekstiil
1587418,ERM B 241:7,kunstpats,kangas,tekstiil
1587418,ERM B 241:7,kunstpats,puuvill,tekstiil
1587418,ERM B 241:7,kunstpats,traat,tekstiil
1596966,ERM B 241:8/1-2,"ripats, karukujuline",metallisulam,metall
1597817,ERM B 241:10,"lipp ""drevo žizni""",puit,puit
1597817,ERM B 241:10,"lipp ""drevo žizni""",,tekstiil
1597820,ERM B 241:11,kaltsuvaip,kalts,tekstiil
1597820,ERM B 241:11,kaltsuvaip,narmad,tekstiil
1597820,ERM B 241:11,kaltsuvaip,nöör,tekstiil
1597820,ERM B 241:11,kaltsuvaip,puuvill,tekstiil
1597821,ERM B 241:12,kannel,,
1597821,ERM B 241:12,kannel,mänd,puit
1597821,ERM B 241:12,kannel,puit,puit
1597821,ERM B 241:12,kannel,traat,metall
1597832,ERM B 241:13/ab,kirsasaapad,kumm,
1597832,ERM B 241:13/ab,kirsasaapad,kunstnahk,tekstiil
1597832,ERM B 241:13/ab,kirsasaapad,metall,metall
1597832,ERM B 241:13/ab,kirsasaapad,papp,paber
1597832,ERM B 241:13/ab,kirsasaapad,,tekstiil
1597832,ERM B 241:13/ab,kirsasaapad,,
1597832,ERM B 241:13/ab,kirsasaapad,,
1597832,ERM B 241:13/ab,kirsasaapad,,
1598139,ERM B 241:9/1-2,"ripats, inimfiguuriga",metallisulam,metall
1853504,ERM B 242:1,vastsündinud põdravasika nahk,loomanahk,nahk
1853504,ERM B 242:1,vastsündinud põdravasika nahk,põhjapõder,nahk
1983695,ERM B 242:2,jakk,,tekstiil
1983695,ERM B 242:2,jakk,,tekstiil
1983695,ERM B 242:2,jakk,kunstkiudmaterjal,tekstiil
1983695,ERM B 242:2,jakk,puuvill,tekstiil
1983695,ERM B 242:2,jakk,samet,tekstiil
1983695,ERM B 242:2,jakk,traat,tekstiil
1983695,ERM B 242:2,jakk,vatiin (riidesort),tekstiil
1983695,ERM B 242:2,jakk,,tekstiil
1983696,ERM B 242:3,vest,,tekstiil
1983696,ERM B 242:3,vest,kard,tekstiil
1983696,ERM B 242:3,vest,litrid,tekstiil
1983696,ERM B 242:3,vest,,tekstiil
1983696,ERM B 242:3,vest,kunstkiudmaterjal,tekstiil
1983696,ERM B 242:3,vest,puuvill,tekstiil
1983696,ERM B 242:3,vest,samet,tekstiil
1983696,ERM B 242:3,vest,siid,tekstiil
1983696,ERM B 242:3,vest,traat,tekstiil
1983696,ERM B 242:3,vest,,tekstiil
1983697,ERM B 242:5,põll,puuvill,tekstiil
1983698,ERM B 242:6,tanu,puuvill,tekstiil
1983699,ERM B 242:7,särk,heegelniit,tekstiil
1983699,ERM B 242:7,särk,linane,tekstiil
1983699,ERM B 242:7,särk,puuvill,tekstiil
1983700,ERM B 242:8,rätik,vill,tekstiil
1983701,ERM B 242:10,rätik,puuvill,tekstiil
1983702,ERM B 242:11/ab,"saapad, naiste",,nahk
1983702,ERM B 242:11/ab,"saapad, naiste",metall,nahk
1983702,ERM B 242:11/ab,"saapad, naiste",nahk,nahk
1983703,ERM B 242:12/ab,"saapad, naiste",,nahk
1983703,ERM B 242:12/ab,"saapad, naiste",kumm,nahk
1983703,ERM B 242:12/ab,"saapad, naiste",nahk,nahk
1983704,ERM B 242:4,vest,,tekstiil
1983704,ERM B 242:4,vest,kangas,tekstiil
1983704,ERM B 242:4,vest,,tekstiil
1983704,ERM B 242:4,vest,kard,tekstiil
1983704,ERM B 242:4,vest,kunstkiudmaterjal,tekstiil
1983704,ERM B 242:4,vest,puuvill,tekstiil
1983704,ERM B 242:4,vest,siid,tekstiil
1983704,ERM B 242:4,vest,traat,tekstiil
1983704,ERM B 242:4,vest,,tekstiil
1983705,ERM B 242:9,rätik,puuvill,tekstiil
2149845,ERM B 243:1,kaelaehe,savi,keraamika
2149846,ERM B 243:2,kaelaehe,keraamika,keraamika
2149846,ERM B 243:2,kaelaehe,metallisulam,metall
2149846,ERM B 243:2,kaelaehe,pael,tekstiil
2149846,ERM B 243:2,kaelaehe,,tekstiil
2149847,ERM B 243:3,kaelaehe,keraamika,keraamika
2149847,ERM B 243:3,kaelaehe,metallisulam,metall
2149847,ERM B 243:3,kaelaehe,,tekstiil
2149847,ERM B 243:3,kaelaehe,traat,metall
2149848,ERM B 243:4,kaelaehe,nahk,nahk
2149848,ERM B 243:4,kaelaehe,savi,keraamika
2149850,ERM B 243:5,käevõru,metall,metall
2149850,ERM B 243:5,käevõru,savi,keraamika
2150119,ERM B 243:6,kaelaehe,keraamika,keraamika
2150119,ERM B 243:6,kaelaehe,nahk,nahk
2150119,ERM B 243:6,kaelaehe,traat,metall
2879598,ERM B 249:1,pajakinnas,lina,tekstiil
2879598,ERM B 249:1,pajakinnas,puuvill,tekstiil
2879599,ERM B 249:2,teekannukate,lina,tekstiil
2879599,ERM B 249:2,teekannukate,puuvill,tekstiil
2879600,ERM B 249:3,kandekott,lina,tekstiil
2879601,ERM B 249:4,vaip,puuvill,tekstiil
2879602,ERM B 249:5,müts,vill,tekstiil
2879603,ERM B 249:6,müts,tehismaterjal,tekstiil
2879604,ERM B 249:7,padi,akrüül,tekstiil
2879605,ERM B 249:8,kaisukaru,akrüül,tekstiil
2879606,ERM B 249:9,õllekruus,klaas,klaas
2879607,ERM B 249:10,õllekruus,klaas,klaas
2879608,ERM B 249:11,suveniirlusikas,puit,puit
2879609,ERM B 249:12,nuga,metall,metall
2879610,ERM B 249:13,karuga ripats,metall,metall
2879610,ERM B 249:13,karuga ripats,pael,tekstiil
2879610,ERM B 249:13,karuga ripats,puuvill,tekstiil
2879611,ERM B 249:14,sall,akrüül,tekstiil
2879612,ERM B 249:15,magnet,magnet,metall
2879613,ERM B 249:16,magnet,magnet,plastik
2879613,ERM B 249:16,magnet,plast,metall
2879614,ERM B 249:17,magnet Komi šamaan,karv,nahk
2879614,ERM B 249:17,magnet Komi šamaan,keraamika,keraamika
2879614,ERM B 249:17,magnet Komi šamaan,magnet,metall
2879614,ERM B 249:17,magnet Komi šamaan,põhjapõder,nahk
2879615,ERM B 249:18,magnet Leonardo,magnet,plastik
2879615,ERM B 249:18,magnet Leonardo,plast,metall
2879616,ERM B 249:19,kandekott,puuvill,tekstiil
2903575,ERM B 250:1,tohukarp,kask,puit
2903575,ERM B 250:1,tohukarp,toht,puit
2903575,ERM B 250:1,tohukarp,toomingas,puit
2903614,ERM B 250:2,"suveniirnukk, mees kalaga",savi,keraamika
2903615,ERM B 250:3,"suveniirnukk, naine marjakorviga",savi,keraamika
2903616,ERM B 250:4,"suveniirnukk, handi rahvariietes naine",,
2903616,ERM B 250:4,"suveniirnukk, handi rahvariietes naine",helmed,klaas
2903616,ERM B 250:4,"suveniirnukk, handi rahvariietes naine",kalev (riidesort),tekstiil
2903616,ERM B 250:4,"suveniirnukk, handi rahvariietes naine",karusnahk,nahk
2903616,ERM B 250:4,"suveniirnukk, handi rahvariietes naine",,
2903616,ERM B 250:4,"suveniirnukk, handi rahvariietes naine",klaas,klaas
2903616,ERM B 250:4,"suveniirnukk, handi rahvariietes naine",lina,tekstiil
2903616,ERM B 250:4,"suveniirnukk, handi rahvariietes naine",papp,paber
2903616,ERM B 250:4,"suveniirnukk, handi rahvariietes naine",,
2903616,ERM B 250:4,"suveniirnukk, handi rahvariietes naine",puit,puit
2946872,ERM B 244:1,nukk,puuvill,tekstiil
2946872,ERM B 244:1,nukk,vill,tekstiil
2983917,ERM B 244:2/1-2,"ripats, infolehega",metall,metall
3122525,ERM B 245:1,keelpill,metall,metall
3122525,ERM B 245:1,keelpill,puit,puit
3161261,ERM B 250:5,"suveniirnukk, handi rahvariides naine ulatab plekkämbriga murakaid",savi,keraamika
3161262,ERM B 250:6,"käsitöökott nuj tutšan, mansi",kunstsiid,tekstiil
3161262,ERM B 250:6,"käsitöökott nuj tutšan, mansi",metall,metall
3161262,ERM B 250:6,"käsitöökott nuj tutšan, mansi",vill,tekstiil
3161321,ERM B 250:8,"kleit суп, mansi",puuvill,tekstiil
3161321,ERM B 250:8,"kleit суп, mansi",tehiskiud,tekstiil
3161333,ERM B 250:9,"kleit суп, mansi",nööp,tekstiil
3161333,ERM B 250:9,"kleit суп, mansi",plast,tekstiil
3161333,ERM B 250:9,"kleit суп, mansi",puuvill,tekstiil
3161338,ERM B 250:10,"kleit суп, mansi",metallkiud,tekstiil
3161338,ERM B 250:10,"kleit суп, mansi",puuvill,tekstiil
3161338,ERM B 250:10,"kleit суп, mansi",vill,tekstiil
3161340,ERM B 250:11,"vöökott, handi",karusnahk,nahk
3161340,ERM B 250:11,"vöökott, handi",kunstsiid,tekstiil
3161340,ERM B 250:11,"vöökott, handi",nahk,nahk
3161340,ERM B 250:11,"vöökott, handi",vill,tekstiil
3161342,ERM B 250:12,"vöökott, handi",helmed,klaas
3161342,ERM B 250:12,"vöökott, handi",karusnahk,nahk
3161342,ERM B 250:12,"vöökott, handi",mineraal,kivim
3161342,ERM B 250:12,"vöökott, handi",nahk,nahk
3161342,ERM B 250:12,"vöökott, handi",polüester,tekstiil
3161342,ERM B 250:12,"vöökott, handi",vill,tekstiil
3161350,ERM B 250:13,kotike,kalev (riidesort),tekstiil
3161350,ERM B 250:13,kotike,puuvill,tekstiil
3161350,ERM B 250:13,kotike,vask,metall
3161351,ERM B 250:14,kotike,kalev (riidesort),tekstiil
3161351,ERM B 250:14,kotike,klaas,klaas
3161351,ERM B 250:14,kotike,polüester,tekstiil
3161351,ERM B 250:14,kotike,pärl,luu
3161353,ERM B 250:15,nõelapadi,kalev (riidesort),tekstiil
3161353,ERM B 250:15,nõelapadi,klaas,klaas
3161353,ERM B 250:15,nõelapadi,pärl,luu
3161356,ERM B 250:16,nõelapadi,kalev (riidesort),tekstiil
3161356,ERM B 250:16,nõelapadi,klaas,klaas
3161356,ERM B 250:16,nõelapadi,pärl,luu
3161356,ERM B 250:16,nõelapadi,vill,tekstiil
3161385,ERM B 250:17,"käsitöökott, nuj tutšan",kalev (riidesort),tekstiil
3161385,ERM B 250:17,"käsitöökott, nuj tutšan",kunstsiid,tekstiil
3161391,ERM B 250:18,"nõelapadi, juhtun tutšan nemta",kalev (riidesort),tekstiil
3161391,ERM B 250:18,"nõelapadi, juhtun tutšan nemta",puuvill,tekstiil
3161391,ERM B 250:18,"nõelapadi, juhtun tutšan nemta",vill,tekstiil
3161394,ERM B 250:19,"nõelapadi, juhtun tutšan nemta",kalev (riidesort),tekstiil
3161394,ERM B 250:19,"nõelapadi, juhtun tutšan nemta",puuvill,tekstiil
3161394,ERM B 250:19,"nõelapadi, juhtun tutšan nemta",vill,tekstiil
3161406,ERM B 250:21,"rüü nuj sah, handi, naiste",helmed,klaas
3161406,ERM B 250:21,"rüü nuj sah, handi, naiste",kalev (riidesort),tekstiil
3161406,ERM B 250:21,"rüü nuj sah, handi, naiste",karusnahk,nahk
3161406,ERM B 250:21,"rüü nuj sah, handi, naiste",klaas,klaas
3161406,ERM B 250:21,"rüü nuj sah, handi, naiste",vill,tekstiil
3285902,ERM B 107:20,noatupp,kask,puit
3302917,ERM B 157:6,poolivokk,kuusk,puit
3347220,ERM B 156:1,suss-saabas,nahk,nahk
3347220,ERM B 156:1,suss-saabas,nahk,nahk
3481599,ERM B 246:1,käekott,atlasriie,tekstiil
3481599,ERM B 246:1,käekott,metall,metall
3481599,ERM B 246:1,käekott,nahk,nahk
3481599,ERM B 246:1,käekott,seemisnahk,nahk
3481599,ERM B 246:1,käekott,siid,tekstiil
3481599,ERM B 246:1,käekott,trukk,metall
3481600,ERM B 246:2/ab,labakindad,,
3481600,ERM B 246:2/ab,labakindad,nahk,nahk
3481600,ERM B 246:2/ab,labakindad,plast,plastik
3481600,ERM B 246:2/ab,labakindad,puuvill,tekstiil
3481600,ERM B 246:2/ab,labakindad,seemisnahk,nahk
3481600,ERM B 246:2/ab,labakindad,,tekstiil
3481666,ERM B 246:3/1-3,"kannel, koti ja kattelinaga",metall,metall
3481666,ERM B 246:3/1-3,"kannel, koti ja kattelinaga",nahk,nahk
3481666,ERM B 246:3/1-3,"kannel, koti ja kattelinaga",puit,puit
3481666,ERM B 246:3/1-3,"kannel, koti ja kattelinaga",,tekstiil
3481666,ERM B 246:3/1-3,"kannel, koti ja kattelinaga",,
3481666,ERM B 246:3/1-3,"kannel, koti ja kattelinaga",,tekstiil
3481666,ERM B 246:3/1-3,"kannel, koti ja kattelinaga",vatiin (riidesort),tekstiil
3481666,ERM B 246:3/1-3,"kannel, koti ja kattelinaga",vill,tekstiil
3629810,ERM B 247:1/ab,viisud,toht,puit
3629926,ERM B 247:2,seinatasku,puit,puit
3629926,ERM B 247:2,seinatasku,,tekstiil
3736652,ERM B 247:3,"särk, meeste",kanep,tekstiil
3736652,ERM B 247:3,"särk, meeste",lina,tekstiil
3736652,ERM B 247:3,"särk, meeste",puuvill,tekstiil
3736653,ERM B 247:4,"kleit, naiste, toorik",kanep,tekstiil
3736653,ERM B 247:4,"kleit, naiste, toorik",lina,tekstiil
3736653,ERM B 247:4,"kleit, naiste, toorik",puuvill,tekstiil
3736654,ERM B 247:5,"üleriide, naiste",kanep,tekstiil
3736654,ERM B 247:5,"üleriide, naiste",lina,tekstiil
3736654,ERM B 247:5,"üleriide, naiste",puuvill,tekstiil
3741703,ERM B 247:6,kalakott,taimne kiud,tekstiil
3781631,ERM B 247:7,kaelaehe,karusnahk,nahk
3781631,ERM B 247:7,kaelaehe,nahk,nahk
3781631,ERM B 247:7,kaelaehe,plast,plastik
3781632,ERM B 247:8,kaelaehe,nahk,nahk
3781632,ERM B 247:8,kaelaehe,plast,plastik
3781641,ERM B 247:9,mõla,puit,puit
3951372,ERM B 248:1,kleit,tehismaterjal,tekstiil
3952228,ERM B 248:2,vaip,plast,plastik
3952229,ERM B 248:3,vaip,plast,plastik
3952230,ERM B 248:4,vaip,plast,plastik
3952231,ERM B 248:5,kuumaaalus,plast,plastik
3952231,ERM B 248:5,kuumaaalus,puit,puit
3952232,ERM B 248:6,kuumaaalus,plast,plastik
3952232,ERM B 248:6,kuumaaalus,puit,puit
3952233,ERM B 248:7,kuumaaalus,plast,plastik
3952233,ERM B 248:7,kuumaaalus,puit,puit
3952234,ERM B 248:8,võrkkott,plast,plastik
3952235,ERM B 248:9,võrkkott,plast,plastik
3952236,ERM B 248:10,võrkkott,plast,plastik
3957082,ERM B 249:20/1-3,mänguasi,luu,luu
3972067,ERM B 249:21,magnet Sõktõvkar,magnet,metall
3972067,ERM B 249:21,magnet Sõktõvkar,plast,plastik
3972068,ERM B 249:22,magnet Sõktõvkar,magnet,metall
3972068,ERM B 249:22,magnet Sõktõvkar,plast,plastik
3972069,ERM B 249:23,magnet Komi Vabariik,magnet,metall
3972069,ERM B 249:23,magnet Komi Vabariik,plast,plastik
3972070,ERM B 249:24,magnet Metsavaim Jag-Mort,magnet,metall
3972070,ERM B 249:24,magnet Metsavaim Jag-Mort,plast,plastik
3972077,ERM B 249:25,magnet Komi Vabariik,magnet,metall
3972077,ERM B 249:25,magnet Komi Vabariik,plast,plastik
3972078,ERM B 249:26,karuga ripats,metall,metall
3972079,ERM B 249:27,veelinnusümboolikaga ripats,metall,metall
3972080,ERM B 249:28,korgitser,metall,metall
3972081,ERM B 249:29,komi jahikalender riputuspaeleaga,metall,metall
3972081,ERM B 249:29,komi jahikalender riputuspaeleaga,nahk,nahk
3972081,ERM B 249:29,komi jahikalender riputuspaeleaga,pael,tekstiil
3972082,ERM B 249:30,kosmeetikakott,nahk,nahk
3972082,ERM B 249:30,kosmeetikakott,,tekstiil
3972082,ERM B 249:30,kosmeetikakott,,tekstiil
3972083,ERM B 249:31,välgumihkel,kasetoht,puit
3972083,ERM B 249:31,välgumihkel,kask,puit
3972083,ERM B 249:31,välgumihkel,metall,metall
3972083,ERM B 249:31,välgumihkel,plast,plastik
3972084,ERM B 249:32/1-2,võtmehoidja,metall,metall
3972084,ERM B 249:32/1-2,võtmehoidja,papp,paber
3972085,ERM B 249:33,rinnamärk Ust-Kulom,metall,metall
3972086,ERM B 249:34,kruus,keraamika,keraamika
4235997,ERM B 99:61,"nagi, käteräti",,metall
4235997,ERM B 99:61,"nagi, käteräti",kuusk,puit
4235997,ERM B 99:61,"nagi, käteräti",metall,metall
4235998,ERM B 99:62,latern,kask,puit
4235998,ERM B 99:62,latern,klaas,klaas
4235998,ERM B 99:62,latern,kuusk,puit
4235998,ERM B 99:62,latern,liist,puit
4235998,ERM B 99:62,latern,metall,metall
4235998,ERM B 99:62,latern,,
4235998,ERM B 99:62,latern,,
4235998,ERM B 99:62,latern,vineer,puit
4235999,ERM B 99:63,postament,kask,puit
4304450,ERM B 251:1/1-2,trumm,karusnahk,nahk
4304450,ERM B 251:1/1-2,trumm,metall,metall
4304450,ERM B 251:1/1-2,trumm,nahk,nahk
4304450,ERM B 251:1/1-2,trumm,puit,puit
4304450,ERM B 251:1/1-2,trumm,,tekstiil
521579,ERM B 215:8,kinnas,,nahk
522063,ERM B 220:44/ab,kindad,,tekstiil
524437,ERM B 216:10,pudipõll,,tekstiil
524722,ERM B 221:4/ab,kindad,,tekstiil
524766,ERM B 217:1/ab,"saapad, meeste",,nahk
525926,ERM B 217:3,üleriie,,tekstiil
525927,ERM B 217:4,põll,,tekstiil
525928,ERM B 217:5,liniku ots,,tekstiil
525929,ERM B 217:6,pearätik,,tekstiil
525930,ERM B 217:7,peakate,,tekstiil
526882,ERM B 215:3,kleit,,tekstiil
526883,ERM B 215:4,kleit,,tekstiil
587816,ERM B 230:3,vööehe,,metall
588414,ERM B 230:7,sõlg,,metall
588421,ERM B 230:14,vile,,keraamika
612338,ERM B 171:158,laudlina,,tekstiil
612349,ERM B 171:168,"kangaproov, hame",,tekstiil
612350,ERM B 171:169,kangaproov,,tekstiil
612353,ERM B 171:172/ab,"kingad, naiste",,nahk
612354,ERM B 171:173,suss-saabas,,nahk
612355,ERM B 171:174,suss-saabas,,nahk
612356,ERM B 171:175,"saabas, laste",,nahk
612376,ERM B 171:189,pühasenurga aluse lina,,tekstiil
612377,ERM B 171:190/ab,voodiservapits,,tekstiil
612382,ERM B 178:1,tagapõll,,tekstiil
612384,ERM B 178:2,pealinik,,tekstiil
612385,ERM B 178:3,tagapõll,,tekstiil
612386,ERM B 178:4,"särk, naiste",,tekstiil
612388,ERM B 178:5,rüü,,tekstiil
612389,ERM B 178:6,pluuspõll,,tekstiil
612390,ERM B 178:7,põll,,tekstiil
612391,ERM B 178:8,põll,,tekstiil
612392,ERM B 178:9,vöö,,tekstiil
612393,ERM B 178:10/ab,saapasääre ääris,,tekstiil
612394,ERM B 178:11,pearätik,,tekstiil
612396,ERM B 178:12,"peakate, pruudi",,tekstiil
612397,ERM B 178:13,põll,,tekstiil
612398,ERM B 178:14,"ülerõivas, naiste",,tekstiil
612399,ERM B 178:15,alusmüts,,tekstiil
612401,ERM B 178:17,saapasääre kaunistused,,tekstiil
612402,ERM B 178:18,"särk, naiste",,tekstiil
612406,ERM B 178:22,voodiääre lina,,tekstiil
612407,ERM B 178:23,voodiääre lina,,tekstiil
612408,ERM B 178:24,voodiotsa lina,,tekstiil
612410,ERM B 178:25,mänguasi: kandevõrk,,tekstiil
612460,ERM B 69:6,"pits, päevateki",,tekstiil
612463,ERM B 70:3,"üleriie, naiste",,tekstiil
612465,ERM B 70:5,pealinik,,tekstiil
612466,ERM B 70:6,pealinik,,tekstiil
612467,ERM B 70:7,pealinik,,tekstiil
612470,ERM B 87:121,kleit,,tekstiil
612472,ERM B 87:123/ab,suveniir: viisud,,puit
612474,ERM B 87:125,tanu,,tekstiil
612475,ERM B 87:126,tanu,,tekstiil
612476,ERM B 87:127,tanu,,tekstiil
612477,ERM B 87:128,tanu,,tekstiil
612478,ERM B 87:129/ab,jalarätid,,tekstiil
612479,ERM B 87:130/ab,jalarätid,,tekstiil
612480,ERM B 87:131,"särk, meeste",,tekstiil
612481,ERM B 87:132,"rüü, naiste",,tekstiil
612482,ERM B 87:133,rüü,,tekstiil
612483,ERM B 87:134,"särk, naiste",,tekstiil
612484,ERM B 87:135,tanu,,tekstiil
612485,ERM B 87:136,tanu,,tekstiil
612486,ERM B 87:137,tanu,,tekstiil
612487,ERM B 87:138,tanu,,tekstiil
612488,ERM B 87:139,tanu,,tekstiil
612489,ERM B 87:140,särk,,tekstiil
612490,ERM B 87:141,särk,,tekstiil
612491,ERM B 87:142,rätik,,tekstiil
612492,ERM B 87:143,põll,,tekstiil
612495,ERM B 87:146,särk,,tekstiil
612496,ERM B 87:147,"särk, naiste",,tekstiil
612497,ERM B 87:148,põll,,tekstiil
612498,ERM B 87:149,põll,,tekstiil
612499,ERM B 87:150,kleit,,tekstiil
612530,ERM B 98:19,põrandavaip,,tekstiil
612532,ERM B 98:21,seinalinik,,tekstiil
612542,ERM B 98:31/ab,sussid,,tekstiil
612545,ERM B 98:34,laudlina,,tekstiil
612546,ERM B 98:35,põrandatekk,,tekstiil
612547,ERM B 98:36,seinavaip,,tekstiil
612548,ERM B 98:37,laudlina,,tekstiil
612549,ERM B 98:38,seinavaip,,tekstiil
612551,ERM B 98:40,padjakate,,tekstiil
612552,ERM B 98:41,ajalehehoidja,,tekstiil
612554,ERM B 98:43,voodi alaääre ilustis,,tekstiil
612559,ERM B 98:48,niiditasku,,tekstiil
612561,ERM B 98:50,särgi alaosa,,tekstiil
612607,ERM B 114:89/ab,särgi varrukad,,tekstiil
612610,ERM B 114:92,magamiskoti riie,,tekstiil
612612,ERM B 114:94,püksid,,tekstiil
612614,ERM B 114:96,"särk, naiste",,tekstiil
612633,ERM B 114:114,"lõng, linane",,tekstiil
612643,ERM B 114:124,laudlina,,tekstiil
612644,ERM B 114:125,laudlina,,tekstiil
612647,ERM B 130:21,käsitöökott,,tekstiil
612648,ERM B 130:22/ab,ornamendid,,tekstiil
612649,ERM B 130:23/ab,ornament,,tekstiil
612650,ERM B 130:24,kleit,,tekstiil
612651,ERM B 130:25,käsitöökott,,nahk
612655,ERM B 130:29,sõrmus,,metall
612656,ERM B 130:30,rinnaehe,,metall
612657,ERM B 130:31,rätik,,tekstiil
612659,ERM B 130:33,kandekott,,tekstiil
612660,ERM B 130:34,kleit,,tekstiil
612701,ERM B 142:16,"särk, meeste",,tekstiil
612702,ERM B 142:17,püksid,,tekstiil
612704,ERM B 142:19,laudlina,,tekstiil
612706,ERM B 142:21,padjakott,,tekstiil
612713,ERM B 142:28,"laudlina, linik",,tekstiil
612714,ERM B 142:29,laudlina,,tekstiil
612717,ERM B 142:32,külvikott,,tekstiil
612721,ERM B 142:36,laudlina,,tekstiil
612723,ERM B 142:38,laudlina,,tekstiil
612724,ERM B 142:39,eesriie,,tekstiil
612725,ERM B 142:40,salvrätik,,tekstiil
612726,ERM B 142:41,salvrätik,,tekstiil
612729,ERM B 142:44,laudlina,,tekstiil
612730,ERM B 142:45,salvrätik,,tekstiil
612731,ERM B 142:46,salvrätik,,tekstiil
612732,ERM B 142:47,salvrätik,,tekstiil
612744,ERM B 143:12,nõelapadi,,tekstiil
612745,ERM B 143:13/ab,suvesaapad,,nahk
612756,ERM B 159:43,"lõng, linane",,tekstiil
612757,ERM B 159:44,"lõng, linane",,tekstiil
612758,ERM B 159:45,"lõng, linane",,tekstiil
612759,ERM B 159:46,"lõng, linane",,tekstiil
612762,ERM B 159:49,"jakk, naiste",,tekstiil
612766,ERM B 159:53,pühaserätt,,tekstiil
612768,ERM B 159:55,laudlina,,tekstiil
612769,ERM B 159:56,laudlina,,tekstiil
612770,ERM B 159:57/ab,pühaseräti otsad,,tekstiil
612773,ERM B 159:60,kangas,,tekstiil
612775,ERM B 159:61,põll,,tekstiil
612778,ERM B 159:64,laudlina,,tekstiil
612795,ERM B 159:79/ab,särgi varrukad,,tekstiil
612928,ERM B 169:1,särk,,tekstiil
612929,ERM B 169:2,särk,,tekstiil
612930,ERM B 169:3,jalaräti riie,,tekstiil
612931,ERM B 169:4,pealinik,,tekstiil
612932,ERM B 169:5,pealinik,,tekstiil
612933,ERM B 169:6,pealinik,,tekstiil
612934,ERM B 169:7,pealiniku ots,,tekstiil
612943,ERM B 171:195,ajalehehoidja,,tekstiil
612960,ERM B 171:208,voodiäärepits,,tekstiil
612962,ERM B 171:209,"voodiäärepits, katke",,tekstiil
612963,ERM B 171:210,seeliku allääre vooder,,tekstiil
612966,ERM B 171:213,linik,,tekstiil
612974,ERM B 171:220,"pluus, naiste",,tekstiil
612982,ERM B 178:38,süstiku pool,,puit
612990,ERM B 178:45,niit,,tekstiil
612999,ERM B 178:53,laudlina,,tekstiil
613003,ERM B 178:56,põll,,tekstiil
613004,ERM B 178:57,"särk, naiste",,tekstiil
613005,ERM B 178:58,"rüü, naiste",,tekstiil
613009,ERM B 178:62,viisunöör,,tekstiil
613012,ERM B 178:65,pluuspõll,,tekstiil
613014,ERM B 178:66,pealinik,,tekstiil
613015,ERM B 178:67,põll,,tekstiil
613016,ERM B 178:68,põll,,tekstiil
613017,ERM B 178:69,laudlina,,tekstiil
613018,ERM B 178:70,tekilina,,tekstiil
613023,ERM B 70:10,pealinik,,tekstiil
613026,ERM B 70:13,"peakate, naiste",,tekstiil
613027,ERM B 70:14,"üleriie, naiste",,tekstiil
613056,ERM B 72:3,rüü,,tekstiil
613063,ERM B 72:10,ülerõivas,,tekstiil
613068,ERM B 73:3,särgi allääre ehisriba,,tekstiil
613069,ERM B 73:4,pluuspõll,,tekstiil
613076,ERM B 88:27,"rüü, naiste",,tekstiil
613083,ERM B 88:34/ab,õlakaunistused,,tekstiil
613089,ERM B 88:40,"kaftan, naiste",,tekstiil
613090,ERM B 88:41,"rüü, naiste",,tekstiil
613091,ERM B 88:42,kaelakett,,metall
613095,ERM B 88:46,"kaftan, naiste",,tekstiil
613098,ERM B 88:49,põll,,tekstiil
613099,ERM B 88:50,"särk, naiste",,tekstiil
613100,ERM B 88:51,rüü,,tekstiil
613102,ERM B 88:53,pühaserätt,,tekstiil
613110,ERM B 88:62,pealinik,,tekstiil
613115,ERM B 88:66,põll,,tekstiil
613116,ERM B 88:67,pealinik,,tekstiil
613117,ERM B 88:68,peapael,,tekstiil
613127,ERM B 98:65,voodi alaääre ilustis,,tekstiil
613129,ERM B 98:67,"müts, laste",,tekstiil
613210,ERM B 114:135,voodilina,,tekstiil
613213,ERM B 114:138,kleit,,tekstiil
613224,ERM B 114:149,voodikoti riie,,tekstiil
613225,ERM B 114:150,padjakott,,tekstiil
613226,ERM B 114:151,laudlina,,tekstiil
613227,ERM B 114:152,laudlina,,tekstiil
613231,ERM B 114:156,laudlina,,tekstiil
613232,ERM B 114:157,särk (kleit),,tekstiil
613234,ERM B 114:159,"laudlina, katkend",,tekstiil
613235,ERM B 114:160,särgiriie,,tekstiil
613236,ERM B 114:161,põll,,tekstiil
613237,ERM B 114:162,kandekott,,tekstiil
613249,ERM B 114:173,pealistis,,metall
613256,ERM B 132:19,lina,,tekstiil
613257,ERM B 132:20,linik,,tekstiil
613258,ERM B 132:21,linik,,tekstiil
613259,ERM B 132:22,laudlina,,tekstiil
613260,ERM B 132:23,laudlina,,tekstiil
613261,ERM B 132:24,laudlina,,tekstiil
613262,ERM B 132:25,linik,,tekstiil
613263,ERM B 132:26,pulmarätt,,tekstiil
613264,ERM B 132:27,laudlina,,tekstiil
613265,ERM B 132:28,pulmarätt,,tekstiil
613266,ERM B 132:29,saapad,,nahk
613268,ERM B 132:31,"jakk, naiste",,tekstiil
613271,ERM B 132:34,särk,,tekstiil
613272,ERM B 132:35,särk,,tekstiil
613273,ERM B 132:36,õlarätt,,tekstiil
613275,ERM B 132:38/a-d,tubakakoti kaunistused,,tekstiil
613282,ERM B 133:2,"särk, meeste",,tekstiil
613283,ERM B 133:3,"särk, meeste",,tekstiil
613284,ERM B 133:4,rüü,,tekstiil
613285,ERM B 133:5,"peakate, naiste",,tekstiil
613286,ERM B 133:6,"peakate, naiste",,tekstiil
613287,ERM B 133:7,"peakate, naiste",,tekstiil
613288,ERM B 133:8,"peakate, naiste",,tekstiil
613289,ERM B 133:9,"peakate, naiste",,tekstiil
613292,ERM B 133:12,pulmarätt,,tekstiil
613293,ERM B 133:13,põll,,tekstiil
613294,ERM B 133:14,"särk, meeste",,tekstiil
613295,ERM B 133:15,"särk, naiste",,tekstiil
613296,ERM B 133:16,"särk, naiste",,tekstiil
613297,ERM B 133:17,rüü,,tekstiil
613298,ERM B 133:18,"peakate, naiste",,tekstiil
613299,ERM B 133:19,"särk, meeste",,tekstiil
613301,ERM B 133:21,"peakate, naiste",,tekstiil
613302,ERM B 133:22,"peakate, naiste",,tekstiil
613306,ERM B 143:20/a-d,tootem,,nahk
613307,ERM B 143:21/a-d,tootem,,tekstiil
613308,ERM B 143:22/abc,tootem,,nahk
613309,ERM B 143:23/ab,tootem,,nahk
613310,ERM B 143:24/ab,tootem,,nahk
613311,ERM B 143:25/ab,"pearätik, paberrahadega",,tekstiil
613312,ERM B 143:26,pearätik,,tekstiil
613313,ERM B 143:27,rätik,,tekstiil
613314,ERM B 143:28,pearätik,,tekstiil
613315,ERM B 143:29,ohvririie,,tekstiil
613316,ERM B 143:30,"pearätik, paberrahadega",,tekstiil
613317,ERM B 143:31,ohvririie,,tekstiil
613318,ERM B 143:32,"pearätik, ohvrirahaga",,tekstiil
613319,ERM B 143:33,ohvririie,,tekstiil
613320,ERM B 143:34,pearätik,,tekstiil
613321,ERM B 143:35,ohvririie,,tekstiil
613322,ERM B 143:36,ohvririie,,tekstiil
613323,ERM B 143:37/a-d,"ohvririie, paberrahadega",,tekstiil
613324,ERM B 143:38,rüü,,tekstiil
613325,ERM B 143:39,ohvrirätik,,tekstiil
613326,ERM B 143:40,ohvririie,,tekstiil
613327,ERM B 143:41,rätik,,tekstiil
613328,ERM B 143:42,ohvririie,,tekstiil
613329,ERM B 143:43,ohvririie,,tekstiil
613330,ERM B 143:44,rätik,,tekstiil
613331,ERM B 143:45,ohvririie,,tekstiil
613332,ERM B 143:46,ohvririie,,tekstiil
613333,ERM B 143:47/a-j,"ohvrikimp: paberrahad, riidega",,tekstiil
613334,ERM B 143:48,rätik,,tekstiil
613335,ERM B 143:49,ohvririie,,tekstiil
613336,ERM B 143:50,ohvririie,,tekstiil
613337,ERM B 143:51/ab,"ohvrirätik, paberrahaga",,tekstiil
613338,ERM B 143:52,ohvrirätik,,tekstiil
613339,ERM B 143:53,ohvrikimp müntidega,,metall
613341,ERM B 143:55,"kultusese, nukk",,tekstiil
613342,ERM B 143:56/ab,tootem,,tekstiil
613343,ERM B 143:57/ab,tootem,,tekstiil
613344,ERM B 143:58,tootem,,tekstiil
613345,ERM B 143:59,tootem,,tekstiil
613346,ERM B 143:60,rätik,,tekstiil
613347,ERM B 143:61,rätik,,tekstiil
613348,ERM B 143:62,rüü,,tekstiil
613349,ERM B 143:63,rüü,,tekstiil
613350,ERM B 143:64/a-d,"riideriba, müntidega",,tekstiil
613351,ERM B 143:65,"kett, riideribadega",,tekstiil
613352,ERM B 143:66,ohvririie,,tekstiil
613353,ERM B 159:80,"särk, meeste",,tekstiil
613355,ERM B 159:82,pühaserätt,,tekstiil
613356,ERM B 159:83,pühaserätt,,tekstiil
613357,ERM B 159:84,pühaserätt,,tekstiil
613358,ERM B 159:85,pühaserätt,,tekstiil
613366,ERM B 159:93,vaip,,tekstiil
613370,ERM B 159:97,põrandariie,,tekstiil
613371,ERM B 159:98,põrandariie,,tekstiil
613372,ERM B 159:99,seinavaip,,tekstiil
613373,ERM B 159:100,padjapüür,,tekstiil
613374,ERM B 159:101,vaip,,tekstiil
613377,ERM B 159:104,pühaserätt,,tekstiil
613378,ERM B 159:105,pühaserätt,,tekstiil
613379,ERM B 159:106,"ülerõivas, naiste",,tekstiil
613381,ERM B 159:108,laudlina,,tekstiil
613382,ERM B 159:109,laudlina,,tekstiil
613385,ERM B 159:111,pühaserätt,,tekstiil
613386,ERM B 159:112,kleit,,tekstiil
613387,ERM B 159:113,vaip (tekk),,tekstiil
613388,ERM B 159:114,vaip,,tekstiil
613389,ERM B 159:115,pitstekk,,tekstiil
613391,ERM B 159:117,vaip (tekk),,tekstiil
613497,ERM B 169:8,käterätt,,tekstiil
613498,ERM B 169:9,rüü,,tekstiil
613499,ERM B 169:10,pealinik,,tekstiil
613500,ERM B 169:11,särk,,tekstiil
613501,ERM B 169:12,pealinik,,tekstiil
613502,ERM B 169:13,pealinik,,tekstiil
613504,ERM B 169:15,särk,,tekstiil
613505,ERM B 169:16,särk,,tekstiil
613506,ERM B 169:17,särk,,tekstiil
613507,ERM B 169:18,särk,,tekstiil
613508,ERM B 169:19,särk,,tekstiil
613509,ERM B 169:20,särk,,tekstiil
613510,ERM B 169:21,pealinik,,tekstiil
613511,ERM B 169:22,käterätt,,tekstiil
613513,ERM B 169:23,särk,,tekstiil
613516,ERM B 169:26,särk,,tekstiil
613517,ERM B 169:27,särk,,tekstiil
613518,ERM B 169:28,särk,,tekstiil
613519,ERM B 169:29,peapael,,tekstiil
613520,ERM B 169:30,"püksid, naiste",,tekstiil
613523,ERM B 169:33,pealinik,,tekstiil
613524,ERM B 169:34,pealinik,,tekstiil
613525,ERM B 169:35,särk,,tekstiil
613526,ERM B 169:36,särk,,tekstiil
613528,ERM B 169:38,särk,,tekstiil
613529,ERM B 169:39,särk,,tekstiil
613530,ERM B 169:40,peapael,,tekstiil
613531,ERM B 169:41,peapael,,tekstiil
613532,ERM B 169:42,pealinik,,tekstiil
613533,ERM B 169:43,pealinik,,tekstiil
613535,ERM B 169:45/1-2,pealiniku nõelad,,metall
613536,ERM B 169:46,pealiniku ots,,tekstiil
613538,ERM B 169:48,särk,,tekstiil
613539,ERM B 169:49,pealinik,,tekstiil
613540,ERM B 169:50,pealinik,,tekstiil
613541,ERM B 169:51,pealinik,,tekstiil
613542,ERM B 169:52,särk,,tekstiil
613543,ERM B 169:53,särk,,tekstiil
613544,ERM B 169:54,särk,,tekstiil
613545,ERM B 169:55,särk,,tekstiil
613547,ERM B 169:56,särk,,tekstiil
613548,ERM B 169:57,pühaselinik,,tekstiil
613550,ERM B 171:223,voodiäärelina,,tekstiil
613551,ERM B 171:224,heegellina,,tekstiil
613559,ERM B 171:230,"suss-saabas, meeste",,nahk
613561,ERM B 171:231,"suss-saabas, laste",,nahk
613568,ERM B 171:237,põll,,tekstiil
613587,ERM B 171:256,sussking,,nahk
613597,ERM B 178:80,pealinik,,tekstiil
613612,ERM B 179:1,"särk, meeste",,tekstiil
613621,ERM B 179:9,ajalehehoidja,,tekstiil
613624,ERM B 179:11,voodiäärelina,,tekstiil
613628,ERM B 73:7,pluuspõll,,tekstiil
613629,ERM B 73:8,särgi allääre ehisriba,,tekstiil
613630,ERM B 73:9,helmed,,klaas
613632,ERM B 73:11,särgi allääre ehisriba,,tekstiil
613634,ERM B 73:13,pluuspõll,,tekstiil
613639,ERM B 74:1,kleit,,tekstiil
613640,ERM B 74:2,põll,,tekstiil
613641,ERM B 74:3,"kuub, naiste",,tekstiil
613642,ERM B 74:4,peavöö,,tekstiil
613643,ERM B 74:5,pealinik,,tekstiil
613644,ERM B 74:6,"umbkuub, laste",,nahk
613645,ERM B 74:7,umbkuub,,tekstiil
613647,ERM B 75:2,aluskoti riie,,tekstiil
613652,ERM B 75:7,niit,,tekstiil
613653,ERM B 75:8,käteräti kaunistus,,tekstiil
613654,ERM B 75:9,käteräti kaunistus,,tekstiil
613655,ERM B 76:1,põll,,tekstiil
613656,ERM B 76:2,põll,,tekstiil
613657,ERM B 76:3,põll,,tekstiil
613658,ERM B 76:4,põll,,tekstiil
613659,ERM B 76:5,põll,,tekstiil
613662,ERM B 76:8/1,ikoonirätik,,tekstiil
613663,ERM B 76:8/2,ikoonirätik,,tekstiil
613664,ERM B 76:8/3,ikoonirätik,,tekstiil
613665,ERM B 76:8/4,ikoonirätik,,tekstiil
613671,ERM B 76:14,ikoonirätik,,tekstiil
613672,ERM B 76:15,peapael,,tekstiil
613673,ERM B 76:16,peapael,,tekstiil
613674,ERM B 76:17,peapael,,tekstiil
613675,ERM B 76:18,peapael,,tekstiil
613676,ERM B 76:19,peapael,,tekstiil
613688,ERM B 88:76,käevõru,,metall
613689,ERM B 88:77,käevõru,,metall
613691,ERM B 88:79,"särk, meeste",,tekstiil
613693,ERM B 88:81,püksid,,tekstiil
613694,ERM B 88:82,"särk, naiste",,tekstiil
613695,ERM B 88:83,"kaftan, naiste",,tekstiil
613696,ERM B 88:84,pealiniku ots,,tekstiil
613698,ERM B 88:86,"särk, naiste",,tekstiil
613699,ERM B 88:87,"särk, naiste",,tekstiil
613700,ERM B 88:88,"särk, naiste",,tekstiil
613701,ERM B 88:89,pealinik,,tekstiil
613703,ERM B 88:91,pealiniku ots,,tekstiil
613705,ERM B 88:93,"palitu, sõidumantel, meeste",,tekstiil
613760,ERM B 100:3,rinnaehe,klaas,tekstiil
613765,ERM B 100:7,"suvekuub, tüdrukute",,tekstiil
613767,ERM B 100:9,kleidi varruka värvel,,tekstiil
613771,ERM B 100:13,kleit,,tekstiil
613772,ERM B 100:14,"suvekuub, tüdrukute",,tekstiil
613777,ERM B 100:19/1-2,ornamendiribad,,nahk
613808,ERM B 115:2,"särk, meeste",,tekstiil
613853,ERM B 133:23,"peakate, naiste",,tekstiil
613854,ERM B 133:24,"peakate, naiste",,tekstiil
613855,ERM B 133:25,"särk, naiste",,tekstiil
613856,ERM B 133:26,"särk, meeste",,tekstiil
613857,ERM B 133:27,"rüü, naiste",,tekstiil
613858,ERM B 133:28,põll,,tekstiil
613859,ERM B 133:29/ab,varrukate otsad,,tekstiil
613867,ERM B 133:37,"särk, naiste",,tekstiil
613868,ERM B 133:38,"peakate, naiste",,tekstiil
613870,ERM B 133:40,"peakate, naiste",,tekstiil
613871,ERM B 133:41,rüü,,tekstiil
613873,ERM B 133:43,õllekopp,,puit
613879,ERM B 133:49,särk-kleit,,tekstiil
613880,ERM B 133:50,rüü,,tekstiil
613881,ERM B 133:51,rüü,,tekstiil
613882,ERM B 133:52,"peakate, naiste",,tekstiil
613883,ERM B 133:53,"peakate, naiste",,tekstiil
613884,ERM B 133:54,"peakate, naiste",,tekstiil
613885,ERM B 133:55,pühaserätt,,tekstiil
613886,ERM B 133:56/ab,pitsid,,tekstiil
613887,ERM B 133:57,"ülerõivas, naiste",,tekstiil
613888,ERM B 133:58,rüü,,tekstiil
613890,ERM B 133:60,"särk, meeste",,tekstiil
613892,ERM B 133:62,rüü,,tekstiil
613893,ERM B 133:63,"peakate, naiste",,tekstiil
613894,ERM B 133:64,põll,,tekstiil
613895,ERM B 133:65,kleit,,tekstiil
613896,ERM B 133:66,rüü,,tekstiil
613897,ERM B 133:67,"särk, naiste",,tekstiil
613898,ERM B 133:68,pulmarätt,,tekstiil
613899,ERM B 133:69,"peakate, naiste",,tekstiil
613900,ERM B 133:70,"peakate, naiste",,tekstiil
613901,ERM B 133:71,"peakate, naiste",,tekstiil
613902,ERM B 133:72,"peakate, naiste",,tekstiil
613903,ERM B 133:73,"peakate, naiste",,tekstiil
613904,ERM B 143:67,karu pea,,nahk
613906,ERM B 143:69,karu käpp,,nahk
613907,ERM B 143:70/abc,karu näo ja käppade nahad,,nahk
613911,ERM B 143:74/a-d,"sõrmused, riideribaga",,metall
613912,ERM B 143:75,"umbkuub, maalitsa kate",,tekstiil
613920,ERM B 143:83/abc,"kultusese, nukk",,puit
613921,ERM B 143:84/ab,"kultusese, nukk",,puit
613923,ERM B 143:86/abc,tootem,,puit
613924,ERM B 143:87/ab,käsitöökoti ornamendid,,tekstiil
613925,ERM B 143:88,"kuub, tütarlaste",,tekstiil
613931,ERM B 143:94,ripats,,metall
613932,ERM B 143:95,ripats,,metall
613933,ERM B 143:96,ripats,,metall
613934,ERM B 143:97,ripats,,metall
613935,ERM B 143:98,ripats,,metall
613939,ERM B 143:102,käsitöökott,,tekstiil
613977,ERM B 160:5,viisk,,puit
613996,ERM B 161:12,padjapüür,,tekstiil
614001,ERM B 161:17,põrandariie,,tekstiil
614002,ERM B 161:18,põrandariie,,tekstiil
614096,ERM B 169:58,põll,,tekstiil
614098,ERM B 169:60,peapael,,tekstiil
614099,ERM B 169:61,peapael,,tekstiil
614100,ERM B 169:62,peapael,,tekstiil
614101,ERM B 169:63,vöö,,tekstiil
614102,ERM B 169:64,rüü,,tekstiil
614103,ERM B 169:65,särk,,tekstiil
614104,ERM B 169:66,põll,,tekstiil
614106,ERM B 169:67,"särk, meeste",,tekstiil
614107,ERM B 169:68,"peakate, naiste",,tekstiil
614108,ERM B 169:69,"põll, pulma",,tekstiil
614113,ERM B 169:73,käterätt,,tekstiil
614114,ERM B 169:74,käterätt,,tekstiil
614115,ERM B 169:75,rüü,,tekstiil
614117,ERM B 169:76,peapael,,tekstiil
614126,ERM B 169:84,"ülerõivas, naiste",,tekstiil
614127,ERM B 169:85,"ülerõivas, naiste",,tekstiil
614171,ERM B 172:4/ab,"saapad, naiste",,nahk
614202,ERM B 76:28/1,ikoonirätik,,tekstiil
614203,ERM B 76:28/2,ikoonirätik,,tekstiil
614204,ERM B 76:28/3,ikoonirätik,,tekstiil
614205,ERM B 76:28/4,ikoonirätik,,tekstiil
614206,ERM B 76:29,pealinik,,tekstiil
614207,ERM B 76:30,peapael,,tekstiil
614211,ERM B 76:34,kuub,,tekstiil
614214,ERM B 76:36,"särk, meeste",,tekstiil
614219,ERM B 76:41,tanu,,tekstiil
614220,ERM B 76:42,tanu,,tekstiil
614221,ERM B 76:43,tanu,,tekstiil
614222,ERM B 76:44,tanu,,tekstiil
614223,ERM B 76:45,tanu,,tekstiil
614224,ERM B 76:46,põll,,tekstiil
614225,ERM B 76:47,põll,,tekstiil
614226,ERM B 76:48,põll,,tekstiil
614227,ERM B 76:49,rüü,,tekstiil
614228,ERM B 76:50,rüü,,tekstiil
614229,ERM B 76:51,tanu,,tekstiil
614233,ERM B 76:55,põll,,tekstiil
614234,ERM B 76:56,põll,,tekstiil
614235,ERM B 76:57,pearätik,,tekstiil
614237,ERM B 76:59,rüü,,tekstiil
614238,ERM B 76:60,tanu,,tekstiil
614239,ERM B 76:61/ab,ehe,,tekstiil
614289,ERM B 88:158,kott,,tekstiil
614290,ERM B 88:159,"proov, tikitud kanga",,tekstiil
614300,ERM B 100:21,kleit,,tekstiil
614304,ERM B 100:25,kleit,,tekstiil
614305,ERM B 100:26,rätik,,tekstiil
614306,ERM B 100:28,soonniidid,,tekstiil
614308,ERM B 100:29,kleit,,tekstiil
614310,ERM B 100:31,"rüü, naiste",,tekstiil
614311,ERM B 100:32,kleit,,tekstiil
614338,ERM B 101:2,"seinalinik, vaip",,tekstiil
614365,ERM B 103:11,käterätt,,tekstiil
614368,ERM B 103:14/1-2,käteräti otsad,,tekstiil
614390,ERM B 116:25/ab,karvasaabaste ornamendiribad,,nahk
614391,ERM B 116:26/ab,ornamendiribad,,nahk
614393,ERM B 116:27/ab,karvasaabaste mudelid,,nahk
614396,ERM B 116:30,"särk, meeste",,tekstiil
614397,ERM B 116:31,"rüü, tüdrukute",,tekstiil
614398,ERM B 116:32,"kleit, tüdrukute",,tekstiil
614399,ERM B 116:33,käevõru,,plastik
614400,ERM B 116:34,kellarihma ilustus,,plastik
614401,ERM B 116:35,"rüü, naiste",,tekstiil
614402,ERM B 116:36,kleit,,tekstiil
614404,ERM B 116:38,kott,,tekstiil
614407,ERM B 116:41,rüü,,tekstiil
614410,ERM B 117:1,põrandariie,,tekstiil
614411,ERM B 117:2,põrandariie,,tekstiil
614413,ERM B 117:4,"käterätt, katkend",,tekstiil
614414,ERM B 117:5,padjakate,,tekstiil
614415,ERM B 117:6,linake,,tekstiil
614416,ERM B 117:7/ab,käteräti pitsid,,tekstiil
614417,ERM B 117:8,kinnas,,tekstiil
614418,ERM B 117:9,"kinnas, laste",,tekstiil
614421,ERM B 118:3,kott,,tekstiil
614422,ERM B 118:4/ab,"karvasaapad, meeste",,nahk
614423,ERM B 118:5/ab,"karvasaapad, meeste",,nahk
614425,ERM B 133:75/ab,"jalarätid, naiste",,tekstiil
614426,ERM B 133:76,"rüü, naiste",,tekstiil
614427,ERM B 133:77,särk,,tekstiil
614428,ERM B 133:78,"rüü, naiste",,tekstiil
614429,ERM B 133:79,"särk, meeste",,tekstiil
614430,ERM B 133:80,"särk, naiste",,tekstiil
614432,ERM B 133:82,"peakate, naiste",,tekstiil
614433,ERM B 133:83,"peakate, naiste",,tekstiil
614434,ERM B 133:84,"peakate, naiste",,tekstiil
614435,ERM B 133:85,pearätik,,tekstiil
614436,ERM B 133:86,"särk, meeste",,tekstiil
614437,ERM B 133:87,"särk, naiste",,tekstiil
614438,ERM B 133:88,"rüü, naiste",,tekstiil
614439,ERM B 133:89,"särk, naiste",,tekstiil
614440,ERM B 133:90,"särk, naiste",,tekstiil
614441,ERM B 133:91/ab,jalarätid,,tekstiil
614442,ERM B 133:92,"rüü, naiste",,tekstiil
614443,ERM B 133:93,"peakate, naiste",,tekstiil
614444,ERM B 133:94,"peakate, naiste",,tekstiil
614446,ERM B 133:96,"peakate, naiste",,tekstiil
614447,ERM B 133:97,"särk, naiste",,tekstiil
614449,ERM B 133:99,"särk, naiste",,tekstiil
614450,ERM B 133:100,"särk, meeste",,tekstiil
614451,ERM B 133:101,"särk, naiste",,tekstiil
614452,ERM B 133:102,"peakate, naiste",,tekstiil
614453,ERM B 133:103,"rüü, naiste",,tekstiil
614454,ERM B 133:104,"särk, naiste",,tekstiil
614455,ERM B 133:105,"särk, meeste",,tekstiil
614456,ERM B 133:106,"peakate, naiste",,tekstiil
614457,ERM B 133:107,"peakate, naiste",,tekstiil
614458,ERM B 133:108,"peakate, naiste",,tekstiil
614459,ERM B 133:109,"peakate, naiste",,tekstiil
614460,ERM B 133:110,"peakate, naiste",,tekstiil
614462,ERM B 133:112,"särk, meeste",,tekstiil
614465,ERM B 133:115,põll,,tekstiil
614466,ERM B 133:116,"peakate, naiste",,tekstiil
614467,ERM B 133:117,"särk, naiste",,tekstiil
614468,ERM B 133:118,pearätik,,tekstiil
614469,ERM B 133:119,pühaserätt,,tekstiil
614470,ERM B 133:120,särk-kleit,,tekstiil
614471,ERM B 133:121,"peakate, naiste",,tekstiil
614472,ERM B 133:122,"peakate, naiste",,tekstiil
614473,ERM B 133:123,"peakate, naiste",,tekstiil
614476,ERM B 146:4,põlvelinik,,tekstiil
614478,ERM B 146:6,"seinakaunistus, vaip",,tekstiil
614479,ERM B 146:7,laudlina,,tekstiil
614480,ERM B 146:8,põlvelinik,,tekstiil
614481,ERM B 146:9,salvrätik,,tekstiil
614482,ERM B 146:10,põll,,tekstiil
614483,ERM B 146:11,"põlvelinik, põlverätt",,tekstiil
614485,ERM B 146:13,põll,,tekstiil
614486,ERM B 146:14,seinalinik,,tekstiil
614487,ERM B 146:15,seinalinik,,tekstiil
614488,ERM B 146:16,kleit,,tekstiil
614489,ERM B 146:17,põll,,tekstiil
614490,ERM B 146:18,laudlina,,tekstiil
614491,ERM B 146:19,"rüü, kaftan, naiste",,tekstiil
614492,ERM B 146:20,põlvelinik (rätt),,tekstiil
614493,ERM B 146:21,põll,,tekstiil
614494,ERM B 146:22,kleit,,tekstiil
614495,ERM B 146:23,põlvelinik,,tekstiil
614496,ERM B 146:24,põlvelinik (rätt),,tekstiil
614497,ERM B 146:25,laubalinik,,tekstiil
614498,ERM B 146:26,"kaftan, naiste",,tekstiil
614499,ERM B 146:27,põll,,tekstiil
614500,ERM B 146:28,kleit,,tekstiil
614501,ERM B 146:29,kleit,,tekstiil
614502,ERM B 146:30,istepingi kate,,tekstiil
614503,ERM B 146:31,põlvelinik,,tekstiil
614504,ERM B 146:32,"koonlapuu, katke",,puit
614505,ERM B 146:33,kleit,,tekstiil
614506,ERM B 146:34,põll,,tekstiil
614508,ERM B 146:36,"kaftan, naiste",,tekstiil
614510,ERM B 146:38,"ülerõivas, naiste",,tekstiil
614511,ERM B 146:39,"põll, meeste",,tekstiil
614512,ERM B 146:40,"kaftan, meeste",,tekstiil
614513,ERM B 146:41,"rinnalapp, kleidi",,tekstiil
614514,ERM B 146:42,"rinnalapp, kleidi",,tekstiil
614515,ERM B 146:43,"rinnalapp, kleidi",,tekstiil
614516,ERM B 146:44,"rinnalapp, kleidi",,tekstiil
614517,ERM B 146:45,pearätik,,tekstiil
614518,ERM B 146:46,seinalinik,,tekstiil
614521,ERM B 146:49,lina,,tekstiil
614522,ERM B 146:50,lõngakera,,tekstiil
614523,ERM B 146:51,seinalinik,,tekstiil
614528,ERM B 161:23,kingapealselõige,,puit
614534,ERM B 161:29/ab,kindad,,tekstiil
614538,ERM B 161:33/ab,saapad,,nahk
614547,ERM B 161:42,padjapüür,,tekstiil
614548,ERM B 161:43,linik,,tekstiil
614549,ERM B 161:44,lina,,tekstiil
614551,ERM B 161:46,ajalehehoidja,,tekstiil
614552,ERM B 161:47,eesriie,,tekstiil
614553,ERM B 161:48,eesriie,,tekstiil
614554,ERM B 161:49,eesriie,,tekstiil
614555,ERM B 161:50,eesriie,,tekstiil
614557,ERM B 161:52,pühaserätt,,tekstiil
614558,ERM B 161:53,pühaserätt,,tekstiil
614559,ERM B 161:54/ab,"kostüüm, seelik ja pluus",,tekstiil
614562,ERM B 161:55,"kattelina, õmblusmasina",,tekstiil
614563,ERM B 161:56,lina,,tekstiil
614564,ERM B 161:57,lina,,tekstiil
614565,ERM B 161:58,lina,,tekstiil
614566,ERM B 161:59,linik,,tekstiil
614567,ERM B 161:60,padjapüür,,tekstiil
614568,ERM B 161:61,voodikaunistus,,tekstiil
614574,ERM B 161:67/ab,saapad,,nahk
614671,ERM B 169:104,"ülerõivas, naiste",,tekstiil
614676,ERM B 169:109,"ülerõivas, meeste",,tekstiil
614681,ERM B 169:113,"ülerõivas, naiste",,tekstiil
614698,ERM B 172:6,vöö,,tekstiil
614699,ERM B 172:7,suvekuub,,tekstiil
614710,ERM B 172:15,koerarakend,,tekstiil
614715,ERM B 172:20/ab,"saapad, poiste",,nahk
614718,ERM B 172:22,padrunitasku,,tekstiil
614723,ERM B 172:26,tikutoosi tasku,,nahk
614727,ERM B 172:30/ab,"saapad, meeste",,nahk
614739,ERM B 172:42,kõõlusniidid,,nahk
614768,ERM B 77:1,põll,,tekstiil
614769,ERM B 77:2,põll,,tekstiil
614770,ERM B 77:3,särkkleidi kaunistus,,tekstiil
614771,ERM B 77:4,pealinik,,tekstiil
614773,ERM B 77:6,särkkleit,,tekstiil
614774,ERM B 77:7,"laubaside, neiu",,tekstiil
614776,ERM B 77:9/ab,pealiniku otsad,,tekstiil
614777,ERM B 77:10,"üleriie, naiste",,tekstiil
614778,ERM B 77:11,"üleriie, naiste",,tekstiil
614779,ERM B 77:12,"üleriie, naiste",,tekstiil
614780,ERM B 77:13,särkkleit,,tekstiil
614781,ERM B 77:14,laudlina,,tekstiil
614782,ERM B 77:15,"üleriie, naiste",,tekstiil
614783,ERM B 77:16,särkkleit,,tekstiil
614787,ERM B 77:20,"üleriie, naiste",,tekstiil
614788,ERM B 77:21,põll,,tekstiil
614789,ERM B 77:22,"üleriie, naiste",,tekstiil
614790,ERM B 77:23,särkkleit,,tekstiil
614791,ERM B 77:24,"üleriie, naiste",,tekstiil
614793,ERM B 77:26,"särk, naiste",,tekstiil
614794,ERM B 77:27,"üleriie, naiste",,tekstiil
614802,ERM B 77:35,laudlina,,tekstiil
614805,ERM B 77:38,laudlina,,tekstiil
614809,ERM B 78:3/ab,saapapealsed,,puit
614810,ERM B 78:4,kott,,tekstiil
614811,ERM B 78:5/ab,vildid,,tekstiil
614812,ERM B 78:6,peakate,,tekstiil
614843,ERM B 101:11/ab,"poolsaapad, meeste",,nahk
614852,ERM B 101:20,põrandavaip,,tekstiil
614854,ERM B 101:21,põrandavaip,,tekstiil
614857,ERM B 101:23,seinalinik,,tekstiil
614858,ERM B 101:24,pühaserätt,,tekstiil
614863,ERM B 101:28,paslik,,tekstiil
614873,ERM B 101:38/ab,pühaseräti otsad,,tekstiil
614876,ERM B 101:41,voodi küljekaunistus,,puit
614877,ERM B 101:42,voodi küljekaunistus,,puit
614878,ERM B 101:43,voodi küljekaunistus,,puit
614884,ERM B 101:49,pühaserätt,,tekstiil
614886,ERM B 101:51,käteräti otsapitsid,,tekstiil
614903,ERM B 103:33,magamiskott,,tekstiil
614906,ERM B 103:36,jalavaip,,tekstiil
614911,ERM B 103:39,käterätt,,tekstiil
614912,ERM B 103:40,särgi alumine osa,,tekstiil
614935,ERM B 103:61,"särk, naiste",,tekstiil
614939,ERM B 118:8,"müts, naiste",,tekstiil
614943,ERM B 119:2,kärbsevari,,tekstiil
614944,ERM B 119:3,hällikate,,tekstiil
614945,ERM B 119:4,rüü,,tekstiil
614946,ERM B 119:5,särgialane,,tekstiil
614948,ERM B 119:7,riidetükk,,tekstiil
614949,ERM B 119:8,padjakott,,tekstiil
614950,ERM B 119:9,pael,,tekstiil
614951,ERM B 119:10,pael,,tekstiil
614952,ERM B 119:11,pael,,tekstiil
614953,ERM B 119:12,pael,,tekstiil
614954,ERM B 119:13,pael,,tekstiil
614955,ERM B 119:14,pael,,tekstiil
614956,ERM B 119:15,pael,,tekstiil
614957,ERM B 119:16,pael,,tekstiil
614958,ERM B 119:17,pael,,tekstiil
614959,ERM B 119:18,rüü,,tekstiil
614976,ERM B 120:2,käekott,,tekstiil
614981,ERM B 121:4,kott,,tekstiil
614982,ERM B 121:5,rüü,,tekstiil
614988,ERM B 133:124,põll,,tekstiil
614989,ERM B 133:125,põll,,tekstiil
614990,ERM B 133:126,"särk (pluus), meeste",,tekstiil
614992,ERM B 133:128,pluus,,tekstiil
614993,ERM B 133:129/ab,õlailustused,,tekstiil
614994,ERM B 133:130/ab,kätised,,tekstiil
614995,ERM B 133:131,põll,,tekstiil
614997,ERM B 133:133,rätik,,tekstiil
614998,ERM B 133:134,rüü,,tekstiil
614999,ERM B 133:135,põll,,tekstiil
615000,ERM B 133:136,põlle seljapael,,tekstiil
615002,ERM B 133:138,"rüü, naiste",,tekstiil
615003,ERM B 133:139,"peakate, naiste",,tekstiil
615004,ERM B 133:140,"särk, naiste",,tekstiil
615005,ERM B 133:141,rüü,,tekstiil
615006,ERM B 133:142,põll,,tekstiil
615007,ERM B 133:143,"särk, naiste",,tekstiil
615008,ERM B 133:144,rüü,,tekstiil
615009,ERM B 133:145,"peakate, naiste",,tekstiil
615010,ERM B 133:146,"särk, naiste",,tekstiil
615012,ERM B 133:148,põll,,tekstiil
615013,ERM B 133:149,põll,,tekstiil
615014,ERM B 133:150,põll,,tekstiil
615016,ERM B 133:152,"peakate, naiste",,tekstiil
615017,ERM B 133:153,"peakate, naiste",,tekstiil
615018,ERM B 133:154,"peakate, naiste",,tekstiil
615019,ERM B 133:155,"peakate, naiste",,tekstiil
615026,ERM B 133:162,pulmarätik,,tekstiil
615027,ERM B 133:163,kaelakee,,plastik
615029,ERM B 133:165,särk (kleit),,tekstiil
615030,ERM B 133:166,"särk, naiste",,tekstiil
615031,ERM B 133:167/ab,"peakate, naiste",,tekstiil
615032,ERM B 133:168,"särk, naiste",,tekstiil
615033,ERM B 133:169,"peakate, naiste",,tekstiil
615034,ERM B 133:170,rüü,,tekstiil
615035,ERM B 133:171,"peakate, naiste",,tekstiil
615036,ERM B 133:172,rüü,,tekstiil
615037,ERM B 133:173,"ülerõivas, naiste",,tekstiil
615039,ERM B 146:52,seinalinik,,tekstiil
615040,ERM B 146:53,kardin,,tekstiil
615041,ERM B 146:54,"vöö, naiste",,tekstiil
615043,ERM B 146:56,istepingi kate,,tekstiil
615044,ERM B 146:57,rinnalapp,,tekstiil
615045,ERM B 146:58,pearätik,,tekstiil
615046,ERM B 146:59,pearätik,,tekstiil
615047,ERM B 146:60,istepadja kate,,tekstiil
615048,ERM B 146:61,kleit,,tekstiil
615049,ERM B 146:62,põll,,tekstiil
615050,ERM B 146:63,pearätik,,tekstiil
615051,ERM B 146:64,kleit,,tekstiil
615052,ERM B 146:65,põll,,tekstiil
615053,ERM B 146:66,põll,,tekstiil
615054,ERM B 146:67,rätik,,tekstiil
615055,ERM B 146:68,laudlina,,tekstiil
615056,ERM B 146:69,kleit,,tekstiil
615057,ERM B 146:70,põll,,tekstiil
615058,ERM B 146:71,põll,,tekstiil
615059,ERM B 146:72,põll,,tekstiil
615060,ERM B 146:73,põll,,tekstiil
615061,ERM B 146:74,"rinnalapp, kleidi",,tekstiil
615062,ERM B 146:75,istepingi kate,,tekstiil
615063,ERM B 146:76,püksiriie,,tekstiil
615064,ERM B 146:77,põll,,tekstiil
615065,ERM B 146:78,pearätik,,tekstiil
615066,ERM B 146:79,põll,,tekstiil
615068,ERM B 146:81,pearätik,,tekstiil
615069,ERM B 146:82,püksid,,tekstiil
615070,ERM B 146:83,istepingi kate,,tekstiil
615071,ERM B 146:84,pealinik,,tekstiil
615072,ERM B 146:85,"rinnalapp, kleidi",,tekstiil
615074,ERM B 146:87,seinalinik,,tekstiil
615075,ERM B 146:88,linik,,tekstiil
615077,ERM B 146:90,kleit,,tekstiil
615078,ERM B 146:91,põll,,tekstiil
615087,ERM B 146:100,patsiehe,,tekstiil
615091,ERM B 161:69/ab,"saapad, naiste",,nahk
615092,ERM B 161:70,linik,,tekstiil
615093,ERM B 161:71/ab,saapad,,nahk
615106,ERM B 161:83/ab,saapad,,nahk
615131,ERM B 161:108,põrandariie,,tekstiil
615132,ERM B 161:109,põrandariie,,tekstiil
615133,ERM B 161:110,põrandariie,,tekstiil
615134,ERM B 161:111,põrandariie,,tekstiil
615276,ERM B 172:48/ab,"karp, kaanega",,puit
615288,ERM B 172:58,mänguasi: nukk,,
615300,ERM B 173:1,kaelakee,,
615301,ERM B 173:2,rahakott,,tekstiil
615302,ERM B 173:3,pluus,,tekstiil
615304,ERM B 173:4,suveniir: pross,,nahk
615323,ERM B 56:9,vöökaunistus,,karp
615331,ERM B 56:17,kleit,,tekstiil
615342,ERM B 56:27,"pael, särgi alaääre",,tekstiil
615368,ERM B 79:20,"üleriie, naiste",,tekstiil
615387,ERM B 80:15,voodi päevalina äär,,tekstiil
615389,ERM B 80:17,mänguasi: nukk,puuvill,tekstiil
615427,ERM B 101:58/ab,pühaseräti otsapits,,tekstiil
615430,ERM B 102:1,kleit,,tekstiil
615431,ERM B 102:2,põll,,tekstiil
615432,ERM B 102:3,pealiniku ots,,tekstiil
615433,ERM B 102:4,kleit,,tekstiil
615435,ERM B 102:6,kleit,,tekstiil
615436,ERM B 102:7,kleit,,tekstiil
615447,ERM B 102:18,laudlina,,tekstiil
615448,ERM B 102:19,"särk, meeste",,tekstiil
615453,ERM B 102:24,riidenäidis,,tekstiil
615454,ERM B 102:25,riidenäidis,,tekstiil
615455,ERM B 102:26,pealinik,,tekstiil
615456,ERM B 102:27,viisu pael,,tekstiil
615457,ERM B 102:28,"pikk-kuub, naiste",,tekstiil
615458,ERM B 102:29,voodikott,,tekstiil
615461,ERM B 102:32,"pikk-kuub, meeste",,tekstiil
615463,ERM B 102:34,sääsevari,,tekstiil
615464,ERM B 102:35,"pikk-kuub, naiste",,tekstiil
615466,ERM B 102:37,"vooditekk, katkend",,tekstiil
615467,ERM B 102:38,kleit,,tekstiil
615468,ERM B 102:39,peapael,,tekstiil
615475,ERM B 103:64,käterätt,,tekstiil
615489,ERM B 103:76,mälestusraamat,,paber
615492,ERM B 103:78,ikoon,,puit
615495,ERM B 104:1,särk,,tekstiil
615497,ERM B 104:2,rüü,,tekstiil
615498,ERM B 104:3,põll,,tekstiil
615499,ERM B 104:4,peakate,,tekstiil
615502,ERM B 104:7/1,nööp,,plastik
615503,ERM B 104:7/2,nööp,,plastik
615504,ERM B 104:7/3,nööp,,plastik
615505,ERM B 104:7/4,nööp,,plastik
615506,ERM B 104:7/5,nööp,,metall
615507,ERM B 105:1,"pits, voodilina äärepits",,tekstiil
615508,ERM B 105:2,põrandavaip,,tekstiil
615512,ERM B 105:6,laudlina,,tekstiil
615513,ERM B 105:7,linik,,tekstiil
615516,ERM B 105:10,toolipadi,,tekstiil
615519,ERM B 105:12,"mütsilindid, naiste",,tekstiil
615522,ERM B 121:12/ab,"suvesaapad, naiste",,nahk
615524,ERM B 121:14,kleit,,tekstiil
615525,ERM B 121:15/ab,"sussid, naiste",,tekstiil
615527,ERM B 121:17,kleit,,tekstiil
615529,ERM B 121:19/ab,labakindad,,tekstiil
615531,ERM B 121:21,kleit,,tekstiil
615532,ERM B 121:22/ab,labakindad,,tekstiil
615534,ERM B 121:24,"kultusese, müts, meeste",,tekstiil
615535,ERM B 121:25,"kultusese, müts, meeste",,tekstiil
615536,ERM B 121:26,pearätik,,tekstiil
615537,ERM B 121:27,pearätik,,tekstiil
615538,ERM B 121:28/ab,sussid,,tekstiil
615539,ERM B 121:29,"rüü, naiste",,tekstiil
615540,ERM B 121:30,"rüü, naiste",,tekstiil
615541,ERM B 121:31/ab,labakindad,,tekstiil
615542,ERM B 121:32/ab,sussid,,tekstiil
615544,ERM B 121:34/ab,labakindad,,tekstiil
615546,ERM B 121:36,"kultusese, müts, meeste",,tekstiil
615547,ERM B 121:37,"kultusese, müts, meeste",,tekstiil
615549,ERM B 121:39,rätik,,tekstiil
615552,ERM B 121:42/ab,"talvesaapad, laste",,tekstiil
615553,ERM B 121:43/ab,mänguasi: nukk rätiga,,tekstiil
615555,ERM B 121:45,"särk, meeste",,tekstiil
615556,ERM B 121:46/ab,"sussid, laste",,tekstiil
615560,ERM B 121:50,pullu,,puit
615561,ERM B 121:51,"müts, meeste",,tekstiil
615562,ERM B 121:52,"ohvrivaip, kultusese",,tekstiil
615566,ERM B 122:4,pühaserätt,,tekstiil
615567,ERM B 122:5,aluskott,,tekstiil
615568,ERM B 122:6,aluskott,,tekstiil
615570,ERM B 122:8,"pulmasärk, naiste",,tekstiil
615572,ERM B 133:175,"särk, naiste",,tekstiil
615573,ERM B 133:176,"peakate, naiste",,tekstiil
615577,ERM B 133:180/ab,kõrvaehted,,metall
615578,ERM B 133:181,"särk, naiste",,tekstiil
615579,ERM B 133:182,"särk, naiste",,tekstiil
615580,ERM B 133:183,pühaserätt,,tekstiil
615581,ERM B 133:184,"peakate, naiste",,tekstiil
615582,ERM B 133:185,"peakate, naiste",,tekstiil
615583,ERM B 133:186,"peakate, naiste",,tekstiil
615584,ERM B 133:187,"peakate, naiste",,tekstiil
615585,ERM B 133:188,"peakate, naiste",,tekstiil
615592,ERM B 134:4,diivanikate,,tekstiil
615598,ERM B 134:10,linik,,tekstiil
615599,ERM B 134:11,linik,,tekstiil
615600,ERM B 134:12,linik,,tekstiil
615601,ERM B 134:13,aknakardin,,tekstiil
615613,ERM B 134:25,põrandavaip,,tekstiil
615618,ERM B 134:30,põrandariie,,tekstiil
615619,ERM B 134:31,põrandariie,,tekstiil
615624,ERM B 147:3,nõelapadi,,tekstiil
615626,ERM B 147:5,ornamendiriba,,nahk
615627,ERM B 147:6/ab,"labakindad, naiste",,tekstiil
615629,ERM B 147:8/ab,"sukad, naiste",,tekstiil
615630,ERM B 147:9,"kultusese, rüü, meeste",,tekstiil
615632,ERM B 147:11,"kultusese, vöö",,tekstiil
615633,ERM B 147:12,ohvrivaip,,tekstiil
615634,ERM B 147:13,"rüü, naiste",,tekstiil
615635,ERM B 147:14,nõelapadi,,tekstiil
615636,ERM B 147:15,ohvrivaip,,tekstiil
615637,ERM B 147:16,ohvrivaip,,tekstiil
615638,ERM B 147:17,"kultusese, vöö",,nahk
615639,ERM B 147:18,"kultusese, müts",,tekstiil
615640,ERM B 147:19,"kultusese, müts",,tekstiil
615641,ERM B 147:20,"kultusese, müts",,tekstiil
615648,ERM B 148:7,"särk, meeste",,tekstiil
615653,ERM B 148:12,leivakott,,tekstiil
615654,ERM B 148:13,võrk,,tekstiil
615659,ERM B 148:18,käterätt,,tekstiil
615660,ERM B 148:19,voodikate,,tekstiil
615661,ERM B 148:20,käterätt,,tekstiil
615662,ERM B 148:21,alusseelik,,tekstiil
615666,ERM B 148:25,veinivõtmise nõu,kõrvits,toit
615676,ERM B 162:2,vöö,,tekstiil
615677,ERM B 162:3,"ülerõivas, naiste",,tekstiil
615678,ERM B 162:4,põll,,tekstiil
615679,ERM B 162:5,"särk, naiste",,tekstiil
615680,ERM B 162:6,kaelakett,,metall
615682,ERM B 162:8,riideproov,,tekstiil
615683,ERM B 162:9,"särk, rinnakaunistus",,tekstiil
615684,ERM B 162:10,"särk, rinnakaunistus",,tekstiil
615685,ERM B 162:11,"särk, rinnakaunistus",,tekstiil
615686,ERM B 162:12,peapael,,tekstiil
615687,ERM B 162:13,vöö,,tekstiil
615688,ERM B 162:14,"särk, õlakaunistus, naiste",,tekstiil
615689,ERM B 162:15,"särk, õlakaunistus, naiste",,tekstiil
615690,ERM B 162:16,"särk, õlakaunistus, naiste",,tekstiil
615691,ERM B 162:17,"särk, õlakaunistus, naiste",,tekstiil
615692,ERM B 162:18,põll,,tekstiil
615693,ERM B 162:19,"särk, naiste",,tekstiil
615694,ERM B 162:20,"särk, naiste",,tekstiil
615695,ERM B 162:21,põll,,tekstiil
615696,ERM B 162:22/ab,saapad,,nahk
615699,ERM B 162:25,"ülerõivas, naiste",,tekstiil
615701,ERM B 162:27,põllepael,,tekstiil
615702,ERM B 162:28,vöö,,tekstiil
615703,ERM B 162:29/ab,"särk, õlakaunistus, naiste",,tekstiil
615704,ERM B 162:30,põll,,tekstiil
615706,ERM B 162:32,"särk, naiste",,tekstiil
615707,ERM B 162:33,"ülerõivas, naiste",,tekstiil
615708,ERM B 162:34/ab,kätised,,tekstiil
615709,ERM B 162:35,varruka värvli tikand,,tekstiil
615710,ERM B 162:36,varruka värvli tikand,,tekstiil
615711,ERM B 162:37,pealinik,,tekstiil
615712,ERM B 162:38,peapael,,tekstiil
615713,ERM B 162:39,peapael,,tekstiil
615715,ERM B 162:41,vöö,,tekstiil
615716,ERM B 162:42,vöö,,tekstiil
615717,ERM B 162:43,"särk, naiste",,tekstiil
615718,ERM B 162:44,põll,,tekstiil
615719,ERM B 162:45,"särk, naiste",,tekstiil
615720,ERM B 162:46,põllepael,,tekstiil
615721,ERM B 162:47,"särk, õlakaunistus, naiste",,tekstiil
615847,ERM B 174:1,pikk-kuub,,tekstiil
615848,ERM B 174:2,särk,,tekstiil
615849,ERM B 174:3,ülerõivas,,tekstiil
615851,ERM B 174:4,särk,,tekstiil
615852,ERM B 174:5,peakate,,tekstiil
615853,ERM B 174:6,kleit,,tekstiil
615854,ERM B 174:7,kleit,,tekstiil
615855,ERM B 174:8,särk,,tekstiil
615856,ERM B 174:9,särk,,tekstiil
615858,ERM B 174:10,särk,,tekstiil
615859,ERM B 174:11,ülerõivas,,tekstiil
615864,ERM B 174:15,särk,,tekstiil
615865,ERM B 174:16,põll,,tekstiil
615866,ERM B 174:17,põlle seljapael,,tekstiil
615867,ERM B 174:18,vöö,,tekstiil
615868,ERM B 174:19,põll,,tekstiil
615869,ERM B 174:20,käterätt,,tekstiil
615871,ERM B 174:21,särk,,tekstiil
615872,ERM B 174:22,püksid,,tekstiil
615876,ERM B 174:24,särgi alläär,,tekstiil
615877,ERM B 174:25,särgi alläär,,tekstiil
615884,ERM B 56:40,"peakate, naiste",,tekstiil
615887,ERM B 57:2,muna,,toit
615895,ERM B 58:2,jakk,,tekstiil
615905,ERM B 58:12/ab,"sussid, naiste",,tekstiil
615906,ERM B 58:13/ab,"sussid, laste",,nahk
615914,ERM B 58:21,"tikand, naiste särgi varrukasuu",,tekstiil
615915,ERM B 58:22,kotike,,tekstiil
615922,ERM B 58:29/1-3,"proov, nieglumistehnika",,tekstiil
615925,ERM B 58:30/ab,"proov, nieglumistehnika ja niegla",,tekstiil
615930,ERM B 80:33,magamiskoti riie,,tekstiil
615939,ERM B 80:42,peibutuslind (teder),,puit
615945,ERM B 80:48,seinalinik,,tekstiil
615964,ERM B 80:67,"püksid, meeste",,tekstiil
615965,ERM B 80:68,"särgi pealmine osa, naiste",,tekstiil
615966,ERM B 80:69,kott,,tekstiil
616016,ERM B 102:59,kleit,,tekstiil
616017,ERM B 102:60,pikk-kuub,,tekstiil
616019,ERM B 102:62,lõngaviht,,tekstiil
616020,ERM B 102:63,niidipael,,tekstiil
616021,ERM B 102:64/ab,pealiniku otsad,,tekstiil
616022,ERM B 102:65,peapael,,tekstiil
616023,ERM B 102:66,päevateki pits,,tekstiil
616024,ERM B 102:67,tubakakott,,tekstiil
616025,ERM B 102:68,pikk-kuub,,tekstiil
616111,ERM B 122:19,labakindad,,tekstiil
616115,ERM B 122:22,aluskott,,tekstiil
616116,ERM B 122:23,aluskott,,tekstiil
616117,ERM B 122:24,sääsevari,,tekstiil
616118,ERM B 122:25,sääsevari,,tekstiil
616144,ERM B 122:51,saapanahk,,nahk
616155,ERM B 135:6,ornamendiriba,,nahk
616156,ERM B 135:7,sõrmus,,metall
616157,ERM B 135:8,sõrmus,,metall
616158,ERM B 135:9,sõrmus,,metall
616162,ERM B 135:13,kunstpatsid,,tekstiil
616163,ERM B 135:14,"kleit, tüdrukute",,tekstiil
616165,ERM B 135:16,kaelakee,,plastik
616166,ERM B 135:18,mänguasi: nuku kaelakee,,tekstiil
616167,ERM B 135:17,kaelakee,,plastik
616169,ERM B 135:20,kuub,,tekstiil
616172,ERM B 135:23/ab,suvesaapad,,nahk
616181,ERM B 135:32,ripats,,metall
616182,ERM B 135:33,ripats,,metall
616183,ERM B 135:34,ripats,,metall
616184,ERM B 135:35,ripats,,metall
616185,ERM B 135:36,pearätik,,tekstiil
616186,ERM B 135:37,pearätik,,tekstiil
616190,ERM B 136:4,heegellina,,tekstiil
616191,ERM B 136:5,heegellina,,tekstiil
616212,ERM B 148:40,õlarätt,,tekstiil
616213,ERM B 148:41,õlarätt,,tekstiil
616214,ERM B 148:42,õlarätt,,tekstiil
616215,ERM B 148:43,laudlina,,tekstiil
616216,ERM B 148:44,käterätt,,tekstiil
616217,ERM B 148:45,käterätt,,tekstiil
616222,ERM B 148:50/ab,kardinad,,tekstiil
616223,ERM B 148:51,eesriie,,tekstiil
616224,ERM B 148:52,eesriie,,tekstiil
616225,ERM B 148:53,võrk,,tekstiil
616226,ERM B 148:54,padjakate,,tekstiil
616227,ERM B 149:1,särk,,tekstiil
616228,ERM B 149:2,vöö,,tekstiil
616229,ERM B 149:3,vöö,,tekstiil
616230,ERM B 149:4,särk,,tekstiil
616231,ERM B 149:5,puusapõll,,tekstiil
616237,ERM B 149:11,särk,,tekstiil
616241,ERM B 149:15,peaehe,,karp
616242,ERM B 149:16,särk,,tekstiil
616243,ERM B 149:17,rätik,,tekstiil
616252,ERM B 162:48,põll,,tekstiil
616253,ERM B 162:49,põll,,tekstiil
616254,ERM B 162:50,põll,,tekstiil
616255,ERM B 162:51,vöö,,tekstiil
616256,ERM B 162:52,põllepael,,tekstiil
616257,ERM B 162:53,rätik,,tekstiil
616258,ERM B 162:54,vöö,,tekstiil
616259,ERM B 162:55,vöö,,tekstiil
616260,ERM B 162:56,põll,,tekstiil
616261,ERM B 162:57,põllepael,,tekstiil
616262,ERM B 162:58,põllepael,,tekstiil
616263,ERM B 162:59,põll,,tekstiil
616264,ERM B 162:60,"ülerõivas, meeste",,tekstiil
616267,ERM B 162:63,riideproov,,tekstiil
616268,ERM B 162:64,"aluspesu, alussärk, meeste",,tekstiil
616269,ERM B 162:65,"ülerõivas, naiste",,tekstiil
616271,ERM B 162:67,põllepael,,tekstiil
616272,ERM B 162:68,peapael,,tekstiil
616273,ERM B 162:69/ab,"särk, õlakaunistus, naiste",,tekstiil
616274,ERM B 162:70,kaelakett,,metall
616275,ERM B 162:71/ab,"särk, õlakaunistus, naiste",,tekstiil
616277,ERM B 162:73,peapael,,tekstiil
616278,ERM B 162:74,pealinik,,tekstiil
616279,ERM B 162:75,pealinik,,tekstiil
616280,ERM B 162:76,põllepael,,tekstiil
616281,ERM B 162:77,vöö,,tekstiil
616283,ERM B 162:79,"särk, meeste",,tekstiil
616284,ERM B 162:80,"särk, õlakaunistus, naiste",,tekstiil
616285,ERM B 162:81/ab,"särk, õlakaunistus, naiste",,tekstiil
616286,ERM B 162:82,põllepael,,tekstiil
616290,ERM B 162:86,pealinik,,tekstiil
616291,ERM B 162:87/ab,"särk, õlakaunistus, naiste",,tekstiil
616292,ERM B 162:88,põllepael,,tekstiil
616293,ERM B 162:89,vöö,,tekstiil
616294,ERM B 162:90,"ülerõivas, naiste",,tekstiil
616296,ERM B 162:92,varruka värvli tikand,,tekstiil
616417,ERM B 175:1,seinavaip,,tekstiil
616418,ERM B 175:2,padjakate,,tekstiil
616419,ERM B 175:3,laudlina,,tekstiil
616421,ERM B 175:4,padjapüür,,tekstiil
616422,ERM B 175:5,padjapüür,,tekstiil
616425,ERM B 175:7,padjapüür,,tekstiil
616426,ERM B 175:8,padjapüür,,tekstiil
616427,ERM B 175:9,põrandavaip,,tekstiil
616428,ERM B 175:10,põrandavaip,,tekstiil
616429,ERM B 175:11,vaip,,tekstiil
616430,ERM B 175:12,voodilina pits,,tekstiil
616431,ERM B 175:13,padjapüüri pits,,tekstiil
616433,ERM B 175:14,öökapi lina,,tekstiil
616434,ERM B 175:15,"laudlinariie, katkend",,tekstiil
616455,ERM B 60:8,tael,,puit
616464,ERM B 60:17,"peakate, naiste",,tekstiil
616502,ERM B 80:113,päevateki pits,,tekstiil
616513,ERM B 81:8/ab,"jalanõud, naiste",,tekstiil
616516,ERM B 81:11,juusteehe,,klaas
616544,ERM B 102:95,kleit,,tekstiil
616545,ERM B 102:96,peapael,,tekstiil
616546,ERM B 102:97,peapael,,tekstiil
616551,ERM B 102:102,viisupael,,tekstiil
616552,ERM B 102:103,viisupael,,tekstiil
616553,ERM B 102:104,viisupael,,tekstiil
616554,ERM B 102:105,viisupael,,tekstiil
616555,ERM B 102:106,viisupael,,tekstiil
616556,ERM B 102:107,viisupael,,tekstiil
616557,ERM B 102:108,viisupael,,tekstiil
616558,ERM B 102:109,viisupael,,tekstiil
616559,ERM B 102:110,pealiniku ots,,tekstiil
616560,ERM B 102:111,pealiniku ots,,tekstiil
616561,ERM B 102:112,"pealinik, rituaalne",,tekstiil
616562,ERM B 102:113,pealinik,,tekstiil
616565,ERM B 102:116,"särk, meeste",,tekstiil
616566,ERM B 102:117,kleit,,tekstiil
616567,ERM B 102:118,"särk, meeste",,tekstiil
616568,ERM B 102:119,"särk, meeste",,tekstiil
616573,ERM B 102:124,kleit,,tekstiil
616576,ERM B 102:127,põll,,tekstiil
616577,ERM B 102:128,"näidis, särgiriide",,tekstiil
616578,ERM B 102:129,"näidis, särgiriide",,tekstiil
616579,ERM B 102:130,"näidis, särgiriide",,tekstiil
616580,ERM B 102:131,"näidis, särgiriide",,tekstiil
616581,ERM B 102:132,"näidis, särgiriide",,tekstiil
616582,ERM B 102:133,"näidis, põlleriide",,tekstiil
616625,ERM B 106:76,särk-kleit,,tekstiil
616626,ERM B 106:77,"ülerõivas, naiste",,tekstiil
616627,ERM B 106:78/ab,pealiniku otsad,,tekstiil
616629,ERM B 106:79/ab,pealiniku otsad,,tekstiil
616630,ERM B 106:80/ab,pealiniku otsad,,tekstiil
616631,ERM B 106:81/ab,pealiniku otsad,,tekstiil
616632,ERM B 106:82/ab,pealiniku otsad,,tekstiil
616635,ERM B 106:83/ab,pealiniku otsad,,tekstiil
616638,ERM B 106:86,särk-kleit,,tekstiil
616640,ERM B 106:88,voodikott,,tekstiil
616641,ERM B 122:59/ab,saapa pealsenahad,,tekstiil
616645,ERM B 122:63,sarafan,,tekstiil
616646,ERM B 122:64,laudlina,,tekstiil
616669,ERM B 122:87,riideproov,,tekstiil
616671,ERM B 122:89,laudlina,,tekstiil
616672,ERM B 122:90,laudlina,,tekstiil
616675,ERM B 122:93/ab,"saapad, naiste",,nahk
616701,ERM B 136:26,voodikott,,tekstiil
616719,ERM B 137:1,padjakate,,tekstiil
616720,ERM B 137:2,linik,,tekstiil
616721,ERM B 137:3,"linik, linake",,tekstiil
616722,ERM B 137:4,salvrätik,,tekstiil
616723,ERM B 137:5,salvrätik,,tekstiil
616724,ERM B 137:6,salvrätik,,tekstiil
616725,ERM B 137:7,salvrätik,,tekstiil
616726,ERM B 137:8,salvrätik,,tekstiil
616727,ERM B 137:9,salvrätik,,tekstiil
616728,ERM B 137:10,linik,,tekstiil
616729,ERM B 137:11,peakate,,tekstiil
616730,ERM B 137:12,jurta,,puit
616731,ERM B 137:13,"mänguasi: nukk, poiss, rahvariietes",,tekstiil
616732,ERM B 138:1,vaip,,tekstiil
616733,ERM B 138:2,põrandariie,,tekstiil
616734,ERM B 138:3/ab,labakindad,,tekstiil
616738,ERM B 138:7,"tallanahk, katkend",,nahk
616740,ERM B 138:9,padjakate,,tekstiil
616765,ERM B 149:48,särk,,tekstiil
616766,ERM B 149:49,"pearätiku alus, vahr",,tekstiil
616767,ERM B 149:50,särk,,tekstiil
616782,ERM B 149:65/a,võikirn,,puit
616791,ERM B 163:8,ülerõivas,,tekstiil
616797,ERM B 163:14,sõrmus,,metall
616810,ERM B 163:27,pearätik,,tekstiil
616812,ERM B 163:29,pearätik,,tekstiil
616838,ERM B 163:55,voodikott,,tekstiil
616961,ERM B 175:20,"särk, naiste",,tekstiil
616964,ERM B 175:23,suurrätt,,tekstiil
616965,ERM B 175:24,voodiriie,,tekstiil
616979,ERM B 176:6,pits,,tekstiil
616980,ERM B 176:7,pits,,tekstiil
616981,ERM B 176:8,pealinik,,tekstiil
616982,ERM B 176:9,vaip,,tekstiil
616983,ERM B 176:10,seinariie,,tekstiil
616985,ERM B 176:11,pealiniku ots,,tekstiil
616986,ERM B 176:12,pealiniku ots,,tekstiil
616987,ERM B 176:13,pealiniku ots,,tekstiil
616989,ERM B 176:15,laudlina,,tekstiil
616990,ERM B 176:16,kleit,,tekstiil
616994,ERM B 176:19,pealinik,,tekstiil
616998,ERM B 60:21,pluus,,tekstiil
616999,ERM B 60:22,pealisjakk,,tekstiil
617001,ERM B 60:24,pluus,,tekstiil
617012,ERM B 60:35,pealisjakk,,tekstiil
617014,ERM B 60:37,jakk,,tekstiil
617016,ERM B 60:39,käterätt,,tekstiil
617018,ERM B 60:41,käterätt,,tekstiil
617035,ERM B 60:58,"jakk, naiste",,tekstiil
617036,ERM B 60:59,"jakk, naiste",,tekstiil
617061,ERM B 81:36/ab,saapad,,nahk
617062,ERM B 81:37,"rüü, lapse",,tekstiil
617068,ERM B 81:43/ab,saapad,,nahk
617073,ERM B 81:48,"müts, naiste",,tekstiil
617080,ERM B 82:7,"riideproov, meeste püksiriie",,tekstiil
617082,ERM B 82:9,niit,,tekstiil
617083,ERM B 82:10,niit,,tekstiil
617084,ERM B 82:11,linapeo,,puit
617090,ERM B 82:17,riideproov,,tekstiil
617093,ERM B 82:20,"riideproov, madratsiriie",,tekstiil
617094,ERM B 82:21,"riideproov, madratsiriie",,tekstiil
617095,ERM B 82:22,"ülekuub, meeste",,tekstiil
617099,ERM B 90:1,särk,,tekstiil
617136,ERM B 90:35,"vöö, kirivöö",,tekstiil
617140,ERM B 102:144,laudlina,,tekstiil
617142,ERM B 102:146,pealinik,,tekstiil
617143,ERM B 102:147,põll,,tekstiil
617144,ERM B 102:148,riideproov,,tekstiil
617148,ERM B 102:152,rinnaehte alus,,tekstiil
617150,ERM B 102:154,"särk, meeste",,tekstiil
617151,ERM B 102:155,peakatte äär,,tekstiil
617152,ERM B 102:156,laudlina,,tekstiil
617153,ERM B 102:157/1-7,"viisupael, kõladega",,tekstiil
617154,ERM B 102:158/1,kleidiääre kaunistus,,tekstiil
617155,ERM B 102:158/2,kleidiääre kaunistus,,tekstiil
617156,ERM B 102:158/3,kleidiääre kaunistus,,tekstiil
617157,ERM B 102:159/ab,pealiniku otsad,,tekstiil
617158,ERM B 102:160/ab,pealiniku otsad,,tekstiil
617159,ERM B 102:161/ab,pealiniku otsad,,tekstiil
617160,ERM B 102:162/ab,pealiniku otsad,,tekstiil
617161,ERM B 102:163/ab,pealiniku otsad,,tekstiil
617162,ERM B 102:164/ab,pealiniku otsad,,tekstiil
617163,ERM B 102:165,pealiniku ots,,tekstiil
617164,ERM B 102:166,pealiniku ots,,tekstiil
617172,ERM B 102:174,laudlina,,tekstiil
617176,ERM B 102:178,kleit,,tekstiil
617177,ERM B 102:179,vooditekk,,tekstiil
617182,ERM B 106:89,peapael,,tekstiil
617184,ERM B 106:91,laudlina,,tekstiil
617186,ERM B 106:93,"vaip, katkend",,tekstiil
617187,ERM B 106:94,"kleidiriie, katkend",,tekstiil
617188,ERM B 106:95,"särgi(kleidi)riie, katkend",,tekstiil
617189,ERM B 106:96,"laudlina, katkend",,tekstiil
617190,ERM B 106:97,"särgiriie, meeste, katkend",,tekstiil
617191,ERM B 106:98,"särgiriie, meeste, katkend",,tekstiil
617192,ERM B 106:99,"särgiriie, naiste, katkend",,tekstiil
617193,ERM B 106:100,"üleriie, naiste, katkend",,tekstiil
617195,ERM B 106:101,"särgiriie, katkend",,tekstiil
617196,ERM B 106:102,"talve(särgi)kleidi riie, katkend",,tekstiil
617197,ERM B 106:103,"särgiriie, katkend",,tekstiil
617198,ERM B 106:104,"särgi(kleidi)riie, katkend",,tekstiil
617199,ERM B 106:105,"särgiriie, meeste, katkend",,tekstiil
617200,ERM B 106:106,"särgiriie, katkend",,tekstiil
617201,ERM B 106:107,"särgiriie, katkend",,tekstiil
617202,ERM B 106:108,"särgiriie, meeste, katkend",,tekstiil
617203,ERM B 106:109,"magamiskoti riie, katkend",,tekstiil
617204,ERM B 106:110,"püksiriie, katkend",,tekstiil
617205,ERM B 106:111,"laudlina, katkend",,tekstiil
617206,ERM B 106:112,"kleidi(põlle)riie, katkend",,tekstiil
617207,ERM B 106:113,"särgi(põlle)riie, katkend",,tekstiil
617208,ERM B 106:114,"põlleriie, katkend",,tekstiil
617212,ERM B 106:117,"vaip, katkend",,tekstiil
617214,ERM B 106:119,"särk, tüdrukute",,tekstiil
617215,ERM B 106:120,rüü,,tekstiil
617216,ERM B 106:121,särgi varruka tikand,,tekstiil
617217,ERM B 106:122,särgi tikand,,tekstiil
617218,ERM B 106:123,särgi varruka tikand,,tekstiil
617219,ERM B 106:124,särgi varruka tikand,,tekstiil
617221,ERM B 106:125,särgi tikand,,tekstiil
617222,ERM B 106:126,särgi tikand,,tekstiil
617223,ERM B 106:127,"särgi äärekaunistus, tüdrukute, katkend",,tekstiil
617224,ERM B 106:128/1-2,"särgi aluse äärekaunistused, tüdrukute, katkendid",,tekstiil
617225,ERM B 106:129,"särk, naiste",,tekstiil
617226,ERM B 106:130,"rüü, naiste",,tekstiil
617241,ERM B 122:124,pluus,,tekstiil
617249,ERM B 122:132,pintsak,,tekstiil
617250,ERM B 122:133,sääsevari,,tekstiil
617251,ERM B 122:134,riideproov,,tekstiil
617252,ERM B 122:135,riideproov,,tekstiil
617253,ERM B 122:136,särgialane,,tekstiil
617262,ERM B 122:143,pühaserätt,,tekstiil
617267,ERM B 122:148,vest,,tekstiil
617312,ERM B 138:46/ab,säärsaapad,,nahk
617313,ERM B 138:47,loomanahk,,nahk
617323,ERM B 138:57,särgi alumine osa,,tekstiil
617325,ERM B 138:59/ab,poolsaapad,,nahk
617343,ERM B 149:88,vöö,,tekstiil
617344,ERM B 149:89,peapael,,tekstiil
617345,ERM B 149:90,särk,,tekstiil
617346,ERM B 149:91,vöö,,tekstiil
617347,ERM B 149:92,vest,,tekstiil
617348,ERM B 149:93,särk,,tekstiil
617352,ERM B 149:97,särk,,tekstiil
617354,ERM B 149:99,riideproov,,tekstiil
617356,ERM B 150:2,"umbkuub, laste",,tekstiil
617357,ERM B 150:3,müts,,tekstiil
617358,ERM B 150:4/ab,"saapad, laste",,nahk
617359,ERM B 150:5,vöö,,tekstiil
617360,ERM B 150:6,linik,,tekstiil
617361,ERM B 150:7,särk,,tekstiil
617362,ERM B 150:8,vöö,,tekstiil
617366,ERM B 150:12,padjakate,,tekstiil
617368,ERM B 151:2,peaehe,,plastik
617369,ERM B 151:3,vööehe,,plastik
617370,ERM B 151:4,särk,,tekstiil
617373,ERM B 151:8,pluuspõll,,tekstiil
617375,ERM B 151:9,pluuspõll,,tekstiil
617376,ERM B 151:10,vattmantel,,tekstiil
617381,ERM B 163:60,põrandariie,,tekstiil
617395,ERM B 163:74/1-2,voodiotsad,,puit
617404,ERM B 163:83,rist,,metall
617523,ERM B 170:4,kanepilõng,,tekstiil
617545,ERM B 176:20,pealinik,,tekstiil
617546,ERM B 176:21,pealinik,,tekstiil
617547,ERM B 176:22,pealinik,,tekstiil
617548,ERM B 176:23,pealinik,,tekstiil
617549,ERM B 176:24,pealinik,,tekstiil
617552,ERM B 176:26,riidelaid,,tekstiil
617557,ERM B 176:30/ab,tohust peakate rätikuga,,tekstiil
617560,ERM B 176:32,kleit,,tekstiil
617561,ERM B 176:33,kleit,,tekstiil
617562,ERM B 176:34,kleit,,tekstiil
617563,ERM B 176:35,põll,,tekstiil
617564,ERM B 176:36,kleit,,tekstiil
617565,ERM B 176:37,padjakott,,tekstiil
617566,ERM B 176:38/ab,liniku otsad,,tekstiil
617567,ERM B 176:39/ab,liniku otsad,,tekstiil
617577,ERM B 176:48,lõng,,tekstiil
617579,ERM B 176:49,lõng,,tekstiil
617580,ERM B 176:50,lõng,,tekstiil
617581,ERM B 176:51,lõng,,tekstiil
617582,ERM B 176:52,lõng,,tekstiil
617584,ERM B 176:54,viisupael,,tekstiil
617585,ERM B 176:55,"ülerõivas, meeste",,tekstiil
617587,ERM B 176:56,"ülerõivas, naiste",,tekstiil
617588,ERM B 176:57,"ülerõivas, naiste",,tekstiil
617589,ERM B 176:58,"ülerõivas, naiste",,tekstiil
617595,ERM B 61:2,"rüü, naiste",,tekstiil
617597,ERM B 61:4,sõlg,,metall
617603,ERM B 61:10,"voodikoti riie, katkend",,tekstiil
617604,ERM B 61:11,"voodikoti riie, katkend",,tekstiil
617605,ERM B 61:12,"voodikoti riie, katkend",,tekstiil
617606,ERM B 61:13,"proov, särgiriide",,tekstiil
617607,ERM B 61:14,"proov, toimse riide",,tekstiil
617609,ERM B 61:16,"voodikoti riie, katkend",,tekstiil
617610,ERM B 61:17,"voodikoti riie, katkend",,tekstiil
617611,ERM B 61:18,"särgialane, katkend",,tekstiil
617612,ERM B 61:19,"särgi krae, meeste",,tekstiil
617613,ERM B 61:20,"särgi rinnaesine, meeste",,tekstiil
617614,ERM B 61:21,"voodilina esiääre vahepits, katkend",,tekstiil
617617,ERM B 62:1,"kittel, naiste",,tekstiil
617623,ERM B 62:7,tubakakott,,nahk
617624,ERM B 62:8,"kittel, naiste",,tekstiil
617627,ERM B 62:11,"kittel, naiste",,tekstiil
617629,ERM B 62:13,pearätik,,tekstiil
617630,ERM B 62:14,kaelaehe,,metall
617631,ERM B 62:15/ab,sussid,,nahk
617641,ERM B 82:25,"pluus, naiste",,tekstiil
617643,ERM B 83:1,"peakate, naiste",,tekstiil
617648,ERM B 84:2,laudlina,,tekstiil
617650,ERM B 84:4,pearätik,,tekstiil
617651,ERM B 84:5,"särgipiht, naiste",,tekstiil
617652,ERM B 84:6,pühaserätik,,tekstiil
617656,ERM B 84:10,vooditekk,,tekstiil
617657,ERM B 84:11,pits,,tekstiil
617691,ERM B 85:5/1-2,suvesaabaste ornamendiribad,,nahk
617692,ERM B 90:39,"särk, naiste",,tekstiil
617703,ERM B 90:50,padjakate,,tekstiil
617710,ERM B 90:53,särk,,tekstiil
617714,ERM B 90:57/ab,saapad,,nahk
617718,ERM B 90:61,särk,,tekstiil
617754,ERM B 106:131/ab,"särgi varruka tikand, naiste",,tekstiil
617755,ERM B 106:132,"särgi varruka tikand, naiste",,tekstiil
617761,ERM B 106:137,pealiniku ots,,tekstiil
617762,ERM B 106:138,"särgi kaunistus, naiste",,tekstiil
617763,ERM B 106:139,"pealiniku ots, katkend",,tekstiil
617796,ERM B 123:1,"sügispalitu, naiste",,tekstiil
617798,ERM B 123:3,kleit,,tekstiil
617799,ERM B 123:4,põll,,tekstiil
617800,ERM B 123:5,pealinik,,tekstiil
617802,ERM B 123:7,voodikott,,tekstiil
617804,ERM B 123:9,laudlina,,tekstiil
617809,ERM B 123:14,põll,,tekstiil
617810,ERM B 123:15,kleidiriie,,tekstiil
617811,ERM B 123:16,pealinik,,tekstiil
617812,ERM B 123:17,pealinik,,tekstiil
617813,ERM B 123:18,kleit,,tekstiil
617814,ERM B 123:19,kleit,,tekstiil
617815,ERM B 123:20,"särk, meeste",,tekstiil
617816,ERM B 123:21,"särk, meeste",,tekstiil
617817,ERM B 123:22,"särk, meeste",,tekstiil
617818,ERM B 123:23,püksid,,tekstiil
617819,ERM B 123:24,"rüü, naiste",,tekstiil
617820,ERM B 123:25,vaip (tekk),,tekstiil
617821,ERM B 123:26,laudlina,,tekstiil
617822,ERM B 123:27,põll,,tekstiil
617823,ERM B 123:28,pealinik,,tekstiil
617824,ERM B 123:29,pealinik,,tekstiil
617825,ERM B 123:30,pealinik,,tekstiil
617826,ERM B 123:31,kleit,,tekstiil
617827,ERM B 123:32,põll,,tekstiil
617828,ERM B 123:33/ab,pealiniku otsad,,tekstiil
617829,ERM B 123:34/ab,pealiniku otsad,,tekstiil
617830,ERM B 123:35/ab,pealiniku otsad,,tekstiil
617831,ERM B 123:36/ab,pealiniku otsad,,tekstiil
617832,ERM B 123:37/ab,pealiniku otsad,,tekstiil
617833,ERM B 123:38/ab,pealiniku otsad,,tekstiil
617834,ERM B 123:39,pealinik,,tekstiil
617836,ERM B 123:41,laubalinik,,tekstiil
617837,ERM B 123:42,"pulmarõivas, naiste",,tekstiil
617838,ERM B 123:43,peapael,,tekstiil
617841,ERM B 123:46,vaip,,tekstiil
617843,ERM B 123:48,põll,,tekstiil
617845,ERM B 123:50/ab,"viisupaelad, naiste",,tekstiil
617853,ERM B 138:69,madratsikott,,tekstiil
617856,ERM B 138:72,"seanahk, katkend",,nahk
617862,ERM B 138:78/ab,saapad,,nahk
617883,ERM B 138:99,põrandariie,,tekstiil
617884,ERM B 138:100,rätt,,tekstiil
617888,ERM B 138:104,laudlina,,tekstiil
617889,ERM B 138:105,laudlina,,tekstiil
617890,ERM B 138:106,laudlina,,tekstiil
617897,ERM B 151:11,peaehe,,plastik
617898,ERM B 151:12,kaelaehe,,plastik
617899,ERM B 151:13,kaelaehe,vask,metall
617900,ERM B 151:14,peaehe,klaas,klaas
617902,ERM B 151:16/ab,põlvekatted,vill,tekstiil
617904,ERM B 151:18,särgi allääre kaunistus,vill,tekstiil
617905,ERM B 151:19,pluuspõll,,tekstiil
617906,ERM B 151:20/ab,säärekaunistused,,tekstiil
617908,ERM B 151:22/ab,saapad,,nahk
617913,ERM B 151:27,vöö,,tekstiil
617914,ERM B 151:28,särk,,tekstiil
617915,ERM B 151:29,särgi alläär,,tekstiil
617916,ERM B 151:30,särk,,tekstiil
617917,ERM B 151:31,särgi alläär,,tekstiil
617918,ERM B 151:32,särk,,tekstiil
617919,ERM B 151:33,särgi alläär,,tekstiil
617920,ERM B 151:34,särk,,tekstiil
617921,ERM B 151:35,särk,,tekstiil
617922,ERM B 151:36,särk,,tekstiil
617923,ERM B 151:37,särgi alläär,,tekstiil
617926,ERM B 151:40,vöö,,tekstiil
617927,ERM B 151:41/ab,põlvekatted,,tekstiil
617928,ERM B 151:42,särk,,tekstiil
617929,ERM B 151:43,särgi alläär,,tekstiil
617930,ERM B 151:44,särk,,tekstiil
617931,ERM B 151:45,särk,,tekstiil
617932,ERM B 151:46,pluuspõll,,tekstiil
617933,ERM B 151:47,vöö,,tekstiil
617936,ERM B 151:50/ab,säärekaunistused,,tekstiil
617937,ERM B 151:51/ab,põlvekatted,,tekstiil
617938,ERM B 151:52,kaelaehe,,plastik
617939,ERM B 151:53,kaelaehe,,plastik
617940,ERM B 151:54,kaelahelmed,,plastik
617942,ERM B 151:56,pluuspõll,,tekstiil
617943,ERM B 151:57,särgi alläär,,tekstiil
617944,ERM B 151:58,särgi alläär,,tekstiil
618082,ERM B 170:43,särk,,tekstiil
618083,ERM B 170:44,põll,,tekstiil
618085,ERM B 170:46,särk,,tekstiil
618086,ERM B 170:47,rüü,,tekstiil
618110,ERM B 176:59,"ülerõivas, naiste",,tekstiil
618111,ERM B 176:60,kleit,,tekstiil
618112,ERM B 176:61,põll,,tekstiil
618113,ERM B 176:62,kleit,,tekstiil
618116,ERM B 176:65,laudlina,,tekstiil
618119,ERM B 176:67,põll,,tekstiil
618123,ERM B 176:69,peapael,,tekstiil
618125,ERM B 176:70,peapael,,tekstiil
618126,ERM B 176:71,peapael,,tekstiil
618127,ERM B 176:72,peapael,,tekstiil
618129,ERM B 176:73,peapael,,tekstiil
618130,ERM B 176:74,peapael,,tekstiil
618131,ERM B 176:75,peapael,,tekstiil
618132,ERM B 176:76/ab,"vöö, katkend, naiste",,tekstiil
618133,ERM B 176:77,"vöö, meeste",,tekstiil
618134,ERM B 176:78,palvelusriie,,tekstiil
618135,ERM B 176:79,sääsevarje,,tekstiil
618179,ERM B 64:7/ab,sussid,,tekstiil
618181,ERM B 64:9,"särk, naiste",,tekstiil
618206,ERM B 85:9,"halati krae, naiste",,tekstiil
618207,ERM B 85:10,"halati vöö, naiste",,tekstiil
618208,ERM B 85:11,ornamendiriba,,tekstiil
618209,ERM B 85:12,lõngakimp,,tekstiil
618212,ERM B 85:15,nõelapadi,,tekstiil
618215,ERM B 85:18/ab,"suvesaapad, meeste",,nahk
618216,ERM B 85:19,kotike,,tekstiil
618217,ERM B 85:20/ab,"suvesaapad, meeste",,nahk
618218,ERM B 85:21,padrunikott,,tekstiil
618222,ERM B 85:25,nõelapadi,,tekstiil
618223,ERM B 85:26,lõngakimp,,tekstiil
618228,ERM B 85:31/ab,"suvesaapad, meeste",,nahk
618229,ERM B 85:32,"kattekuub, jahimehe",,tekstiil
618236,ERM B 85:39,"halatt, naiste",,tekstiil
618254,ERM B 90:80,särgi piht,,tekstiil
618255,ERM B 90:81,särgi piht,,tekstiil
618257,ERM B 90:83,"jakk, naiste",,tekstiil
618268,ERM B 90:94,särgipiht,,tekstiil
618269,ERM B 90:95,särgipiht,,tekstiil
618278,ERM B 90:104,"voodikott, katkend",,puit
618285,ERM B 90:111,"sarafan, seelik",,tekstiil
618295,ERM B 90:121,"sarafan, seelik",,tekstiil
618296,ERM B 90:122,"särk, naiste",,tekstiil
618297,ERM B 90:123,"särk, naiste",,tekstiil
618299,ERM B 90:125,"särk, naiste",,tekstiil
618301,ERM B 90:127,"sarafan, seelik",,tekstiil
618302,ERM B 90:128,"sarafan, seelik",,tekstiil
618375,ERM B 123:51/ab,viisupaelad,,tekstiil
618376,ERM B 123:52,pealiniku ots,,tekstiil
618377,ERM B 123:53,"ülerõivas, naiste",,tekstiil
618378,ERM B 123:54,pealinik,,tekstiil
618379,ERM B 123:55,pealinik,,tekstiil
618380,ERM B 123:56,"eesriie (lina, vaip)",,tekstiil
618381,ERM B 123:57,põllepael,,tekstiil
618382,ERM B 123:58/ab,pealiniku otsad,,tekstiil
618383,ERM B 123:59,pealinik,,tekstiil
618384,ERM B 123:60,pealinik,,tekstiil
618385,ERM B 123:61,pealinik,,tekstiil
618386,ERM B 123:62,pealiniku ots,,tekstiil
618387,ERM B 123:63,pealinik,,tekstiil
618388,ERM B 123:64,pealinik,,tekstiil
618389,ERM B 123:65,pealinik,,tekstiil
618390,ERM B 123:66,pealinik,,tekstiil
618391,ERM B 123:67,pealinik,,tekstiil
618392,ERM B 123:68,pealinik,,tekstiil
618393,ERM B 123:69,pealinik,,tekstiil
618394,ERM B 123:70,vaip,,tekstiil
618395,ERM B 123:71,"ülerõivas, naiste",,tekstiil
618397,ERM B 123:73,laudlina,,tekstiil
618399,ERM B 123:75,põllepael,,tekstiil
618400,ERM B 123:76/1-6,kleidi kaunistused,,tekstiil
618447,ERM B 138:135,laudlina,,tekstiil
618449,ERM B 138:137,saabas,,nahk
618450,ERM B 138:138,saabas,,nahk
618455,ERM B 138:143/ab,saapatoorikud,,puit
618476,ERM B 151:59/ab,säärekaunistused,,tekstiil
618477,ERM B 151:60,särk,,tekstiil
618478,ERM B 151:61,särgi alläär,,tekstiil
618479,ERM B 151:62,särk,,tekstiil
618480,ERM B 151:63,särgi alläär,,tekstiil
618481,ERM B 151:64,särk,,tekstiil
618482,ERM B 151:65,särk,,tekstiil
618483,ERM B 151:66,särgi alläär,,tekstiil
618487,ERM B 151:70,särk,,tekstiil
618488,ERM B 151:71,särk,,tekstiil
618491,ERM B 151:74,särk,,tekstiil
618493,ERM B 151:76/ab,suveniir: viisud,,puit
618494,ERM B 151:77,pluuspõll,,tekstiil
618495,ERM B 152:1,seinakate,,tekstiil
618496,ERM B 152:2,ülerõivas,,tekstiil
618497,ERM B 152:3,põll,,tekstiil
618498,ERM B 152:4,peapael,,tekstiil
618499,ERM B 152:6,pealiniku ots,,tekstiil
618501,ERM B 152:8,padjapüür,,tekstiil
618502,ERM B 152:9,peapael,,tekstiil
618504,ERM B 152:10,vöö,,tekstiil
618505,ERM B 152:11,rinnalapp,,tekstiil
618506,ERM B 152:12,"ülerõivas, naiste",,tekstiil
618507,ERM B 152:13,põll,,tekstiil
618508,ERM B 152:14,põllepael,,tekstiil
618509,ERM B 152:15,põllepael,,tekstiil
618510,ERM B 152:16,pealinik,,tekstiil
618511,ERM B 152:17,laudlina,,tekstiil
618512,ERM B 152:18,riidelaid,,tekstiil
618513,ERM B 152:19,pealinik,,tekstiil
618514,ERM B 152:20,rinnalapp,,tekstiil
618515,ERM B 152:21,peapael,,tekstiil
618516,ERM B 152:22,põllepael,,tekstiil
618517,ERM B 152:23,põll,,tekstiil
618520,ERM B 152:26,pealinik,,tekstiil
618521,ERM B 152:27,peapael,,tekstiil
618522,ERM B 152:28,vöö (pael),,tekstiil
618523,ERM B 152:29,"ülerõivas, naiste",,tekstiil
618524,ERM B 152:30,"ülerõiva alumine osa, naiste",,tekstiil
618525,ERM B 152:31,"vöö, meeste",,tekstiil
618651,ERM B 163:124,peapael,,tekstiil
618687,ERM B 176:95,"ülerõivas, naiste",,tekstiil
618688,ERM B 176:96,"särk, meeste",,tekstiil
618689,ERM B 176:97,"särk, meeste",,tekstiil
618690,ERM B 176:98,palvelusriie,,tekstiil
618697,ERM B 176:99,laudlina,,tekstiil
618698,ERM B 176:100,laudlina,,tekstiil
618701,ERM B 176:102,voodikatte riie,,tekstiil
618702,ERM B 176:103,laubalinik,,tekstiil
618703,ERM B 176:104,lõng,,tekstiil
618705,ERM B 176:105/ab,viisupaelad,,tekstiil
618706,ERM B 176:106,lõng,,tekstiil
618708,ERM B 176:107,lõng,,tekstiil
618709,ERM B 176:108,lõng,,tekstiil
618710,ERM B 176:109,lõng,,tekstiil
618711,ERM B 176:110,"pool, lõngaga",,tekstiil
618712,ERM B 176:111,"pool, lõngaga",,tekstiil
618713,ERM B 176:112,"pool, lõngaga",,tekstiil
618759,ERM B 66:15,"särgipiht, naiste",,tekstiil
618799,ERM B 86:41/ab,suss-saapad,,nahk
618817,ERM B 86:59,kedervars,,puit
618839,ERM B 90:144,"särk, meeste",,tekstiil
618842,ERM B 90:147,"särgi ülemine osa, särgipiht",,tekstiil
618844,ERM B 90:149,"sarafan, seelik",,tekstiil
618845,ERM B 90:150,särk,,tekstiil
618847,ERM B 90:152,"pihakate-tasku, vest",,tekstiil
618852,ERM B 90:157,"särk, meeste",,tekstiil
618856,ERM B 90:160,"särk, naiste",,tekstiil
618857,ERM B 90:161,"sarafan, seelik",,tekstiil
618862,ERM B 90:166,särgipiht,,tekstiil
618863,ERM B 90:167,särk,,tekstiil
618864,ERM B 90:168,"sarafan, seelik",,tekstiil
618865,ERM B 90:169,särk,,tekstiil
618866,ERM B 90:170,"pealisrõivas, naiste",,tekstiil
618868,ERM B 90:172,"sarafan, seelik",,tekstiil
618871,ERM B 90:175,"särk, naiste",,tekstiil
618937,ERM B 109:4,häll,,puit
618953,ERM B 124:2,käterätt,,tekstiil
618954,ERM B 124:3,"särgi piht, naiste",,tekstiil
618955,ERM B 124:4,käterätt,,tekstiil
618969,ERM B 124:18,"põrandariie, katkend",,tekstiil
618970,ERM B 124:19,linake,,tekstiil
618971,ERM B 124:20,põrandariie,,tekstiil
618975,ERM B 125:1,madratsikott,,tekstiil
618976,ERM B 125:2,"kangas, katkend",,tekstiil
618980,ERM B 125:6,"peakate, katkend",,tekstiil
618981,ERM B 125:7,pealinik,,tekstiil
618982,ERM B 125:8,rüü,,tekstiil
618989,ERM B 125:15,jalatsipöid,,tekstiil
618990,ERM B 125:16,pearätik,,tekstiil
618997,ERM B 139:14,rüü,,tekstiil
619007,ERM B 139:24,laudlina,,tekstiil
619008,ERM B 139:25,pealinik,,tekstiil
619010,ERM B 139:27/ab,viisupaelad,,tekstiil
619011,ERM B 139:28,"vöö, meeste",,tekstiil
619012,ERM B 139:29/ab,säärise- või sukapaelad,,tekstiil
619013,ERM B 139:30,põll,,tekstiil
619015,ERM B 139:32,rüü,,tekstiil
619016,ERM B 139:33,"särk, naiste",,tekstiil
619017,ERM B 139:34,rüü,,tekstiil
619018,ERM B 139:35,"särk, naiste",,tekstiil
619020,ERM B 139:37,rüü,,tekstiil
619021,ERM B 139:38,"särk, naiste",,tekstiil
619025,ERM B 139:42,säärise riie,,tekstiil
619028,ERM B 139:45/ab,viisupaelad,,puit
619029,ERM B 139:46,"särk, naiste",,tekstiil
619030,ERM B 139:47,rüü,,tekstiil
619034,ERM B 139:51/ab,sukapaelad,,tekstiil
619035,ERM B 139:52/ab,sukapaelad,,tekstiil
619036,ERM B 139:53,vöö,,tekstiil
619037,ERM B 139:54,"särk, pruudi",,tekstiil
619038,ERM B 139:55,"rüü, pruudi",,tekstiil
619039,ERM B 139:56,"särk, naiste",,tekstiil
619040,ERM B 139:57,rüü,,tekstiil
619041,ERM B 139:58,rätik,,tekstiil
619042,ERM B 139:59,rinnalapp,,tekstiil
619043,ERM B 139:60,rüü,,tekstiil
619044,ERM B 139:61,särk,,tekstiil
619045,ERM B 139:62,särk,,tekstiil
619046,ERM B 139:63,rüü,,tekstiil
619047,ERM B 152:32/ab,viisud,,puit
619048,ERM B 152:33,"vöö, naiste",,tekstiil
619049,ERM B 152:34,istepingi kate,,tekstiil
619050,ERM B 152:35,pealinik,,tekstiil
619051,ERM B 152:36,"särk, meeste",,tekstiil
619052,ERM B 152:37,kleit,,tekstiil
619053,ERM B 152:38/ab,pealiniku otsad,,tekstiil
619056,ERM B 152:41,rinnalapp,,tekstiil
619057,ERM B 152:42/ab,pealiniku otsad,,tekstiil
619058,ERM B 152:43,laubapael,,tekstiil
619059,ERM B 152:44/ab,pealiniku otsad,,tekstiil
619060,ERM B 152:45/ab,pealiniku otsad,,tekstiil
619061,ERM B 152:46/abc,"kaunistuspaelad, naiste ülerõiva",,tekstiil
619062,ERM B 152:47,"vöö, naiste",,tekstiil
619063,ERM B 152:48,põll,,tekstiil
619064,ERM B 152:49,"vöö, meeste",,tekstiil
619065,ERM B 152:50,"vöö, meeste",,tekstiil
619066,ERM B 152:51,"vöö, naiste",,tekstiil
619067,ERM B 152:52,põll,,tekstiil
619069,ERM B 152:54,kleit,,tekstiil
619071,ERM B 152:56,"ülekuub, naiste",,tekstiil
619072,ERM B 152:57,istepingi kate,,tekstiil
619073,ERM B 152:58,kleit,,tekstiil
619075,ERM B 152:60,kleit,,tekstiil
619076,ERM B 152:61,kleit,,tekstiil
619077,ERM B 152:62,rinnalapp,,tekstiil
619078,ERM B 152:63,tikand,,tekstiil
619079,ERM B 152:64/ab,"kindad, naiste",,tekstiil
619080,ERM B 152:65,laudlina,,tekstiil
619081,ERM B 152:66,istepingi kate,,tekstiil
619082,ERM B 152:67,rinnalapp,,tekstiil
619083,ERM B 152:68,"ülerõivas, naiste",,tekstiil
619084,ERM B 152:69,põll,,tekstiil
619085,ERM B 152:70,"vöö, meeste",,tekstiil
619086,ERM B 152:71,pealinik,,tekstiil
619088,ERM B 152:73,rinnalapp,,tekstiil
619089,ERM B 152:74,"särk, meeste",,tekstiil
619090,ERM B 152:75,pealinik,,tekstiil
619091,ERM B 152:76,"vöö, naiste",,tekstiil
619092,ERM B 152:77,peapael,,tekstiil
619093,ERM B 152:78,rinnakaunistus,,tekstiil
619094,ERM B 152:79,"müts, laste",,tekstiil
619096,ERM B 152:81,"vöö, naiste",,tekstiil
619177,ERM B 164:2,kott,,tekstiil
619178,ERM B 164:3,"kleit, tüdrukute",,tekstiil
619181,ERM B 164:6,sõrmus,,metall
619182,ERM B 164:7,põhjapõdrarakendi kaunistus,,puit
619186,ERM B 164:11,naast,,metall
619187,ERM B 164:12,ripats,,metall
619189,ERM B 164:14,"kleit, tüdrukute",,tekstiil
619190,ERM B 164:15,"kleit, tüdrukute",,tekstiil
619191,ERM B 164:16/ab,"suvesaapad, tüdrukute",,nahk
619202,ERM B 164:24,"rüü, meeste",,tekstiil
619276,ERM B 176:149/ab,viisupaelad,,tekstiil
619335,ERM B 67:28,"""säk"", naiste ülerõivas",,tekstiil
619343,ERM B 86:69,seinavaip,,tekstiil
619344,ERM B 86:70,voodi ääre pits,,tekstiil
619390,ERM B 90:182,"sarafan, seelik",,tekstiil
619430,ERM B 92:21,sõrmus,,metall
619431,ERM B 92:22,kleit,,tekstiil
619436,ERM B 92:27/ab,"karvasaapad, poisi",,nahk
619438,ERM B 92:29,kott,,nahk
619467,ERM B 110:9,"särk, naiste",,tekstiil
619476,ERM B 110:18,särk-kleit,,tekstiil
619485,ERM B 110:27,särk-kleidi allosa,,tekstiil
619486,ERM B 110:28,seinalinik,,tekstiil
619487,ERM B 110:29,särk-kleidi allosa,,tekstiil
619488,ERM B 110:30,särk-kleit,,tekstiil
619489,ERM B 110:31,ajalehehoidja,,tekstiil
619506,ERM B 110:48,põrandatekk,,tekstiil
619508,ERM B 110:50,põrandatekk,,tekstiil
619526,ERM B 127:12,kangaproov,,tekstiil
619527,ERM B 127:13/ab,eesriided,,tekstiil
619528,ERM B 127:14,kangaproov,,tekstiil
619529,ERM B 127:15,aluskott,,tekstiil
619530,ERM B 127:16,aluskott,,tekstiil
619531,ERM B 127:17,aluskott,,tekstiil
619552,ERM B 139:64,pealinik,,tekstiil
619553,ERM B 139:65,pealinik,,tekstiil
619554,ERM B 139:66,rinnalapp,,tekstiil
619555,ERM B 139:67,rinnalapp,,tekstiil
619556,ERM B 139:68,rinnalapp,,tekstiil
619557,ERM B 139:69,rinnalapp,,tekstiil
619558,ERM B 139:70,rinnalapp,,tekstiil
619559,ERM B 139:71,rinnalapp,,tekstiil
619560,ERM B 139:72,rinnalapp,,tekstiil
619561,ERM B 139:73,rinnalapp,,tekstiil
619562,ERM B 139:74,puusavöö,,tekstiil
619563,ERM B 139:75,"särk, naiste",,tekstiil
619564,ERM B 139:76,rüü,,tekstiil
619565,ERM B 139:77,põll,,tekstiil
619567,ERM B 139:79,"särk, naiste",,tekstiil
619568,ERM B 139:80,rüü,,tekstiil
619569,ERM B 139:81,"särk, meeste",,tekstiil
619586,ERM B 139:98,sängiriie,,tekstiil
619589,ERM B 139:101,laudlina,,tekstiil
619592,ERM B 139:104,kleit,,tekstiil
619593,ERM B 139:105,kleit,,tekstiil
619595,ERM B 139:107,kleit-särk,,tekstiil
619597,ERM B 139:109,kaelakee,,klaas
619598,ERM B 139:110,"kaelakee, katkend",,klaas
619602,ERM B 152:82,peapael,,tekstiil
619603,ERM B 152:83,viisupaelad,,tekstiil
619604,ERM B 152:84,rinnakaunistus,,plastik
619605,ERM B 152:85,laubaehe (kaunistus),,plastik
619606,ERM B 152:86,rinnalapp,,tekstiil
619607,ERM B 152:87,peapael,,tekstiil
619608,ERM B 152:89,pealinik,,tekstiil
619610,ERM B 152:88,"vöö, naiste",,tekstiil
619611,ERM B 152:91,"ülerõivas, naiste",,tekstiil
619612,ERM B 152:92,istetekk,,tekstiil
619613,ERM B 152:93,kleit,,tekstiil
619614,ERM B 152:94,peapael,,tekstiil
619615,ERM B 152:95,rinnalapp,,tekstiil
619616,ERM B 152:96,peapael,,tekstiil
619617,ERM B 152:97,pealiniku ots,,tekstiil
619619,ERM B 152:99,ülerõivas,,tekstiil
619620,ERM B 152:100,"käterätiku ots, pits",,tekstiil
619648,ERM B 153:18,põrandariie,,tekstiil
619652,ERM B 153:22,"kuub, naiste",,tekstiil
619778,ERM B 171:7,laudlina,,tekstiil
619779,ERM B 171:8,vilt,,tekstiil
619780,ERM B 171:9,vilt,,tekstiil
619782,ERM B 171:10/ab,"saapad, meeste",,nahk
619783,ERM B 171:11/ab,"kingad, naiste",,nahk
619784,ERM B 171:12/ab,"nöörsaapad, naiste",,nahk
619791,ERM B 171:18/ab,viltsaapad,,tekstiil
619793,ERM B 171:19,taburetikate,,tekstiil
619794,ERM B 171:20,tikand,,tekstiil
619796,ERM B 171:22,"toasuss, laste",,tekstiil
619815,ERM B 171:39,kattevaip,,tekstiil
619827,ERM B 177:1,rätik,,tekstiil
619829,ERM B 177:2,lint,,tekstiil
619830,ERM B 177:3,põll,,tekstiil
619831,ERM B 177:4,pealinik,,tekstiil
619832,ERM B 177:5/ab,õlakaunistus,,tekstiil
619834,ERM B 177:6,vöö,,tekstiil
619835,ERM B 177:7,särk,,tekstiil
619836,ERM B 177:8,särk,,tekstiil
619837,ERM B 177:9,põll,,tekstiil
619838,ERM B 177:10,vöökaunistus,,tekstiil
619839,ERM B 177:11,põll,,tekstiil
619840,ERM B 177:12,vöö,,tekstiil
619841,ERM B 177:13,põll,,tekstiil
619842,ERM B 177:14/ab,jalarätid,,tekstiil
619844,ERM B 177:15,jalaräti riie,,tekstiil
619846,ERM B 177:17,rüü,,tekstiil
619848,ERM B 177:18,vöökaunistus,,tekstiil
619849,ERM B 177:19,vöö,,tekstiil
619850,ERM B 177:20/ab,õlakaunistus,,tekstiil
619851,ERM B 177:21/ab,õlakaunistus,,tekstiil
619852,ERM B 177:22,vöökaunistus,,tekstiil
619853,ERM B 177:23,vöö,,tekstiil
619855,ERM B 177:24,särgi rinnalõhiku kaunistus,,tekstiil
619856,ERM B 177:25,pulmarätik,,tekstiil
619857,ERM B 177:26,põll,,tekstiil
619858,ERM B 177:27,särk,,tekstiil
619864,ERM B 177:32,rahakott,,tekstiil
619945,ERM B 87:9,kleidikaunistus,,tekstiil
619951,ERM B 87:15,rüü kaunistus,,tekstiil
619952,ERM B 87:16,rüü kaunistus,,tekstiil
619953,ERM B 87:17,rüü kaunistus,,tekstiil
619968,ERM B 92:32,sõrmus,,metall
619969,ERM B 92:33,sõrmus,,metall
619972,ERM B 92:36,kunstpatsid,,tekstiil
619979,ERM B 93:1,lehekott,,tekstiil
620002,ERM B 93:24,sarafan,,tekstiil
620042,ERM B 110:55,"särk, naiste",,tekstiil
620059,ERM B 110:72,pluus,,tekstiil
620063,ERM B 111:2,pealinik,,tekstiil
620065,ERM B 111:4,peapael,,tekstiil
620066,ERM B 111:5,peapael,,tekstiil
620067,ERM B 111:6,pealinik,,tekstiil
620068,ERM B 111:7,kleit,,tekstiil
620071,ERM B 111:10,kleidi alläär,,tekstiil
620072,ERM B 111:11,viisupael,,tekstiil
620073,ERM B 111:12,viisupael,,tekstiil
620074,ERM B 111:13,viisupael,,tekstiil
620075,ERM B 111:14,viisupael,,tekstiil
620076,ERM B 111:15,viisupael,,tekstiil
620077,ERM B 111:16/ab,pealiniku otsad,,tekstiil
620079,ERM B 112:2,linik,,tekstiil
620080,ERM B 112:3,seinavaip (piltvaip),,tekstiil
620081,ERM B 112:4,vaip,,tekstiil
620082,ERM B 112:5,voodivaip,,tekstiil
620093,ERM B 128:12,"särk, meeste",,tekstiil
620094,ERM B 128:13,põll,,tekstiil
620095,ERM B 128:14,põll,,tekstiil
620099,ERM B 128:18,peapael,,tekstiil
620100,ERM B 128:19,põll,,tekstiil
620101,ERM B 128:20,kleit,,tekstiil
620102,ERM B 128:21,"rüü, naiste",,tekstiil
620104,ERM B 128:23,põll,,tekstiil
620105,ERM B 128:24,põll,,tekstiil
620106,ERM B 128:25,"ülerõivas, naiste",,tekstiil
620108,ERM B 128:27,põll,,tekstiil
620109,ERM B 128:28,pealinik,,tekstiil
620110,ERM B 128:29,"ülerõivas, naiste",,tekstiil
620111,ERM B 128:30,kleit,,tekstiil
620112,ERM B 128:31,põll,,tekstiil
620113,ERM B 128:32,ülerõivas,,tekstiil
620114,ERM B 128:33,kleit,,tekstiil
620115,ERM B 128:34,pealinik,,tekstiil
620116,ERM B 128:35,kleit,,tekstiil
620117,ERM B 128:36,peapael,,tekstiil
620118,ERM B 128:37,peapael,,tekstiil
620119,ERM B 128:38/ab,pealiniku otsad,,tekstiil
620121,ERM B 128:40,"ülerõivas, naiste",,tekstiil
620122,ERM B 128:41,"ülerõivas, naiste",,tekstiil
620123,ERM B 128:42,kleit,,tekstiil
620124,ERM B 128:43/ab,viisupaelad,,tekstiil
620125,ERM B 128:44/ab,viisupaelad,,tekstiil
620126,ERM B 128:45,kleit,,tekstiil
620127,ERM B 128:46,põll,,tekstiil
620128,ERM B 128:47,pealinik,,tekstiil
620130,ERM B 128:49,kleit,,tekstiil
620131,ERM B 128:50,laubaehe,,tekstiil
620133,ERM B 128:52,käterätt,,tekstiil
620135,ERM B 128:54,pealinik,,tekstiil
620136,ERM B 128:55/ab,pealiniku otsad,,tekstiil
620137,ERM B 128:56/ab,pealiniku otsad,,tekstiil
620138,ERM B 128:57,pealinik,,tekstiil
620139,ERM B 128:58/ab,pealiniku otsad,,tekstiil
620155,ERM B 140:2,vöö,,tekstiil
620156,ERM B 140:3,rüü,,tekstiil
620157,ERM B 140:5,särk,,tekstiil
620158,ERM B 140:6,särk,,tekstiil
620159,ERM B 140:7,särk,,tekstiil
620162,ERM B 140:10,särgi alläär,,tekstiil
620163,ERM B 140:11,pühaserätt,,tekstiil
620165,ERM B 140:12,riideproov,,tekstiil
620166,ERM B 140:13,alussärgi ülemine pits,,tekstiil
620167,ERM B 140:14,põrandariie,,tekstiil
620173,ERM B 140:20,käterätt,,tekstiil
620174,ERM B 140:21,voodikatte pits,,tekstiil
620175,ERM B 140:22,käterätt,,tekstiil
620178,ERM B 140:25,käterätt,,tekstiil
620179,ERM B 140:26,riideproov,,tekstiil
620180,ERM B 140:27,pitsid,,tekstiil
620191,ERM B 153:25,voodikott,,tekstiil
620195,ERM B 153:29/ab,noodakindad,,tekstiil
620196,ERM B 153:30,"vest, naiste",,tekstiil
620197,ERM B 153:31,kostüümjakk,,tekstiil
620199,ERM B 153:33,"näovõrk, mesiniku",,tekstiil
620200,ERM B 153:34,"näovõrk, mesiniku",,tekstiil
620203,ERM B 153:37,poolpalitu,,tekstiil
620204,ERM B 153:38,mantel,,tekstiil
620205,ERM B 153:39,sarafan,,tekstiil
620206,ERM B 153:40,müts,,tekstiil
620207,ERM B 153:41,müts,,tekstiil
620214,ERM B 153:48,padjapüür,,tekstiil
620216,ERM B 154:2,"särk, naiste",,tekstiil
620217,ERM B 154:3,"vöö, naiste",,tekstiil
620221,ERM B 154:7,rüü,,tekstiil
620222,ERM B 154:8,rüü,,tekstiil
620224,ERM B 154:10,"vöö, meeste",,tekstiil
620225,ERM B 154:11,"vöö, naiste",,tekstiil
620226,ERM B 154:12,riidekangas,,tekstiil
620229,ERM B 154:15,pearätik,,tekstiil
620230,ERM B 154:16,sõlg,,metall
620237,ERM B 154:23,"vöö, naiste",,tekstiil
620238,ERM B 154:24,särk,,tekstiil
620330,ERM B 165:16,peakate,,tekstiil
620360,ERM B 166:5,laudlina,,tekstiil
620361,ERM B 166:6,laudlina,,tekstiil
620362,ERM B 166:7,kleit,,tekstiil
620371,ERM B 171:48/ab,kardinad,,tekstiil
620372,ERM B 171:49,vaip,,tekstiil
620373,ERM B 171:50,padjakate,,tekstiil
620374,ERM B 171:51,linake,,tekstiil
620375,ERM B 171:52,padjakott,,tekstiil
620376,ERM B 171:53,linake,,tekstiil
620377,ERM B 171:54,voodiotsakate,,tekstiil
620378,ERM B 171:55,voodiäärelina,,tekstiil
620379,ERM B 171:56,vaasialus,,tekstiil
620380,ERM B 171:57,linake,,tekstiil
620381,ERM B 171:58,seinavaip,,tekstiil
620382,ERM B 171:59,taburetikate,,tekstiil
620383,ERM B 171:60,padjapüür,,tekstiil
620384,ERM B 171:61,"särk, meeste",,tekstiil
620385,ERM B 171:62,linik,,tekstiil
620386,ERM B 171:63,linik,,tekstiil
620389,ERM B 171:66,"vöö, katke, meeste",,tekstiil
620390,ERM B 171:67,põll,,tekstiil
620391,ERM B 171:68,põll,,tekstiil
620402,ERM B 171:78,voodilina äärepits,,tekstiil
620403,ERM B 171:79,heegellina,,tekstiil
620404,ERM B 171:80,köögikardin,,tekstiil
620406,ERM B 171:81,ajalehehoidja,,tekstiil
620412,ERM B 171:82,"köögikardin, allosa",,tekstiil
620413,ERM B 177:33,põlle rinnaesine,,tekstiil
620415,ERM B 177:34,pealinik,,tekstiil
620418,ERM B 177:36,põll,,tekstiil
620419,ERM B 177:37,vöökaunistus,,tekstiil
620420,ERM B 177:38,vöö,,tekstiil
620421,ERM B 177:39,vöö,,tekstiil
620422,ERM B 177:40,õlakaunistus,,tekstiil
620423,ERM B 177:41,särk,,tekstiil
620425,ERM B 177:43,särk,,tekstiil
620427,ERM B 177:44,särk,,tekstiil
620428,ERM B 177:45,kaelaehe,,tekstiil
620429,ERM B 177:46/ab,pealiniku otsad,,tekstiil
620430,ERM B 177:47,vöökaunistus,,tekstiil
620431,ERM B 177:48,vöökaunistus,,tekstiil
620432,ERM B 177:49,vöökaunistus,,tekstiil
620434,ERM B 177:50,"kaftan, naiste, kevad-sügis",,tekstiil
620435,ERM B 177:51,"kaftan, naiste, talve",,tekstiil
620440,ERM B 177:54,"rätik, talve",,tekstiil
620441,ERM B 177:55,rätik,,tekstiil
620442,ERM B 177:56,pealinik,,tekstiil
620502,ERM B 68:93,"tekk, suurrätt",,tekstiil
620508,ERM B 87:35,rüü,,tekstiil
620509,ERM B 87:36,sõrmus,,metall
620510,ERM B 87:37,sõrmus,,metall
620511,ERM B 87:38,sõrmus,,metall
620512,ERM B 87:39,sõrmus,,metall
620513,ERM B 87:40,sõrmus,,metall
620514,ERM B 87:41,sõrmus,,metall
620515,ERM B 87:42,pealinik,,tekstiil
620516,ERM B 87:43,peapael,,tekstiil
620517,ERM B 87:44,peapael,,tekstiil
620518,ERM B 87:45,peapael,,tekstiil
620520,ERM B 87:47,"särk, naiste",,tekstiil
620522,ERM B 87:49,peapael,,tekstiil
620523,ERM B 87:50,peapael,,tekstiil
620524,ERM B 87:51,peapael,,tekstiil
620529,ERM B 87:56,peapael,,tekstiil
620530,ERM B 87:57,peapael,,tekstiil
620531,ERM B 87:58,peapael,,tekstiil
620532,ERM B 87:59,peapael,,tekstiil
620533,ERM B 87:60,peapael,,tekstiil
620534,ERM B 87:61,peapael,,tekstiil
620535,ERM B 87:62,peapael,,tekstiil
620536,ERM B 87:63,peapael,,tekstiil
620537,ERM B 87:64,peapael,,tekstiil
620538,ERM B 87:65,peapael,,tekstiil
620541,ERM B 87:68,leid,vask,metall
620542,ERM B 87:69,"särk, naiste",,tekstiil
620543,ERM B 87:70,"särk, naiste",,tekstiil
620544,ERM B 87:71,"särk, naiste",,tekstiil
620545,ERM B 87:72,peapael,,tekstiil
620546,ERM B 87:73,peapael,,tekstiil
620548,ERM B 87:75,peapael,,tekstiil
620550,ERM B 87:77,peapael,,tekstiil
620551,ERM B 87:78,peapael,,tekstiil
620552,ERM B 87:79,peapael,,tekstiil
620553,ERM B 87:80,peapael,,tekstiil
620554,ERM B 87:81,peapael,,tekstiil
620574,ERM B 94:26,"vikat, löega",,puit
620599,ERM B 95:1,kaelaehe,,metall
620600,ERM B 95:2,peakate,,tekstiil
620602,ERM B 95:4,käterätt,,tekstiil
620603,ERM B 95:5,rüü,,tekstiil
620634,ERM B 113:16,sarafan,,tekstiil
620635,ERM B 113:17,"müts, naiste",,tekstiil
620649,ERM B 114:12,ülerõivas,,tekstiil
620651,ERM B 114:14,põll,,tekstiil
620653,ERM B 114:16,kleit,,tekstiil
620654,ERM B 114:17,ülerõivas,,tekstiil
620655,ERM B 114:18,ülerõivas,,tekstiil
620656,ERM B 114:19,kleit,,tekstiil
620661,ERM B 114:24,särgiriie,,tekstiil
620664,ERM B 114:27,padjakott,,tekstiil
620665,ERM B 114:28,püksiriie,,tekstiil
620667,ERM B 114:30,särgi kaunistus,,tekstiil
620668,ERM B 114:31,ülerõivas,,tekstiil
620671,ERM B 114:33,ülerõiva allosa,,tekstiil
620672,ERM B 114:34,põll,,tekstiil
620673,ERM B 114:35,põll,,tekstiil
620674,ERM B 114:36,särk,,tekstiil
620675,ERM B 128:59,pealiniku ots,,tekstiil
620676,ERM B 128:60,põll,,tekstiil
620678,ERM B 128:62/ab,pealiniku otsad,,tekstiil
620679,ERM B 128:63/ab,pealiniku otsad,,tekstiil
620680,ERM B 128:64/ab,pealiniku otsad,,tekstiil
620681,ERM B 128:65/ab,põllepaelad,,tekstiil
620683,ERM B 128:67,kleit,,tekstiil
620684,ERM B 128:68,laudlina,,tekstiil
620685,ERM B 128:69,kleit,,tekstiil
620686,ERM B 128:70,kleit,,tekstiil
620687,ERM B 128:71,kleit,,tekstiil
620688,ERM B 128:72,kleit,,tekstiil
620689,ERM B 128:73,põll,,tekstiil
620690,ERM B 128:74,kleit,,tekstiil
620691,ERM B 128:75,kleit,,tekstiil
620692,ERM B 128:76,kleit,,tekstiil
620696,ERM B 128:80,laudlina,,tekstiil
620698,ERM B 128:82,laudlina,,tekstiil
620699,ERM B 128:83,pealinik,,tekstiil
620700,ERM B 128:84,hälli kandmise pael,,tekstiil
620701,ERM B 128:85/ab,viisupaelad,,tekstiil
620704,ERM B 128:88/ab,labakindad,,tekstiil
620717,ERM B 128:101/ab,kindad,,tekstiil
620725,ERM B 140:36,käterätt,,tekstiil
620726,ERM B 140:37,käterätt,,tekstiil
620727,ERM B 140:38,laudlina,,tekstiil
620728,ERM B 140:39,voodikoti riie,,tekstiil
620729,ERM B 140:40,vöö,,tekstiil
620734,ERM B 140:45,särgi ülaosa,,tekstiil
620735,ERM B 140:46,põll,,tekstiil
620736,ERM B 140:47,põll,,tekstiil
620738,ERM B 140:49,sarafan,,tekstiil
620740,ERM B 140:51,vöö,,tekstiil
620741,ERM B 140:52,põll,,tekstiil
620742,ERM B 140:53,pitsid,,tekstiil
620743,ERM B 140:54/ab,käteräti otsad,,tekstiil
620744,ERM B 140:55,"aluspesu, alussärk, naiste",,tekstiil
620748,ERM B 140:59,peakate,,tekstiil
620749,ERM B 140:60,särgi ülaosa,,tekstiil
620750,ERM B 140:61,vöö,,tekstiil
620753,ERM B 140:64,vöö,,tekstiil
620756,ERM B 140:67/ab,viisupaelad,,tekstiil
620757,ERM B 140:68,vöö,,tekstiil
620758,ERM B 140:69,põll,,tekstiil
620760,ERM B 140:71,sarafan,,tekstiil
620761,ERM B 140:72,vöö,,tekstiil
620762,ERM B 140:73,põll,,tekstiil
620763,ERM B 140:74,peakate,,tekstiil
620764,ERM B 140:75,põll,,tekstiil
620765,ERM B 140:76,sarafan,,tekstiil
620766,ERM B 140:77,särk,,tekstiil
620767,ERM B 140:78,peakate,,tekstiil
620768,ERM B 140:79,särgi ülaosa,,tekstiil
620770,ERM B 140:81,särk,,tekstiil
620771,ERM B 140:82,peapael,,tekstiil
620772,ERM B 140:83,peakate,,tekstiil
620773,ERM B 140:84,põll,,tekstiil
620775,ERM B 154:26,peakate,,tekstiil
620777,ERM B 154:28,"vöö, naiste",,tekstiil
620778,ERM B 154:29,peakate,,tekstiil
620781,ERM B 154:32/ab,säärepaelad,,tekstiil
620792,ERM B 155:11,mänguasi: nukk,,tekstiil
620793,ERM B 155:12,mänguasi: nuku kleit,,tekstiil
620798,ERM B 155:17,"ornament, katkend",,nahk
620802,ERM B 156:4,"võrk, katke",,tekstiil
620803,ERM B 156:5,"võrk, katke",,tekstiil
620804,ERM B 156:6,"võrk, katke",,tekstiil
620805,ERM B 156:7,"võrk, katke",,tekstiil
620806,ERM B 156:8,ilukäterätt,,tekstiil
620808,ERM B 156:10,jakk,,tekstiil
620902,ERM B 166:12/ab,kindad,,tekstiil
620911,ERM B 166:20,laudlina,,tekstiil
620912,ERM B 166:21,laudlina,,tekstiil
620916,ERM B 166:25,kleit,,tekstiil
620917,ERM B 166:26,kleit,,tekstiil
620918,ERM B 166:27,"ülerõivas, naiste",,tekstiil
620920,ERM B 166:28,kleit,,tekstiil
620921,ERM B 166:29,"särk, meeste",,tekstiil
620922,ERM B 166:30,"püksid, meeste",,tekstiil
620924,ERM B 166:32,"lahttasku, naiste",,tekstiil
620925,ERM B 166:33,"ülerõivas, naiste",,tekstiil
620928,ERM B 166:36,voodilina äärepits,,tekstiil
620931,ERM B 166:39,"ülerõivas, naiste",,tekstiil
620935,ERM B 166:43,käteräti alus,,tekstiil
620949,ERM B 171:83,linik,,tekstiil
620950,ERM B 171:84,põrandavaip,,tekstiil
620973,ERM B 171:104,voodilina äärepits,,tekstiil
620974,ERM B 171:105,voodiserva lina,,tekstiil
620988,ERM B 171:117,sussking,,nahk
620989,ERM B 171:118,"saabas, meeste",,nahk
621083,ERM B 87:92,nõelapadi,,tekstiil
621105,ERM B 87:103,kleit,,tekstiil
621106,ERM B 87:104/ab,karvasaapad,,nahk
621117,ERM B 87:115,tanu,,tekstiil
621118,ERM B 87:116,tanu,,tekstiil
621119,ERM B 87:117,tanu,,tekstiil
621120,ERM B 87:118,rätik,,tekstiil
621121,ERM B 87:119,"särk, naiste",,tekstiil
621122,ERM B 87:120,"särk, meeste",,tekstiil
621123,ERM B 95:6,rüü,,tekstiil
621125,ERM B 95:8,sarafan,,tekstiil
621126,ERM B 95:9,särgipiht,,tekstiil
621127,ERM B 95:10,särgipiht,,tekstiil
621128,ERM B 95:11,särgipiht,,tekstiil
621129,ERM B 95:12,särgipiht,,tekstiil
621130,ERM B 95:13,"särk, naiste",,tekstiil
621132,ERM B 95:15,vöörätt,,tekstiil
621133,ERM B 95:16,vöörätt,,tekstiil
621135,ERM B 95:18,vöörätt,,tekstiil
621140,ERM B 96:5,palvehelmed,,karp
621144,ERM B 97:1,kleit,,tekstiil
621145,ERM B 97:2,kleit,,tekstiil
621146,ERM B 97:3,lapse kandmed,,tekstiil
621147,ERM B 97:4,"rüü, naiste",,tekstiil
621149,ERM B 97:6/ab,"viisud, naiste",,puit
621151,ERM B 97:7/ab,pealiniku otsad,,tekstiil
621152,ERM B 97:8,pealinik,,tekstiil
621153,ERM B 97:9,pealinik,,tekstiil
621154,ERM B 97:10,pealinik,,tekstiil
621166,ERM B 98:8,särgi alaosa laid,,tekstiil
621194,ERM B 114:38,laudlina,,tekstiil
621196,ERM B 114:40,"ülerõivas, naiste",,tekstiil
621197,ERM B 114:41,"särk, naiste",,tekstiil
621198,ERM B 114:42,"särk, tüdrukute",,tekstiil
621199,ERM B 114:43,"ülerõivas, tüdrukute",,tekstiil
621200,ERM B 114:44,rinnalapp,,tekstiil
621201,ERM B 114:45,kleidiriie,,tekstiil
621203,ERM B 114:47,laudlina,,tekstiil
621206,ERM B 114:49,randmeehe,,plastik
621207,ERM B 114:50,rinnaehe,,plastik
621211,ERM B 114:54,"ülerõivas, naiste",,tekstiil
621213,ERM B 114:56,põll,,tekstiil
621216,ERM B 114:59,kleidiriie,,tekstiil
621224,ERM B 114:66,rinnalapp,,tekstiil
621230,ERM B 114:72,"särk, naiste",,tekstiil
621233,ERM B 114:75,laudlina,,tekstiil
621234,ERM B 114:76,särgi käise kaunistus,,tekstiil
621244,ERM B 128:114,pealinik,,tekstiil
621245,ERM B 128:115,kleit,,tekstiil
621246,ERM B 128:116,kleit,,tekstiil
621250,ERM B 128:120,linikuots,,tekstiil
621255,ERM B 128:125,põllepael,,tekstiil
621260,ERM B 129:3,"sarafan, seelik",,tekstiil
621263,ERM B 129:6,"sarafan, seelik",,tekstiil
621264,ERM B 129:7,jakk,,tekstiil
621265,ERM B 129:8,põll,,tekstiil
621268,ERM B 129:11/ab,"karusnahksaapad, meeste",,nahk
621282,ERM B 130:13,"kuub, tüdrukute",,tekstiil
621283,ERM B 130:14,kleit,,tekstiil
621284,ERM B 130:15,kleit,,tekstiil
621285,ERM B 130:16,kuub,,tekstiil
621286,ERM B 130:17/ab,suvesaapad,,nahk
621287,ERM B 130:18,kleit,,tekstiil
621290,ERM B 140:85,"jakk, naiste",,tekstiil
621291,ERM B 140:86,särk,,tekstiil
621292,ERM B 140:87,särk,,tekstiil
621293,ERM B 140:88,põll,,tekstiil
621294,ERM B 140:89,põll,,tekstiil
621296,ERM B 140:91,särk,,tekstiil
621299,ERM B 140:94,käevõru,valgevask,metall
621323,ERM B 141:24/ab,nõelkindad,,tekstiil
621332,ERM B 142:4,pluus,,tekstiil
621334,ERM B 142:6,linik,,tekstiil
621335,ERM B 142:7,laudlina,,tekstiil
621336,ERM B 142:8,käterätt,,tekstiil
621346,ERM B 158:4,põrandatekk,,tekstiil
621347,ERM B 158:5,põrandavaip,,tekstiil
621351,ERM B 158:9,pearätik,,tekstiil
621352,ERM B 158:10,käterätt,,tekstiil
621361,ERM B 159:7,kangas,,tekstiil
621369,ERM B 159:15,"särk, naiste",,tekstiil
621370,ERM B 159:16,põll,,tekstiil
621373,ERM B 159:19,voodikott,,tekstiil
621383,ERM B 159:29,laudlina,,tekstiil
621385,ERM B 159:31,põll,,tekstiil
621386,ERM B 159:32,kleit,,tekstiil
621492,ERM B 167:1,kattelina,,tekstiil
621493,ERM B 167:2,seinavaip,,tekstiil
621494,ERM B 167:3/ab,uksekardinad,,tekstiil
621496,ERM B 167:5,kamm,,plastik
621534,ERM B 171:132,"suss-saabas, naiste",,tekstiil
621535,ERM B 171:133,"suss-saabas, naiste",,tekstiil
621547,ERM B 171:144,põrandavaip,,tekstiil
621555,ERM B 171:149,suurrätt,,tekstiil
621556,ERM B 171:150,põll,,tekstiil
621557,ERM B 171:151,ajalehehoidja,,tekstiil
621558,ERM B 171:152,kammihoidja,,tekstiil
621559,ERM B 171:153,vaibake,,tekstiil
621647,ERM B 192:78/ab,saapad,,nahk
621649,ERM B 192:80/ab,jalatsid,,nahk
621665,ERM B 192:96,siidrätik,,tekstiil
621666,ERM B 192:97,õmblusniit,,tekstiil
621673,ERM B 193:5,nuusktubaka kott,,tekstiil
621675,ERM B 193:7/ab,kõrvarõngad,,klaas
621678,ERM B 193:10,sõrmus,,metall
621681,ERM B 193:13/ab,kõrvarõngad,,metall
621682,ERM B 193:14,"ripats, kõrvarõnga",,metall
621686,ERM B 193:18,peakate,,tekstiil
621689,ERM B 193:21,voodi äärelina pits,,tekstiil
621690,ERM B 193:22,padjakate,,tekstiil
621691,ERM B 193:23,riidekott,,tekstiil
622174,ERM B 193:28,"vöö, naiste",,tekstiil
622175,ERM B 193:29/ab,"suvekingad, laste",,nahk
622177,ERM B 193:31,"mänguasi, vaip",,tekstiil
622178,ERM B 193:32/ab,saapad,,nahk
622185,ERM B 193:39,käevõru,,metall
622186,ERM B 194:1,"kleit, tüdrukute",,tekstiil
622189,ERM B 194:4,rinnaehe,,plastik
622190,ERM B 194:5,kotike,,nahk
622191,ERM B 194:6,kotike,,nahk
622199,ERM B 211:12/3,"kleidiriie, proovilapp",,tekstiil
622636,ERM B 194:7/ab,"talvesaapad, naiste",,nahk
622637,ERM B 194:8,"talvesaapad, meeste",,nahk
622638,ERM B 194:9,kleit,,tekstiil
622639,ERM B 194:10,"kleit, tüdrukute",,tekstiil
622642,ERM B 194:13,kleit,,tekstiil
622643,ERM B 194:14,kleit,,tekstiil
622644,ERM B 194:15,"kuub, naiste",,tekstiil
622645,ERM B 194:16,"vöö, poiste",,tekstiil
622648,ERM B 194:19/ab,kleidi varrukate otsad,,tekstiil
622649,ERM B 194:20/ab,sukad,,tekstiil
622650,ERM B 195:1,särk,,tekstiil
622651,ERM B 195:2,ülerõivas,,tekstiil
622653,ERM B 195:4,rinnaehe,,metall
622655,ERM B 195:6,särk,,tekstiil
622661,ERM B 195:12,kalender: 1991,,paber
622662,ERM B 195:13,vimpel,,tekstiil
622663,ERM B 195:14/ab,pudelikate,,tekstiil
622664,ERM B 195:15,padjakate,,tekstiil
623096,ERM B 179:14,linik,,tekstiil
623097,ERM B 179:15,padjakate,,tekstiil
623098,ERM B 179:16,voodiäärepits,,tekstiil
623099,ERM B 179:17,voodiäärelina,,tekstiil
623100,ERM B 179:18,voodiäärelina,,tekstiil
623102,ERM B 179:19,"aluspesu, aluspüksid, meeste",,tekstiil
623103,ERM B 179:20,"pühapilt, raamiga",,puit
623104,ERM B 179:21,"pühapilt, raamiga",,paber
623105,ERM B 179:22,pühapilt,,paber
623106,ERM B 179:23,pühapilt,,paber
623132,ERM B 179:38,õlarätik,,tekstiil
623133,ERM B 179:39/ab,"kingad, naiste",,nahk
623137,ERM B 179:42,põrandavaip,,tekstiil
623138,ERM B 179:43,põrandavaip,,tekstiil
623196,ERM B 197:19,müts,,nahk
623680,ERM B 179:47,põll,,tekstiil
623681,ERM B 179:48,heegellina,,tekstiil
623686,ERM B 179:52,padjapüür,,tekstiil
623687,ERM B 179:53,pühaserätt,,tekstiil
623688,ERM B 179:54,voodiotsalina,,tekstiil
623690,ERM B 179:55,voodiotsa lina,,tekstiil
623691,ERM B 179:56,pühaserätt,,tekstiil
623692,ERM B 179:57,ikooniriiuli serva rätik,,tekstiil
623703,ERM B 179:67,käterätt,,tekstiil
623704,ERM B 179:68,padjapüür,,tekstiil
623709,ERM B 179:69,padjapüür,,tekstiil
623710,ERM B 179:70,padjapüür,,tekstiil
623711,ERM B 179:71,voodiservalina,,tekstiil
623712,ERM B 179:72,põrandavaip,,tekstiil
623752,ERM B 197:46,"postkaart, lihavõtte",,paber
623753,ERM B 197:47,"postkaart, lihavõtte",,paber
623754,ERM B 197:48,"vaibake, laste",,tekstiil
623755,ERM B 197:49,lambikate,,tekstiil
624237,ERM B 179:78,põll,,tekstiil
624239,ERM B 179:80,pluus,,tekstiil
624241,ERM B 179:82,põrandavaip,,tekstiil
624242,ERM B 179:83,voodikott,,tekstiil
624243,ERM B 179:84,põll,,tekstiil
624246,ERM B 179:86,põrandavaip,,tekstiil
624249,ERM B 179:89,lina,,tekstiil
624258,ERM B 179:97,"rätik, katke",,tekstiil
624266,ERM B 179:104,kott,,tekstiil
624271,ERM B 179:108,tikandiproov,,tekstiil
624279,ERM B 179:115,voodikardin,,tekstiil
624280,ERM B 179:116,kartulikott,,tekstiil
624337,ERM B 197:116,sviiter,,tekstiil
624338,ERM B 197:117,"särk, meeste",,tekstiil
624835,ERM B 179:119,pearätik,,tekstiil
624836,ERM B 179:120,pearätik,,tekstiil
624856,ERM B 179:132,põll,,tekstiil
624858,ERM B 179:134,pluus,,tekstiil
624859,ERM B 179:135,pluus,,tekstiil
624862,ERM B 179:137,pluus,,tekstiil
624865,ERM B 179:139,pluus,,tekstiil
624867,ERM B 179:140,aluskleidi ülemine osa,,tekstiil
624878,ERM B 187:38,"särk, naiste",,tekstiil
624879,ERM B 187:39,"ülerõivas, naiste",,tekstiil
624880,ERM B 187:40,"särk, naiste",,tekstiil
624881,ERM B 187:41,"särk, naiste",,tekstiil
624882,ERM B 187:42,"särk, naiste",,tekstiil
624883,ERM B 187:43,"särk, naiste",,tekstiil
624884,ERM B 187:44,"ülerõivas, naiste",,tekstiil
624885,ERM B 187:45/ab,jalarätid,,tekstiil
624886,ERM B 187:46,kaftaniriie,,tekstiil
624887,ERM B 187:47,"rinnaesine, särgi",,tekstiil
624888,ERM B 187:48,peakate,,tekstiil
624889,ERM B 187:49,tikandi proov,,tekstiil
624890,ERM B 187:50,tikandi proov,,tekstiil
624891,ERM B 187:51,kleit,,tekstiil
624892,ERM B 187:52,kleit,,tekstiil
624893,ERM B 187:53,kleit,,tekstiil
624894,ERM B 187:54,ülerõivas,,tekstiil
624895,ERM B 187:55,ülerõivas,,tekstiil
624896,ERM B 187:56,vöö,,tekstiil
624897,ERM B 187:57,põll,,tekstiil
624898,ERM B 187:58,põll,,tekstiil
624899,ERM B 187:59,põll,,tekstiil
624900,ERM B 187:60,leivaalune rätik,,tekstiil
624901,ERM B 187:61,käevõru,,metall
624911,ERM B 187:71,särk,,tekstiil
624912,ERM B 187:72,põll,,tekstiil
624913,ERM B 187:73,vöö,,tekstiil
624914,ERM B 187:74,särk,,tekstiil
624915,ERM B 187:75,põll,,tekstiil
624917,ERM B 188:2,kleit,,tekstiil
624918,ERM B 188:3,laudlina,,tekstiil
624919,ERM B 188:4,padjakott,,tekstiil
624920,ERM B 188:5,kleidi osa,,tekstiil
624921,ERM B 188:6/ab,põllepaelad,,tekstiil
625445,ERM B 179:151/ab,"saapad, meeste",,nahk
625472,ERM B 179:175,suurrätt,,tekstiil
625477,ERM B 179:174,"aluspesu, aluspüksid, naiste",,tekstiil
625483,ERM B 188:7/ab,viisupaelad,,tekstiil
625489,ERM B 189:1,"peakate, naiste",,tekstiil
625490,ERM B 189:2,pluuspõll,,tekstiil
625491,ERM B 189:3,põll,,tekstiil
625492,ERM B 189:4,pühaserätik,,tekstiil
625493,ERM B 189:5,"särk, naiste",,tekstiil
625494,ERM B 189:6,"rüü, naiste",,tekstiil
625495,ERM B 189:7,"peakate, naiste",,tekstiil
625496,ERM B 189:8,põll,,tekstiil
625499,ERM B 189:11/ab,rüü tikand,,tekstiil
625502,ERM B 189:14,põll,,tekstiil
625503,ERM B 189:15,"peakate, naiste",,tekstiil
625504,ERM B 189:16,põll,,tekstiil
625505,ERM B 189:17,"rüü, naiste",,tekstiil
625506,ERM B 189:18,"vöö, naiste",,tekstiil
625507,ERM B 189:19,pluuspõll,,tekstiil
625508,ERM B 189:20,"särk, naiste",,tekstiil
625509,ERM B 189:21,"peakate, naiste",,tekstiil
625510,ERM B 189:22,tagapõll,,tekstiil
625511,ERM B 189:23/ab,saapasääre kaunistused,,tekstiil
625512,ERM B 189:24,põll,,tekstiil
625513,ERM B 189:25/ab,kõrvarõngad,,metall
625514,ERM B 189:26,"särk, naiste",,tekstiil
625515,ERM B 189:27,"särk, naiste",,tekstiil
625519,ERM B 189:31,tagapõll,,tekstiil
625521,ERM B 189:33,"jakk, naiste",,tekstiil
625522,ERM B 189:34,kleit,,tekstiil
625525,ERM B 189:37,kleit,,tekstiil
625526,ERM B 189:38,põll,,tekstiil
625527,ERM B 189:39,kleit,,tekstiil
625528,ERM B 189:40,põll,,tekstiil
625529,ERM B 189:41,"peakate, naiste",,tekstiil
625530,ERM B 189:42,kleit,,tekstiil
626062,ERM B 179:186,põrandavaip,,tekstiil
626063,ERM B 179:187,pott,,tekstiil
626088,ERM B 180:6,põrandariie,,tekstiil
626089,ERM B 180:7,põrandariie,,tekstiil
626095,ERM B 189:43,kaelaehe,,metall
626097,ERM B 189:45,kaelaehe,,metall
626098,ERM B 189:46,pearätik,,tekstiil
626101,ERM B 189:49,"ülekuub, naiste",,tekstiil
626110,ERM B 189:57,kleit,,tekstiil
626111,ERM B 189:58,"jakk, naiste",,tekstiil
626113,ERM B 189:60/ab,"peakate ja tanualune, naiste",,tekstiil
626119,ERM B 189:65,pearätik,,tekstiil
626120,ERM B 189:66,põll,,tekstiil
626121,ERM B 189:67,kleit,,tekstiil
626122,ERM B 189:68,"jakk, naiste",,tekstiil
626123,ERM B 189:69,kleit,,tekstiil
626126,ERM B 189:72,kleit,,tekstiil
626128,ERM B 189:74,kanepiriie,,tekstiil
626129,ERM B 189:75,pearätik,,tekstiil
626131,ERM B 189:77,särgiriie,,tekstiil
626132,ERM B 189:78,sõrmus,,metall
626133,ERM B 189:79,"rüü, naiste",,tekstiil
626135,ERM B 189:81,pluus,,tekstiil
626136,ERM B 189:82,kleit,,tekstiil
626137,ERM B 189:83,"jakk, naiste",,tekstiil
626138,ERM B 189:84,põll,,tekstiil
626140,ERM B 189:86/ab,nöörsaapad,,nahk
626143,ERM B 189:89,kleit,,tekstiil
626155,ERM B 198:62/ab,õlalindid,,tekstiil
626683,ERM B 181:1/1-2,laudlina,,tekstiil
626684,ERM B 181:2,padjapüür,,tekstiil
626685,ERM B 181:3,päevatekk,,tekstiil
626686,ERM B 181:4,manisk,,tekstiil
626687,ERM B 181:5,seina kaunistuse riie,,tekstiil
626688,ERM B 181:6,padjapüür,,tekstiil
626689,ERM B 181:7,padjapüür,,tekstiil
626690,ERM B 181:8,padjapüür,,tekstiil
626691,ERM B 181:9,padjapüür,,tekstiil
626692,ERM B 181:10,padjapüür,,tekstiil
626693,ERM B 181:11,päevateki äär,,tekstiil
626696,ERM B 181:14,kummutilina,,tekstiil
626698,ERM B 181:15,naisteriiete kangas,,tekstiil
626700,ERM B 181:17,laudlina,,tekstiil
626706,ERM B 182:1,kleit,,tekstiil
626707,ERM B 182:2,rüü,,tekstiil
626709,ERM B 182:3,kotike,,nahk
626713,ERM B 182:7/ab,"suvesaapad, meeste",,nahk
626714,ERM B 182:8/ab,"talvesaapad, tüdrukute",,nahk
626716,ERM B 182:10,"kleit, tüdrukute",,tekstiil
626717,ERM B 182:11,rinnaehe,,metall
626718,ERM B 182:12,nukk,,tekstiil
626719,ERM B 182:13,nukk,,tekstiil
626720,ERM B 182:14,nukk,,tekstiil
626721,ERM B 182:15,nukk,,tekstiil
626722,ERM B 182:16,"kotike, nuku",,tekstiil
626723,ERM B 189:90,põll,,tekstiil
626724,ERM B 189:91,kleit,,tekstiil
626725,ERM B 189:92,"jakk, naiste",,tekstiil
626726,ERM B 189:93,"peakate, naiste",,tekstiil
626727,ERM B 189:94,"peakate, naiste",,tekstiil
626730,ERM B 189:97,põll,,tekstiil
626731,ERM B 189:98,põll,,tekstiil
626732,ERM B 189:99,"peakate, naiste",,tekstiil
626733,ERM B 189:100,kleit,,tekstiil
626734,ERM B 189:101,"jakk, naiste",,tekstiil
626736,ERM B 189:103,põll,,tekstiil
626737,ERM B 189:104,põll,,tekstiil
626738,ERM B 189:105,põll,,tekstiil
626739,ERM B 189:106,"jakk, naiste",,tekstiil
626740,ERM B 189:107,põll,,tekstiil
626741,ERM B 189:108,tanualune,,tekstiil
626742,ERM B 189:109,"rüü, naiste",,tekstiil
626743,ERM B 189:110,põll,,tekstiil
626744,ERM B 189:111,põll,,tekstiil
626749,ERM B 189:114,riideproov,,tekstiil
626750,ERM B 189:115,riideproov,,tekstiil
626752,ERM B 189:116,riideproov,,tekstiil
626753,ERM B 189:117,riideproov,,tekstiil
626754,ERM B 189:118,riideproov,,tekstiil
626755,ERM B 189:119,riideproov,,tekstiil
626758,ERM B 189:122,pearätik,,tekstiil
627322,ERM B 182:17,kotike,,nahk
627323,ERM B 182:18/ab,"saapad, poiste",,nahk
627324,ERM B 182:19/ab,"saapad, laste",,nahk
627326,ERM B 182:20,kotike,,nahk
627335,ERM B 183:1,päevatekk,,tekstiil
627337,ERM B 183:2,pearätik,,tekstiil
627347,ERM B 183:8,linik,,tekstiil
627350,ERM B 183:10,heegelkardin,,tekstiil
627357,ERM B 190:1,voodiserva lina,,tekstiil
627358,ERM B 190:2,voodiserva lina,,tekstiil
627362,ERM B 190:6,padjapüür,,tekstiil
627367,ERM B 190:11,riideproov,,tekstiil
627368,ERM B 190:12,riideproov,,tekstiil
627369,ERM B 190:13,riideproov,,tekstiil
627370,ERM B 190:14,riideproov,,tekstiil
627371,ERM B 190:15,riideproov,,tekstiil
627373,ERM B 190:17,pluus,,tekstiil
627374,ERM B 190:18,pluus,,tekstiil
627375,ERM B 190:19,pluus,,tekstiil
627376,ERM B 190:20,pluus,,tekstiil
627377,ERM B 190:21,pluus,,tekstiil
627378,ERM B 190:22,pluus,,tekstiil
627379,ERM B 190:23,pluus,,tekstiil
627380,ERM B 190:24,pluus,,tekstiil
627381,ERM B 190:25,pluus,,tekstiil
627382,ERM B 190:26,pluus,,tekstiil
627383,ERM B 190:27,pluus,,tekstiil
627384,ERM B 190:28,põll,,tekstiil
627385,ERM B 190:29,pluus,,tekstiil
627386,ERM B 190:30,pluus,,tekstiil
627387,ERM B 190:31,pluus,,tekstiil
627388,ERM B 190:32,pluus,,tekstiil
627389,ERM B 190:33,jakk,,tekstiil
627390,ERM B 190:34,kleit,,tekstiil
627391,ERM B 190:35,pluus,,tekstiil
627392,ERM B 190:36,"pluus, madruse",,tekstiil
627393,ERM B 190:37,"pluus, vööga",,tekstiil
627394,ERM B 190:38,kleit,,tekstiil
627395,ERM B 190:39,laudlina,,tekstiil
627396,ERM B 190:40,laudlina,,tekstiil
627398,ERM B 190:42,alusseelik,,tekstiil
627399,ERM B 190:43,laudlina,,tekstiil
627400,ERM B 190:44,kummutilina,,tekstiil
627948,ERM B 184:1,"laulatussärk, naiste",,tekstiil
627949,ERM B 184:2,linik,,tekstiil
627951,ERM B 184:3,laudlina,,tekstiil
627952,ERM B 184:4,linik,,tekstiil
627953,ERM B 184:5,linik,,tekstiil
627954,ERM B 184:6,salvrätik,,tekstiil
627955,ERM B 184:7,salvrätik,,tekstiil
627956,ERM B 184:8,salvrätik,,tekstiil
627957,ERM B 184:9,salvrätik,,tekstiil
627958,ERM B 184:10,salvrätik,,tekstiil
627959,ERM B 184:11,salvrätik,,tekstiil
627968,ERM B 184:19,seinapilt,,paber
627985,ERM B 190:45,linik,,tekstiil
627986,ERM B 190:46,linik,,tekstiil
627987,ERM B 190:47,linik,,tekstiil
627988,ERM B 190:48,ristimislina,,tekstiil
627990,ERM B 190:50,siidisall,,tekstiil
627991,ERM B 190:51,siidisall,,tekstiil
627992,ERM B 190:52,kombinee,,tekstiil
627993,ERM B 190:53,põll,,tekstiil
627994,ERM B 190:54,"aluspesu, alussärk",,tekstiil
627996,ERM B 190:56,voodi otsalina,,tekstiil
627997,ERM B 190:57,kombinee,,tekstiil
627998,ERM B 190:58,kombinee,,tekstiil
627999,ERM B 190:59,kombinee,,tekstiil
628000,ERM B 190:60,pluus,,tekstiil
628004,ERM B 190:64,käekott,,nahk
628005,ERM B 190:65,käekott,,nahk
628006,ERM B 190:66,käekott,,nahk
628007,ERM B 190:67,rahakott,,tekstiil
628008,ERM B 190:68,voodilina,,tekstiil
628009,ERM B 190:69,vaip,,tekstiil
628010,ERM B 190:70,padjapüür,,tekstiil
628011,ERM B 190:71,padjapüür,,tekstiil
628012,ERM B 190:72,padjapüür,,tekstiil
628013,ERM B 190:73,padjapüüri vahepits,,tekstiil
628014,ERM B 190:74,padjapüüri vahepits,,tekstiil
628015,ERM B 190:75,"jakk, laste",,tekstiil
628016,ERM B 190:76,lapitekk,,tekstiil
628018,ERM B 190:78/ab,sussid,,tekstiil
628019,ERM B 190:79,pluus,,tekstiil
628021,ERM B 190:81,käevõru,valgevask,metall
628023,ERM B 190:83,pluus,,tekstiil
628024,ERM B 190:84,voodilina,,tekstiil
628025,ERM B 190:85,ristimissärk,,tekstiil
628026,ERM B 190:86,ristimissärk,,tekstiil
628027,ERM B 190:87,"müts, laste",,tekstiil
628028,ERM B 190:88,padjapüür,,tekstiil
628029,ERM B 190:89,mähe,,tekstiil
628030,ERM B 190:90,"aluspesu, aluspüksid, naiste",,tekstiil
628032,ERM B 190:92,kummutilina,,tekstiil
628033,ERM B 190:93,"vest, laste",,tekstiil
628034,ERM B 190:94,põll,,tekstiil
628035,ERM B 190:95,aknakardin,,tekstiil
628602,ERM B 190:96,aknakardin,,tekstiil
628603,ERM B 190:97,kleit,,tekstiil
628604,ERM B 190:98,kleit,,tekstiil
628605,ERM B 190:99,kleit,,tekstiil
628606,ERM B 190:100,kleit,,tekstiil
628607,ERM B 190:101,kleit,,tekstiil
628608,ERM B 190:102,krae,,tekstiil
628615,ERM B 190:109,ujumisprillid,,klaas
628617,ERM B 190:111,"pluus, poiste",,tekstiil
628618,ERM B 190:112,"pluus, poiste",,tekstiil
628619,ERM B 190:113,"särk, poiste",,tekstiil
628620,ERM B 190:114,"pluus, poiste",,tekstiil
628621,ERM B 190:115,"pluus, poiste",,tekstiil
628622,ERM B 190:116,"aluspesu, aluspüksid, meeste",,tekstiil
628623,ERM B 190:117,sall,,tekstiil
628624,ERM B 190:118,sall,,tekstiil
628625,ERM B 190:119,"püksid, naiste",,tekstiil
628626,ERM B 190:120,kombinee,,tekstiil
628627,ERM B 190:121,linake,,tekstiil
628629,ERM B 190:123,rätik,,tekstiil
628630,ERM B 190:124,sviiter,,tekstiil
628631,ERM B 190:125,"pluus, meeste",,tekstiil
628632,ERM B 190:126,köögivaip,,tekstiil
628633,ERM B 190:127,seinavaip,,tekstiil
628634,ERM B 190:128,ikoonialune lina,,tekstiil
628635,ERM B 190:129,"tekilina, laste",,tekstiil
628636,ERM B 190:130/abc,uksekardinad,,tekstiil
628638,ERM B 190:132,voodikate,,tekstiil
628639,ERM B 190:133,"saabas, naiste",,nahk
628641,ERM B 190:135,säärsaabas,,nahk
628642,ERM B 190:136,riideproov,,tekstiil
628643,ERM B 190:137,"riideproov, nööbiga",,tekstiil
628644,ERM B 190:138,riideproov,,tekstiil
628645,ERM B 190:139,riideproov,,tekstiil
628646,ERM B 190:140,riideproov,,tekstiil
628647,ERM B 190:141,riideproov,,tekstiil
628649,ERM B 190:143,pühapilt,,paber
628650,ERM B 190:144,pühapilt,,paber
628651,ERM B 190:145,pühaserätik,,tekstiil
628653,ERM B 202:15,leivataigna/leiva korvi riie,,tekstiil
628658,ERM B 202:20/ab,nõelakarp kaanega,,puit
628664,ERM B 202:25,leivataigna korvi riie,,tekstiil
628665,ERM B 202:26,leivaküna katteriie,,tekstiil
628694,ERM B 203:20,laudlina,,tekstiil
628695,ERM B 203:21,põllepael,,tekstiil
628696,ERM B 203:22,käterätt,,tekstiil
629178,ERM B 186:14,"kuub, meeste",,tekstiil
629179,ERM B 186:15/ab,"haaksõlg, meeste",,metall
629180,ERM B 186:16,"rätik, meeste",,tekstiil
629183,ERM B 186:17,rätikurõngas,,tekstiil
629184,ERM B 186:18,"suvemüts, meeste",,tekstiil
629185,ERM B 186:19,"vöö, meeste",,tekstiil
629186,ERM B 186:20,"kleit, naiste kuub",,tekstiil
629187,ERM B 186:21,"sõlg, naiste",,metall
629188,ERM B 186:22,"rätik, naiste",,tekstiil
629189,ERM B 186:23,"vöö, naiste",,tekstiil
629198,ERM B 187:1,kleit,,tekstiil
629200,ERM B 187:2,põll,,tekstiil
629201,ERM B 187:3,vöö,,tekstiil
629202,ERM B 187:4,särk,,tekstiil
629203,ERM B 187:5,põll,,tekstiil
629204,ERM B 187:6,vöö,,tekstiil
629205,ERM B 187:7,vööpael,,tekstiil
629206,ERM B 187:8,särk,,tekstiil
629208,ERM B 187:9,särk,,tekstiil
629209,ERM B 187:10,särk,,tekstiil
629210,ERM B 187:11,särk,,tekstiil
629211,ERM B 187:12,särk,,tekstiil
629212,ERM B 187:13,vöö,,tekstiil
629214,ERM B 190:147,satiinriidetükk,,tekstiil
629215,ERM B 190:148,voodi äärelina vahepits,,tekstiil
629216,ERM B 190:149,kleit,,tekstiil
629217,ERM B 190:150,"tekk, laste",,tekstiil
629218,ERM B 190:151,"kleit, tüdrukute",,tekstiil
629219,ERM B 190:152,padjapüüri vahepits,,tekstiil
629220,ERM B 190:153,linake,,tekstiil
629221,ERM B 190:154,pluusi krae,,tekstiil
629222,ERM B 190:155,voodilina vahepits,,tekstiil
629223,ERM B 190:156/ab,padjapüüri vahepits,,tekstiil
629224,ERM B 190:157,käterätiku äärepits,,tekstiil
629225,ERM B 190:158,käterätiku äärepits,,tekstiil
629226,ERM B 190:159/abc,kleidi krae ja mansetid,,tekstiil
629228,ERM B 190:160,padjapüüri vahepits,,tekstiil
629229,ERM B 190:161,kardina äärepits,,tekstiil
629230,ERM B 190:162,"käterätiku pits, katkend",,tekstiil
629231,ERM B 190:163,heegellinake,,tekstiil
629232,ERM B 190:164,"pluusiriie, katkend",,tekstiil
629233,ERM B 190:165,padjapüür,,tekstiil
629234,ERM B 190:166,riideproov,,tekstiil
629235,ERM B 190:167,päevatekk,,tekstiil
629236,ERM B 190:168,"peakate, naiste",,tekstiil
629245,ERM B 190:177,voodi äärelina,,tekstiil
629254,ERM B 190:186,siidrätik,,tekstiil
629255,ERM B 190:187,sarafan,,tekstiil
629256,ERM B 190:188,pluus,,tekstiil
629257,ERM B 190:189,põll,,tekstiil
629259,ERM B 190:191,vööpael,,tekstiil
629260,ERM B 190:192,rätik,,tekstiil
629261,ERM B 190:193,rätik,,tekstiil
629262,ERM B 203:24,kleit,,tekstiil
629264,ERM B 203:26,põll,,tekstiil
629269,ERM B 204:3,põll,,tekstiil
629270,ERM B 204:4,kangatükk,,tekstiil
629271,ERM B 204:5,kangatükk,,tekstiil
629272,ERM B 204:6,"rüü, naiste",,tekstiil
629274,ERM B 204:8,põll,,tekstiil
629277,ERM B 204:11,kangatükk,,tekstiil
629278,ERM B 204:12,käterätt,,tekstiil
629279,ERM B 204:13/ab,käteräti otsad,,tekstiil
629280,ERM B 204:14,"rüü, naiste",,tekstiil
629282,ERM B 204:15,põll,,tekstiil
629283,ERM B 204:16,põll,,tekstiil
629284,ERM B 204:17,kangatükk,,tekstiil
629289,ERM B 204:22,rüü,,tekstiil
629293,ERM B 204:26,kangatükk,,tekstiil
629294,ERM B 204:27,kangatükk,,tekstiil
629295,ERM B 204:28,kangatükk,,tekstiil
629299,ERM B 204:32,põll,,tekstiil
629300,ERM B 204:33,põll,,tekstiil
629301,ERM B 204:34/ab,kõrvarõngad,,metall
629768,ERM B 187:14,vöö,,tekstiil
629770,ERM B 187:15,vööpael,,tekstiil
629771,ERM B 187:16,põll,,tekstiil
629772,ERM B 187:17,põll,,tekstiil
629773,ERM B 187:18,põll,,tekstiil
629774,ERM B 187:19,põll,,tekstiil
629775,ERM B 187:20,põll,,tekstiil
629776,ERM B 187:21,särgitikand,,tekstiil
629777,ERM B 187:22/1-2,"särgitikandid, rinnlapp ja värvel",,tekstiil
629778,ERM B 187:23,käterätt,,tekstiil
629779,ERM B 187:24,särk,,tekstiil
629784,ERM B 187:25,särk,,tekstiil
629788,ERM B 187:31/ab,saapad,,nahk
629790,ERM B 187:32,"ülerõivas, naiste, pulma",,tekstiil
629795,ERM B 187:34,"särk, meeste",,tekstiil
629796,ERM B 187:35,"särk, naiste",,tekstiil
629797,ERM B 187:36,"ülerõivas, naiste",,tekstiil
629798,ERM B 187:37,"särk, naiste",,tekstiil
629809,ERM B 190:194,rätik,,tekstiil
629810,ERM B 190:195,"vöö, meeste",,tekstiil
629812,ERM B 190:197,ristimissärk,,tekstiil
629837,ERM B 192:4,"põrandariie, katkend",,tekstiil
629840,ERM B 192:7,sarafan,,tekstiil
629851,ERM B 192:18,"särk, naiste",,tekstiil
629854,ERM B 192:21/ab,sussid,,tekstiil
629857,ERM B 192:24,käteräti otsatükid,,tekstiil
629892,ERM B 207:24,"vaagen, heeringa",,keraamika
630418,ERM B 192:27,pael,,tekstiil
630420,ERM B 192:29,sarafan,,tekstiil
630425,ERM B 192:34/ab,saapad,,nahk
630431,ERM B 192:40,käteräti ots,,tekstiil
630432,ERM B 192:41/ab,"talvesaapad, jahimehe",,nahk
630441,ERM B 192:50,vöö,,tekstiil
630449,ERM B 192:58,"pealissärk, naiste",,tekstiil
630460,ERM B 192:69,käterätik,,tekstiil
630463,ERM B 192:72,riideproov,,tekstiil
630464,ERM B 192:73,käterätt,,tekstiil
630472,ERM B 207:40,tass,,keraamika
630498,ERM B 212:1,mänguasi: nukk,,nahk
630944,ERM B 35:1,tasku,,tekstiil
630945,ERM B 36:1,"tanu, katkend",,tekstiil
630958,ERM B 39:5,linik,,tekstiil
630960,ERM B 39:7,linik,,tekstiil
630964,ERM B 39:11,linik,,tekstiil
630970,ERM B 39:17,linik,,tekstiil
630971,ERM B 39:18,linik,,tekstiil
630972,ERM B 39:19,linik,,tekstiil
630975,ERM B 39:22,linik,,tekstiil
630976,ERM B 39:23,linik,,tekstiil
630982,ERM B 39:29,linik,,tekstiil
630985,ERM B 39:32,linik,,tekstiil
630987,ERM B 50:14,"proov, särgikirja",,tekstiil
631001,ERM B 51:13,peapael,,tekstiil
631002,ERM B 51:14,"vöölina, pealina",,tekstiil
631003,ERM B 51:15/ab,tuhvlid,,nahk
631619,ERM B 7:13,põll,,tekstiil
631620,ERM B 7:14,vöö,,tekstiil
631621,ERM B 7:15,kaelaehe,,metall
631622,ERM B 7:16,kaelaehe,,metall
631623,ERM B 7:17,särgi piht,,tekstiil
631624,ERM B 7:18,seelik,,tekstiil
631625,ERM B 7:19,põll,,tekstiil
631626,ERM B 7:20,põll,,tekstiil
631627,ERM B 7:21,pearätik,,tekstiil
631628,ERM B 7:22,müts,,tekstiil
631629,ERM B 7:23,põll,,tekstiil
631630,ERM B 7:24,"proov, tikandi",,tekstiil
631631,ERM B 7:25,"särk, meeste",,tekstiil
631632,ERM B 7:26,rätik,,tekstiil
631633,ERM B 7:27,rätik,,tekstiil
631635,ERM B 7:29,müts,,tekstiil
631636,ERM B 7:30,krae,,tekstiil
631645,ERM B 7:39,linik,,tekstiil
631647,ERM B 7:41,puusapõll (?),,tekstiil
631674,ERM B 39:37,linik,,tekstiil
631676,ERM B 39:39,linik,,tekstiil
631688,ERM B 39:51,peapael,,tekstiil
631689,ERM B 39:52,peapael,,tekstiil
631690,ERM B 39:53,peapael,,tekstiil
631691,ERM B 39:54,peapael,,tekstiil
631692,ERM B 39:55,peapael,,tekstiil
631693,ERM B 39:56,peapael,,tekstiil
631694,ERM B 39:57,peapael,,tekstiil
631695,ERM B 39:58,peapael,,tekstiil
631696,ERM B 39:59,peapael,,tekstiil
631697,ERM B 39:60,peapael,,tekstiil
631698,ERM B 39:61,peapael,,tekstiil
631699,ERM B 39:62,peapael,,tekstiil
631700,ERM B 39:63,peapael,,tekstiil
631701,ERM B 39:64,peapael,,tekstiil
631702,ERM B 39:65,peapael,,tekstiil
631703,ERM B 39:66,peapael,,tekstiil
631704,ERM B 39:67,peapael,,tekstiil
631705,ERM B 39:68,peapael,,tekstiil
631706,ERM B 39:69,peapael,,tekstiil
631707,ERM B 39:70,peapael,,tekstiil
631708,ERM B 39:71,peapael,,tekstiil
631709,ERM B 39:72,peapael,,tekstiil
631710,ERM B 39:73,peapael,,tekstiil
631711,ERM B 39:74,peapael,,tekstiil
631712,ERM B 39:75,peapael,,tekstiil
631713,ERM B 39:76,peapael,,tekstiil
631714,ERM B 39:77,peapael,,tekstiil
631715,ERM B 39:78,peapael,,tekstiil
631716,ERM B 39:79,peapael,,tekstiil
631717,ERM B 39:80,peapael,,tekstiil
631718,ERM B 39:81,peapael,,tekstiil
631719,ERM B 39:82,peapael,,tekstiil
631759,ERM B 54:8,"aluskott, katkend",,tekstiil
631761,ERM B 54:9,"aluskott, katkend",,tekstiil
632397,ERM B 39:83,peapael,,tekstiil
632398,ERM B 39:84,peapael,,tekstiil
632399,ERM B 39:85,peapael,,tekstiil
632400,ERM B 39:86,peapael,,tekstiil
632401,ERM B 39:87,peapael,,tekstiil
632402,ERM B 39:88,peapael,,tekstiil
632403,ERM B 39:89,peapael,,tekstiil
632404,ERM B 39:90,peapael,,tekstiil
632405,ERM B 39:91,peapael,,tekstiil
632406,ERM B 39:92,peapael,,tekstiil
632407,ERM B 39:93,peapael,,tekstiil
632408,ERM B 39:94,peapael,,tekstiil
632409,ERM B 39:95,peapael,,tekstiil
632410,ERM B 39:96,peapael,,tekstiil
632411,ERM B 39:97,peapael,,tekstiil
632412,ERM B 39:98,peapael,,tekstiil
632413,ERM B 39:99,peapael,,tekstiil
632414,ERM B 39:100,peapael,,tekstiil
632415,ERM B 39:101,peapael,,tekstiil
632416,ERM B 39:102,peapael,,tekstiil
632417,ERM B 39:103,peapael,,tekstiil
632418,ERM B 39:104,peapael,,tekstiil
632419,ERM B 39:105,peapael,,tekstiil
632420,ERM B 39:106,peapael,,tekstiil
632421,ERM B 39:107,peapael,,tekstiil
632422,ERM B 39:108,peapael,,tekstiil
632423,ERM B 39:109,peapael,,tekstiil
632424,ERM B 39:110,peapael,,tekstiil
632425,ERM B 39:111,peapael,,tekstiil
632426,ERM B 39:112,peapael,,tekstiil
632427,ERM B 39:113,peapael,,tekstiil
632428,ERM B 39:114,peapael,,tekstiil
632429,ERM B 39:115,peapael,,tekstiil
632430,ERM B 39:116,peapael,,tekstiil
632431,ERM B 39:117,peapael,,tekstiil
632432,ERM B 39:118,peapael,,tekstiil
632433,ERM B 39:119,peapael,,tekstiil
632434,ERM B 39:120,peapael,,tekstiil
632435,ERM B 39:121,peapael,,tekstiil
632436,ERM B 39:122,peapael,,tekstiil
632437,ERM B 39:123,peapael,,tekstiil
632438,ERM B 39:124,peapael,,tekstiil
632439,ERM B 39:125,peapael,,tekstiil
632440,ERM B 39:126,peapael,,tekstiil
632441,ERM B 39:127,peapael,,tekstiil
632442,ERM B 39:128,peapael,,tekstiil
632443,ERM B 39:129,peapael,,tekstiil
632444,ERM B 39:130,peapael,,tekstiil
632445,ERM B 39:131,peapael,,tekstiil
632446,ERM B 39:132,peapael,,tekstiil
632447,ERM B 39:133,peapael,,tekstiil
632448,ERM B 39:134,peapael,,tekstiil
632464,ERM B 54:31,"särk, naiste",,tekstiil
632465,ERM B 54:32,laudlina,,tekstiil
633029,ERM B 8:74,pastlad,,puit
633030,ERM B 8:75,"müts, naiste",,tekstiil
633031,ERM B 8:76,kõrik,,tekstiil
633041,ERM B 8:86,"müts, naiste",,tekstiil
633043,ERM B 9:2,suupand,,puit
633058,ERM B 10:14,vöö,,tekstiil
633065,ERM B 10:21,tanu,,tekstiil
633075,ERM B 39:135,peapael,,tekstiil
633076,ERM B 39:136,peapael,,tekstiil
633077,ERM B 39:137,peapael,,tekstiil
633078,ERM B 39:138,peapael,,tekstiil
633079,ERM B 39:139,peapael,,tekstiil
633080,ERM B 39:140,peapael,,tekstiil
633081,ERM B 39:141,peapael,,tekstiil
633082,ERM B 39:142,peapael,,tekstiil
633083,ERM B 39:143,peapael,,tekstiil
633084,ERM B 39:144,peapael,,tekstiil
633085,ERM B 39:145,peapael,,tekstiil
633086,ERM B 39:146,peapael,,tekstiil
633087,ERM B 39:147,peapael,,tekstiil
633088,ERM B 39:148,peapael,,tekstiil
633089,ERM B 39:149,peapael,,tekstiil
633090,ERM B 39:150,peapael,,tekstiil
633091,ERM B 39:151,peapael,,tekstiil
633092,ERM B 39:152,peapael,,tekstiil
633093,ERM B 39:153,peapael,,tekstiil
633094,ERM B 39:154,peapael,,tekstiil
633095,ERM B 39:155,peapael,,tekstiil
633096,ERM B 39:156,peapael,,tekstiil
633097,ERM B 39:157,peapael,,tekstiil
633098,ERM B 39:158,peapael,,tekstiil
633099,ERM B 39:159,peapael,,tekstiil
633100,ERM B 39:160,peapael,,tekstiil
633101,ERM B 39:161,peapael,,tekstiil
633102,ERM B 39:162/1-2,särgi rinnaesine,,tekstiil
633103,ERM B 39:163,peapael,,tekstiil
633104,ERM B 39:164,peapael,,tekstiil
633105,ERM B 39:165,peapael,,tekstiil
633106,ERM B 39:166,peapael,,tekstiil
633107,ERM B 39:167,peapael,,tekstiil
633108,ERM B 39:168,peapael,,tekstiil
633109,ERM B 39:169,peapael,,tekstiil
633110,ERM B 39:170,peapael,,tekstiil
633111,ERM B 39:171,peapael,,tekstiil
633112,ERM B 39:172,peapael,,tekstiil
633113,ERM B 39:173,peapael,,tekstiil
633114,ERM B 39:174,peapael,,tekstiil
633115,ERM B 39:175,peapael,,tekstiil
633116,ERM B 39:176,peapael,,tekstiil
633117,ERM B 39:177,peapael,,tekstiil
633118,ERM B 39:178,peapael,,tekstiil
633119,ERM B 39:179,peapael,,tekstiil
633120,ERM B 39:180,peapael,,tekstiil
633121,ERM B 39:181,peapael,,tekstiil
633122,ERM B 39:182,peapael,,tekstiil
633123,ERM B 39:183,peapael,,tekstiil
633124,ERM B 39:184,peapael,,tekstiil
633125,ERM B 39:185,peapael,,tekstiil
633770,ERM B 12:6,"viirsekk, veersekk, reisikott",,tekstiil
633784,ERM B 12:20/ab,"rasvakakk, jäljend",,toit
633786,ERM B 12:21/ab,"rasvakakk, jäljend",,toit
633788,ERM B 12:22/ab,"odrakarask, jäljend",,toit
633791,ERM B 39:186,peapael,,tekstiil
633792,ERM B 39:187,peapael,,tekstiil
633793,ERM B 39:188,peapael,,tekstiil
633794,ERM B 39:189,peapael,,tekstiil
633795,ERM B 39:190,peapael,,tekstiil
633796,ERM B 39:191,peapael,,tekstiil
633797,ERM B 39:192,peapael,,tekstiil
633798,ERM B 39:193,peapael,,tekstiil
633799,ERM B 39:194,peapael,,tekstiil
633800,ERM B 39:195,peapael,,tekstiil
633801,ERM B 39:196,peapael,,tekstiil
633802,ERM B 39:197,peapael,,tekstiil
633803,ERM B 39:198,peapael,,tekstiil
633804,ERM B 39:199,peapael,,tekstiil
633805,ERM B 39:200,peapael,,tekstiil
633806,ERM B 39:201,peapael,,tekstiil
633807,ERM B 39:202,peapael,,tekstiil
633808,ERM B 39:203,peapael,,tekstiil
633809,ERM B 39:204,peapael,,tekstiil
633810,ERM B 39:205,peapael,,tekstiil
633811,ERM B 39:206,peapael,,tekstiil
633812,ERM B 39:207,peapael,,tekstiil
633813,ERM B 39:208,peapael,,tekstiil
633814,ERM B 39:209,peapael,,tekstiil
633815,ERM B 39:210,peapael,,tekstiil
633816,ERM B 39:211,peapael,,tekstiil
633817,ERM B 39:212,peapael,,tekstiil
633818,ERM B 39:213,peapael,,tekstiil
633819,ERM B 39:214,peapael,,tekstiil
633820,ERM B 39:215,peapael,,tekstiil
633821,ERM B 39:216,peapael,,tekstiil
633822,ERM B 39:217,peapael,,tekstiil
633823,ERM B 39:218,peapael,,tekstiil
633824,ERM B 39:219,peapael,,tekstiil
633825,ERM B 39:220,peapael,,tekstiil
633826,ERM B 39:221,peapael,,tekstiil
633827,ERM B 39:222,peapael,,tekstiil
633828,ERM B 39:223,peapael,,tekstiil
633829,ERM B 39:224,särgi rinnakiri,,tekstiil
633830,ERM B 39:225/1-2,särgi rinnakiri,,tekstiil
633831,ERM B 39:226,peapael,,tekstiil
633832,ERM B 39:227,peapael,,tekstiil
633833,ERM B 39:228,peapael,,tekstiil
633834,ERM B 39:229,peapael,,tekstiil
633835,ERM B 39:230,peapael,,tekstiil
633836,ERM B 39:231,peapael,,tekstiil
633837,ERM B 39:232,peapael,,tekstiil
633838,ERM B 39:233,peapael,,tekstiil
633839,ERM B 39:234,peapael,,tekstiil
633840,ERM B 39:235,peapael,,tekstiil
633841,ERM B 39:236,peapael,,tekstiil
634438,ERM B 13:1,müts,,tekstiil
634439,ERM B 13:2,müts,,tekstiil
634440,ERM B 13:3,rätik,,tekstiil
634441,ERM B 13:4,rätik,,tekstiil
634442,ERM B 13:5,rätik,,tekstiil
634443,ERM B 13:6,rinnaesine,,tekstiil
634445,ERM B 13:8/ab,kindad,,tekstiil
634447,ERM B 13:10/ab,paelad,,tekstiil
634448,ERM B 13:11/ab,paelad,,tekstiil
634449,ERM B 13:12,püksid,,tekstiil
634450,ERM B 13:13,püksid,,tekstiil
634476,ERM B 39:237,peapael,,tekstiil
634477,ERM B 39:238,peapael,,tekstiil
634478,ERM B 39:239,peapael,,tekstiil
634479,ERM B 39:240,peapael,,tekstiil
634480,ERM B 39:241,peapael,,tekstiil
634481,ERM B 39:242,peapael,,tekstiil
634482,ERM B 39:243,peapael,,tekstiil
634483,ERM B 39:244,peapael,,tekstiil
634484,ERM B 39:245,peapael,,tekstiil
634485,ERM B 39:246,peapael,,tekstiil
634486,ERM B 39:247,peapael,,tekstiil
634487,ERM B 39:248,peapael,,tekstiil
634488,ERM B 39:249,peapael,,tekstiil
634491,ERM B 39:252,peapael,,tekstiil
634499,ERM B 39:260,peapael,,tekstiil
634500,ERM B 39:261,peapael,,tekstiil
634501,ERM B 39:262,peapael,,tekstiil
634502,ERM B 39:263,peapael,,tekstiil
634503,ERM B 39:264,peapael,,tekstiil
634504,ERM B 39:265,peapael,,tekstiil
634505,ERM B 39:266,peapael,,tekstiil
634506,ERM B 39:267,peapael,,tekstiil
634508,ERM B 39:269,peapael,,tekstiil
634509,ERM B 39:270,peapael,,tekstiil
634510,ERM B 39:271,peapael,,tekstiil
634511,ERM B 39:272,peapael,,tekstiil
634512,ERM B 39:273,peapael,,tekstiil
634513,ERM B 39:274,peapael,,tekstiil
634514,ERM B 39:275,peapael,,tekstiil
634515,ERM B 39:276,peapael,,tekstiil
634516,ERM B 39:277,peapael,,tekstiil
634517,ERM B 39:278,peapael,,tekstiil
634518,ERM B 39:279,peapael,,tekstiil
634519,ERM B 39:280,peapael,,tekstiil
634520,ERM B 39:281,peapael,,tekstiil
634521,ERM B 39:282,peapaela tikand,,tekstiil
634522,ERM B 39:283,peapaela tikand,,tekstiil
634523,ERM B 39:284,peapael,,tekstiil
635110,ERM B 13:47/ab,"juustukettad, jäljendid",,puit
635111,ERM B 13:48,"piima magu, jäljend",,puit
635114,ERM B 14:3,käbi,,puit
635123,ERM B 14:13/a-d,"vööd, nuku",,tekstiil
635140,ERM B 39:285,peapael,,tekstiil
635141,ERM B 39:286,peapael,,tekstiil
635142,ERM B 39:287,peapael,,tekstiil
635143,ERM B 39:288,peapael,,tekstiil
635144,ERM B 39:289,peapael,,tekstiil
635145,ERM B 39:290,peapael,,tekstiil
635146,ERM B 39:291,peapaela tikand,,tekstiil
635147,ERM B 39:292,peapaela tikand,,tekstiil
635148,ERM B 39:293,peapaela tikand,,tekstiil
635149,ERM B 39:294,peapaela tikand,,tekstiil
635150,ERM B 39:295,peapaela tikand,,tekstiil
635151,ERM B 39:296,peapaela tikand,,tekstiil
635152,ERM B 39:297,"peapael, katkend",,tekstiil
635153,ERM B 39:298,peapaela tikand,,tekstiil
635154,ERM B 39:299,"peapael, katkend",,tekstiil
635155,ERM B 39:300,tikand,,tekstiil
635156,ERM B 39:301,tikand,,tekstiil
635157,ERM B 39:302/1-2,tikand,,tekstiil
635158,ERM B 39:303/1-2,tikand,,tekstiil
635159,ERM B 39:304,tikand,,tekstiil
635160,ERM B 39:305/1-2,tikand,,tekstiil
635161,ERM B 39:306,tikand,,tekstiil
635162,ERM B 39:307,tikand,,tekstiil
635163,ERM B 39:308,tikand,,tekstiil
635164,ERM B 39:309,tikand,,tekstiil
635165,ERM B 39:310,tikand,,tekstiil
635166,ERM B 39:311,tikand,,tekstiil
635167,ERM B 39:312,tikand,,tekstiil
635168,ERM B 39:313,tikand,,tekstiil
635169,ERM B 39:314,tikand,,tekstiil
635170,ERM B 39:315,tikand,,tekstiil
635171,ERM B 39:316,tikand,,tekstiil
635172,ERM B 39:317/1-2,tikand,,tekstiil
635173,ERM B 39:318,tikand,,tekstiil
635174,ERM B 39:319,tikand,,tekstiil
635175,ERM B 39:320/1-2,tikand,,tekstiil
635176,ERM B 39:321/1-2,tikand,,tekstiil
635177,ERM B 39:322,tanu,,tekstiil
635178,ERM B 39:323,tanu,,tekstiil
635179,ERM B 39:324,tanu,,tekstiil
635180,ERM B 39:325,tanu,,tekstiil
635181,ERM B 39:326,tanu,,tekstiil
635182,ERM B 39:327,tanu,,tekstiil
635183,ERM B 39:328,tanu,,tekstiil
635184,ERM B 39:329,tanu,,tekstiil
635185,ERM B 39:330,tanu,,tekstiil
635186,ERM B 39:331,tanu,,tekstiil
635187,ERM B 39:332,tanu,,tekstiil
635188,ERM B 39:333,tanu,,tekstiil
635189,ERM B 39:334,tanu,,tekstiil
635190,ERM B 39:335,tanu,,tekstiil
635771,ERM B 15:16,soonenöör,,tekstiil
635788,ERM B 17:11,taskurätik,,tekstiil
635789,ERM B 17:12,pearätik,,tekstiil
635801,ERM B 39:336,tanu,,tekstiil
635802,ERM B 39:337,tanu,,tekstiil
635803,ERM B 39:338,tanu,,tekstiil
635804,ERM B 39:339,tikand,,tekstiil
635805,ERM B 39:340,tikand,,tekstiil
635806,ERM B 39:341,tikand,,tekstiil
635807,ERM B 39:342,tikand,,tekstiil
635808,ERM B 39:343,tikand,,tekstiil
635809,ERM B 39:344,tikand,,tekstiil
635810,ERM B 39:345,tikand,,tekstiil
635811,ERM B 39:346,tikand,,tekstiil
635812,ERM B 39:347,tikand,,tekstiil
635813,ERM B 39:348,tikand,,tekstiil
635814,ERM B 39:349,tikand,,tekstiil
635815,ERM B 39:350,tikand,,tekstiil
635816,ERM B 39:351,tikand,,tekstiil
635817,ERM B 39:352,tikand,,tekstiil
635818,ERM B 39:353,linik,,tekstiil
635823,ERM B 39:358,"särk, naiste",,tekstiil
635829,ERM B 39:363,tikand,,tekstiil
635830,ERM B 39:364,tikand,,tekstiil
635831,ERM B 39:365,tikand,,tekstiil
635832,ERM B 39:366,tikand,,tekstiil
635833,ERM B 39:367,tikand,,tekstiil
635834,ERM B 39:368,tikand,,tekstiil
635835,ERM B 39:369,tikand,,tekstiil
635841,ERM B 39:375,tanu,,tekstiil
635843,ERM B 39:377,rüüd,,tekstiil
635844,ERM B 39:378,rüüd,,tekstiil
635845,ERM B 39:379,rüüd,,tekstiil
636415,ERM B 18:25/ab,"hobusekell, kandega",,metall
636418,ERM B 18:28,vorstilehter,,puit
636419,ERM B 18:29/1-7,tursakivid,,kivim
636443,ERM B 18:44,kakk,,toit
636457,ERM B 39:388,narmaspõll,,tekstiil
636461,ERM B 39:391,peakate,,tekstiil
636465,ERM B 39:395,rüüd,,tekstiil
636466,ERM B 39:396/ab,saapad,,nahk
636469,ERM B 39:399,"sukapael, naiste",,tekstiil
636470,ERM B 39:400/1-2,vöö,,tekstiil
636472,ERM B 39:402,"vöö, naiste",,tekstiil
636473,ERM B 39:403,"vöö, naiste",,tekstiil
636474,ERM B 39:404,tikandid,,tekstiil
636475,ERM B 39:405,"vööehe, naiste",,tekstiil
636476,ERM B 39:406,"vööehe, naiste",,tekstiil
636477,ERM B 39:407,vööehe,,tekstiil
636478,ERM B 39:408,"vööehe, naiste",,tekstiil
636479,ERM B 39:409,"vööehe, naiste",,tekstiil
636480,ERM B 39:410,vööehe,,tekstiil
636481,ERM B 39:411,"vööehe, naiste",,tekstiil
636482,ERM B 39:412,"vööehe, naiste",,tekstiil
636483,ERM B 39:413,"vööehe, naiste",,tekstiil
636485,ERM B 39:415,"vööehe, naiste",,tekstiil
636486,ERM B 39:416,"vööehe (?), naiste",,tekstiil
636487,ERM B 39:417,tikand,,tekstiil
636488,ERM B 39:418,kotike,,tekstiil
636489,ERM B 39:419,tikand,,tekstiil
636490,ERM B 39:420,nukk,,nahk
636491,ERM B 39:421,nukk,,nahk
636492,ERM B 39:422,tikand,,tekstiil
637034,ERM B 1:6,narmaspõll,,tekstiil
637082,ERM B 39:427/1-5,narmaspõlle kaunistused,,tekstiil
637091,ERM B 39:430,"peakatte osa (?), kaelus (?)",,tekstiil
637092,ERM B 39:431,peapael,,tekstiil
637093,ERM B 39:432,peapael,,tekstiil
637094,ERM B 41:1,rüüd,,tekstiil
637100,ERM B 42:6,tanu,,tekstiil
637666,ERM B 2:1,peakate,,tekstiil
637667,ERM B 2:2,peakate,,tekstiil
637694,ERM B 20:40,õmbluskook,,tekstiil
637695,ERM B 20:41,õmbluskook,,tekstiil
638291,ERM B 2:10,peaehe,,tekstiil
638292,ERM B 2:11,peaehe,,metall
638293,ERM B 2:12,peaehe,,tekstiil
638904,ERM B 22:4,"müts, naiste",,tekstiil
638952,ERM B 40:7,tanu,,tekstiil
638954,ERM B 40:8,vatt,,tekstiil
638962,ERM B 40:11,särgipiht,,tekstiil
638964,ERM B 40:12,särgipiht,,tekstiil
638970,ERM B 40:18,särgipiht,,tekstiil
638971,ERM B 40:19,püksid,,tekstiil
639520,ERM B 2:26,põll,,tekstiil
639528,ERM B 25:28/a,"padi, pali",,tekstiil
639529,ERM B 25:28/b,"padi, pali",,tekstiil
639530,ERM B 25:28/c,rihm,,nahk
639550,ERM B 29:1,nukk,,
639551,ERM B 29:2,nukk,,
639552,ERM B 29:3,nukk,,
639553,ERM B 29:4,nukk,,
639580,ERM B 40:30,põll,,tekstiil
639581,ERM B 40:31,tanu,,tekstiil
639606,ERM B 44:1,pühaserätt,,tekstiil
639607,ERM B 44:2/ab,"sääreribad, naiste",,tekstiil
640153,ERM B 2:43/1-2,kõrvaehted,,plastik
640154,ERM B 2:44/1-4,kõrvaehted,,plastik
640155,ERM B 2:45,"kaelaehe, ristiga",,metall
640156,ERM B 2:46,sõlg,,metall
640157,ERM B 2:47/a,sõlg,,metall
640158,ERM B 2:47/b,sõlg,,metall
640160,ERM B 2:48/b,rinnaehe,,metall
640163,ERM B 2:51,sukad,,tekstiil
640168,ERM B 32:1,tikand,,tekstiil
640169,ERM B 32:2,tikand,,tekstiil
640172,ERM B 33:3,pits,,tekstiil
640173,ERM B 33:4,pits,,tekstiil
640174,ERM B 33:5,tüllpits,,tekstiil
640217,ERM B 44:9/ab,sussid,,tekstiil
640218,ERM B 44:10/ab,sussid,,tekstiil
640219,ERM B 44:11,"näljaleib, tükk",,toit
640223,ERM B 45:2,lõimelõnga proov,,tekstiil
640236,ERM B 45:15,"lõige, säärikute põhjaosa",,paber
640237,ERM B 45:16/ab,"lõige, tanu",,paber
640238,ERM B 45:17,veerispael,,tekstiil
640239,ERM B 45:18,"pael, katke",,tekstiil
640241,ERM B 45:20/abc,"lõige, kinga",,paber
640245,ERM B 45:22,tanu,,tekstiil
640246,ERM B 45:23,"müts, naiste",,tekstiil
640249,ERM B 45:26,säärsaabas,,nahk
640252,ERM B 45:29,pühaselina,,tekstiil
640256,ERM B 45:32,"lõige, peakatte",,tekstiil
640842,ERM B 2:55,viisunöör,,tekstiil
640843,ERM B 2:56,rätik,,tekstiil
640859,ERM B 4:4,puusarätik,,tekstiil
640864,ERM B 4:8,peakate,,klaas
640866,ERM B 4:10,peaehe,,klaas
640871,ERM B 5:1,peakate,,tekstiil
640872,ERM B 5:2,peakate,,tekstiil
640879,ERM B 5:7/ab,vööehe,,tekstiil
640929,ERM B 45:39,tanu otsik,,tekstiil
640930,ERM B 45:40,tanu otsik,,tekstiil
640948,ERM B 47:1,tasku,,tekstiil
640949,ERM B 47:2,rätik,,tekstiil
640950,ERM B 48:1,"rätik, pruudi",,tekstiil
640951,ERM B 48:2,rätik,,tekstiil
640952,ERM B 48:3,tanu,,tekstiil
640954,ERM B 48:5/ab,õlakaunistused,,tekstiil
640959,ERM B 49:5,pealinik,,tekstiil
640964,ERM B 50:2,liistik,,tekstiil
640968,ERM B 50:6,põll,,tekstiil
640970,ERM B 50:8,tubakakott,,tekstiil
640972,ERM B 50:10,särgi rinnaesine,,tekstiil
640973,ERM B 50:11,särgi rinnaesine,,tekstiil
641549,ERM B 5:9,peakate,,tekstiil
641554,ERM B 5:14,kaelaehe,,klaas
641555,ERM B 5:15,sõlg,,metall
641556,ERM B 5:16,kaelaehe,,klaas
641570,ERM B 6:10,padjapüüri äär,,tekstiil
641572,ERM B 6:12,püksid,,tekstiil
641573,ERM B 6:13,lips,,tekstiil
641574,ERM B 6:14,tikand,,tekstiil
641575,ERM B 6:15,"peakatte äär, naiste",,tekstiil
641576,ERM B 6:16,käised,,tekstiil
641579,ERM B 6:19,mantlikrae,,tekstiil
641580,ERM B 6:20,tikandi joonis,,paber
641581,ERM B 6:21,joonistus,,paber
641592,ERM B 7:7,"särk, naiste",,tekstiil
641593,ERM B 7:8,"pikk-kuub, naiste",,tekstiil
641595,ERM B 7:10,"peakate, naiste",,tekstiil
641596,ERM B 7:11,juukserullid (mudel),,metall
641597,ERM B 7:12,käterätt,,tekstiil
641643,ERM B 34:2,"""huntu"", tanu",,tekstiil
727112,ERM B 12:23/ab,"suurkaku aluspool, jäljend",,toit
825008,ERM B 10:8/a,kinnas,,tekstiil
891324,ERM B 235:9,põll,,tekstiil
1290082,ERM B 239:3,helmestikand,,tekstiil
3161298,ERM B 250:7,rinnaehe,,
3161399,ERM B 250:20,kaelaehe,,
3302936,ERM B 179:171,võrgupullu,,klaas
3344056,ERM B 49:1,viisupaelad,,tekstiil
4465245,ERM B 252:1,"seinataldrik, Kalevala",,keraamika
4465246,ERM B 252:2,"seinataldrik, Kalevala",,keraamika
4465247,ERM B 252:3,"seinataldrik, Kalevala",,keraamika
4465248,ERM B 252:4,"seinataldrik, Kalevala",,keraamika
4465249,ERM B 252:5,"seinataldrik, Kalevala",,keraamika
4465250,ERM B 252:6,"seinataldrik, Kalevala",,keraamika
4465251,ERM B 252:7,"seinataldrik, Kalevala",,keraamika
4590593,ERM B 3:1/1,ülemine osa,,metall
4590595,ERM B 3:7/ab/1,B 3:7/b,,tekstiil
4590596,ERM B 4:1/1,kuklalapp,,tekstiil
4590619,ERM B 50:13/1,pöial,,tekstiil
4590634,ERM B 2:39/ab/1,alumine,,klaas
4590671,ERM B 43:14/1,pael,,tekstiil
4590814,ERM B 128:4/1,rinnalapp,,tekstiil
4590879,ERM B 90:154/1,varrukas,,tekstiil
4590940,ERM B 169:37/1,varrukas,,tekstiil
4590945,ERM B 68:22/1,laast,,puit
4590946,ERM B 68:22/2,nöör,,tekstiil
4590993,ERM B 64:3/1,alune,,puit
4591076,ERM B 150:10/1,auk,,puit
4591077,ERM B 150:11/1,pulk,,puit
4591080,ERM B 90:107/ab/1,pöial,,luu
4591220,ERM B 89:12/1,kett,,metall
4591273,ERM B 10:19/1,lehvid,,tekstiil
4591309,ERM B 19:2/a-d/1,uks,,tekstiil
4591353,ERM B 14:4/ab/1,vöö,,tekstiil
4591400,ERM B 13:23/1,varrukas,,tekstiil
4591401,ERM B 2:5/1,kuklalapp,,tekstiil
4591920,ERM B 235:3/1,luu,,luu
4632623,ERM B 246:3/1-3/1,kattelina,,tekstiil
4632624,ERM B 246:3/1-3/2,kott,,tekstiil
4632625,ERM B 246:3/1-3/3,kannel,,puit
4645919,ERM B 116:12/1,paelad,,tekstiil
4645920,ERM B 116:12/2,rebasesaba,,nahk
4646402,ERM B 106:3/1,põllepaelad,,tekstiil
4646403,ERM B 106:3/2,rinnaesine,,tekstiil
4648743,ERM B 151:5/1,varrukas,,tekstiil
4648744,ERM B 151:5/2,varrukas,,tekstiil
4688781,ERM B 253:9/ab,kingad,,nahk
4688782,ERM B 253:8,sõlg,,metall
4688783,ERM B 253:7,peapael,,tekstiil
4688784,ERM B 253:6,vöö,,tekstiil
4688785,ERM B 253:5,tasku,,tekstiil
4688786,ERM B 253:4,põll,,tekstiil
4688787,ERM B 253:3,vest,,tekstiil
4688788,ERM B 253:2,särk,,tekstiil
4688789,ERM B 253:1,seelik,,tekstiil
4700277,ERM B 253:10,"tool, peremehe",,puit
4700284,ERM B 253:11,"tool, perenaise",,puit
4700286,ERM B 253:12,laud,,puit
4729062,ERM B 253:13,"pussnuga, tupega",,metall
4741053,ERM B 254:1,voodiserva lina,,tekstiil
4766689,ERM B 254:2,vikat,,metall
